{"type":"FeatureCollection","features":[{"type":"Feature","properties":{"name":"National Boundary of India","type":"International"},"geometry":{"type":"MultiLineString","coordinates":[[[93.7128,7.2083],[93.7198,7.2071],[93.7212,7.2133],[93.7092,7.2304],[93.7128,7.2083]],[[93.8427,7.2278],[93.8486,7.2405],[93.8478,7.2449],[93.8454,7.2407],[93.8379,7.2425],[93.8378,7.2394],[93.8061,7.2325],[93.8122,7.2203],[93.8069,7.2172],[93.8135,7.2133],[93.8038,7.212],[93.8047,7.2031],[93.7932,7.2131],[93.7869,7.2106],[93.7854,7.2156],[93.7708,7.2067],[93.7649,7.2087],[93.7667,7.214],[93.7604,7.2144],[93.7516,7.2069],[93.7562,7.1985],[93.748,7.1974],[93.7511,7.2033],[93.7289,7.1845],[93.7142,7.1918],[93.6865,7.1894],[93.674,7.1756],[93.6788,7.1551],[93.6765,7.1408],[93.6683,7.1398],[93.6642,7.1299],[93.6561,7.126],[93.6589,7.1123],[93.6675,7.1172],[93.6748,7.1136],[93.6578,7.0988],[93.6603,7.0858],[93.6697,7.084],[93.6626,7.0681],[93.6687,7.066],[93.6647,7.043],[93.6728,7.0371],[93.6693,7.0288],[93.6742,7.0233],[93.6635,7.0055],[93.674,7.0036],[93.6819,7.018],[93.6941,7.0155],[93.7066,7.0015],[93.705,6.9918],[93.7187,6.9937],[93.7284,6.9865],[93.736,6.9601],[93.7468,6.9619],[93.7523,6.9308],[93.7426,6.9289],[93.7428,6.9239],[93.7532,6.9084],[93.7657,6.9164],[93.7665,6.8975],[93.7816,6.8918],[93.7753,6.8871],[93.7796,6.8812],[93.7721,6.8768],[93.7793,6.859],[93.7906,6.8562],[93.7858,6.8495],[93.7952,6.8515],[93.7885,6.8434],[93.7874,6.8308],[93.8029,6.8138],[93.816,6.8172],[93.816,6.8112],[93.8086,6.8072],[93.8125,6.7942],[93.8079,6.7865],[93.8135,6.779],[93.8051,6.7663],[93.8284,6.756],[93.8355,6.7575],[93.8458,6.778],[93.8489,6.7916],[93.8458,6.8015],[93.8518,6.8152],[93.8693,6.8162],[93.8821,6.7947],[93.9028,6.8147],[93.9014,6.8204],[93.9104,6.8362],[93.8938,6.8469],[93.8931,6.8667],[93.9013,6.8733],[93.902,6.8803],[93.8969,6.9032],[93.9011,6.9079],[93.9117,6.9075],[93.9165,6.9139],[93.9096,6.93],[93.9162,6.9344],[93.9235,6.952],[93.9304,6.956],[93.9425,6.952],[93.9456,6.9562],[93.9291,6.9734],[93.9277,6.9879],[93.9137,7.0002],[93.9248,7.0118],[93.9436,6.9936],[93.948,7.0023],[93.941,7.0166],[93.9293,7.0269],[93.9166,7.0257],[93.9144,7.0552],[93.9063,7.0629],[93.9019,7.0785],[93.8872,7.0871],[93.8857,7.1059],[93.891,7.1224],[93.8848,7.1299],[93.8882,7.1518],[93.8801,7.1756],[93.8826,7.2037],[93.8686,7.2171],[93.8533,7.2146],[93.8468,7.218],[93.8427,7.2278]],[[93.8431,7.289],[93.8427,7.2885],[93.8423,7.2881],[93.8418,7.2879],[93.8415,7.287],[93.8414,7.2866],[93.8407,7.286],[93.8403,7.286],[93.8401,7.2869],[93.8397,7.2869],[93.8396,7.2873],[93.8396,7.2876],[93.8399,7.2883],[93.8407,7.2888],[93.8412,7.289],[93.8417,7.289],[93.8425,7.2894],[93.8431,7.2899],[93.8431,7.289]],[[93.7632,7.3973],[93.7666,7.403],[93.772,7.3991],[93.7702,7.3945],[93.7632,7.3973]],[[93.6841,7.4031],[93.6899,7.3962],[93.6963,7.3998],[93.6887,7.4094],[93.6841,7.4031]],[[93.7129,7.4437],[93.7204,7.4298],[93.723,7.3999],[93.7565,7.3745],[93.757,7.3579],[93.7392,7.3423],[93.7362,7.3273],[93.7242,7.3082],[93.6997,7.3028],[93.6786,7.2816],[93.6798,7.2752],[93.6717,7.2686],[93.6688,7.2582],[93.6472,7.2439],[93.6297,7.265],[93.635,7.2861],[93.6299,7.3024],[93.6212,7.3093],[93.6365,7.3211],[93.6329,7.371],[93.6413,7.3736],[93.6497,7.3683],[93.6635,7.3814],[93.6743,7.3732],[93.6844,7.3873],[93.7088,7.3944],[93.7091,7.4002],[93.7037,7.4017],[93.7099,7.4236],[93.7051,7.4425],[93.7129,7.4437]],[[93.6439,7.4739],[93.6528,7.4716],[93.6496,7.4765],[93.6439,7.4739]],[[93.6306,7.4794],[93.6343,7.4763],[93.6358,7.4793],[93.6306,7.4794]],[[93.5414,7.5141],[93.5455,7.5116],[93.5496,7.5186],[93.5425,7.5245],[93.5414,7.5141]],[[93.3826,8.0229],[93.3708,8.0221],[93.3581,8.0087],[93.3512,8.0084],[93.3475,8.0164],[93.3293,8.0048],[93.3232,7.991],[93.3244,7.9754],[93.311,7.9621],[93.3195,7.9323],[93.3313,7.9245],[93.3335,7.9359],[93.3433,7.9317],[93.3481,7.9397],[93.3573,7.9419],[93.3449,7.931],[93.3466,7.9273],[93.3517,7.9325],[93.3428,7.919],[93.3454,7.9025],[93.3578,7.8895],[93.3792,7.8835],[93.3973,7.9024],[93.4248,7.9073],[93.4437,7.8978],[93.4528,7.8762],[93.4616,7.873],[93.4749,7.8931],[93.4629,7.9344],[93.4361,7.9564],[93.4321,7.9664],[93.4175,7.959],[93.3975,7.9679],[93.3968,7.9735],[93.4024,7.9747],[93.4044,7.9823],[93.4033,7.9988],[93.4091,8.0064],[93.3969,8.0181],[93.3826,8.0229]],[[93.5478,8.0261],[93.5635,8.0248],[93.5824,7.9922],[93.5774,7.9294],[93.5081,7.9849],[93.507,7.9972],[93.5136,7.9989],[93.5197,7.9937],[93.5322,8.0063],[93.5285,8.0193],[93.5318,8.025],[93.5367,8.0165],[93.543,8.0151],[93.5427,8.0073],[93.5513,7.996],[93.5509,8.0138],[93.544,8.0253],[93.5478,8.0261]],[[93.5804,8.1238],[93.5904,8.1014],[93.5909,8.0674],[93.6007,8.05],[93.5939,8.0386],[93.5735,8.0634],[93.5742,8.0727],[93.5835,8.0731],[93.582,8.0808],[93.5707,8.0911],[93.5738,8.1079],[93.5622,8.1179],[93.5804,8.1238]],[[93.526,8.2317],[93.5435,8.2248],[93.5452,8.2006],[93.5343,8.1802],[93.5243,8.1727],[93.5334,8.1842],[93.5107,8.1686],[93.5118,8.1583],[93.5032,8.1479],[93.52,8.1278],[93.5336,8.0972],[93.5478,8.0889],[93.5525,8.0648],[93.5448,8.049],[93.5498,8.0361],[93.5305,8.0494],[93.5261,8.0332],[93.5207,8.0375],[93.5083,8.0342],[93.5064,8.0233],[93.5116,8.0169],[93.5053,8.0172],[93.5089,8.0099],[93.5015,7.9979],[93.4926,8.0007],[93.4866,8.0158],[93.4858,8.0445],[93.4901,8.0463],[93.4999,8.0394],[93.5043,8.048],[93.5088,8.0374],[93.5097,8.0513],[93.5039,8.0566],[93.5091,8.0576],[93.512,8.0681],[93.5139,8.0489],[93.5184,8.0471],[93.5256,8.0528],[93.5242,8.0636],[93.5316,8.0686],[93.5256,8.0673],[93.5247,8.0746],[93.5308,8.0792],[93.5143,8.0844],[93.5127,8.0744],[93.4914,8.0635],[93.4924,8.0516],[93.4855,8.052],[93.4809,8.0869],[93.4899,8.0909],[93.4819,8.0964],[93.4782,8.091],[93.4661,8.1088],[93.4647,8.1161],[93.4685,8.1188],[93.4611,8.12],[93.4589,8.1329],[93.4655,8.1396],[93.4566,8.1445],[93.4538,8.1686],[93.4595,8.1796],[93.476,8.184],[93.4909,8.1995],[93.4943,8.2227],[93.5212,8.2338],[93.526,8.2317]],[[93.235,8.2645],[93.2223,8.2574],[93.2202,8.2457],[93.2395,8.2219],[93.2512,8.2306],[93.235,8.2645]],[[93.1273,8.3556],[93.143,8.3431],[93.1323,8.3139],[93.1262,8.276],[93.1532,8.2435],[93.2032,8.2168],[93.1997,8.1957],[93.1881,8.1942],[93.1621,8.2022],[93.1208,8.2241],[93.0872,8.271],[93.0857,8.3067],[93.0948,8.3236],[93.0955,8.3395],[93.1062,8.3492],[93.1135,8.3471],[93.1273,8.3556]],[[93.6428,8.3935],[93.6431,8.3937],[93.6431,8.3939],[93.6429,8.394],[93.6427,8.3941],[93.6425,8.3941],[93.6423,8.3942],[93.642,8.3943],[93.6417,8.3943],[93.6415,8.3943],[93.6412,8.394],[93.6413,8.3938],[93.6414,8.3937],[93.6417,8.3935],[93.642,8.3935],[93.6423,8.3935],[93.6426,8.3935],[93.6428,8.3935]],[[93.6455,8.3943],[93.6453,8.3944],[93.6452,8.3946],[93.645,8.3947],[93.6449,8.3948],[93.6446,8.3948],[93.6445,8.3947],[93.6445,8.3943],[93.6445,8.3942],[93.6445,8.394],[93.6446,8.3937],[93.6449,8.3937],[93.6451,8.3937],[93.6455,8.3937],[93.6457,8.3937],[93.646,8.3937],[93.6462,8.3936],[93.6465,8.3934],[93.6468,8.3933],[93.6469,8.3932],[93.6469,8.393],[93.6469,8.3927],[93.6469,8.3924],[93.6471,8.3921],[93.6472,8.3919],[93.6475,8.3914],[93.6476,8.3911],[93.6477,8.3909],[93.6479,8.3907],[93.6482,8.3906],[93.6485,8.3907],[93.6487,8.3907],[93.6489,8.3909],[93.649,8.391],[93.6493,8.391],[93.6495,8.391],[93.6498,8.3909],[93.6501,8.3908],[93.6503,8.3906],[93.6507,8.3906],[93.6511,8.3906],[93.6514,8.3906],[93.6516,8.3905],[93.6519,8.3903],[93.6522,8.3902],[93.6526,8.39],[93.6528,8.3897],[93.653,8.3895],[93.6531,8.3892],[93.6535,8.389],[93.6538,8.3891],[93.6541,8.3895],[93.6543,8.3898],[93.6546,8.39],[93.6548,8.3901],[93.6552,8.3903],[93.6554,8.3903],[93.6558,8.3902],[93.6562,8.3902],[93.6563,8.3903],[93.6562,8.3905],[93.6558,8.3907],[93.6555,8.3907],[93.6554,8.3909],[93.6552,8.3912],[93.6549,8.3915],[93.6547,8.3916],[93.6543,8.3918],[93.6541,8.392],[93.6539,8.3923],[93.6536,8.3928],[93.6534,8.3929],[93.6532,8.3933],[93.653,8.3936],[93.653,8.3939],[93.653,8.3941],[93.6528,8.3943],[93.6527,8.3943],[93.6523,8.3944],[93.652,8.3943],[93.6518,8.3942],[93.6513,8.3939],[93.651,8.3939],[93.6506,8.3939],[93.6502,8.3939],[93.6497,8.3939],[93.6494,8.394],[93.6492,8.3944],[93.649,8.3945],[93.6487,8.3944],[93.6485,8.3943],[93.6484,8.3942],[93.6482,8.3941],[93.648,8.3943],[93.6475,8.3943],[93.6473,8.3943],[93.647,8.3942],[93.6467,8.3944],[93.6464,8.3944],[93.6459,8.3944],[93.6457,8.3943],[93.6455,8.3943]],[[93.6345,8.397],[93.6347,8.397],[93.6349,8.3971],[93.6352,8.3971],[93.6353,8.397],[93.6355,8.3968],[93.6356,8.3965],[93.6357,8.3963],[93.6357,8.3961],[93.6357,8.3958],[93.6355,8.3956],[93.6353,8.3955],[93.6348,8.3957],[93.6346,8.3959],[93.6346,8.3961],[93.6346,8.3964],[93.6345,8.3967],[93.6344,8.3968],[93.6342,8.3969],[93.6338,8.3972],[93.6337,8.3973],[93.6336,8.3974],[93.6336,8.3975],[93.6337,8.3977],[93.6337,8.398],[93.6338,8.398],[93.6341,8.398],[93.6343,8.398],[93.6344,8.3978],[93.6344,8.3975],[93.6344,8.3973],[93.6345,8.397]],[[93.0442,8.4712],[93.0367,8.4599],[93.0365,8.4497],[93.0445,8.4416],[93.0575,8.4405],[93.0563,8.4609],[93.0442,8.4712]],[[93.6143,8.5753],[93.6203,8.5647],[93.6222,8.5317],[93.6358,8.5225],[93.6335,8.5174],[93.6374,8.5115],[93.6318,8.5056],[93.6424,8.4683],[93.6394,8.4658],[93.633,8.4711],[93.6269,8.4677],[93.6226,8.4491],[93.6282,8.4394],[93.6229,8.4232],[93.6176,8.4435],[93.6234,8.463],[93.6194,8.4805],[93.6291,8.4888],[93.6243,8.498],[93.6225,8.5256],[93.6112,8.5445],[93.6143,8.5753]],[[93.6089,8.5816],[93.6089,8.5817],[93.6089,8.5818],[93.6088,8.582],[93.6086,8.5821],[93.6084,8.582],[93.6083,8.5818],[93.6083,8.5817],[93.6082,8.5816],[93.608,8.5816],[93.6078,8.5816],[93.6077,8.5816],[93.6076,8.5817],[93.6073,8.5818],[93.6071,8.5818],[93.6069,8.5815],[93.6069,8.5813],[93.6071,8.581],[93.6073,8.5809],[93.6073,8.5807],[93.6073,8.5805],[93.6075,8.5803],[93.6077,8.5802],[93.6078,8.5801],[93.6079,8.5799],[93.6079,8.5797],[93.608,8.5796],[93.6081,8.5794],[93.6084,8.5793],[93.6086,8.5794],[93.6086,8.5798],[93.6088,8.58],[93.609,8.5802],[93.6089,8.5805],[93.6086,8.5809],[93.6086,8.5811],[93.6087,8.5814],[93.6089,8.5816]],[[92.7946,9.2391],[92.8201,9.2108],[92.8318,9.1636],[92.8297,9.138],[92.8171,9.1347],[92.8126,9.1254],[92.7989,9.119],[92.7844,9.1186],[92.7692,9.1287],[92.7301,9.1245],[92.7187,9.1575],[92.7234,9.2173],[92.7429,9.217],[92.7466,9.2123],[92.7663,9.2154],[92.7788,9.2428],[92.7758,9.2569],[92.7946,9.2391]],[[92.5184,10.8975],[92.5295,10.8874],[92.5305,10.877],[92.5302,10.8843],[92.5346,10.8843],[92.5582,10.863],[92.5562,10.8447],[92.563,10.8286],[92.5631,10.8042],[92.5725,10.8023],[92.5871,10.7876],[92.5822,10.7437],[92.5974,10.7037],[92.597,10.6803],[92.5781,10.6742],[92.5754,10.668],[92.5818,10.6576],[92.5539,10.6394],[92.5399,10.6147],[92.5445,10.5922],[92.5623,10.5868],[92.5682,10.5762],[92.5455,10.552],[92.5309,10.518],[92.5132,10.5118],[92.4992,10.5109],[92.482,10.5179],[92.4573,10.5393],[92.4331,10.5484],[92.4191,10.5479],[92.4019,10.5314],[92.3862,10.5317],[92.3822,10.5401],[92.3943,10.553],[92.3955,10.5631],[92.4102,10.5831],[92.4137,10.606],[92.4209,10.6156],[92.4018,10.6584],[92.3944,10.6663],[92.3826,10.6679],[92.3829,10.7217],[92.3782,10.7399],[92.3818,10.7626],[92.377,10.783],[92.3849,10.7911],[92.3857,10.7842],[92.3954,10.7779],[92.4085,10.7842],[92.4198,10.7968],[92.4271,10.8232],[92.4335,10.8214],[92.4469,10.8364],[92.4575,10.8389],[92.4606,10.8501],[92.4571,10.8615],[92.4706,10.8704],[92.4788,10.8705],[92.493,10.8894],[92.5068,10.8897],[92.5184,10.8975]],[[92.6102,10.9384],[92.6062,10.9364],[92.6097,10.931],[92.6204,10.9299],[92.6102,10.9384]],[[92.2231,10.974],[92.2272,10.9819],[92.2151,10.9779],[92.2231,10.974]],[[92.6593,10.9888],[92.6641,10.9828],[92.6695,10.9873],[92.666,10.9928],[92.6593,10.9888]],[[92.7242,11.1414],[92.7244,11.1414],[92.7246,11.1417],[92.725,11.1423],[92.7253,11.1425],[92.7257,11.1427],[92.7258,11.1434],[92.7258,11.1436],[92.7258,11.1437],[92.7257,11.1438],[92.7256,11.144],[92.7255,11.144],[92.7253,11.1441],[92.7249,11.1442],[92.7244,11.1442],[92.724,11.1442],[92.7236,11.1441],[92.7234,11.1439],[92.7232,11.1437],[92.7231,11.1434],[92.723,11.143],[92.723,11.1429],[92.7233,11.1424],[92.7233,11.1423],[92.7234,11.1418],[92.7237,11.1416],[92.724,11.1414],[92.7242,11.1414]],[[92.7335,11.148],[92.7332,11.1482],[92.733,11.1487],[92.7327,11.149],[92.7323,11.1493],[92.7319,11.1493],[92.7315,11.1492],[92.7314,11.1491],[92.731,11.1489],[92.7306,11.1487],[92.7301,11.1485],[92.7299,11.1483],[92.7294,11.148],[92.729,11.1476],[92.7287,11.1473],[92.7285,11.1471],[92.7283,11.1469],[92.7282,11.1468],[92.7281,11.1466],[92.728,11.1466],[92.7278,11.1462],[92.7278,11.146],[92.7278,11.1456],[92.7279,11.1453],[92.7281,11.145],[92.7283,11.1448],[92.7283,11.1445],[92.7283,11.1442],[92.7284,11.1438],[92.7284,11.1436],[92.7287,11.1433],[92.729,11.1432],[92.7293,11.1431],[92.7296,11.143],[92.73,11.1428],[92.7303,11.1426],[92.7307,11.1425],[92.731,11.1426],[92.7316,11.1429],[92.7318,11.1432],[92.7323,11.1435],[92.7325,11.1439],[92.7327,11.1442],[92.7327,11.1445],[92.7328,11.1449],[92.7331,11.1452],[92.7335,11.1456],[92.7338,11.1456],[92.7341,11.1455],[92.7344,11.1455],[92.7346,11.1457],[92.7345,11.146],[92.7343,11.1462],[92.7343,11.1465],[92.7343,11.1471],[92.734,11.1476],[92.734,11.1478],[92.7335,11.148]],[[92.6777,11.1831],[92.681,11.1814],[92.6772,11.1779],[92.6752,11.1898],[92.6777,11.1831]],[[92.7059,11.2638],[92.6882,11.2424],[92.6973,11.2619],[92.6932,11.2809],[92.7064,11.2886],[92.7059,11.2638]],[[92.7238,11.3176],[92.7242,11.332],[92.7186,11.3299],[92.7114,11.3093],[92.6985,11.3091],[92.7103,11.3019],[92.7174,11.3163],[92.7238,11.3176]],[[92.5495,11.3976],[92.5498,11.3975],[92.5501,11.3975],[92.5504,11.3976],[92.5508,11.3975],[92.5511,11.397],[92.5511,11.3969],[92.5511,11.3967],[92.5513,11.3965],[92.5514,11.3964],[92.5514,11.3961],[92.5513,11.396],[92.5513,11.3959],[92.5512,11.3957],[92.5511,11.3956],[92.5508,11.3954],[92.5505,11.3951],[92.5503,11.3949],[92.5499,11.3946],[92.5494,11.3943],[92.549,11.3941],[92.5485,11.3939],[92.5479,11.394],[92.5474,11.394],[92.5471,11.3942],[92.5469,11.3944],[92.5465,11.3947],[92.5463,11.3949],[92.5462,11.3949],[92.5462,11.3951],[92.5462,11.3953],[92.5462,11.3957],[92.5462,11.3959],[92.5462,11.396],[92.5464,11.3961],[92.5464,11.3962],[92.5466,11.3963],[92.5467,11.3965],[92.5468,11.3966],[92.5469,11.3968],[92.5471,11.3969],[92.5473,11.397],[92.5475,11.3971],[92.5478,11.3972],[92.5481,11.3973],[92.5484,11.3974],[92.5487,11.3975],[92.5491,11.3976],[92.5495,11.3976]],[[92.5624,11.3977],[92.5622,11.3978],[92.5621,11.3978],[92.5618,11.3977],[92.5617,11.3977],[92.5615,11.3975],[92.561,11.3975],[92.5605,11.3975],[92.5602,11.3975],[92.5596,11.3975],[92.5595,11.3974],[92.5594,11.3975],[92.5593,11.3974],[92.5592,11.3974],[92.559,11.3972],[92.5587,11.397],[92.5583,11.3968],[92.5579,11.3965],[92.5576,11.3963],[92.5574,11.396],[92.5572,11.3957],[92.557,11.3955],[92.557,11.3954],[92.5568,11.3953],[92.5566,11.3951],[92.5566,11.3947],[92.5567,11.3944],[92.5568,11.3941],[92.5568,11.394],[92.5567,11.3938],[92.5566,11.3937],[92.5566,11.3935],[92.5567,11.3933],[92.5565,11.3932],[92.5563,11.3932],[92.5561,11.3931],[92.556,11.3927],[92.556,11.3925],[92.556,11.3924],[92.5558,11.3921],[92.5558,11.3916],[92.5559,11.3915],[92.556,11.3912],[92.5565,11.391],[92.5567,11.3911],[92.5567,11.391],[92.557,11.391],[92.5573,11.391],[92.5574,11.3912],[92.5576,11.3915],[92.5577,11.3916],[92.5577,11.3917],[92.5582,11.3919],[92.5587,11.3922],[92.5592,11.3923],[92.5597,11.3925],[92.5599,11.3926],[92.5612,11.3931],[92.5617,11.3935],[92.5619,11.3937],[92.5624,11.3942],[92.5627,11.3946],[92.563,11.395],[92.5633,11.3954],[92.5633,11.3958],[92.5633,11.3962],[92.5633,11.3966],[92.5631,11.3969],[92.5629,11.3972],[92.5627,11.3974],[92.5624,11.3977]],[[92.6153,11.51],[92.615,11.5097],[92.6147,11.5094],[92.6144,11.5091],[92.6138,11.5086],[92.6135,11.5083],[92.6131,11.508],[92.6128,11.5079],[92.6121,11.5071],[92.6116,11.5064],[92.6116,11.5056],[92.6113,11.5054],[92.6113,11.5052],[92.6111,11.505],[92.6109,11.5048],[92.6107,11.5045],[92.6104,11.5042],[92.61,11.5041],[92.6097,11.5043],[92.6095,11.5044],[92.6094,11.5048],[92.6093,11.5052],[92.6093,11.5055],[92.6093,11.5059],[92.6093,11.5066],[92.6096,11.5068],[92.6098,11.507],[92.6101,11.5075],[92.6103,11.5077],[92.6106,11.5079],[92.6109,11.5082],[92.6111,11.5084],[92.6115,11.5086],[92.6121,11.5091],[92.6125,11.5095],[92.613,11.5099],[92.6133,11.5102],[92.6134,11.5103],[92.6136,11.5103],[92.6137,11.5103],[92.6138,11.5102],[92.6143,11.5104],[92.6146,11.5106],[92.6149,11.5108],[92.6149,11.5109],[92.615,11.511],[92.6153,11.5112],[92.6155,11.5114],[92.6157,11.5115],[92.6159,11.5114],[92.616,11.5111],[92.616,11.5109],[92.6158,11.5106],[92.6156,11.5103],[92.6153,11.51]],[[92.6419,11.5102],[92.6365,11.5174],[92.6321,11.5148],[92.6208,11.4979],[92.6136,11.4729],[92.6115,11.4586],[92.6243,11.4416],[92.6197,11.4311],[92.6248,11.4268],[92.6233,11.4061],[92.6148,11.4007],[92.5872,11.4009],[92.5928,11.3801],[92.5815,11.3678],[92.5982,11.3478],[92.6382,11.3472],[92.6488,11.3571],[92.6641,11.3543],[92.6692,11.3632],[92.6908,11.3708],[92.6935,11.3877],[92.6777,11.3931],[92.675,11.3996],[92.6649,11.3948],[92.6602,11.4066],[92.6486,11.4071],[92.6713,11.4159],[92.6721,11.4272],[92.6842,11.4271],[92.6811,11.4312],[92.6857,11.4362],[92.6691,11.4899],[92.6552,11.4916],[92.6445,11.5013],[92.6453,11.512],[92.6419,11.5102]],[[92.6044,11.5351],[92.6062,11.5218],[92.6007,11.53],[92.6027,11.5381],[92.6044,11.5351]],[[92.5603,11.5381],[92.5689,11.5277],[92.5664,11.5177],[92.5618,11.5175],[92.5527,11.5312],[92.5527,11.5387],[92.5591,11.5416],[92.5603,11.5381]],[[92.6277,11.5422],[92.6274,11.5422],[92.6272,11.5423],[92.627,11.5426],[92.6271,11.5427],[92.6271,11.5428],[92.6272,11.5431],[92.6272,11.5433],[92.6271,11.5434],[92.627,11.5436],[92.6269,11.5438],[92.6268,11.5438],[92.6268,11.5447],[92.6269,11.5454],[92.627,11.5455],[92.6271,11.5455],[92.6272,11.5456],[92.6273,11.5459],[92.6273,11.5461],[92.6274,11.5463],[92.6274,11.5465],[92.6273,11.5467],[92.6273,11.5468],[92.6274,11.547],[92.6274,11.5473],[92.6274,11.5474],[92.6274,11.5476],[92.6273,11.5478],[92.6273,11.548],[92.6273,11.5482],[92.6273,11.5484],[92.6273,11.5486],[92.6274,11.5487],[92.6275,11.5489],[92.6275,11.549],[92.6277,11.5491],[92.6278,11.5493],[92.6279,11.5493],[92.6287,11.5494],[92.6294,11.5489],[92.6295,11.5487],[92.6297,11.5485],[92.6297,11.5484],[92.6297,11.5482],[92.6297,11.5481],[92.6297,11.5478],[92.6297,11.5475],[92.6297,11.5472],[92.6296,11.5469],[92.6296,11.5466],[92.6294,11.5463],[92.6294,11.546],[92.6293,11.5457],[92.6294,11.5455],[92.6294,11.5452],[92.6293,11.545],[92.6292,11.5447],[92.6293,11.5445],[92.6294,11.5443],[92.6294,11.5441],[92.6294,11.5439],[92.6293,11.5437],[92.6292,11.5436],[92.6291,11.5434],[92.629,11.5432],[92.6288,11.5431],[92.6287,11.543],[92.6285,11.5428],[92.6284,11.5426],[92.6282,11.5425],[92.6281,11.5423],[92.6279,11.5422],[92.6277,11.5422]],[[92.6101,11.5585],[92.6189,11.5599],[92.6204,11.5552],[92.6178,11.537],[92.6105,11.5314],[92.6018,11.5543],[92.6093,11.5535],[92.6075,11.5633],[92.6101,11.5585]],[[92.5741,11.5624],[92.574,11.5624],[92.5738,11.5625],[92.5736,11.5625],[92.5735,11.5625],[92.5734,11.5626],[92.5732,11.5627],[92.573,11.5629],[92.573,11.5631],[92.573,11.5632],[92.5729,11.5634],[92.5729,11.5636],[92.5728,11.5637],[92.5728,11.5638],[92.5727,11.5643],[92.5727,11.5645],[92.5727,11.5647],[92.5727,11.565],[92.5728,11.5653],[92.5728,11.5655],[92.573,11.5657],[92.5731,11.5659],[92.5732,11.5661],[92.5733,11.5662],[92.5734,11.5663],[92.5735,11.5665],[92.5735,11.5666],[92.5735,11.5668],[92.5736,11.5669],[92.5737,11.5671],[92.5738,11.5673],[92.574,11.5676],[92.5742,11.5678],[92.5743,11.5679],[92.5744,11.5679],[92.5746,11.568],[92.5747,11.5681],[92.5748,11.5681],[92.5749,11.5682],[92.575,11.5683],[92.5752,11.5684],[92.5754,11.5686],[92.5755,11.5689],[92.5755,11.569],[92.5755,11.5692],[92.5755,11.5694],[92.5755,11.5695],[92.5756,11.5697],[92.5756,11.5698],[92.5757,11.5699],[92.5758,11.57],[92.576,11.5701],[92.5761,11.5703],[92.5761,11.5705],[92.5761,11.5706],[92.5761,11.5707],[92.5762,11.5707],[92.5763,11.5708],[92.5763,11.5709],[92.5765,11.5709],[92.5766,11.5709],[92.5767,11.5709],[92.5767,11.5708],[92.5767,11.5707],[92.5766,11.5706],[92.5766,11.5705],[92.5766,11.5704],[92.5766,11.5703],[92.5767,11.5702],[92.5768,11.5701],[92.5768,11.57],[92.5768,11.5699],[92.5768,11.5698],[92.5768,11.5697],[92.5768,11.5696],[92.5768,11.5695],[92.5768,11.5694],[92.5768,11.5693],[92.5768,11.5692],[92.5768,11.5691],[92.5768,11.569],[92.5768,11.5689],[92.5768,11.5688],[92.5768,11.5686],[92.5768,11.5685],[92.5768,11.5684],[92.5767,11.5683],[92.5767,11.5682],[92.5766,11.568],[92.5765,11.5679],[92.5764,11.5678],[92.5763,11.5677],[92.5762,11.5676],[92.5761,11.5675],[92.5761,11.5674],[92.576,11.5673],[92.576,11.5672],[92.5759,11.5672],[92.5759,11.5671],[92.5758,11.5671],[92.5758,11.5669],[92.5757,11.5667],[92.5757,11.5666],[92.5757,11.5664],[92.5757,11.5663],[92.5758,11.5661],[92.5757,11.5659],[92.5757,11.5658],[92.5757,11.5655],[92.5757,11.5654],[92.5757,11.5652],[92.5757,11.5651],[92.5757,11.5649],[92.5756,11.5648],[92.5754,11.5646],[92.5754,11.5645],[92.5754,11.5644],[92.5754,11.5643],[92.5753,11.5642],[92.5752,11.5641],[92.5752,11.5639],[92.5751,11.5637],[92.5751,11.5635],[92.575,11.5632],[92.5749,11.5631],[92.5746,11.5627],[92.5745,11.5626],[92.5744,11.5624],[92.5742,11.5624],[92.5741,11.5624]],[[92.5673,11.5709],[92.5674,11.5708],[92.5676,11.5707],[92.5676,11.5706],[92.5676,11.5705],[92.5676,11.5703],[92.5676,11.5702],[92.5676,11.5701],[92.5676,11.57],[92.5675,11.5699],[92.5674,11.5698],[92.5673,11.5697],[92.5672,11.5696],[92.5671,11.5695],[92.567,11.5694],[92.5671,11.5693],[92.5671,11.5692],[92.567,11.5691],[92.567,11.569],[92.567,11.5689],[92.5669,11.5688],[92.5668,11.5687],[92.5666,11.5686],[92.5665,11.5685],[92.5664,11.5683],[92.5664,11.5682],[92.5664,11.5681],[92.5664,11.568],[92.5663,11.5679],[92.5663,11.5678],[92.5662,11.5677],[92.5661,11.5676],[92.566,11.5675],[92.5658,11.5676],[92.5656,11.5676],[92.5655,11.5677],[92.5654,11.5678],[92.5652,11.5679],[92.5651,11.5679],[92.565,11.568],[92.5649,11.5681],[92.5648,11.5683],[92.5648,11.5684],[92.5647,11.5686],[92.5647,11.5687],[92.5647,11.5688],[92.5648,11.569],[92.5649,11.5691],[92.5649,11.5692],[92.565,11.5692],[92.5651,11.5694],[92.5652,11.5695],[92.5652,11.5696],[92.5652,11.5697],[92.5652,11.5698],[92.5653,11.5698],[92.5654,11.57],[92.5655,11.5702],[92.5656,11.5703],[92.5657,11.5704],[92.5658,11.5706],[92.5659,11.5707],[92.566,11.5708],[92.5662,11.5709],[92.5663,11.5709],[92.5664,11.5709],[92.5665,11.5708],[92.5666,11.5708],[92.5668,11.5709],[92.5669,11.571],[92.567,11.571],[92.5672,11.571],[92.5673,11.5709]],[[92.5957,11.5332],[92.5926,11.5367],[92.5882,11.5338],[92.5872,11.541],[92.5836,11.5352],[92.5926,11.5779],[92.5971,11.5422],[92.5957,11.5332]],[[92.5789,11.5848],[92.5788,11.585],[92.5787,11.585],[92.5786,11.585],[92.5784,11.585],[92.5783,11.585],[92.5783,11.5849],[92.5782,11.5849],[92.5782,11.5848],[92.5781,11.5848],[92.578,11.5849],[92.5779,11.5849],[92.5778,11.585],[92.5777,11.585],[92.5776,11.585],[92.5775,11.585],[92.5774,11.585],[92.5773,11.585],[92.5772,11.5849],[92.5771,11.5849],[92.5771,11.5848],[92.577,11.5847],[92.577,11.5846],[92.577,11.5844],[92.5771,11.5843],[92.5771,11.5842],[92.5771,11.5841],[92.5771,11.584],[92.5771,11.5838],[92.5771,11.5837],[92.5772,11.5836],[92.5771,11.5836],[92.5772,11.5835],[92.5772,11.5833],[92.5773,11.5832],[92.5773,11.583],[92.5773,11.5829],[92.5774,11.5828],[92.5774,11.5827],[92.5775,11.5826],[92.5776,11.5824],[92.5777,11.5823],[92.5778,11.5823],[92.5779,11.5823],[92.578,11.5822],[92.5782,11.5822],[92.5783,11.5822],[92.5784,11.5823],[92.5785,11.5823],[92.5786,11.5824],[92.5787,11.5825],[92.5788,11.5826],[92.5789,11.5826],[92.579,11.5826],[92.5791,11.5827],[92.5792,11.5827],[92.5795,11.5832],[92.5796,11.5833],[92.5796,11.5834],[92.5796,11.5836],[92.5796,11.5837],[92.5795,11.5839],[92.5794,11.584],[92.5793,11.5842],[92.5792,11.5845],[92.5791,11.5846],[92.5789,11.5848]],[[92.6117,11.5882],[92.6192,11.5771],[92.6149,11.5623],[92.6094,11.5694],[92.6014,11.5672],[92.6003,11.5706],[92.6012,11.5859],[92.6117,11.5882]],[[92.5938,11.5903],[92.5939,11.5903],[92.594,11.5903],[92.5941,11.5902],[92.5943,11.5901],[92.5943,11.59],[92.5944,11.5899],[92.5945,11.5898],[92.5946,11.5897],[92.5947,11.5896],[92.5947,11.5895],[92.5947,11.5894],[92.5947,11.5893],[92.5945,11.5893],[92.5944,11.5893],[92.5943,11.5893],[92.5942,11.5892],[92.5941,11.5892],[92.5939,11.5892],[92.5938,11.5892],[92.5937,11.5892],[92.5936,11.5892],[92.5935,11.5892],[92.5934,11.5893],[92.5933,11.5893],[92.5932,11.5894],[92.5931,11.5895],[92.5931,11.5896],[92.5931,11.5898],[92.5931,11.5899],[92.5931,11.59],[92.5931,11.5901],[92.5932,11.5903],[92.5933,11.5904],[92.5934,11.5904],[92.5935,11.5904],[92.5936,11.5904],[92.5937,11.5903],[92.5938,11.5903]],[[92.2296,11.5876],[92.216,11.5947],[92.2153,11.5888],[92.2078,11.5855],[92.2152,11.5734],[92.2077,11.5496],[92.2145,11.53],[92.2191,11.5264],[92.2235,11.5305],[92.2506,11.5264],[92.2613,11.518],[92.2701,11.5234],[92.2746,11.5358],[92.2684,11.56],[92.2704,11.5847],[92.2428,11.5923],[92.2296,11.5876]],[[92.541,11.6034],[92.5482,11.6003],[92.5467,11.5915],[92.5667,11.5929],[92.5695,11.5884],[92.5625,11.5855],[92.5657,11.5737],[92.5541,11.5624],[92.5385,11.5628],[92.5303,11.5547],[92.5358,11.565],[92.5325,11.5956],[92.5362,11.6057],[92.541,11.6034]],[[92.6987,11.6641],[92.6929,11.6611],[92.7012,11.6603],[92.6987,11.6641]],[[92.7614,11.6702],[92.7602,11.6778],[92.766,11.6815],[92.7657,11.6777],[92.7614,11.6702]],[[93.0832,11.7806],[93.0853,11.7897],[93.0784,11.7798],[93.0832,11.7806]],[[93.0315,11.8368],[93.0603,11.845],[93.0695,11.842],[93.0716,11.835],[93.0631,11.8192],[93.0502,11.8132],[93.0216,11.8304],[93.0153,11.8286],[93.0131,11.85],[93.0315,11.8368]],[[92.5956,11.9056],[92.5953,11.9156],[92.6021,11.9177],[92.5956,11.9056]],[[92.5652,11.9502],[92.565,11.9505],[92.5645,11.9506],[92.564,11.9504],[92.5638,11.9501],[92.5635,11.9497],[92.5635,11.9495],[92.5636,11.9491],[92.5637,11.9488],[92.5638,11.9487],[92.5637,11.9486],[92.5635,11.9482],[92.5636,11.9478],[92.564,11.9477],[92.5644,11.9478],[92.5651,11.9473],[92.5652,11.947],[92.5653,11.947],[92.5653,11.9466],[92.5665,11.9461],[92.567,11.9457],[92.5673,11.9447],[92.5682,11.9447],[92.5689,11.9449],[92.569,11.9449],[92.5697,11.9455],[92.5698,11.9461],[92.5697,11.9467],[92.5696,11.9472],[92.5694,11.9477],[92.5688,11.9482],[92.5685,11.9486],[92.5683,11.9488],[92.5682,11.9493],[92.5681,11.9496],[92.568,11.95],[92.5678,11.9503],[92.5672,11.9501],[92.5668,11.9499],[92.5663,11.9498],[92.5656,11.9499],[92.5654,11.9499],[92.5652,11.9502]],[[92.729,11.9497],[92.732,11.9446],[92.726,11.9417],[92.7263,11.9523],[92.7229,11.9527],[92.7336,11.9597],[92.7325,11.9548],[92.729,11.9497]],[[92.742,11.9651],[92.7418,11.9654],[92.7418,11.9663],[92.7423,11.9669],[92.743,11.9674],[92.744,11.9676],[92.7446,11.967],[92.7442,11.9655],[92.7435,11.9651],[92.742,11.9651]],[[92.7557,11.9673],[92.7397,11.9621],[92.7364,11.9523],[92.7457,11.9454],[92.765,11.9523],[92.7656,11.9658],[92.7557,11.9673]],[[92.5948,11.977],[92.6029,11.9666],[92.6093,11.9422],[92.5987,11.9279],[92.5964,11.9602],[92.5888,11.9727],[92.5889,11.9765],[92.5948,11.977]],[[92.5844,11.9821],[92.5842,11.9824],[92.5838,11.9824],[92.5833,11.9822],[92.5831,11.9819],[92.583,11.9819],[92.5829,11.9816],[92.5828,11.9815],[92.5823,11.9808],[92.582,11.9802],[92.5819,11.9796],[92.5819,11.9795],[92.5818,11.9795],[92.5815,11.9783],[92.5816,11.9781],[92.5816,11.9776],[92.5816,11.9773],[92.5819,11.977],[92.5823,11.977],[92.5824,11.977],[92.5826,11.9767],[92.583,11.9766],[92.5836,11.9767],[92.5838,11.9769],[92.5839,11.977],[92.5845,11.9773],[92.5849,11.9772],[92.5849,11.9778],[92.5849,11.9783],[92.5849,11.9786],[92.5848,11.9791],[92.5846,11.9795],[92.5846,11.98],[92.5846,11.9806],[92.5845,11.9812],[92.5845,11.9817],[92.5844,11.9821]],[[92.7724,12.0138],[92.7714,12.0174],[92.7761,12.018],[92.7724,12.0138]],[[92.9746,12.0429],[92.9985,12.0337],[93.0098,12.0168],[93.0068,12.001],[93.0254,11.9661],[93.0276,11.9518],[93.0369,11.9474],[93.0533,11.9041],[93.0533,11.8961],[93.045,11.8845],[93.0351,11.8826],[93.0257,11.8894],[93.0158,11.9133],[92.9949,11.9412],[93.0022,11.9486],[92.9908,11.9515],[92.9847,11.946],[92.9738,11.9494],[92.96,11.9818],[92.9346,11.9854],[92.9254,11.9979],[92.9322,12.006],[92.9513,12.0135],[92.9649,12.0387],[92.9631,12.0428],[92.9698,12.0328],[92.9746,12.0429]],[[92.9698,12.0638],[92.97,12.0638],[92.9704,12.064],[92.9707,12.064],[92.9711,12.064],[92.9714,12.0641],[92.9716,12.0645],[92.9715,12.0648],[92.9714,12.0651],[92.9711,12.0652],[92.9708,12.0652],[92.9702,12.0652],[92.97,12.0651],[92.9698,12.065],[92.9696,12.0648],[92.9694,12.0646],[92.9695,12.0644],[92.9694,12.064],[92.9696,12.0639],[92.9698,12.0638]],[[92.9915,12.109],[93.0058,12.1004],[92.9978,12.066],[93.0009,12.0515],[92.9945,12.0443],[92.9805,12.0509],[92.9764,12.0611],[92.9733,12.0595],[92.976,12.0667],[92.9648,12.0684],[92.9605,12.0788],[92.9715,12.0882],[92.9704,12.0918],[92.9655,12.0899],[92.966,12.0948],[92.9609,12.0939],[92.9599,12.1077],[92.9663,12.1094],[92.9736,12.1023],[92.9915,12.109]],[[92.7389,12.107],[92.7384,12.107],[92.7383,12.1071],[92.7383,12.1076],[92.7384,12.1078],[92.7383,12.108],[92.7384,12.1083],[92.7386,12.1088],[92.7389,12.1093],[92.739,12.1098],[92.7395,12.1108],[92.7398,12.1114],[92.74,12.1119],[92.7404,12.1124],[92.7406,12.1128],[92.7408,12.1131],[92.741,12.1136],[92.7413,12.114],[92.7415,12.1142],[92.7419,12.1145],[92.742,12.1146],[92.7423,12.1148],[92.7426,12.115],[92.7429,12.1151],[92.7432,12.1152],[92.7434,12.115],[92.7434,12.1147],[92.7434,12.1141],[92.7431,12.1136],[92.7429,12.1132],[92.7428,12.1129],[92.7427,12.1126],[92.7426,12.1124],[92.7426,12.1122],[92.7424,12.1118],[92.7416,12.111],[92.7413,12.1104],[92.741,12.11],[92.7408,12.1097],[92.7407,12.1094],[92.7405,12.1091],[92.7403,12.1087],[92.74,12.1083],[92.7397,12.108],[92.7397,12.1079],[92.7395,12.1076],[92.7393,12.1073],[92.7389,12.107]],[[92.9509,12.0908],[92.9514,12.0846],[92.9481,12.1163],[92.9576,12.1022],[92.9565,12.0957],[92.9509,12.0908]],[[92.9981,12.1136],[93.003,12.1141],[93.0021,12.1179],[92.9981,12.1136]],[[93.0984,12.1367],[93.0982,12.1368],[93.0981,12.137],[93.098,12.1371],[93.0978,12.1372],[93.0976,12.1373],[93.0974,12.1373],[93.0971,12.1372],[93.097,12.1372],[93.0968,12.1371],[93.0967,12.137],[93.0965,12.1369],[93.0963,12.1368],[93.0962,12.1366],[93.0962,12.1364],[93.0961,12.1363],[93.0961,12.1361],[93.0961,12.136],[93.096,12.1357],[93.096,12.1356],[93.096,12.1354],[93.096,12.1353],[93.096,12.1351],[93.096,12.1349],[93.096,12.1348],[93.0961,12.1346],[93.0962,12.1345],[93.0962,12.1343],[93.0963,12.1342],[93.0964,12.134],[93.0965,12.1339],[93.0965,12.1338],[93.0967,12.1337],[93.0968,12.1336],[93.0969,12.1335],[93.097,12.1334],[93.0971,12.1334],[93.0973,12.1334],[93.0974,12.1335],[93.0975,12.1335],[93.0978,12.1335],[93.0979,12.1337],[93.0981,12.1339],[93.0983,12.1341],[93.0984,12.1343],[93.0985,12.1345],[93.0985,12.1348],[93.0984,12.1349],[93.0985,12.1349],[93.0987,12.1351],[93.0988,12.1352],[93.0988,12.1354],[93.0987,12.1356],[93.0988,12.1358],[93.0989,12.1359],[93.0992,12.1361],[93.0994,12.1364],[93.0994,12.1366],[93.0993,12.1368],[93.0991,12.1369],[93.0988,12.1368],[93.0986,12.1367],[93.0984,12.1367]],[[93.1204,12.1483],[93.1237,12.1403],[93.1153,12.1302],[93.1101,12.1429],[93.1204,12.1483]],[[92.9637,12.1508],[92.9922,12.1441],[93.0009,12.1216],[92.9978,12.1144],[92.9808,12.1116],[92.9631,12.1229],[92.9556,12.1427],[92.9566,12.148],[92.9637,12.1508]],[[92.8451,12.148],[92.8458,12.148],[92.8461,12.1489],[92.8461,12.1496],[92.8461,12.15],[92.8465,12.1504],[92.8467,12.1509],[92.8462,12.1514],[92.8455,12.1513],[92.8451,12.1507],[92.8448,12.15],[92.8441,12.1498],[92.8439,12.1497],[92.8439,12.1488],[92.8445,12.1483],[92.8451,12.148]],[[93.0288,12.1441],[93.0289,12.1659],[93.0072,12.1471],[93.0017,12.1338],[93.0052,12.1151],[93.0002,12.108],[93.0086,12.1041],[93.0078,12.0756],[93.0252,12.0705],[93.0453,12.0457],[93.0532,12.0603],[93.0505,12.0738],[93.0541,12.076],[93.0341,12.1003],[93.0308,12.1158],[93.0355,12.1249],[93.0251,12.1419],[93.0288,12.1441]],[[92.7588,12.1815],[92.7638,12.1789],[92.7592,12.1665],[92.7588,12.1815]],[[92.7251,12.1861],[92.7304,12.1899],[92.7306,12.1852],[92.7251,12.1861]],[[93.0745,12.2104],[93.0664,12.2107],[93.0568,12.1928],[93.0368,12.1333],[93.0493,12.1202],[93.0555,12.1232],[93.0501,12.1145],[93.0741,12.0838],[93.0854,12.0894],[93.0904,12.0984],[93.0931,12.1223],[93.0882,12.1238],[93.0877,12.1296],[93.095,12.1424],[93.0847,12.1561],[93.0905,12.1764],[93.0877,12.1928],[93.0745,12.2104]],[[92.6798,12.219],[92.6823,12.2244],[92.6833,12.2164],[92.6798,12.219]],[[92.9352,12.2246],[92.9271,12.2223],[92.9253,12.2163],[92.9328,12.1961],[92.9342,12.2112],[92.9411,12.2173],[92.9352,12.2246]],[[92.6974,12.2399],[92.7065,12.2286],[92.7105,12.2109],[92.7063,12.1984],[92.7129,12.1907],[92.7055,12.1799],[92.7039,12.1643],[92.7132,12.1761],[92.7113,12.1614],[92.7206,12.1825],[92.7231,12.1786],[92.7366,12.1826],[92.7579,12.1773],[92.7556,12.153],[92.7357,12.1044],[92.7351,12.0742],[92.7381,12.079],[92.7393,12.0706],[92.7418,12.0745],[92.7568,12.0673],[92.7577,12.0623],[92.7505,12.0557],[92.7606,12.0556],[92.7658,12.0471],[92.7795,12.0508],[92.7835,12.0465],[92.7759,12.041],[92.7789,12.0249],[92.7649,12.0266],[92.7623,12.0213],[92.7538,12.0277],[92.753,12.0345],[92.7499,12.0319],[92.7483,12.0374],[92.7447,12.0345],[92.7417,12.0424],[92.7384,12.0416],[92.7411,12.034],[92.7375,12.0362],[92.7351,12.0311],[92.7417,12.0294],[92.7339,12.0239],[92.7334,12.0205],[92.7406,12.0195],[92.7363,12.016],[92.74,12.0128],[92.7469,12.017],[92.753,12.0026],[92.7668,12.0117],[92.7689,11.9992],[92.7432,11.9948],[92.7433,11.9886],[92.753,11.993],[92.7576,11.989],[92.7488,11.9781],[92.7456,11.9835],[92.7342,11.9776],[92.7389,11.9975],[92.7284,11.9952],[92.7314,11.9936],[92.7239,11.976],[92.7303,11.976],[92.7331,11.969],[92.7182,11.9637],[92.7187,11.9391],[92.7145,11.9332],[92.7216,11.9345],[92.7257,11.927],[92.7223,11.9032],[92.7271,11.9002],[92.7232,11.8918],[92.7272,11.8643],[92.7247,11.8509],[92.7072,11.8165],[92.6935,11.8173],[92.6963,11.8133],[92.6782,11.8202],[92.6935,11.8124],[92.6806,11.7994],[92.6988,11.8131],[92.7099,11.8148],[92.7193,11.8267],[92.7321,11.8574],[92.7331,11.9051],[92.7463,11.9322],[92.7531,11.9317],[92.7642,11.9404],[92.7838,11.9369],[92.7882,11.919],[92.7835,11.9052],[92.7882,11.9003],[92.7791,11.8925],[92.7885,11.8845],[92.7861,11.8547],[92.7806,11.851],[92.7761,11.8338],[92.7689,11.7737],[92.7646,11.767],[92.7658,11.7521],[92.7548,11.7182],[92.7554,11.7022],[92.7429,11.7133],[92.7453,11.6922],[92.7393,11.6907],[92.7319,11.6987],[92.7283,11.6951],[92.7221,11.698],[92.7181,11.7062],[92.7117,11.6952],[92.7018,11.7079],[92.7056,11.7027],[92.6958,11.7008],[92.7073,11.6997],[92.7015,11.6928],[92.7012,11.6746],[92.7093,11.6706],[92.6981,11.666],[92.6934,11.6691],[92.6865,11.6639],[92.6835,11.651],[92.6653,11.6536],[92.6745,11.6247],[92.6821,11.6381],[92.686,11.6296],[92.6877,11.641],[92.6956,11.6216],[92.693,11.6378],[92.7009,11.6415],[92.6947,11.6535],[92.702,11.6548],[92.7075,11.6439],[92.7116,11.6439],[92.7107,11.6526],[92.7301,11.6593],[92.7164,11.6652],[92.7157,11.6786],[92.7236,11.6846],[92.7224,11.6895],[92.7265,11.6889],[92.7241,11.6827],[92.7309,11.6801],[92.7314,11.6738],[92.7371,11.6781],[92.7481,11.6769],[92.7484,11.669],[92.7569,11.6649],[92.757,11.6491],[92.7461,11.6409],[92.7521,11.6347],[92.7539,11.6136],[92.741,11.5929],[92.7448,11.5891],[92.7415,11.5784],[92.7379,11.5801],[92.7396,11.5705],[92.7302,11.5596],[92.735,11.5529],[92.7235,11.5299],[92.7274,11.5166],[92.7177,11.5028],[92.7117,11.4776],[92.7069,11.4855],[92.7097,11.4908],[92.7048,11.4928],[92.6996,11.5072],[92.6786,11.5119],[92.6746,11.505],[92.6667,11.5042],[92.646,11.5236],[92.6441,11.5415],[92.6509,11.5515],[92.6423,11.5607],[92.6471,11.5725],[92.6331,11.5803],[92.6319,11.5719],[92.6176,11.5626],[92.6192,11.5834],[92.6072,11.5942],[92.6086,11.621],[92.6248,11.618],[92.6277,11.6265],[92.63,11.6178],[92.6358,11.6158],[92.6443,11.6249],[92.6445,11.6367],[92.6424,11.6395],[92.6347,11.6351],[92.638,11.646],[92.6316,11.652],[92.6319,11.6288],[92.6079,11.6341],[92.5994,11.6508],[92.6012,11.6564],[92.5912,11.6687],[92.5978,11.6774],[92.5997,11.6908],[92.5929,11.7033],[92.5975,11.7102],[92.5881,11.7169],[92.589,11.7247],[92.5867,11.7139],[92.5752,11.7166],[92.5728,11.6991],[92.5622,11.694],[92.552,11.7198],[92.5517,11.757],[92.5593,11.7733],[92.5523,11.7845],[92.549,11.8171],[92.5405,11.8203],[92.5467,11.8355],[92.5423,11.8285],[92.5417,11.836],[92.5364,11.8391],[92.5215,11.8268],[92.5136,11.8487],[92.5251,11.8713],[92.5263,11.8962],[92.5378,11.9045],[92.5344,11.9126],[92.5431,11.924],[92.5555,11.9258],[92.5625,11.9469],[92.5718,11.9291],[92.5804,11.9249],[92.5873,11.8872],[92.5923,11.8873],[92.5941,11.8997],[92.6021,11.8968],[92.6004,11.8663],[92.6063,11.8579],[92.6033,11.8661],[92.6108,11.8712],[92.6121,11.9148],[92.6058,11.9184],[92.6058,11.9238],[92.6112,11.9402],[92.6082,11.9486],[92.613,11.9588],[92.612,11.9833],[92.6173,11.9919],[92.6121,12.0091],[92.6163,12.0248],[92.622,12.0283],[92.6201,12.0415],[92.6271,12.0447],[92.6217,12.0506],[92.6248,12.0621],[92.6191,12.0664],[92.6226,12.0961],[92.6295,12.1165],[92.6321,12.1135],[92.6302,12.1189],[92.6357,12.1196],[92.6314,12.1236],[92.6443,12.1766],[92.6616,12.2158],[92.6659,12.2174],[92.6548,12.1816],[92.6741,12.2182],[92.6779,12.2167],[92.6771,12.2037],[92.6803,12.2144],[92.6848,12.2084],[92.6882,12.2334],[92.6974,12.2399]],[[92.7315,12.2423],[92.735,12.2392],[92.7303,12.2261],[92.7329,12.2106],[92.7389,12.2236],[92.7441,12.2204],[92.7433,12.2151],[92.7448,12.2189],[92.7378,12.2279],[92.7399,12.2364],[92.7456,12.2271],[92.7473,12.2309],[92.7626,12.2297],[92.7631,12.2085],[92.7684,12.2011],[92.7635,12.1817],[92.7468,12.1805],[92.7331,12.1847],[92.731,12.1925],[92.7247,12.1882],[92.7208,12.1906],[92.7248,12.2213],[92.7221,12.2334],[92.7315,12.2423]],[[92.8807,12.2453],[92.8802,12.2468],[92.8801,12.2474],[92.8796,12.2481],[92.8795,12.2487],[92.8795,12.2492],[92.8798,12.2499],[92.8802,12.2505],[92.8807,12.2499],[92.8812,12.2494],[92.8818,12.2489],[92.8818,12.2483],[92.8814,12.2475],[92.8814,12.2468],[92.8812,12.2463],[92.8807,12.2453]],[[92.6989,12.2493],[92.6993,12.2439],[92.6955,12.2471],[92.6989,12.2493]],[[92.8615,12.2432],[92.8651,12.251],[92.8699,12.249],[92.8668,12.2359],[92.8615,12.2432]],[[92.9008,12.2552],[92.8872,12.2515],[92.8837,12.2381],[92.8781,12.2483],[92.8713,12.2457],[92.8695,12.2382],[92.8781,12.21],[92.8809,12.2238],[92.8913,12.234],[92.9001,12.2291],[92.9086,12.233],[92.9123,12.2222],[92.9142,12.2322],[92.9008,12.2552]],[[93.0793,12.2596],[93.0836,12.2585],[93.0846,12.2389],[93.0885,12.2373],[93.0996,12.2494],[93.1003,12.2594],[93.1057,12.2603],[93.1006,12.2044],[93.0923,12.2124],[93.0927,12.2252],[93.0831,12.2227],[93.0632,12.2299],[93.0712,12.2582],[93.0793,12.2596]],[[92.9017,12.2595],[92.9015,12.2596],[92.9014,12.2595],[92.9013,12.2593],[92.9011,12.2591],[92.9009,12.2588],[92.9008,12.2587],[92.9007,12.2584],[92.9003,12.2584],[92.8999,12.2587],[92.8997,12.2591],[92.8995,12.2593],[92.8995,12.2594],[92.8994,12.2597],[92.8994,12.26],[92.8995,12.2602],[92.8995,12.2604],[92.8994,12.2606],[92.8995,12.2609],[92.8996,12.2612],[92.8998,12.2614],[92.8997,12.2615],[92.8997,12.2618],[92.8999,12.2624],[92.9002,12.2627],[92.9006,12.2629],[92.9009,12.2629],[92.9011,12.2629],[92.9013,12.2627],[92.9014,12.2626],[92.9015,12.2626],[92.9016,12.2625],[92.9016,12.2622],[92.9017,12.262],[92.9017,12.2617],[92.9017,12.2615],[92.9017,12.2613],[92.9017,12.2611],[92.9017,12.2609],[92.9018,12.2606],[92.902,12.2605],[92.9021,12.2601],[92.9019,12.2598],[92.9017,12.2595]],[[92.7384,12.2761],[92.7387,12.2759],[92.7389,12.2759],[92.7391,12.2757],[92.7393,12.2754],[92.7393,12.2751],[92.7392,12.2748],[92.7391,12.2744],[92.739,12.274],[92.739,12.2736],[92.7388,12.2733],[92.7386,12.273],[92.7386,12.2727],[92.7385,12.2724],[92.7384,12.272],[92.7383,12.2717],[92.7381,12.2716],[92.738,12.2715],[92.7376,12.2707],[92.7373,12.2703],[92.7371,12.2699],[92.7369,12.2696],[92.7367,12.2692],[92.7364,12.2691],[92.7363,12.269],[92.7359,12.2689],[92.7354,12.269],[92.735,12.2693],[92.7348,12.2697],[92.7347,12.2701],[92.7349,12.2704],[92.735,12.2705],[92.7352,12.2708],[92.7355,12.2712],[92.7357,12.2715],[92.736,12.2719],[92.7362,12.2722],[92.7363,12.2725],[92.7365,12.2726],[92.7365,12.2727],[92.7366,12.2726],[92.7368,12.2728],[92.737,12.2731],[92.7369,12.2736],[92.7369,12.2737],[92.7369,12.274],[92.737,12.2745],[92.7372,12.2751],[92.7375,12.2756],[92.7377,12.276],[92.7381,12.2762],[92.7384,12.2761]],[[93.0296,12.278],[93.0298,12.2781],[93.03,12.2783],[93.03,12.2787],[93.03,12.2791],[93.0299,12.2796],[93.0296,12.2799],[93.0292,12.28],[93.0287,12.28],[93.0284,12.2801],[93.0283,12.28],[93.028,12.2799],[93.0276,12.2797],[93.0274,12.2795],[93.027,12.2792],[93.0266,12.2789],[93.0265,12.2789],[93.0255,12.2784],[93.0245,12.2781],[93.0243,12.2778],[93.0239,12.2774],[93.0236,12.2771],[93.0233,12.2767],[93.0226,12.2763],[93.0222,12.2757],[93.0222,12.2754],[93.0221,12.275],[93.0221,12.2747],[93.0223,12.2745],[93.0227,12.2745],[93.0231,12.2744],[93.0236,12.2742],[93.0242,12.2742],[93.0247,12.2741],[93.0249,12.2741],[93.025,12.2741],[93.0254,12.2738],[93.0259,12.2738],[93.0266,12.2738],[93.0271,12.2741],[93.0275,12.2745],[93.0279,12.2748],[93.0281,12.2752],[93.0282,12.2755],[93.0283,12.2756],[93.0285,12.2759],[93.0288,12.2764],[93.029,12.2769],[93.029,12.2774],[93.0289,12.2778],[93.029,12.2779],[93.0296,12.2779],[93.0296,12.278]],[[92.7429,12.2555],[92.7493,12.2886],[92.7416,12.2794],[92.7396,12.2825],[92.7345,12.2479],[92.7429,12.2555]],[[92.738,12.2913],[92.738,12.2924],[92.738,12.2927],[92.7379,12.2928],[92.7376,12.2928],[92.7372,12.2925],[92.7369,12.2922],[92.7368,12.2918],[92.7367,12.2913],[92.7365,12.291],[92.7362,12.2906],[92.7361,12.29],[92.7361,12.2897],[92.7359,12.2892],[92.7355,12.2887],[92.7352,12.2881],[92.7353,12.2875],[92.7353,12.2869],[92.7354,12.2864],[92.7357,12.2862],[92.7357,12.2861],[92.7356,12.2861],[92.7356,12.2855],[92.7357,12.285],[92.7359,12.2845],[92.736,12.2842],[92.7359,12.2838],[92.7356,12.2835],[92.7356,12.283],[92.7354,12.2827],[92.7353,12.2822],[92.7353,12.2816],[92.7356,12.2813],[92.736,12.2813],[92.7364,12.2816],[92.7364,12.2817],[92.7371,12.2828],[92.7373,12.2847],[92.7374,12.2862],[92.7377,12.2881],[92.7379,12.2892],[92.738,12.2903],[92.738,12.2913]],[[92.7635,12.2656],[92.7674,12.2739],[92.768,12.2856],[92.7624,12.2942],[92.7532,12.2769],[92.7635,12.2656]],[[92.7524,12.2924],[92.7521,12.2925],[92.752,12.2927],[92.752,12.293],[92.752,12.2932],[92.7521,12.2933],[92.7523,12.2937],[92.7525,12.294],[92.7526,12.2942],[92.7527,12.2945],[92.7529,12.2947],[92.753,12.2947],[92.7532,12.2948],[92.7537,12.2948],[92.7542,12.2948],[92.7547,12.2947],[92.755,12.2945],[92.7551,12.2944],[92.7551,12.2943],[92.755,12.2941],[92.755,12.2939],[92.755,12.2936],[92.7549,12.2935],[92.7548,12.2933],[92.7544,12.2931],[92.7542,12.2931],[92.754,12.2929],[92.7537,12.2927],[92.7534,12.2925],[92.7531,12.2925],[92.7529,12.2925],[92.7527,12.2924],[92.7524,12.2924]],[[93.867,12.2953],[93.8743,12.2883],[93.8763,12.2732],[93.8723,12.2682],[93.8548,12.2657],[93.8464,12.2723],[93.8491,12.2887],[93.867,12.2953]],[[92.7687,12.2883],[92.769,12.2884],[92.7692,12.2886],[92.7693,12.2888],[92.7693,12.2889],[92.7696,12.2893],[92.7698,12.2897],[92.77,12.2901],[92.7701,12.2903],[92.7703,12.2904],[92.7705,12.2908],[92.7706,12.291],[92.7709,12.2917],[92.771,12.292],[92.7713,12.2924],[92.7717,12.293],[92.7719,12.2934],[92.7719,12.2938],[92.7718,12.2941],[92.7717,12.2945],[92.7716,12.2948],[92.7714,12.2951],[92.7709,12.2953],[92.7706,12.2953],[92.7702,12.2953],[92.7701,12.2951],[92.7699,12.295],[92.7696,12.2945],[92.7693,12.2942],[92.769,12.2938],[92.7688,12.2934],[92.7685,12.2929],[92.7682,12.2923],[92.7679,12.2918],[92.7678,12.2915],[92.7678,12.2914],[92.7674,12.291],[92.767,12.2906],[92.7666,12.2902],[92.7664,12.2898],[92.7664,12.2893],[92.7667,12.2889],[92.7672,12.2889],[92.7676,12.2887],[92.768,12.2884],[92.7683,12.2883],[92.7687,12.2883]],[[92.8807,12.2975],[92.8807,12.2971],[92.8807,12.2964],[92.8807,12.2961],[92.8807,12.2959],[92.8806,12.2958],[92.8805,12.2958],[92.8803,12.2957],[92.8802,12.2956],[92.8803,12.2955],[92.8802,12.2952],[92.8797,12.295],[92.8794,12.295],[92.879,12.2948],[92.8788,12.2946],[92.8784,12.2943],[92.8782,12.2941],[92.8781,12.2939],[92.8779,12.2938],[92.8777,12.2937],[92.8776,12.2937],[92.8775,12.2937],[92.8773,12.2937],[92.8771,12.2938],[92.8769,12.2939],[92.8768,12.294],[92.8767,12.2944],[92.8766,12.2944],[92.8765,12.2946],[92.8765,12.2949],[92.8765,12.2952],[92.8766,12.2955],[92.8768,12.2958],[92.877,12.2962],[92.8773,12.2965],[92.8775,12.2967],[92.8776,12.2968],[92.8777,12.2971],[92.8778,12.297],[92.878,12.2971],[92.8782,12.2972],[92.8783,12.2973],[92.8784,12.2975],[92.8785,12.2977],[92.8787,12.2979],[92.8789,12.298],[92.8791,12.298],[92.8792,12.298],[92.8794,12.2979],[92.8796,12.2979],[92.88,12.2981],[92.8802,12.2981],[92.8807,12.2979],[92.8807,12.2975]],[[92.7656,12.297],[92.7654,12.297],[92.7653,12.2969],[92.765,12.2966],[92.7645,12.2965],[92.764,12.2966],[92.7638,12.2966],[92.7635,12.2966],[92.7634,12.2968],[92.7632,12.2972],[92.7632,12.2976],[92.7634,12.2979],[92.7635,12.2982],[92.7637,12.2985],[92.7639,12.2987],[92.7641,12.299],[92.7645,12.2992],[92.7649,12.2993],[92.7651,12.2994],[92.7652,12.2996],[92.7656,12.2996],[92.7657,12.2995],[92.7658,12.2995],[92.7659,12.2994],[92.7661,12.2992],[92.7661,12.299],[92.7661,12.2988],[92.7661,12.2979],[92.7656,12.297]],[[92.7129,12.2965],[92.7235,12.296],[92.7239,12.2911],[92.7108,12.2301],[92.6999,12.2757],[92.7043,12.2995],[92.7129,12.2965]],[[92.9334,12.2891],[92.9423,12.2757],[92.9285,12.2559],[92.929,12.2392],[92.9232,12.2307],[92.919,12.2389],[92.9209,12.2663],[92.9123,12.263],[92.9143,12.2734],[92.9006,12.2719],[92.9042,12.2779],[92.9017,12.2879],[92.9137,12.2933],[92.9195,12.2823],[92.9233,12.2847],[92.9279,12.2809],[92.9296,12.3048],[92.9344,12.3082],[92.9334,12.2891]],[[92.8257,12.3042],[92.8099,12.3136],[92.7962,12.3041],[92.7714,12.3131],[92.7673,12.2972],[92.7755,12.3016],[92.7746,12.2931],[92.7818,12.2851],[92.7648,12.2642],[92.7508,12.2748],[92.7434,12.251],[92.7422,12.245],[92.7489,12.2426],[92.7479,12.235],[92.7525,12.2324],[92.7605,12.2364],[92.7622,12.2319],[92.7694,12.2387],[92.7708,12.2312],[92.764,12.2107],[92.7695,12.1997],[92.7652,12.1757],[92.7395,12.0992],[92.7419,12.0779],[92.7568,12.0755],[92.7649,12.0637],[92.7818,12.0809],[92.7926,12.0806],[92.7953,12.0959],[92.7878,12.1027],[92.799,12.109],[92.8127,12.108],[92.81,12.1218],[92.8026,12.1302],[92.815,12.133],[92.8258,12.1537],[92.8189,12.1578],[92.8226,12.1657],[92.8288,12.1635],[92.8362,12.1679],[92.8508,12.1575],[92.8483,12.162],[92.8551,12.1707],[92.8507,12.1774],[92.8553,12.1892],[92.8465,12.1899],[92.8458,12.1999],[92.8542,12.2043],[92.8752,12.1931],[92.8821,12.1981],[92.8743,12.2049],[92.8727,12.2258],[92.8592,12.2451],[92.8655,12.2522],[92.8766,12.2508],[92.8882,12.2591],[92.8893,12.2666],[92.8828,12.2635],[92.8796,12.2778],[92.8871,12.2868],[92.869,12.2903],[92.8741,12.302],[92.8659,12.3014],[92.8666,12.3061],[92.8489,12.3011],[92.8392,12.3041],[92.8348,12.3001],[92.8257,12.3042]],[[93.072,12.3185],[93.0723,12.3182],[93.0726,12.318],[93.0729,12.3178],[93.073,12.3177],[93.0731,12.3175],[93.0732,12.3174],[93.0734,12.317],[93.0734,12.3168],[93.0733,12.3167],[93.0731,12.3166],[93.0731,12.3164],[93.073,12.3161],[93.0728,12.3159],[93.0726,12.3159],[93.0723,12.3159],[93.072,12.316],[93.0717,12.3161],[93.0715,12.3163],[93.0713,12.3164],[93.071,12.3164],[93.0708,12.3163],[93.0703,12.3162],[93.0701,12.3162],[93.0697,12.3162],[93.0695,12.3163],[93.0693,12.3164],[93.069,12.3165],[93.0686,12.3165],[93.0685,12.3165],[93.0683,12.3164],[93.0679,12.3163],[93.0675,12.3163],[93.0672,12.3163],[93.0669,12.3164],[93.0665,12.3164],[93.0661,12.3164],[93.0656,12.3164],[93.0653,12.3164],[93.0649,12.3164],[93.0645,12.3164],[93.0641,12.3163],[93.0638,12.3162],[93.0635,12.3159],[93.0632,12.3157],[93.0629,12.3156],[93.0627,12.3157],[93.0626,12.3158],[93.0626,12.316],[93.0628,12.3162],[93.0629,12.3162],[93.0629,12.3163],[93.063,12.3165],[93.064,12.317],[93.0649,12.3172],[93.0652,12.3173],[93.0655,12.3174],[93.0659,12.3175],[93.0663,12.3178],[93.0669,12.3181],[93.067,12.3182],[93.0671,12.3184],[93.0673,12.3186],[93.0673,12.3187],[93.0674,12.3187],[93.0676,12.3187],[93.0679,12.3188],[93.0681,12.3187],[93.0684,12.3187],[93.0687,12.3187],[93.0688,12.3187],[93.0689,12.3186],[93.069,12.3186],[93.0693,12.3185],[93.0695,12.3184],[93.0699,12.3183],[93.0703,12.3183],[93.0706,12.3185],[93.0707,12.3186],[93.0708,12.3187],[93.0717,12.3188],[93.072,12.3185]],[[92.9125,12.3317],[92.9123,12.3317],[92.9121,12.3319],[92.9119,12.3319],[92.9118,12.3321],[92.9116,12.3323],[92.9115,12.3325],[92.9113,12.3328],[92.9112,12.333],[92.9111,12.3333],[92.911,12.3335],[92.911,12.3339],[92.9109,12.3342],[92.911,12.3344],[92.9111,12.3346],[92.9112,12.3347],[92.9112,12.3348],[92.9112,12.335],[92.9113,12.3352],[92.9114,12.3354],[92.9115,12.3355],[92.9116,12.3355],[92.9118,12.3355],[92.912,12.3355],[92.9121,12.3354],[92.9121,12.3353],[92.9121,12.3352],[92.9121,12.335],[92.9121,12.3348],[92.9124,12.3345],[92.9126,12.3342],[92.9128,12.334],[92.9129,12.3338],[92.913,12.3335],[92.913,12.3333],[92.913,12.3331],[92.913,12.3328],[92.913,12.3325],[92.913,12.3323],[92.9129,12.332],[92.9128,12.3319],[92.9127,12.3317],[92.9125,12.3317]],[[92.9055,12.3382],[92.9055,12.3383],[92.9052,12.3383],[92.9049,12.3383],[92.9048,12.3384],[92.9048,12.3386],[92.9049,12.3387],[92.905,12.3389],[92.9051,12.339],[92.9051,12.3392],[92.9051,12.3393],[92.905,12.3395],[92.905,12.3397],[92.9048,12.3398],[92.9046,12.34],[92.9044,12.3402],[92.9043,12.3404],[92.9043,12.3407],[92.9045,12.341],[92.9045,12.3411],[92.9046,12.3411],[92.9048,12.3411],[92.9051,12.3411],[92.9052,12.3411],[92.9056,12.3411],[92.9059,12.341],[92.9061,12.3408],[92.9062,12.3407],[92.9062,12.3405],[92.9064,12.3403],[92.9065,12.3401],[92.9066,12.3398],[92.9066,12.3397],[92.9066,12.3394],[92.9066,12.3391],[92.9065,12.3389],[92.9064,12.3386],[92.9063,12.3385],[92.9059,12.3384],[92.9056,12.3383],[92.9055,12.3382]],[[92.9154,12.3555],[92.9099,12.3505],[92.9107,12.3379],[92.9181,12.3494],[92.9154,12.3555]],[[92.8965,12.3922],[92.8962,12.3922],[92.8959,12.3923],[92.8958,12.3925],[92.8957,12.3927],[92.8955,12.393],[92.8954,12.3933],[92.8953,12.3936],[92.8952,12.3938],[92.8953,12.394],[92.8953,12.3943],[92.8954,12.3944],[92.8954,12.3945],[92.8955,12.3945],[92.8955,12.3946],[92.8955,12.3947],[92.8955,12.3948],[92.8955,12.3949],[92.8955,12.3951],[92.8957,12.3953],[92.8959,12.3953],[92.8959,12.3954],[92.8962,12.3954],[92.8964,12.3954],[92.8966,12.3954],[92.8968,12.3953],[92.8969,12.3951],[92.897,12.395],[92.8972,12.3948],[92.8973,12.3947],[92.8974,12.3946],[92.8973,12.3944],[92.8974,12.3943],[92.8974,12.3941],[92.8974,12.394],[92.8974,12.3938],[92.8974,12.3936],[92.8974,12.3934],[92.8974,12.3932],[92.8974,12.393],[92.8974,12.3929],[92.8974,12.3927],[92.8973,12.3926],[92.8972,12.3925],[92.8972,12.3924],[92.8971,12.3923],[92.8968,12.3922],[92.8965,12.3922]],[[92.8596,12.4066],[92.8733,12.4059],[92.8814,12.3983],[92.8893,12.4074],[92.8939,12.3985],[92.8833,12.3878],[92.8844,12.3748],[92.8798,12.3839],[92.8731,12.3846],[92.8669,12.3779],[92.8611,12.381],[92.8605,12.3889],[92.8444,12.3953],[92.8459,12.4061],[92.8596,12.4066]],[[92.8983,12.412],[92.8984,12.4119],[92.8985,12.4119],[92.8986,12.4118],[92.8987,12.4118],[92.8989,12.4117],[92.899,12.4115],[92.8992,12.4114],[92.8992,12.4111],[92.8992,12.4108],[92.8992,12.4105],[92.8992,12.4103],[92.899,12.41],[92.899,12.4097],[92.8991,12.4094],[92.8993,12.4091],[92.8993,12.4089],[92.8994,12.4087],[92.8993,12.4085],[92.8992,12.4082],[92.8993,12.408],[92.8992,12.4078],[92.8991,12.4077],[92.8989,12.4077],[92.8989,12.4075],[92.8986,12.4074],[92.8984,12.4075],[92.8981,12.4077],[92.898,12.4078],[92.8979,12.4078],[92.8976,12.408],[92.8975,12.4083],[92.8974,12.4087],[92.8973,12.4091],[92.8972,12.4094],[92.8971,12.4097],[92.897,12.4101],[92.897,12.4105],[92.8972,12.4109],[92.8972,12.411],[92.8972,12.4111],[92.8974,12.4114],[92.8976,12.4116],[92.8978,12.4119],[92.8981,12.412],[92.8983,12.412]],[[92.889,12.4128],[92.8889,12.4128],[92.8887,12.413],[92.8886,12.4131],[92.8884,12.4133],[92.8884,12.4135],[92.8884,12.4137],[92.8884,12.414],[92.8885,12.4142],[92.8887,12.4144],[92.8892,12.4144],[92.8893,12.4144],[92.8895,12.4143],[92.8896,12.4141],[92.8897,12.414],[92.8898,12.4139],[92.8898,12.4137],[92.8898,12.4135],[92.8896,12.4133],[92.8895,12.4132],[92.8895,12.4131],[92.8894,12.4129],[92.8893,12.4128],[92.889,12.4128]],[[92.8663,12.421],[92.8597,12.4144],[92.8696,12.4144],[92.8663,12.421]],[[92.8992,12.4213],[92.9043,12.4213],[92.8998,12.4261],[92.8992,12.4213]],[[92.8429,12.4201],[92.8292,12.4255],[92.8363,12.4159],[92.8464,12.415],[92.8429,12.4201]],[[92.9558,12.4299],[92.9606,12.4192],[92.9443,12.4042],[92.9423,12.3825],[92.9309,12.3585],[92.9173,12.369],[92.9278,12.3872],[92.9261,12.4048],[92.9372,12.4214],[92.9479,12.4149],[92.9491,12.4292],[92.9554,12.4356],[92.9558,12.4299]],[[92.6746,12.5421],[92.6687,12.5324],[92.6787,12.5224],[92.6846,12.5396],[92.6746,12.5421]],[[92.7023,12.6382],[92.7022,12.6382],[92.702,12.6382],[92.7019,12.6382],[92.7017,12.6382],[92.7013,12.6383],[92.7011,12.6387],[92.701,12.6389],[92.7009,12.6391],[92.7009,12.6393],[92.7009,12.6396],[92.7009,12.6397],[92.7009,12.6398],[92.701,12.6401],[92.7012,12.6404],[92.7014,12.6406],[92.7015,12.6407],[92.7015,12.6408],[92.7017,12.641],[92.702,12.6412],[92.7021,12.6412],[92.7022,12.6413],[92.7024,12.6412],[92.7027,12.6411],[92.7029,12.6411],[92.7031,12.641],[92.7032,12.6408],[92.7032,12.6407],[92.7033,12.6406],[92.7033,12.6405],[92.7034,12.6404],[92.7034,12.6403],[92.7034,12.64],[92.7034,12.6397],[92.7034,12.6393],[92.7033,12.639],[92.7028,12.6384],[92.7023,12.6382]],[[92.7241,12.7369],[92.7246,12.7365],[92.7254,12.7366],[92.7262,12.7368],[92.7268,12.7362],[92.7274,12.7352],[92.728,12.7341],[92.7281,12.734],[92.7286,12.7324],[92.729,12.7315],[92.7295,12.7304],[92.7297,12.7294],[92.7291,12.7287],[92.7287,12.7278],[92.728,12.7269],[92.7269,12.7272],[92.7262,12.7279],[92.7263,12.7289],[92.7259,12.7303],[92.7255,12.731],[92.7252,12.7314],[92.7249,12.7318],[92.7247,12.733],[92.7246,12.7332],[92.7243,12.7339],[92.7235,12.7349],[92.7229,12.7358],[92.7227,12.7367],[92.7235,12.7373],[92.7241,12.7369]],[[92.7265,12.7518],[92.7261,12.752],[92.7258,12.7523],[92.7256,12.7525],[92.7256,12.7528],[92.7256,12.7529],[92.7257,12.7534],[92.7257,12.7537],[92.726,12.7538],[92.7263,12.7539],[92.7266,12.7539],[92.7268,12.7536],[92.7268,12.7534],[92.7268,12.7529],[92.7268,12.7525],[92.7268,12.7522],[92.7267,12.7518],[92.7265,12.7518]],[[92.717,12.7735],[92.7173,12.7735],[92.7175,12.7735],[92.7177,12.7736],[92.7178,12.7737],[92.7179,12.7739],[92.7179,12.7741],[92.7178,12.7743],[92.7176,12.7745],[92.7174,12.7746],[92.7171,12.7746],[92.7169,12.7745],[92.7168,12.7744],[92.7167,12.774],[92.7167,12.7739],[92.7168,12.7736],[92.717,12.7735]],[[92.7164,12.7771],[92.7161,12.7772],[92.7159,12.7771],[92.7159,12.777],[92.7156,12.7767],[92.7156,12.7764],[92.7156,12.7761],[92.7157,12.7759],[92.7158,12.7757],[92.716,12.7754],[92.7164,12.7752],[92.7166,12.775],[92.717,12.775],[92.7173,12.775],[92.7175,12.7751],[92.7175,12.7753],[92.7174,12.7755],[92.7173,12.7756],[92.7173,12.7758],[92.7175,12.776],[92.7176,12.7762],[92.7176,12.7765],[92.7174,12.7768],[92.7172,12.7769],[92.7169,12.777],[92.7166,12.777],[92.7164,12.7771]],[[92.7161,12.7827],[92.7164,12.7827],[92.7166,12.7828],[92.7168,12.7831],[92.7168,12.7833],[92.7168,12.7835],[92.7166,12.7837],[92.7164,12.7838],[92.7162,12.7838],[92.7159,12.7838],[92.7158,12.7835],[92.7158,12.7834],[92.7158,12.7832],[92.7158,12.7831],[92.7158,12.7829],[92.7159,12.7828],[92.7161,12.7827]],[[92.7211,12.7814],[92.7168,12.7878],[92.7146,12.7789],[92.7194,12.7778],[92.7176,12.7717],[92.7249,12.7618],[92.7211,12.7814]],[[92.7153,12.7946],[92.7156,12.7953],[92.7165,12.7959],[92.7165,12.7967],[92.7162,12.7974],[92.7158,12.7977],[92.7154,12.7969],[92.7151,12.7962],[92.7151,12.7956],[92.715,12.795],[92.7153,12.7946]],[[92.7168,12.7988],[92.7171,12.7992],[92.7171,12.7999],[92.717,12.8004],[92.7169,12.8011],[92.7168,12.8013],[92.7162,12.8014],[92.7155,12.8007],[92.7155,12.8],[92.7163,12.7989],[92.7168,12.7988]],[[92.7168,12.8026],[92.7163,12.8026],[92.7161,12.8038],[92.7162,12.8044],[92.7165,12.8046],[92.7169,12.8046],[92.7173,12.8045],[92.7176,12.8044],[92.7174,12.8034],[92.7172,12.8029],[92.7168,12.8026]],[[92.7104,12.8291],[92.7154,12.8283],[92.7122,12.7773],[92.7254,12.749],[92.7233,12.7424],[92.7193,12.7529],[92.7184,12.7192],[92.7119,12.7206],[92.709,12.7284],[92.713,12.7373],[92.7096,12.7736],[92.6946,12.796],[92.6963,12.8016],[92.7003,12.8006],[92.7011,12.8137],[92.7104,12.8291]],[[92.7257,12.8322],[92.7254,12.8323],[92.7251,12.8324],[92.7249,12.8325],[92.7248,12.8328],[92.7247,12.833],[92.7247,12.8333],[92.7247,12.8335],[92.7248,12.8339],[92.7248,12.8342],[92.725,12.8345],[92.7251,12.8348],[92.7251,12.8351],[92.7252,12.8354],[92.7253,12.8357],[92.7254,12.8359],[92.7254,12.836],[92.7255,12.8361],[92.7256,12.8364],[92.7256,12.8366],[92.7258,12.837],[92.7259,12.8372],[92.7261,12.8374],[92.7262,12.8377],[92.7264,12.838],[92.7265,12.8381],[92.7266,12.8382],[92.7266,12.8383],[92.7267,12.8384],[92.7269,12.8384],[92.727,12.8385],[92.7272,12.8385],[92.7274,12.8385],[92.7277,12.8385],[92.7278,12.8383],[92.728,12.8382],[92.728,12.838],[92.7281,12.8378],[92.7281,12.8372],[92.728,12.8369],[92.7278,12.8365],[92.7278,12.8362],[92.7278,12.836],[92.7278,12.8355],[92.7277,12.8353],[92.7276,12.835],[92.7274,12.8347],[92.7273,12.8344],[92.7271,12.834],[92.727,12.8337],[92.7268,12.8334],[92.7267,12.8332],[92.7265,12.8331],[92.7264,12.833],[92.7263,12.8328],[92.7262,12.8326],[92.726,12.8324],[92.7257,12.8322]],[[92.7645,12.8543],[92.7643,12.8543],[92.7641,12.8543],[92.764,12.8542],[92.7639,12.854],[92.7638,12.8539],[92.7638,12.8537],[92.7638,12.8536],[92.7639,12.8533],[92.764,12.8531],[92.7643,12.8529],[92.7644,12.8527],[92.7648,12.8526],[92.7649,12.8527],[92.7651,12.8529],[92.7652,12.8529],[92.7652,12.8532],[92.7652,12.8535],[92.7652,12.8536],[92.7652,12.8537],[92.765,12.8541],[92.7648,12.8542],[92.7646,12.8542],[92.7645,12.8543]],[[92.7302,12.8547],[92.7306,12.8548],[92.7308,12.855],[92.7311,12.8552],[92.7315,12.8555],[92.7317,12.8557],[92.7318,12.856],[92.7318,12.8563],[92.7318,12.8565],[92.7317,12.8567],[92.7314,12.8568],[92.731,12.8568],[92.7307,12.8568],[92.7302,12.8568],[92.73,12.8568],[92.7297,12.8567],[92.7295,12.8565],[92.7293,12.8562],[92.7292,12.856],[92.7292,12.8558],[92.7292,12.8555],[92.7292,12.8554],[92.7293,12.8552],[92.7296,12.855],[92.7299,12.8548],[92.7302,12.8547]],[[92.7185,12.8354],[92.7096,12.8337],[92.7074,12.8375],[92.7199,12.8649],[92.7292,12.8643],[92.7185,12.8354]],[[92.7785,12.8651],[92.7784,12.8651],[92.7783,12.8651],[92.7782,12.865],[92.778,12.865],[92.7778,12.865],[92.7777,12.865],[92.7775,12.865],[92.7774,12.865],[92.7772,12.865],[92.7767,12.865],[92.7765,12.8651],[92.7763,12.8652],[92.7762,12.8653],[92.7761,12.8654],[92.776,12.8655],[92.776,12.8657],[92.776,12.8658],[92.776,12.866],[92.776,12.8661],[92.776,12.8662],[92.776,12.8664],[92.7761,12.8665],[92.7762,12.8666],[92.7763,12.8667],[92.7765,12.8667],[92.7766,12.8667],[92.7768,12.8667],[92.777,12.8667],[92.7771,12.8668],[92.7772,12.8668],[92.7773,12.8668],[92.7774,12.8668],[92.7775,12.8668],[92.7776,12.8668],[92.7777,12.8668],[92.7779,12.8668],[92.7782,12.8667],[92.7783,12.8664],[92.7784,12.8663],[92.7784,12.8661],[92.7784,12.866],[92.7785,12.8658],[92.7785,12.8657],[92.7785,12.8655],[92.7785,12.8653],[92.7785,12.8652],[92.7785,12.8651]],[[92.7661,12.8549],[92.761,12.8679],[92.7655,12.8729],[92.7665,12.87],[92.7661,12.8549]],[[92.7584,12.8783],[92.7585,12.8782],[92.7587,12.8782],[92.7594,12.8782],[92.7595,12.8781],[92.7596,12.8782],[92.76,12.8782],[92.7601,12.8783],[92.7604,12.8782],[92.7605,12.878],[92.7605,12.8778],[92.7605,12.8777],[92.7605,12.8774],[92.7603,12.8773],[92.7602,12.8773],[92.76,12.8771],[92.7597,12.877],[92.7595,12.8769],[92.7594,12.8768],[92.7592,12.8766],[92.7589,12.8763],[92.7587,12.8761],[92.7584,12.8761],[92.7581,12.8762],[92.758,12.8763],[92.7578,12.8762],[92.7577,12.8762],[92.7576,12.8761],[92.7574,12.8761],[92.7572,12.8762],[92.757,12.8762],[92.7569,12.8763],[92.7569,12.8764],[92.7569,12.8768],[92.7569,12.8771],[92.757,12.8774],[92.7572,12.8776],[92.7572,12.8777],[92.757,12.8782],[92.757,12.8785],[92.7571,12.8787],[92.7573,12.8789],[92.758,12.8786],[92.7582,12.8785],[92.7584,12.8783]],[[92.7884,12.8935],[92.7819,12.8919],[92.7843,12.8824],[92.7904,12.8846],[92.7884,12.8935]],[[92.8925,12.8978],[92.8921,12.8978],[92.8919,12.8981],[92.8917,12.8985],[92.8917,12.8988],[92.8918,12.8993],[92.8919,12.8994],[92.8919,12.8995],[92.8921,12.8998],[92.8922,12.8998],[92.8924,12.8999],[92.8928,12.8999],[92.8931,12.8998],[92.8935,12.8995],[92.8936,12.8992],[92.8937,12.899],[92.8938,12.8988],[92.8939,12.8985],[92.8939,12.8984],[92.8939,12.8983],[92.8937,12.8983],[92.8937,12.8981],[92.8934,12.8979],[92.8931,12.8978],[92.8925,12.8978]],[[92.7557,12.8915],[92.7573,12.9014],[92.7542,12.9138],[92.7552,12.8987],[92.7535,12.8933],[92.7494,12.8971],[92.7501,12.8907],[92.7557,12.8915]],[[92.7575,12.9122],[92.7577,12.9122],[92.7579,12.9122],[92.758,12.9124],[92.758,12.9125],[92.7582,12.9127],[92.7583,12.9129],[92.7584,12.9132],[92.7585,12.9134],[92.7585,12.9135],[92.7584,12.9138],[92.7583,12.914],[92.7582,12.9141],[92.758,12.9141],[92.7578,12.914],[92.7577,12.9139],[92.7576,12.9137],[92.7576,12.9136],[92.7575,12.9134],[92.7574,12.9134],[92.7573,12.9132],[92.7572,12.9131],[92.7571,12.913],[92.7571,12.9129],[92.757,12.9127],[92.757,12.9125],[92.7571,12.9124],[92.7572,12.9123],[92.7575,12.9122]],[[92.8648,12.9125],[92.8642,12.9128],[92.8638,12.9135],[92.8632,12.9138],[92.8631,12.9146],[92.8636,12.9151],[92.8642,12.9151],[92.8648,12.9146],[92.8649,12.9142],[92.8653,12.9136],[92.8651,12.9127],[92.8648,12.9125]],[[92.7937,12.9126],[92.8006,12.8977],[92.7926,12.892],[92.7825,12.896],[92.7887,12.9054],[92.7803,12.902],[92.7741,12.9115],[92.7895,12.9126],[92.7914,12.9168],[92.7937,12.9126]],[[92.768,12.9163],[92.7682,12.9164],[92.7683,12.9166],[92.7683,12.9168],[92.7683,12.917],[92.7683,12.9172],[92.7682,12.9174],[92.7682,12.9176],[92.7681,12.9178],[92.768,12.9179],[92.7678,12.9181],[92.7677,12.9181],[92.7676,12.9182],[92.7675,12.9182],[92.7673,12.9182],[92.7672,12.9183],[92.767,12.9182],[92.7667,12.9179],[92.7668,12.9178],[92.7667,12.9178],[92.7667,12.9176],[92.7667,12.9174],[92.7668,12.9172],[92.767,12.9172],[92.7673,12.9169],[92.7673,12.9168],[92.7673,12.9166],[92.7675,12.9164],[92.7677,12.9163],[92.7679,12.9164],[92.768,12.9163]],[[92.9317,12.919],[92.9352,12.9139],[92.9367,12.9171],[92.9317,12.919]],[[92.7638,12.9181],[92.7674,12.9225],[92.7625,12.9223],[92.7638,12.9181]],[[92.899,12.9159],[92.9113,12.9088],[92.9221,12.913],[92.9094,12.9031],[92.9045,12.8862],[92.9095,12.8829],[92.9197,12.888],[92.9282,12.884],[92.9293,12.8592],[92.9414,12.8554],[92.9403,12.8366],[92.948,12.8368],[92.9441,12.8258],[92.9539,12.8074],[92.9489,12.7926],[92.9338,12.7814],[92.9339,12.7737],[92.9391,12.7669],[92.9497,12.7703],[92.9491,12.7619],[92.962,12.7533],[92.9685,12.74],[92.9651,12.7238],[92.9769,12.718],[92.9801,12.7101],[92.9724,12.7124],[92.9647,12.7046],[92.9575,12.6253],[92.9488,12.6288],[92.9586,12.6195],[92.9571,12.5933],[92.9755,12.5429],[92.9656,12.5101],[92.9682,12.497],[92.9592,12.4869],[92.9466,12.4995],[92.941,12.4851],[92.9303,12.4801],[92.9348,12.4692],[92.9228,12.4652],[92.9434,12.4676],[92.951,12.4762],[92.9587,12.4731],[92.9572,12.4671],[92.9434,12.4611],[92.9459,12.4574],[92.9411,12.4494],[92.9151,12.4438],[92.9239,12.4355],[92.9148,12.4063],[92.907,12.4067],[92.9099,12.4205],[92.8923,12.4364],[92.8772,12.4468],[92.8691,12.4461],[92.8562,12.4568],[92.854,12.4543],[92.8663,12.4446],[92.8901,12.4323],[92.8993,12.4164],[92.8861,12.4244],[92.8752,12.4134],[92.8649,12.4265],[92.8463,12.4235],[92.8375,12.43],[92.8076,12.4373],[92.8309,12.4277],[92.8283,12.4189],[92.8346,12.4104],[92.8265,12.4093],[92.8406,12.4075],[92.8359,12.3972],[92.8601,12.3712],[92.8587,12.3636],[92.869,12.3617],[92.8732,12.3529],[92.8784,12.3578],[92.8839,12.3561],[92.8961,12.3365],[92.8816,12.3449],[92.8791,12.3337],[92.8837,12.3332],[92.8678,12.3316],[92.8875,12.332],[92.8879,12.3257],[92.8983,12.3259],[92.8952,12.3202],[92.8853,12.3236],[92.878,12.3138],[92.8728,12.3183],[92.8686,12.314],[92.8531,12.3137],[92.8321,12.3025],[92.8098,12.3149],[92.7949,12.3061],[92.791,12.3118],[92.7715,12.3196],[92.7653,12.3024],[92.7637,12.3128],[92.7548,12.296],[92.7346,12.3032],[92.7196,12.3004],[92.7151,12.3126],[92.7098,12.3103],[92.7084,12.3289],[92.6989,12.3278],[92.6996,12.367],[92.7059,12.3711],[92.7028,12.3785],[92.6982,12.3776],[92.6974,12.4258],[92.7013,12.4496],[92.7068,12.4513],[92.6974,12.4688],[92.7088,12.4934],[92.7014,12.5005],[92.7012,12.5115],[92.6942,12.5154],[92.6999,12.5265],[92.7005,12.5439],[92.7086,12.5567],[92.7048,12.5666],[92.7089,12.5762],[92.7038,12.5885],[92.7075,12.5952],[92.6861,12.6019],[92.6846,12.6089],[92.6865,12.6143],[92.6927,12.6075],[92.7023,12.6131],[92.7039,12.6068],[92.7101,12.6159],[92.7149,12.6433],[92.7196,12.6437],[92.7241,12.6259],[92.7282,12.6359],[92.7362,12.6399],[92.7343,12.6568],[92.7436,12.6678],[92.7513,12.6657],[92.7522,12.6712],[92.7749,12.6698],[92.7791,12.6574],[92.7774,12.6387],[92.7814,12.6353],[92.7806,12.6533],[92.7891,12.6751],[92.7857,12.6982],[92.7676,12.6715],[92.7328,12.6744],[92.7362,12.6835],[92.7277,12.6929],[92.7299,12.6978],[92.7432,12.6995],[92.7395,12.7145],[92.746,12.7228],[92.7379,12.7332],[92.7386,12.7393],[92.7306,12.7436],[92.7315,12.754],[92.7209,12.7881],[92.7235,12.8269],[92.7318,12.8353],[92.7384,12.8106],[92.7401,12.8366],[92.7434,12.8242],[92.7441,12.8394],[92.7535,12.8482],[92.758,12.8471],[92.7601,12.8594],[92.7701,12.8459],[92.7705,12.8636],[92.7782,12.8642],[92.7818,12.8586],[92.7938,12.8629],[92.7911,12.8892],[92.803,12.8972],[92.8238,12.8959],[92.831,12.8847],[92.8417,12.8915],[92.8418,12.8756],[92.8588,12.8778],[92.8744,12.8816],[92.8731,12.8933],[92.896,12.8986],[92.8979,12.9274],[92.899,12.9159]],[[92.8869,12.9294],[92.8868,12.9294],[92.8864,12.929],[92.8864,12.9287],[92.8865,12.9284],[92.8868,12.9281],[92.8871,12.928],[92.8874,12.9279],[92.8874,12.928],[92.8879,12.9281],[92.8879,12.9282],[92.8881,12.9281],[92.8882,12.9283],[92.8883,12.9286],[92.8883,12.9288],[92.8883,12.929],[92.8882,12.9291],[92.8882,12.9293],[92.8878,12.9293],[92.887,12.9293],[92.8869,12.9294]],[[92.7727,12.9177],[92.7744,12.9313],[92.7696,12.9289],[92.7727,12.9177]],[[92.892,12.933],[92.8917,12.933],[92.8915,12.9328],[92.8913,12.9326],[92.8911,12.9325],[92.891,12.9322],[92.891,12.9321],[92.8911,12.9318],[92.8913,12.9317],[92.8916,12.9317],[92.8916,12.9318],[92.892,12.9318],[92.8922,12.9319],[92.8924,12.9321],[92.8925,12.9324],[92.8924,12.9327],[92.8923,12.9328],[92.8921,12.9328],[92.892,12.933]],[[92.8766,12.9324],[92.8862,12.924],[92.8807,12.9208],[92.8749,12.9271],[92.8736,12.9166],[92.8653,12.9167],[92.8598,12.9328],[92.8766,12.9324]],[[92.7633,12.926],[92.7609,12.9313],[92.7648,12.9337],[92.7633,12.926]],[[92.8915,12.9378],[92.8914,12.9378],[92.8909,12.9381],[92.8904,12.9381],[92.8902,12.9379],[92.8902,12.9375],[92.8901,12.9372],[92.8899,12.937],[92.8896,12.9368],[92.8894,12.9366],[92.8893,12.9365],[92.8893,12.9361],[92.8893,12.9357],[92.8894,12.9354],[92.8894,12.9352],[92.8895,12.9351],[92.8896,12.9351],[92.8897,12.9351],[92.8899,12.9351],[92.8901,12.9353],[92.8903,12.9355],[92.8905,12.9357],[92.8908,12.936],[92.8909,12.9361],[92.8919,12.9364],[92.8921,12.9365],[92.8925,12.9364],[92.8926,12.9365],[92.8931,12.9368],[92.8932,12.9372],[92.8929,12.9376],[92.8928,12.9376],[92.8925,12.9377],[92.892,12.9377],[92.8917,12.9377],[92.8915,12.9378]],[[92.9009,12.9421],[92.9007,12.9421],[92.9004,12.9422],[92.8999,12.942],[92.8998,12.9418],[92.8997,12.9416],[92.8997,12.9412],[92.8999,12.941],[92.9002,12.941],[92.9004,12.941],[92.9005,12.9409],[92.9009,12.9407],[92.9012,12.9405],[92.9013,12.9402],[92.9014,12.9398],[92.9017,12.9395],[92.9021,12.939],[92.9023,12.9389],[92.9026,12.9387],[92.9028,12.9385],[92.9031,12.9386],[92.9032,12.9387],[92.9032,12.9389],[92.9032,12.9392],[92.9031,12.9395],[92.9029,12.9396],[92.9028,12.9401],[92.9025,12.9407],[92.9017,12.9418],[92.9013,12.942],[92.9009,12.9421]],[[92.6963,12.9915],[92.6844,12.9877],[92.6695,12.963],[92.6675,12.9509],[92.6799,12.9482],[92.6797,12.9426],[92.6705,12.923],[92.6707,12.9058],[92.6654,12.903],[92.6651,12.8822],[92.6481,12.8617],[92.6657,12.8117],[92.6647,12.7988],[92.6591,12.7959],[92.6676,12.7905],[92.6682,12.7827],[92.6752,12.8076],[92.6828,12.809],[92.6893,12.8173],[92.6848,12.8298],[92.6767,12.8247],[92.6762,12.8359],[92.6892,12.8344],[92.7001,12.8401],[92.7031,12.8518],[92.7196,12.8743],[92.7114,12.8833],[92.7194,12.8816],[92.7228,12.9018],[92.7164,12.9228],[92.7211,12.9247],[92.7214,12.9468],[92.7148,12.9433],[92.7203,12.9789],[92.7094,12.9895],[92.7075,12.9865],[92.6963,12.9915]],[[92.9802,12.9667],[92.9804,12.9603],[92.9882,12.9565],[92.98,12.9481],[92.9812,12.9329],[92.9699,12.937],[92.9727,12.9404],[92.9688,12.9443],[92.9521,12.9409],[92.9605,12.9497],[92.9738,12.9465],[92.9725,12.9552],[92.9594,12.9558],[92.9539,12.9627],[92.954,12.9682],[92.9602,12.9652],[92.9629,12.9691],[92.9525,12.9801],[92.9594,12.9889],[92.9693,12.9824],[92.9649,12.9782],[92.9723,12.9698],[92.9882,12.9848],[92.9859,12.9935],[92.994,12.9915],[93.0063,12.9971],[92.9802,12.9667]],[[92.9895,13.0007],[92.9894,13.0009],[92.9891,13.0011],[92.9889,13.0011],[92.9886,13.0009],[92.9884,13.0008],[92.9882,13.0006],[92.9879,13.0006],[92.9877,13.0006],[92.9876,13.0007],[92.9874,13.0006],[92.9869,13.0005],[92.9869,13.0003],[92.9868,13.0003],[92.9866,13.0001],[92.9866,12.9998],[92.9865,12.9995],[92.9865,12.9993],[92.9865,12.9991],[92.9865,12.9988],[92.9868,12.9985],[92.987,12.9983],[92.9874,12.9982],[92.9876,12.9982],[92.9879,12.9982],[92.9882,12.9983],[92.9884,12.9984],[92.9887,12.9988],[92.9888,12.9988],[92.9889,12.999],[92.9891,12.9991],[92.9893,12.9992],[92.9894,12.9994],[92.9896,12.9996],[92.9896,12.9998],[92.9896,13.0],[92.9896,13.0003],[92.9896,13.0006],[92.9895,13.0007]],[[92.9122,13.0024],[92.9124,13.0025],[92.9127,13.0028],[92.9128,13.0031],[92.9128,13.0033],[92.9127,13.0036],[92.9123,13.0041],[92.9119,13.0044],[92.9116,13.0048],[92.9114,13.005],[92.9112,13.005],[92.9109,13.005],[92.9108,13.0049],[92.9106,13.0047],[92.9103,13.0043],[92.9103,13.0041],[92.9105,13.0039],[92.9107,13.0037],[92.911,13.0033],[92.9113,13.003],[92.9116,13.0028],[92.9119,13.0024],[92.9122,13.0024]],[[92.9102,13.0069],[92.9101,13.0069],[92.9099,13.0069],[92.9098,13.0069],[92.9097,13.0069],[92.9096,13.007],[92.9095,13.007],[92.9094,13.0071],[92.9093,13.0072],[92.9093,13.0074],[92.9093,13.0076],[92.9093,13.0077],[92.9093,13.0078],[92.9094,13.0079],[92.9094,13.008],[92.9096,13.008],[92.9097,13.008],[92.9099,13.008],[92.91,13.0079],[92.9102,13.0079],[92.9103,13.0077],[92.9103,13.0075],[92.9103,13.0074],[92.9103,13.0072],[92.9103,13.0071],[92.9103,13.007],[92.9102,13.0069]],[[92.9483,13.0209],[92.9493,13.0246],[92.9451,13.0253],[92.9483,13.0209]],[[92.9266,13.0237],[92.94,13.0251],[92.9419,12.9955],[92.9209,13.0005],[92.9155,13.0147],[92.9225,13.0218],[92.9219,13.0287],[92.9266,13.0237]],[[92.9144,13.0425],[92.9191,13.0404],[92.9166,13.0477],[92.9144,13.0425]],[[92.9327,13.0495],[92.9329,13.0495],[92.9332,13.0498],[92.9335,13.05],[92.9337,13.0502],[92.9337,13.0506],[92.9339,13.0507],[92.934,13.051],[92.9342,13.0513],[92.9342,13.0516],[92.9342,13.0519],[92.9342,13.0522],[92.9341,13.0523],[92.9341,13.0525],[92.9336,13.0533],[92.9332,13.0533],[92.932,13.0531],[92.9319,13.0525],[92.9317,13.0518],[92.9318,13.0518],[92.9317,13.0515],[92.9317,13.0512],[92.9319,13.0509],[92.932,13.0507],[92.9323,13.0505],[92.9325,13.0504],[92.9326,13.0501],[92.9326,13.0498],[92.9326,13.0497],[92.9327,13.0495]],[[92.9168,13.0579],[92.9137,13.0669],[92.9171,13.0618],[92.9168,13.0579]],[[92.7287,13.0907],[92.729,13.0908],[92.7292,13.0909],[92.7293,13.0909],[92.7294,13.0911],[92.7295,13.0913],[92.7296,13.0915],[92.7297,13.0917],[92.7297,13.0919],[92.7298,13.092],[92.7298,13.0922],[92.7298,13.0923],[92.7299,13.0925],[92.73,13.0927],[92.7302,13.0929],[92.7303,13.093],[92.7304,13.0932],[92.7306,13.0934],[92.7307,13.0936],[92.7308,13.0938],[92.731,13.094],[92.7312,13.0943],[92.7313,13.0945],[92.7314,13.0948],[92.7313,13.0949],[92.7312,13.0951],[92.731,13.0953],[92.7307,13.0954],[92.7304,13.0954],[92.7304,13.0953],[92.7303,13.0953],[92.7301,13.0951],[92.7299,13.095],[92.7298,13.0949],[92.7296,13.0948],[92.7295,13.0948],[92.7294,13.0947],[92.7294,13.0945],[92.7293,13.0943],[92.7292,13.0941],[92.729,13.094],[92.7287,13.0935],[92.7286,13.0933],[92.7285,13.0932],[92.7285,13.0931],[92.7285,13.0929],[92.7284,13.0926],[92.7284,13.0925],[92.7283,13.0923],[92.7283,13.0922],[92.7283,13.092],[92.7283,13.0919],[92.7282,13.0917],[92.7282,13.0915],[92.7281,13.0915],[92.7281,13.0914],[92.728,13.0913],[92.728,13.0912],[92.728,13.091],[92.7281,13.0909],[92.7282,13.0907],[92.7284,13.0907],[92.7287,13.0907]],[[92.7168,13.0979],[92.7201,13.0956],[92.708,13.0869],[92.7035,13.0796],[92.7064,13.0716],[92.7018,13.071],[92.6961,13.0954],[92.7168,13.0979]],[[92.7955,13.1712],[92.7956,13.1712],[92.7957,13.1712],[92.796,13.1711],[92.7961,13.171],[92.7964,13.1709],[92.7965,13.1708],[92.7967,13.1707],[92.7969,13.1705],[92.7971,13.1703],[92.7971,13.1701],[92.7971,13.17],[92.797,13.1698],[92.797,13.1697],[92.797,13.1694],[92.7972,13.1691],[92.7972,13.169],[92.7972,13.1689],[92.7972,13.1687],[92.7973,13.1685],[92.7973,13.1683],[92.7972,13.1681],[92.797,13.168],[92.7967,13.168],[92.7964,13.1681],[92.7962,13.168],[92.7961,13.1678],[92.796,13.1677],[92.7958,13.1677],[92.7956,13.1677],[92.7956,13.1676],[92.7953,13.1676],[92.795,13.1676],[92.7947,13.1677],[92.7944,13.1678],[92.7941,13.168],[92.794,13.1681],[92.7939,13.1683],[92.7939,13.1684],[92.7938,13.1685],[92.7936,13.1689],[92.7935,13.1691],[92.7934,13.1693],[92.7932,13.1696],[92.7932,13.1698],[92.7933,13.17],[92.7933,13.1702],[92.7934,13.1703],[92.7936,13.1704],[92.7939,13.1706],[92.7942,13.1709],[92.7944,13.1711],[92.7945,13.1712],[92.7946,13.1712],[92.7949,13.1712],[92.795,13.1712],[92.7953,13.1712],[92.7955,13.1712]],[[93.0608,13.2207],[93.06,13.2211],[93.0594,13.2217],[93.0589,13.2226],[93.0585,13.2233],[93.0582,13.2237],[93.058,13.2245],[93.058,13.2249],[93.058,13.2256],[93.0576,13.226],[93.0577,13.2265],[93.0581,13.2265],[93.0589,13.2268],[93.0591,13.2264],[93.0593,13.226],[93.0593,13.2256],[93.0596,13.225],[93.0602,13.2244],[93.0602,13.2236],[93.0603,13.2229],[93.0606,13.222],[93.0612,13.2214],[93.0612,13.2207],[93.0608,13.2207]],[[93.0165,13.2846],[93.0163,13.2844],[93.0162,13.2841],[93.0159,13.2839],[93.0156,13.2837],[93.0154,13.2836],[93.0153,13.2836],[93.015,13.2836],[93.0149,13.2837],[93.0147,13.2837],[93.0145,13.2838],[93.0144,13.2841],[93.0146,13.2844],[93.0147,13.2846],[93.0148,13.2847],[93.0148,13.2848],[93.0152,13.285],[93.0155,13.2852],[93.0158,13.2852],[93.0162,13.2852],[93.0165,13.2851],[93.0166,13.2848],[93.0166,13.2846],[93.0165,13.2846]],[[93.0731,13.2984],[93.0787,13.3015],[93.0741,13.3031],[93.0731,13.2984]],[[93.0215,13.3013],[93.0253,13.3263],[93.0177,13.3293],[93.0162,13.3241],[93.0149,13.3087],[93.0215,13.3013]],[[93.0073,13.3356],[93.0071,13.3358],[93.0071,13.3359],[93.0072,13.3361],[93.0072,13.3364],[93.0075,13.3365],[93.0075,13.3366],[93.0076,13.3367],[93.0079,13.3369],[93.0082,13.337],[93.0084,13.3372],[93.0086,13.3373],[93.0089,13.3373],[93.0091,13.3373],[93.0093,13.3372],[93.0094,13.3371],[93.0094,13.337],[93.0095,13.3369],[93.0095,13.3368],[93.0093,13.3365],[93.0091,13.3364],[93.0088,13.3363],[93.0087,13.3362],[93.0086,13.336],[93.0085,13.336],[93.0083,13.3359],[93.0081,13.3357],[93.0079,13.3356],[93.0076,13.3356],[93.0073,13.3356]],[[92.9654,13.336],[92.97,13.3387],[92.9682,13.3331],[92.9654,13.336]],[[93.015,13.3392],[93.0148,13.3392],[93.0144,13.3391],[93.0141,13.3389],[93.0139,13.3387],[93.0137,13.3385],[93.0134,13.338],[93.0134,13.3377],[93.0136,13.3374],[93.0137,13.3374],[93.0138,13.3374],[93.014,13.3374],[93.0141,13.3373],[93.0144,13.3373],[93.0146,13.3373],[93.0149,13.3374],[93.015,13.3375],[93.0152,13.3377],[93.0152,13.3379],[93.0154,13.3381],[93.0156,13.3383],[93.0158,13.3385],[93.0158,13.3387],[93.0158,13.3389],[93.0156,13.3391],[93.0155,13.3391],[93.015,13.3392]],[[93.0372,13.3405],[93.037,13.3406],[93.0369,13.3406],[93.0368,13.3407],[93.0367,13.3407],[93.0365,13.3409],[93.0365,13.341],[93.0364,13.3412],[93.0364,13.3413],[93.0363,13.3416],[93.0363,13.3418],[93.0363,13.342],[93.0363,13.3422],[93.0363,13.3424],[93.0364,13.3425],[93.0365,13.3427],[93.0366,13.3428],[93.0367,13.3431],[93.0369,13.3433],[93.037,13.3433],[93.037,13.3435],[93.0372,13.3436],[93.0373,13.3437],[93.0375,13.3438],[93.0377,13.3439],[93.038,13.344],[93.0382,13.344],[93.0385,13.344],[93.0386,13.3439],[93.0387,13.3437],[93.0387,13.3436],[93.0388,13.3434],[93.0388,13.3431],[93.0388,13.3428],[93.0386,13.3426],[93.0385,13.3425],[93.0384,13.3424],[93.0383,13.3423],[93.0383,13.3422],[93.0383,13.3421],[93.0382,13.3421],[93.0381,13.3418],[93.0379,13.3415],[93.0378,13.3414],[93.0377,13.3413],[93.0376,13.3412],[93.0376,13.3411],[93.0375,13.3411],[93.0375,13.341],[93.0375,13.3408],[93.0374,13.3407],[93.0373,13.3406],[93.0372,13.3406],[93.0372,13.3405]],[[93.0163,13.341],[93.0189,13.346],[93.0202,13.3383],[93.0163,13.341]],[[93.0773,13.3647],[93.0778,13.3645],[93.0782,13.3644],[93.0785,13.3641],[93.0783,13.3638],[93.0779,13.3638],[93.0778,13.3638],[93.0777,13.3637],[93.0776,13.3636],[93.0776,13.3635],[93.0777,13.3632],[93.0776,13.3629],[93.0773,13.3629],[93.0772,13.363],[93.0765,13.3632],[93.076,13.3635],[93.0758,13.3639],[93.0757,13.3641],[93.0755,13.3641],[93.0754,13.3643],[93.0752,13.3644],[93.075,13.3644],[93.0746,13.3644],[93.0743,13.3645],[93.0741,13.3646],[93.0741,13.3647],[93.074,13.3647],[93.0739,13.3647],[93.0738,13.3652],[93.074,13.3655],[93.0746,13.3657],[93.075,13.3657],[93.0751,13.3659],[93.0751,13.366],[93.0752,13.3661],[93.0752,13.3663],[93.0754,13.3665],[93.0757,13.3665],[93.0758,13.3665],[93.0759,13.3663],[93.0759,13.3662],[93.076,13.3662],[93.0762,13.3658],[93.0763,13.3655],[93.0766,13.3652],[93.077,13.365],[93.0773,13.3647]],[[93.0828,13.3689],[93.083,13.3687],[93.0833,13.3686],[93.0833,13.3684],[93.0832,13.3681],[93.0831,13.368],[93.083,13.3679],[93.0824,13.3674],[93.0822,13.3674],[93.0822,13.3672],[93.0822,13.3671],[93.082,13.367],[93.0817,13.3671],[93.0816,13.3674],[93.0815,13.3675],[93.0814,13.3677],[93.0811,13.3679],[93.0808,13.368],[93.0806,13.3682],[93.0805,13.3684],[93.0807,13.3686],[93.0809,13.3687],[93.081,13.3689],[93.0814,13.369],[93.0816,13.3692],[93.0817,13.3695],[93.0817,13.3696],[93.0818,13.3696],[93.0819,13.3697],[93.0822,13.3697],[93.0825,13.3695],[93.0825,13.3693],[93.0825,13.3691],[93.0826,13.369],[93.0828,13.3689]],[[93.064,13.3854],[93.0639,13.3854],[93.0637,13.3851],[93.0635,13.385],[93.0632,13.3846],[93.0632,13.3845],[93.0632,13.3842],[93.0629,13.3838],[93.0629,13.3837],[93.0626,13.3837],[93.0624,13.3835],[93.0623,13.3833],[93.0623,13.3832],[93.0623,13.383],[93.062,13.3829],[93.0617,13.3829],[93.0616,13.3829],[93.0615,13.3829],[93.0613,13.383],[93.0611,13.3833],[93.061,13.3837],[93.0611,13.3839],[93.0613,13.3843],[93.0613,13.3846],[93.0612,13.3849],[93.0609,13.3851],[93.0606,13.3853],[93.0606,13.3856],[93.0608,13.3856],[93.0612,13.3855],[93.0615,13.3854],[93.0616,13.3854],[93.0617,13.3856],[93.062,13.3859],[93.0621,13.3861],[93.0622,13.3864],[93.0625,13.3867],[93.0628,13.3869],[93.0632,13.3869],[93.0635,13.3869],[93.064,13.3863],[93.0641,13.3859],[93.0641,13.3857],[93.064,13.3854]],[[92.8666,13.4118],[92.8661,13.4118],[92.8658,13.4119],[92.8655,13.4118],[92.865,13.412],[92.8648,13.4124],[92.8646,13.4126],[92.8646,13.413],[92.865,13.4133],[92.8651,13.4134],[92.8655,13.4135],[92.8658,13.4135],[92.8661,13.4135],[92.8664,13.4133],[92.8667,13.413],[92.867,13.4128],[92.8671,13.4121],[92.8671,13.4119],[92.8666,13.4118]],[[92.8156,13.4179],[92.8187,13.4162],[92.8145,13.4035],[92.8119,13.4182],[92.8156,13.4179]],[[93.0892,13.41],[93.0873,13.4156],[93.094,13.4182],[93.0892,13.41]],[[93.0672,13.4222],[93.0725,13.4312],[93.0714,13.4133],[93.0672,13.4222]],[[93.1001,13.4353],[93.1036,13.4302],[93.0962,13.4343],[93.1001,13.4353]],[[92.8433,13.4404],[92.846,13.4312],[92.8423,13.4262],[92.8317,13.4185],[92.8221,13.4215],[92.8217,13.436],[92.8433,13.4404]],[[94.2598,13.4357],[94.252,13.4358],[94.2464,13.4428],[94.253,13.4616],[94.2597,13.4668],[94.2758,13.4686],[94.2757,13.4497],[94.2711,13.4431],[94.2598,13.4357]],[[92.8709,13.5022],[92.8738,13.505],[92.8702,13.5132],[92.8668,13.5072],[92.8709,13.5022]],[[92.9202,13.5157],[92.9155,13.5142],[92.9145,13.5068],[92.9221,13.513],[92.9202,13.5157]],[[92.9085,13.5369],[92.906,13.5306],[92.9121,13.5339],[92.9085,13.5369]],[[92.8765,13.5365],[92.8762,13.5356],[92.8756,13.5355],[92.8754,13.5358],[92.8752,13.5362],[92.8752,13.5365],[92.8749,13.5366],[92.8743,13.5366],[92.8743,13.5372],[92.8745,13.5376],[92.8746,13.5378],[92.8747,13.5381],[92.8749,13.5386],[92.8749,13.5392],[92.875,13.5397],[92.8752,13.5403],[92.8758,13.5399],[92.8763,13.5395],[92.8769,13.5391],[92.8775,13.5386],[92.8778,13.5381],[92.8778,13.5376],[92.8774,13.5372],[92.8769,13.537],[92.8765,13.5365]],[[93.0067,13.5554],[93.0061,13.5556],[93.0057,13.5562],[93.0054,13.5571],[93.0054,13.5577],[93.0055,13.5578],[93.0052,13.5579],[93.0049,13.5583],[93.0049,13.5587],[93.0052,13.559],[93.0056,13.559],[93.0057,13.559],[93.006,13.5591],[93.0058,13.5594],[93.0057,13.5597],[93.0056,13.5599],[93.0055,13.5602],[93.0055,13.5606],[93.0056,13.5607],[93.0056,13.561],[93.006,13.5608],[93.0062,13.5605],[93.0064,13.5602],[93.0065,13.5599],[93.0066,13.5596],[93.0068,13.5592],[93.007,13.5586],[93.007,13.5583],[93.007,13.5577],[93.007,13.5573],[93.0071,13.557],[93.0074,13.5565],[93.0076,13.5561],[93.0073,13.5555],[93.0067,13.5554]],[[93.0536,13.5604],[93.0569,13.5663],[93.052,13.5645],[93.0536,13.5604]],[[93.0302,13.5711],[93.0446,13.5288],[93.0432,13.5046],[93.0332,13.4657],[93.016,13.4646],[93.0329,13.4565],[93.0345,13.4358],[93.0162,13.4325],[93.034,13.4256],[93.041,13.4278],[93.0365,13.4171],[93.0425,13.4156],[93.047,13.4051],[93.0617,13.4212],[93.0599,13.3981],[93.0704,13.4063],[93.0633,13.392],[93.052,13.3916],[93.0485,13.3749],[93.0447,13.3778],[93.0255,13.373],[93.049,13.3738],[93.0555,13.3821],[93.071,13.3476],[93.0784,13.3483],[93.0784,13.3412],[93.0878,13.3436],[93.09,13.336],[93.0751,13.3286],[93.0701,13.3074],[93.0652,13.3043],[93.0606,13.3288],[93.0401,13.3221],[93.0461,13.346],[93.0392,13.3611],[93.0417,13.3677],[93.0348,13.3616],[93.041,13.3522],[93.0322,13.3453],[93.003,13.3541],[92.9893,13.3422],[92.9871,13.3291],[92.9796,13.3353],[92.9757,13.3504],[92.9713,13.3483],[92.9705,13.3604],[92.9602,13.3576],[92.9552,13.3444],[92.9501,13.3435],[92.9594,13.3258],[92.9775,13.3243],[92.9983,13.3148],[92.9949,13.301],[92.9859,13.2989],[92.9919,13.2925],[92.996,13.2916],[92.9876,13.2998],[92.9958,13.3001],[93.009,13.3209],[93.0064,13.3086],[93.0112,13.3091],[93.0119,13.3004],[93.0224,13.2941],[93.0108,13.2967],[93.0167,13.2894],[93.0103,13.2824],[93.0118,13.2768],[93.0198,13.2765],[93.0258,13.2824],[93.0328,13.2757],[93.0463,13.2818],[93.0403,13.2703],[93.045,13.2588],[93.0657,13.2723],[93.0567,13.2565],[93.0556,13.2326],[93.0421,13.2227],[93.0451,13.2102],[93.0318,13.1787],[93.0367,13.1709],[93.0335,13.1588],[93.0371,13.1399],[93.0304,13.1268],[93.0346,13.0826],[93.0268,13.0769],[93.0266,13.062],[93.0196,13.0507],[93.0123,13.048],[93.0029,13.0286],[92.9955,13.0354],[92.9901,13.0269],[92.9824,13.0246],[92.9653,13.0365],[92.9692,13.0166],[92.9758,13.015],[92.9716,13.0132],[92.9549,13.0186],[92.9512,13.0293],[92.9347,13.0427],[92.9359,13.052],[92.9441,13.0549],[92.9362,13.0872],[92.9351,13.0618],[92.9261,13.0619],[92.9235,13.0566],[92.9133,13.0762],[92.9042,13.0799],[92.9131,13.0705],[92.911,13.0613],[92.8973,13.0591],[92.8877,13.0449],[92.8982,13.0583],[92.9161,13.0545],[92.9015,13.0221],[92.9084,13.0],[92.9152,13.0011],[92.9187,12.9865],[92.9333,12.9892],[92.9306,12.9803],[92.9374,12.981],[92.9385,12.9717],[92.9301,12.9664],[92.9276,12.958],[92.9186,12.9602],[92.9125,12.9468],[92.908,12.9513],[92.9073,12.9859],[92.8982,12.9866],[92.897,12.9956],[92.8875,12.9825],[92.8813,12.9822],[92.8814,12.9687],[92.875,12.965],[92.8774,12.9581],[92.8719,12.9502],[92.8771,12.9443],[92.8687,12.9344],[92.8545,12.9398],[92.8579,12.9315],[92.8532,12.9151],[92.8596,12.9124],[92.8584,12.9033],[92.8661,12.9014],[92.8686,12.908],[92.8758,12.9086],[92.8696,12.8901],[92.8735,12.8835],[92.842,12.8765],[92.8422,12.8922],[92.8296,12.8865],[92.8246,12.8966],[92.8025,12.8993],[92.7944,12.914],[92.7938,12.9312],[92.7995,12.9306],[92.8017,12.94],[92.801,12.9488],[92.7925,12.9523],[92.7922,12.9661],[92.7971,12.964],[92.7984,12.9702],[92.7933,12.9794],[92.7949,12.9873],[92.8001,12.9917],[92.8059,12.9833],[92.8185,12.9862],[92.8085,12.9979],[92.8167,12.9987],[92.8254,13.0135],[92.8064,13.0066],[92.8059,13.0126],[92.7921,13.0119],[92.7878,13.0196],[92.7965,13.0402],[92.7931,13.0582],[92.7969,13.0898],[92.8021,13.0878],[92.8029,13.0772],[92.81,13.0742],[92.812,13.08],[92.8069,13.0795],[92.8093,13.0833],[92.8051,13.087],[92.8075,13.0995],[92.8132,13.104],[92.8223,13.0957],[92.8196,13.1027],[92.8255,13.1154],[92.8159,13.1155],[92.8098,13.1267],[92.8189,13.1275],[92.8239,13.1338],[92.8259,13.129],[92.83,13.1323],[92.8314,13.1243],[92.8351,13.1305],[92.8424,13.1272],[92.8438,13.1353],[92.8394,13.1366],[92.8478,13.1406],[92.8429,13.1465],[92.8218,13.1461],[92.8097,13.153],[92.8153,13.1748],[92.8337,13.1705],[92.8354,13.1736],[92.819,13.1843],[92.8245,13.1915],[92.8187,13.1948],[92.8206,13.2012],[92.8325,13.2143],[92.8238,13.217],[92.8294,13.2232],[92.8259,13.224],[92.8277,13.2371],[92.8371,13.2434],[92.8437,13.2358],[92.8505,13.2394],[92.8539,13.2363],[92.8499,13.2421],[92.8548,13.2561],[92.8513,13.2626],[92.8386,13.26],[92.822,13.2791],[92.824,13.2884],[92.8342,13.2845],[92.8387,13.2874],[92.8355,13.2948],[92.8418,13.3009],[92.8392,13.3065],[92.8217,13.3106],[92.8316,13.3151],[92.8267,13.3277],[92.8347,13.3377],[92.8336,13.3529],[92.8397,13.3754],[92.8448,13.3769],[92.8516,13.3694],[92.8546,13.3782],[92.8668,13.3816],[92.8663,13.3904],[92.8595,13.3856],[92.8523,13.3874],[92.8422,13.3995],[92.8491,13.4116],[92.8681,13.4025],[92.8696,13.4093],[92.8742,13.4104],[92.8686,13.4167],[92.8701,13.4249],[92.8751,13.4233],[92.8839,13.4296],[92.8808,13.4451],[92.8743,13.4478],[92.8762,13.4604],[92.8711,13.4648],[92.8721,13.472],[92.8871,13.478],[92.8988,13.4766],[92.9045,13.4973],[92.9189,13.5008],[92.9216,13.4941],[92.9297,13.5019],[92.9229,13.5127],[92.9275,13.5148],[92.9276,13.5216],[92.9173,13.5222],[92.9149,13.5339],[92.9316,13.5392],[92.9471,13.5372],[92.9542,13.5436],[92.9684,13.5414],[92.9752,13.5275],[92.99,13.5272],[92.9919,13.5368],[92.9809,13.5531],[92.9853,13.555],[92.9882,13.5733],[93.0022,13.5607],[93.0096,13.5425],[93.0149,13.5438],[93.0167,13.5712],[93.023,13.5715],[93.0274,13.5793],[93.0302,13.5711]],[[92.9024,13.6005],[92.9033,13.5961],[92.885,13.5746],[92.8821,13.5814],[92.8885,13.5952],[92.9024,13.6005]],[[93.0634,13.6541],[93.0562,13.6539],[93.0431,13.6376],[93.0467,13.6211],[93.0552,13.6439],[93.0664,13.6497],[93.0634,13.6541]],[[93.0167,13.6751],[93.0093,13.674],[93.0055,13.6668],[93.0038,13.6707],[92.9823,13.6653],[92.9769,13.655],[92.986,13.6427],[93.0014,13.6496],[93.0152,13.6441],[93.0176,13.6337],[93.0257,13.6272],[93.0318,13.6337],[93.0167,13.6751]],[[81.2713,16.2793],[81.2705,16.286],[81.2804,16.2921],[81.2678,16.3113],[81.277,16.3164],[81.2863,16.3119],[81.3305,16.3202],[81.3118,16.3077],[81.3519,16.3233],[81.3643,16.3327],[81.3937,16.3338],[81.2713,16.2793]],[[84.7554,19.0548],[84.7404,19.0582],[84.728,19.0513],[84.7231,19.0381],[84.725,19.03],[84.7325,19.031],[84.7427,19.0499],[84.7461,19.045],[84.7434,19.035],[84.7109,19.0018],[84.6864,18.963],[84.6224,18.9061],[84.5978,18.8747],[84.5918,18.8714],[84.5575,18.8741],[84.5588,18.8698],[84.5802,18.8677],[84.5831,18.8571],[84.5798,18.843],[84.5713,18.8365],[84.5566,18.8017],[84.5536,18.7833],[84.4933,18.7339],[84.4455,18.6736],[84.4349,18.6785],[84.4286,18.6697],[84.4117,18.6669],[84.4243,18.6614],[84.437,18.6643],[84.4434,18.6586],[84.4369,18.6502],[84.4123,18.6364],[84.3873,18.61],[84.3572,18.5639],[84.3485,18.5652],[84.3481,18.5831],[84.3336,18.5734],[84.333,18.5573],[84.3215,18.5619],[84.3139,18.5597],[84.3107,18.5437],[84.2743,18.5187],[84.2742,18.5116],[84.2991,18.53],[84.3253,18.5381],[84.3478,18.5552],[84.3491,18.5484],[84.2215,18.4418],[84.1492,18.3687],[84.1366,18.3506],[84.1042,18.349],[84.0785,18.3376],[84.0611,18.3359],[83.9927,18.3583],[83.993,18.3497],[84.0288,18.3399],[84.0586,18.3252],[84.0728,18.3263],[84.0952,18.3372],[84.1194,18.339],[84.1274,18.3286],[84.1261,18.313],[84.1184,18.301],[84.0752,18.2786],[84.0579,18.2634],[83.9769,18.2304],[83.9543,18.2136],[83.927,18.225],[83.9254,18.2195],[83.9327,18.2082],[83.8865,18.1913],[83.8694,18.1709],[83.7767,18.139],[83.703,18.1017],[83.6798,18.0842],[83.6608,18.0841],[83.6573,18.0816],[83.6679,18.0725],[83.6188,18.0443],[83.5827,18.012],[83.556,18.0194],[83.566,18.0021],[83.561,17.973],[83.5543,17.9626],[83.4747,17.9105],[83.446,17.9204],[83.4548,17.892],[83.4534,17.8802],[83.4143,17.8415],[83.4072,17.846],[83.4037,17.8436],[83.4194,17.8251],[83.4163,17.8074],[83.3781,17.7676],[83.3558,17.753],[83.3403,17.7142],[83.3044,17.6957],[83.2899,17.6619],[83.2413,17.6253],[83.2278,17.6287],[83.2155,17.6466],[83.1982,17.6381],[83.1972,17.6267],[83.2016,17.6228],[83.2311,17.6158],[83.2304,17.6035],[83.2189,17.591],[83.147,17.549],[83.1059,17.5389],[83.1109,17.5511],[83.1031,17.549],[83.0857,17.5303],[83.0445,17.5166],[83.0141,17.5005],[83.0059,17.493],[83.0047,17.4823],[82.991,17.4698],[82.945,17.4529],[82.84,17.3996],[82.7531,17.3662],[82.623,17.295],[82.5486,17.2478],[82.4455,17.1641],[82.3059,17.0296],[82.2836,16.9956],[82.2697,16.9334],[82.2529,16.9313],[82.2495,16.8909],[82.2623,16.8835],[82.2697,16.8671],[82.2796,16.869],[82.2827,16.8614],[82.3097,16.853],[82.3159,16.8399],[82.3208,16.8394],[82.3253,16.8507],[82.3521,16.8493],[82.3571,16.8418],[82.3544,16.8311],[82.3584,16.8152],[82.363,16.8185],[82.366,16.928],[82.3543,16.9552],[82.3355,16.9732],[82.3333,16.9815],[82.3368,16.9835],[82.3512,16.9727],[82.3679,16.9397],[82.3755,16.8795],[82.3756,16.8425],[82.3487,16.7506],[82.3505,16.7215],[82.3303,16.7286],[82.3202,16.7246],[82.3214,16.7198],[82.3425,16.7098],[82.3399,16.6886],[82.3477,16.6871],[82.3564,16.6923],[82.3586,16.7052],[82.3679,16.7018],[82.3238,16.6508],[82.3361,16.6167],[82.3323,16.5798],[82.3247,16.5733],[82.3132,16.5859],[82.328,16.5839],[82.3273,16.6114],[82.3225,16.6238],[82.3147,16.6257],[82.3084,16.6042],[82.2898,16.6204],[82.289,16.611],[82.3046,16.5914],[82.2982,16.5705],[82.2701,16.5639],[82.2635,16.5582],[82.2861,16.5546],[82.3162,16.5593],[82.3132,16.5548],[82.2488,16.5422],[82.1493,16.4872],[82.1671,16.5068],[82.1691,16.5207],[82.2,16.5585],[82.1976,16.5648],[82.1802,16.5611],[82.1643,16.5498],[82.1432,16.5174],[82.1407,16.4844],[82.0217,16.4305],[81.9675,16.3962],[81.9625,16.4078],[81.9693,16.436],[81.9649,16.4374],[81.9568,16.4259],[81.9503,16.3984],[81.9451,16.3943],[81.8546,16.3705],[81.7258,16.3074],[81.7229,16.3129],[81.735,16.3489],[81.7347,16.3565],[81.7248,16.3557],[81.7244,16.332],[81.7088,16.3028],[81.7016,16.305],[81.6971,16.322],[81.6608,16.336],[81.5928,16.3418],[81.5728,16.348],[81.5651,16.356],[81.5805,16.3602],[81.5665,16.3679],[81.5495,16.3903],[81.5545,16.3601],[81.5286,16.3508],[81.4032,16.3369],[81.4032,16.346],[81.3908,16.3532],[81.399,16.3601],[81.4093,16.356],[81.4078,16.3712],[81.4138,16.3755],[81.4086,16.3814],[81.3838,16.36],[81.3681,16.356],[81.3434,16.3664],[81.3128,16.3602],[81.3132,16.3525],[81.304,16.3487],[81.3028,16.3435],[81.3212,16.3424],[81.2913,16.3255],[81.2583,16.319],[81.2461,16.3044],[81.2664,16.29],[81.2632,16.2789],[81.2414,16.2607],[81.2671,16.2707],[81.2226,16.2269],[81.2115,16.2049],[81.1849,16.0844],[81.161,16.0502],[81.1476,16.0192],[81.1465,15.9992],[81.1529,15.9748],[81.1446,15.974],[81.1294,15.9824],[81.1088,16.0051],[81.0988,16.008],[81.0838,16.0019],[81.1092,15.9963],[81.1406,15.9622],[81.0453,15.8972],[81.01,15.8492],[80.996,15.8243],[81.0001,15.8],[81.0116,15.7756],[81.0071,15.7625],[80.9568,15.8069],[80.9492,15.8113],[80.94,15.8072],[80.9595,15.794],[80.9894,15.7606],[80.9601,15.7358],[80.9455,15.7282],[80.9369,15.7297],[80.8998,15.766],[80.8743,15.807],[80.8704,15.8226],[80.8629,15.8221],[80.8609,15.8122],[80.8761,15.7939],[80.8916,15.7609],[80.9168,15.7308],[80.915,15.7273],[80.8695,15.7206],[80.8506,15.7077],[80.8387,15.7066],[80.804,15.7162],[80.8048,15.7501],[80.8103,15.7506],[80.8171,15.7414],[80.8197,15.7443],[80.8123,15.7702],[80.8159,15.8094],[80.8077,15.8355],[80.7857,15.8598],[80.7559,15.8802],[80.7305,15.8862],[80.6407,15.8784],[80.6055,15.8676],[80.5791,15.8665],[80.5342,15.8501],[80.5558,15.8653],[80.4982,15.8571],[80.4959,15.8549],[80.52,15.8525],[80.5212,15.8459],[80.4196,15.7978],[80.3597,15.7638],[80.2775,15.6821],[80.2396,15.6141],[80.2223,15.545],[80.2068,15.5474],[80.1755,15.5733],[80.1693,15.5705],[80.1676,15.5594],[80.1357,15.5585],[80.1403,15.5501],[80.1698,15.5523],[80.1785,15.5602],[80.1856,15.5597],[80.2135,15.5312],[80.2065,15.5091],[80.184,15.4907],[80.1963,15.4908],[80.2086,15.5024],[80.2101,15.4951],[80.2024,15.4847],[80.1967,15.4625],[80.1305,15.3805],[80.1027,15.3342],[80.0805,15.267],[80.0873,15.2159],[80.0838,15.1953],[80.0713,15.1933],[80.0476,15.2132],[80.0303,15.2091],[80.0503,15.2018],[80.0628,15.1861],[80.0737,15.1819],[80.051,15.1127],[80.0457,15.0496],[80.051,15.0072],[80.0663,14.9747],[80.0932,14.8332],[80.0933,14.8269],[80.0857,14.8251],[80.0888,14.8143],[80.0752,14.8172],[80.0746,14.8137],[80.0908,14.8007],[80.114,14.7332],[80.1323,14.7092],[80.1337,14.6954],[80.1204,14.6902],[80.1214,14.6832],[80.1291,14.6818],[80.1392,14.6939],[80.1454,14.6912],[80.1541,14.6711],[80.1643,14.6208],[80.1839,14.5898],[80.1803,14.5831],[80.1472,14.568],[80.0935,14.5344],[80.1156,14.5299],[80.1432,14.5555],[80.1706,14.5667],[80.1946,14.5639],[80.1793,14.4569],[80.173,14.3466],[80.1467,14.2838],[80.1459,14.2543],[80.1237,14.2425],[80.1375,14.2373],[80.1288,14.1843],[80.1289,14.1491],[80.1537,14.0243],[80.1442,14.0221],[80.1441,14.0175],[80.159,13.993],[80.1643,13.993],[80.1657,13.9989],[80.1694,13.9924],[80.2383,13.8289],[80.2379,13.8094],[80.245,13.8052],[80.2495,13.7884],[80.2362,13.6915],[80.2368,13.6558],[80.2444,13.619],[80.2697,13.5632],[80.284,13.5341],[80.3018,13.4756],[80.3188,13.4565],[80.3174,13.4501],[80.3102,13.4504],[80.3137,13.4387],[80.3109,13.4323],[80.289,13.4403],[80.2809,13.428],[80.2929,13.4157],[80.287,13.412],[80.2889,13.4028],[80.3061,13.3972],[80.3251,13.3832],[80.3295,13.3902],[80.3244,13.4355],[80.3257,13.4399],[80.3293,13.4385],[80.3463,13.2934],[80.2977,13.1255],[80.3057,13.0947],[80.2874,13.0632],[80.2602,12.9373],[80.2468,12.8006],[80.2555,12.7814],[80.2539,12.7669],[80.2075,12.6423],[80.1821,12.556],[80.1638,12.5172],[80.1624,12.4707],[80.1493,12.4696],[80.1499,12.4594],[80.1404,12.4577],[80.1489,12.4482],[80.1311,12.4471],[80.1382,12.4325],[80.0607,12.3398],[80.0191,12.2821],[79.9904,12.2275],[79.8946,12.081],[79.875,12.0433],[79.859,12.0076],[79.8579,12.0046],[79.8405,11.9546],[79.8081,11.8341],[79.8093,11.8448],[79.8076,11.8321],[79.7951,11.7849],[79.7931,11.7564],[79.7864,11.7393],[79.767,11.7445],[79.7711,11.7366],[79.7856,11.7293],[79.7615,11.6287],[79.7593,11.5636],[79.7674,11.5229],[79.8104,11.4394],[79.8247,11.3645],[79.8009,11.3764],[79.7987,11.3686],[79.8141,11.3584],[79.8095,11.3475],[79.8124,11.3443],[79.8167,11.3446],[79.8223,11.3554],[79.8401,11.3525],[79.8344,11.311],[79.8539,11.1952],[79.8568,11.0127],[79.8525,10.988],[79.8516,10.9923],[79.8519,10.9155],[79.8504,10.9087],[79.8442,10.9057],[79.8489,10.9014],[79.8486,10.8798],[79.8355,10.8738],[79.8488,10.8708],[79.8495,10.827],[79.8467,10.8166],[79.8358,10.8115],[79.8481,10.8126],[79.8501,10.809],[79.8502,10.7163],[79.8572,10.6692],[79.8615,10.4926],[79.8709,10.3404],[79.8787,10.2873],[79.7948,10.2713],[79.7885,10.2752],[79.7839,10.2922],[79.7593,10.3107],[79.7392,10.3162],[79.7286,10.3299],[79.7041,10.3288],[79.7238,10.3104],[79.7148,10.3112],[79.6379,10.3381],[79.6116,10.3192],[79.673,10.3108],[79.7,10.2952],[79.723,10.2893],[79.7475,10.3001],[79.7512,10.2888],[79.7656,10.2866],[79.7764,10.2751],[79.72,10.2798],[79.6745,10.2904],[79.6518,10.29],[79.5944,10.305],[79.5454,10.3073],[79.5563,10.3299],[79.5979,10.3276],[79.6112,10.3296],[79.6148,10.3345],[79.6002,10.3478],[79.5819,10.3425],[79.5328,10.3558],[79.527,10.355],[79.5379,10.3414],[79.5378,10.3268],[79.5193,10.3118],[79.4387,10.3247],[79.3955,10.3237],[79.383,10.3188],[79.3648,10.2981],[79.349,10.302],[79.3532,10.2904],[79.3291,10.2861],[79.3175,10.2718],[79.299,10.2645],[79.2728,10.2326],[79.272,10.2261],[79.2779,10.2199],[79.2761,10.2103],[79.2424,10.1783],[79.2288,10.145],[79.2331,10.1242],[79.2269,10.0926],[79.2328,10.0764],[79.245,10.0707],[79.2513,10.0499],[79.2624,10.044],[79.2635,10.0358],[79.2223,10.007],[79.1943,9.9603],[79.167,9.9429],[79.1574,9.9305],[79.1511,9.909],[79.1208,9.8806],[79.1205,9.8517],[79.0904,9.8233],[79.0623,9.7781],[79.0373,9.7606],[78.9876,9.7073],[78.9742,9.6651],[78.9547,9.6257],[78.9253,9.5864],[78.9188,9.5646],[78.9155,9.4996],[78.901,9.4921],[78.8946,9.4786],[78.9004,9.4567],[78.9297,9.4164],[78.9876,9.3542],[79.0518,9.3],[79.0633,9.2947],[79.0849,9.2963],[79.0983,9.2895],[79.121,9.2931],[79.1553,9.2857],[79.1866,9.2875],[79.1917,9.2859],[79.1883,9.2809],[79.0824,9.2592],[78.9878,9.2752],[78.9659,9.2745],[78.9262,9.2652],[78.9049,9.2482],[78.8776,9.2566],[78.8565,9.2519],[78.7767,9.222],[78.725,9.2088],[78.7208,9.1873],[78.686,9.1954],[78.6577,9.1875],[78.6457,9.175],[78.6507,9.1554],[78.6303,9.1565],[78.6002,9.1475],[78.5753,9.1282],[78.5282,9.1361],[78.4914,9.1291],[78.4773,9.1306],[78.4223,9.1134],[78.3476,9.0647],[78.3406,9.0553],[78.3092,9.0387],[78.3053,9.0276],[78.2922,9.0216],[78.285,9.0241],[78.2748,9.0108],[78.2594,9.0261],[78.2422,9.0346],[78.2235,9.0327],[78.2134,9.048],[78.2106,9.0403],[78.2163,9.0286],[78.2449,9.0283],[78.2612,9.0159],[78.2678,9.0008],[78.2125,8.9616],[78.1916,8.9285],[78.183,8.8965],[78.1721,8.8804],[78.1654,8.7584],[78.1753,8.7664],[78.1901,8.7618],[78.1982,8.7652],[78.196,8.7831],[78.1993,8.7879],[78.2059,8.7669],[78.1939,8.7449],[78.1851,8.7517],[78.1699,8.7435],[78.1589,8.7138],[78.141,8.6929],[78.1263,8.6352],[78.1418,8.5908],[78.1348,8.5528],[78.1241,8.5295],[78.133,8.4924],[78.0672,8.4163],[78.0599,8.381],[78.0673,8.3713],[77.9768,8.3359],[77.9478,8.306],[77.9095,8.2906],[77.8848,8.2674],[77.8144,8.2462],[77.7869,8.2257],[77.7838,8.2189],[77.7869,8.2031],[77.7809,8.1966],[77.7658,8.1926],[77.7531,8.1785],[77.7343,8.1677],[77.673,8.1563],[77.6554,8.1591],[77.5892,8.1413],[77.5631,8.1217],[77.5587,8.1068],[77.5658,8.0902],[77.5529,8.0778],[77.5046,8.08],[77.4548,8.0891],[77.3924,8.1065],[77.3586,8.1239],[77.3175,8.1214],[77.3104,8.126],[77.297,8.1498],[77.2768,8.164],[77.2505,8.1702],[77.2385,8.1779],[77.2274,8.1953],[77.1871,8.2198],[77.1684,8.2407],[77.1284,8.2659],[77.1001,8.2914],[77.0231,8.3551],[77.0065,8.3604],[76.9984,8.3785],[76.9904,8.3754],[76.9828,8.3803],[76.9733,8.3921],[76.971,8.4128],[76.8845,8.5096],[76.7953,8.6291],[76.7701,8.6548],[76.6723,8.7807],[76.6718,8.7904],[76.6555,8.8026],[76.6032,8.8678],[76.5787,8.8844],[76.5669,8.8821],[76.5495,8.8981],[76.5074,9.0407],[76.4819,9.0958],[76.4653,9.1194],[76.3429,9.4027],[76.3189,9.5039],[76.29,9.6724],[76.2779,9.8072],[76.2585,9.9022],[76.2422,9.9464],[76.2433,9.9693],[76.2205,10.0021],[76.2024,10.049],[76.1795,10.1432],[76.1698,10.1648],[76.1689,10.1839],[76.155,10.1994],[76.1399,10.2329],[76.1395,10.2578],[76.1337,10.2641],[76.0982,10.384],[76.0638,10.4624],[76.043,10.4944],[76.0585,10.4796],[76.0402,10.5219],[76.055,10.5267],[76.0687,10.5095],[76.0616,10.5272],[76.067,10.5298],[76.0657,10.5353],[76.0531,10.541],[76.0477,10.5672],[76.0414,10.5656],[76.0376,10.5578],[76.0483,10.533],[76.0355,10.5285],[76.0386,10.5054],[76.0329,10.5067],[76.0106,10.572],[75.9352,10.729],[75.9247,10.7653],[75.9017,10.8025],[75.8521,11.0536],[75.8293,11.1242],[75.8102,11.1542],[75.8119,11.1595],[75.8238,11.1591],[75.8231,11.168],[75.8148,11.1721],[75.8069,11.167],[75.801,11.1721],[75.7674,11.2701],[75.7484,11.3168],[75.7395,11.3279],[75.7396,11.3571],[75.7286,11.3683],[75.7001,11.4234],[75.6767,11.4503],[75.6538,11.4617],[75.6332,11.4621],[75.6207,11.4773],[75.5737,11.6126],[75.537,11.6927],[75.543,11.6986],[75.5423,11.7071],[75.5367,11.7097],[75.5291,11.7053],[75.5365,11.693],[75.5409,11.6961],[75.5442,11.7035],[75.5402,11.7093],[75.5291,11.7053],[75.5112,11.7283],[75.4813,11.7517],[75.4737,11.7685],[75.4581,11.7659],[75.4615,11.7731],[75.4574,11.7802],[75.4283,11.807],[75.4102,11.8346],[75.388,11.8578],[75.3772,11.8596],[75.3659,11.8512],[75.3578,11.8545],[75.3562,11.8663],[75.3494,11.8753],[75.3317,11.8943],[75.3208,11.8991],[75.3239,11.9083],[75.311,11.9297],[75.3094,11.9413],[75.3228,11.9407],[75.3424,11.9267],[75.3506,11.9296],[75.3378,11.9451],[75.3233,11.9531],[75.3186,11.9733],[75.3146,11.9766],[75.3101,11.9673],[75.3067,11.9688],[75.2931,11.9892],[75.2883,11.9896],[75.3012,11.9556],[75.2961,11.9525],[75.2758,11.9731],[75.2493,12.0161],[75.2361,12.0234],[75.2075,12.0017],[75.2039,12.0041],[75.1992,12.0253],[75.1595,12.1134],[75.0904,12.2889],[75.0454,12.3842],[75.002,12.4477],[74.9905,12.4918],[74.9835,12.4853],[74.9798,12.4903],[74.9165,12.6479],[74.863,12.7583],[74.8597,12.7733],[74.8481,12.788],[74.8284,12.8313],[74.8071,12.8947],[74.7816,13.0543],[74.7707,13.0776],[74.773,13.0815],[74.7819,13.0581],[74.7793,13.0914],[74.79,13.1023],[74.7778,13.1027],[74.7735,13.0876],[74.7673,13.0888],[74.7517,13.176],[74.7387,13.2038],[74.7285,13.2519],[74.7161,13.2808],[74.7099,13.3189],[74.7006,13.338],[74.703,13.3443],[74.7192,13.3123],[74.7204,13.2882],[74.725,13.2857],[74.7247,13.3209],[74.7143,13.3406],[74.696,13.3521],[74.6946,13.3576],[74.6942,13.3977],[74.6859,13.4417],[74.6882,13.4539],[74.6997,13.4155],[74.7109,13.4028],[74.7145,13.406],[74.7329,13.4025],[74.743,13.387],[74.7455,13.3926],[74.739,13.4133],[74.7142,13.4197],[74.7052,13.4334],[74.7168,13.4407],[74.7224,13.4586],[74.7457,13.454],[74.7507,13.4585],[74.7394,13.4647],[74.7395,13.4729],[74.7319,13.4755],[74.7161,13.4672],[74.705,13.4424],[74.7009,13.445],[74.6954,13.4813],[74.6958,13.4646],[74.6894,13.463],[74.672,13.5998],[74.6637,13.631],[74.6733,13.6301],[74.6811,13.6074],[74.6847,13.6223],[74.6811,13.635],[74.6855,13.6384],[74.6962,13.6383],[74.6955,13.6193],[74.7088,13.6148],[74.7149,13.6212],[74.7236,13.6215],[74.7044,13.6385],[74.7558,13.6331],[74.7602,13.6385],[74.7407,13.6477],[74.7142,13.6485],[74.7019,13.6536],[74.6998,13.6602],[74.7073,13.6723],[74.6956,13.6668],[74.6795,13.6776],[74.6917,13.6887],[74.7133,13.6967],[74.6994,13.6962],[74.6892,13.7024],[74.6845,13.6993],[74.6682,13.7138],[74.6778,13.691],[74.6712,13.6782],[74.6657,13.6389],[74.6453,13.673],[74.6396,13.7134],[74.6325,13.729],[74.6273,13.7823],[74.6065,13.8586],[74.6239,13.8479],[74.6264,13.8589],[74.6174,13.8651],[74.6119,13.8634],[74.5984,13.8785],[74.5871,13.9205],[74.5716,13.9446],[74.5376,13.9601],[74.5403,13.9717],[74.5301,13.9736],[74.5158,13.9895],[74.506,14.0255],[74.5244,14.0248],[74.5236,14.0339],[74.5132,14.0355],[74.5051,14.0515],[74.5079,14.0309],[74.5011,14.0411],[74.4971,14.0683],[74.4834,14.0997],[74.4836,14.1242],[74.4746,14.1693],[74.465,14.1982],[74.455,14.2042],[74.4488,14.2155],[74.4327,14.2662],[74.4492,14.2595],[74.4583,14.2487],[74.4702,14.2557],[74.498,14.2434],[74.5271,14.2398],[74.491,14.2636],[74.4883,14.2778],[74.4723,14.2837],[74.4688,14.2919],[74.4607,14.2836],[74.4436,14.2811],[74.426,14.305],[74.4314,14.273],[74.4256,14.281],[74.4141,14.3119],[74.4035,14.3675],[74.405,14.3817],[74.3974,14.4083],[74.403,14.419],[74.3853,14.4238],[74.3755,14.4642],[74.3618,14.4872],[74.3567,14.5106],[74.37,14.5229],[74.3781,14.5147],[74.3731,14.4973],[74.3803,14.4873],[74.3751,14.4821],[74.3872,14.451],[74.4082,14.4485],[74.4119,14.4709],[74.4221,14.4726],[74.4415,14.4566],[74.4362,14.4716],[74.4157,14.4813],[74.401,14.4959],[74.3766,14.533],[74.3776,14.5405],[74.3691,14.5429],[74.3676,14.5592],[74.3523,14.536],[74.3517,14.524],[74.341,14.5166],[74.3308,14.5142],[74.3087,14.5202],[74.3131,14.5304],[74.3081,14.5368],[74.3143,14.5512],[74.2946,14.5919],[74.3293,14.6034],[74.3663,14.5918],[74.3841,14.5923],[74.4124,14.6074],[74.4296,14.6246],[74.4193,14.6234],[74.3914,14.6038],[74.3637,14.5982],[74.3477,14.6087],[74.3208,14.6105],[74.3169,14.6157],[74.3055,14.6013],[74.2847,14.6085],[74.2718,14.627],[74.2809,14.6289],[74.2847,14.6364],[74.2801,14.6571],[74.2856,14.663],[74.275,14.6652],[74.2795,14.6731],[74.2759,14.6888],[74.2556,14.7073],[74.2652,14.7172],[74.2465,14.7395],[74.2366,14.7473],[74.228,14.7469],[74.224,14.7447],[74.2242,14.7351],[74.2039,14.7328],[74.2067,14.7206],[74.2002,14.7202],[74.1797,14.7455],[74.1669,14.7521],[74.1772,14.7667],[74.1626,14.765],[74.1572,14.747],[74.1437,14.7745],[74.1321,14.7782],[74.1221,14.7739],[74.1194,14.7832],[74.1094,14.7845],[74.1074,14.7928],[74.095,14.7977],[74.0952,14.8031],[74.1146,14.7989],[74.1205,14.802],[74.1263,14.8344],[74.162,14.8381],[74.1568,14.8128],[74.1699,14.8245],[74.1706,14.8406],[74.1789,14.8451],[74.1762,14.8551],[74.1917,14.8636],[74.2158,14.8684],[74.2313,14.8597],[74.2501,14.8713],[74.2488,14.876],[74.2342,14.8716],[74.2087,14.8758],[74.2101,14.8889],[74.1914,14.8797],[74.1791,14.8811],[74.1748,14.8703],[74.1667,14.873],[74.1622,14.8624],[74.1425,14.8571],[74.1375,14.8458],[74.1242,14.8473],[74.121,14.8384],[74.1125,14.8458],[74.1062,14.868],[74.0965,14.8801],[74.0978,14.8923],[74.088,14.896],[74.0782,14.9072],[74.0643,14.9057],[74.0423,14.9151],[74.0423,14.9468],[74.0546,14.9623],[74.0441,14.9654],[74.0373,14.9786],[74.0457,14.9871],[74.0175,15.0079],[74.0026,15.0099],[73.984,15.0258],[73.9874,15.0398],[73.9816,15.0462],[73.9835,15.0552],[73.9715,15.0548],[73.9637,15.0687],[73.9343,15.0775],[73.9276,15.0855],[73.9136,15.0846],[73.9226,15.0954],[73.916,15.107],[73.9357,15.1144],[73.9398,15.1198],[73.9393,15.1334],[73.9583,15.1444],[73.9546,15.1707],[73.9601,15.1765],[73.9591,15.185],[73.9473,15.1725],[73.9525,15.1498],[73.9471,15.1451],[73.9016,15.3083],[73.8841,15.3545],[73.8701,15.3695],[73.8431,15.3602],[73.8095,15.38],[73.804,15.3934],[73.7907,15.3984],[73.7841,15.408],[73.7888,15.4123],[73.8129,15.399],[73.8189,15.4121],[73.8287,15.4039],[73.8429,15.4106],[73.8464,15.4004],[73.8636,15.4074],[73.8784,15.3991],[73.9003,15.4078],[73.9165,15.403],[73.9408,15.4092],[73.9263,15.4156],[73.9361,15.4361],[73.9112,15.4241],[73.9083,15.4168],[73.8978,15.4176],[73.8807,15.4287],[73.8645,15.4322],[73.8478,15.4518],[73.8401,15.4485],[73.7856,15.4616],[73.7922,15.4668],[73.8068,15.4631],[73.8073,15.4826],[73.8226,15.4975],[73.8328,15.4999],[73.8338,15.5051],[73.8157,15.5073],[73.8056,15.4937],[73.7879,15.4988],[73.7777,15.4905],[73.7672,15.4946],[73.7554,15.5447],[73.7304,15.5984],[73.7455,15.6047],[73.7523,15.6113],[73.7521,15.6258],[73.7665,15.6327],[73.7594,15.6367],[73.7471,15.6325],[73.7322,15.6148],[73.7165,15.644],[73.7156,15.6606],[73.6909,15.7062],[73.6895,15.7173],[73.6997,15.7215],[73.6757,15.728],[73.6729,15.7368],[73.659,15.749],[73.6889,15.7546],[73.6664,15.7647],[73.6564,15.7978],[73.6422,15.8187],[73.6332,15.8511],[73.6289,15.8558],[73.6177,15.8534],[73.6117,15.8757],[73.5895,15.9102],[73.5746,15.9129],[73.5454,15.9358],[73.5373,15.9373],[73.53,15.9319],[73.5076,15.9434],[73.5092,15.9622],[73.4999,15.9624],[73.4988,15.9697],[73.4876,15.9749],[73.4945,16.0047],[73.4865,16.0376],[73.4586,16.0571],[73.4579,16.0647],[73.4685,16.0678],[73.4683,16.09],[73.4741,16.096],[73.4687,16.1169],[73.4724,16.1586],[73.4648,16.1539],[73.4608,16.1374],[73.4615,16.1103],[73.4417,16.1964],[73.4322,16.2014],[73.4117,16.2812],[73.3944,16.3098],[73.3944,16.3266],[73.3863,16.3355],[73.3905,16.3561],[73.4051,16.3536],[73.4205,16.3648],[73.4078,16.3598],[73.3946,16.3664],[73.3816,16.3576],[73.3726,16.3629],[73.372,16.3787],[73.3745,16.3852],[73.4017,16.3898],[73.414,16.4028],[73.4441,16.4063],[73.4695,16.4151],[73.4122,16.411],[73.4021,16.3996],[73.3892,16.401],[73.378,16.3921],[73.3698,16.3938],[73.3469,16.4539],[73.3444,16.475],[73.3343,16.4785],[73.3275,16.51],[73.3192,16.5128],[73.3142,16.5327],[73.323,16.5529],[73.3411,16.5606],[73.346,16.5676],[73.3442,16.5746],[73.326,16.5828],[73.32,16.5995],[73.3242,16.6034],[73.355,16.591],[73.3544,16.5971],[73.3437,16.6019],[73.3434,16.6098],[73.3547,16.6089],[73.3678,16.6247],[73.3788,16.6111],[73.3791,16.5943],[73.4031,16.5864],[73.3854,16.5987],[73.3898,16.6122],[73.399,16.6151],[73.3924,16.6267],[73.37,16.6362],[73.344,16.6161],[73.3355,16.6192],[73.3419,16.6315],[73.3242,16.6357],[73.3321,16.6478],[73.3286,16.6783],[73.3427,16.6804],[73.3454,16.6906],[73.3397,16.6864],[73.3225,16.6909],[73.3044,16.7428],[73.3036,16.7634],[73.3176,16.7971],[73.3148,16.8046],[73.3054,16.8102],[73.2935,16.8343],[73.2928,16.8832],[73.3019,16.8884],[73.3154,16.888],[73.3063,16.8948],[73.2824,16.8931],[73.2898,16.926],[73.2848,16.9483],[73.2905,16.9544],[73.2947,16.9749],[73.3078,16.9568],[73.3287,16.9503],[73.3321,16.95],[73.3337,16.9679],[73.3199,16.9618],[73.3133,16.9653],[73.3134,16.9797],[73.3073,16.9733],[73.305,16.9803],[73.2834,16.991],[73.2727,16.985],[73.272,16.9935],[73.2842,17.0023],[73.2827,17.0111],[73.2754,17.0225],[73.2606,17.018],[73.2581,17.0473],[73.265,17.049],[73.2805,17.0397],[73.2941,17.0557],[73.2917,17.0705],[73.3023,17.0676],[73.3124,17.0768],[73.2929,17.0801],[73.2825,17.1113],[73.2714,17.1143],[73.2694,17.1464],[73.2775,17.1553],[73.2669,17.1576],[73.2586,17.1821],[73.2391,17.1942],[73.2389,17.2001],[73.2495,17.2003],[73.249,17.2197],[73.2378,17.2293],[73.2197,17.2751],[73.2156,17.2786],[73.2075,17.2735],[73.2015,17.2931],[73.1899,17.2994],[73.1968,17.3061],[73.2318,17.2984],[73.246,17.3171],[73.2237,17.3269],[73.2237,17.3312],[73.2311,17.3345],[73.2207,17.3463],[73.2263,17.3561],[73.2175,17.3607],[73.2191,17.3714],[73.2123,17.3722],[73.2121,17.3803],[73.2059,17.3875],[73.1972,17.39],[73.188,17.3837],[73.1778,17.389],[73.1686,17.4037],[73.1876,17.4113],[73.1902,17.4317],[73.2045,17.4394],[73.1885,17.4464],[73.1875,17.4532],[73.1935,17.4562],[73.1946,17.4639],[73.1826,17.5103],[73.1531,17.5387],[73.1413,17.5566],[73.1429,17.5661],[73.1561,17.5735],[73.1601,17.5908],[73.145,17.6037],[73.1305,17.6398],[73.1386,17.6415],[73.1381,17.6451],[73.1213,17.6724],[73.117,17.6895],[73.121,17.6968],[73.1373,17.7052],[73.1381,17.7186],[73.0977,17.8083],[73.0933,17.8345],[73.1302,17.8313],[73.1021,17.8446],[73.0921,17.8387],[73.0759,17.8778],[73.0803,17.8944],[73.0753,17.8956],[73.067,17.8876],[73.056,17.8934],[73.0553,17.9181],[73.0336,17.9365],[73.0281,17.9868],[73.02,17.9913],[73.0068,18.0218],[73.0158,18.0254],[73.0246,18.0215],[73.0304,18.0343],[73.0466,18.0439],[73.0363,18.0475],[73.0176,18.0302],[73.0118,18.0317],[73.0093,18.0488],[72.9923,18.0496],[72.9925,18.0593],[72.9984,18.0626],[73.0016,18.0737],[72.9708,18.1292],[72.9806,18.1344],[72.9858,18.1578],[72.9762,18.1992],[72.9503,18.2187],[72.9376,18.2108],[72.9321,18.2141],[72.9416,18.2362],[72.9327,18.2807],[72.9472,18.2849],[72.9625,18.3162],[72.9515,18.3351],[72.9134,18.3593],[72.9135,18.3677],[72.9256,18.3712],[72.9261,18.3838],[72.9108,18.3943],[72.9029,18.4389],[72.8921,18.4593],[72.8998,18.4673],[72.9025,18.4959],[72.9097,18.501],[72.9041,18.5357],[72.9237,18.5302],[72.9333,18.5344],[72.9314,18.5414],[72.9214,18.5482],[72.9023,18.5872],[72.8677,18.6204],[72.8617,18.6394],[72.8624,18.6782],[72.8525,18.6992],[72.866,18.7567],[72.86,18.7823],[72.8649,18.8043],[72.8075,18.8958],[72.8062,18.9087],[72.822,18.9343],[72.8223,18.9431],[72.8128,18.9515],[72.7941,18.938],[72.7876,18.9395],[72.8079,18.9801],[72.8133,19.0144],[72.8202,19.0187],[72.8169,19.0644],[72.8225,19.0808],[72.8217,19.1089],[72.8271,19.112],[72.8258,19.1245],[72.8177,19.1225],[72.8067,19.1374],[72.7998,19.1375],[72.7952,19.1246],[72.7836,19.1252],[72.7877,19.1454],[72.78,19.1563],[72.7917,19.1685],[72.7946,19.1828],[72.7942,19.1906],[72.7842,19.1946],[72.779,19.2161],[72.7813,19.2677],[72.7844,19.2999],[72.7939,19.3041],[72.8001,19.3303],[72.7552,19.3784],[72.7587,19.3891],[72.7558,19.417],[72.7458,19.464],[72.7487,19.4859],[72.7303,19.5001],[72.728,19.5201],[72.7154,19.5346],[72.7096,19.5531],[72.7212,19.6165],[72.699,19.6407],[72.6947,19.6679],[72.6978,19.68],[72.7124,19.685],[72.7139,19.6934],[72.6955,19.7169],[72.6761,19.714],[72.6777,19.746],[72.6712,19.7514],[72.6709,19.7619],[72.6868,19.7736],[72.6857,19.7927],[72.7135,19.8017],[72.7227,19.8191],[72.7197,19.8219],[72.7097,19.8181],[72.6994,19.81],[72.687,19.8113],[72.6825,19.8047],[72.6651,19.8217],[72.6605,19.8097],[72.655,19.8121],[72.6444,19.839],[72.6444,19.869],[72.6505,19.8693],[72.6559,19.8605],[72.667,19.8637],[72.6728,19.8733],[72.6633,19.9178],[72.6504,19.9424],[72.6689,19.9426],[72.6806,19.9501],[72.6843,19.9604],[72.6991,19.9619],[72.708,19.9684],[72.7112,19.9544],[72.7239,19.9515],[72.7201,19.9426],[72.7283,19.9245],[72.7381,19.9213],[72.7348,19.9097],[72.7398,19.9061],[72.7472,19.9132],[72.7515,19.9094],[72.7537,19.8824],[72.7625,19.8944],[72.7726,19.8973],[72.7658,19.9038],[72.7707,19.9072],[72.7623,19.9297],[72.7633,19.9365],[72.7705,19.9389],[72.7693,19.9465],[72.7657,19.9503],[72.7561,19.9479],[72.7533,19.954],[72.7688,19.9589],[72.7619,19.9786],[72.7525,19.9814],[72.7442,19.972],[72.7376,19.9787],[72.731,19.9757],[72.7279,19.9835],[72.7195,19.979],[72.7201,19.9995],[72.7149,20.0164],[72.7249,20.0363],[72.7215,20.0417],[72.7118,20.0367],[72.7042,20.081],[72.7208,20.1028],[72.7293,20.1368],[72.7375,20.1902],[72.7563,20.2104],[72.7694,20.2125],[72.7679,20.217],[72.7608,20.217],[72.7449,20.2112],[72.7384,20.235],[72.7378,20.2462],[72.7603,20.3127],[72.7598,20.3347],[72.7765,20.3577],[72.802,20.3742],[72.815,20.409],[72.8248,20.414],[72.8195,20.4304],[72.8218,20.4423],[72.8446,20.4746],[72.873,20.5064],[72.8707,20.5356],[72.8858,20.5715],[72.8827,20.6102],[72.8437,20.7367],[72.8356,20.7494],[72.8376,20.7607],[72.8183,20.8031],[72.8123,20.837],[72.7829,20.8998],[72.7831,20.9313],[72.802,20.9356],[72.8248,20.9499],[72.8396,20.944],[72.8458,20.9475],[72.8289,20.9557],[72.807,20.9535],[72.7742,20.936],[72.7709,20.9177],[72.7561,20.9306],[72.7375,20.974],[72.722,21.04],[72.7262,21.0526],[72.7551,21.0519],[72.7287,21.0662],[72.6998,21.0608],[72.6939,21.0651],[72.7063,21.0775],[72.7001,21.101],[72.7054,21.1074],[72.7065,21.1274],[72.7207,21.1432],[72.6849,21.1576],[72.6707,21.1574],[72.6604,21.1426],[72.659,21.0879],[72.6526,21.0782],[72.6326,21.0812],[72.6246,21.0918],[72.6268,21.1024],[72.6229,21.1132],[72.6274,21.1199],[72.6235,21.1199],[72.6251,21.1396],[72.6212,21.1418],[72.6176,21.1635],[72.6185,21.206],[72.624,21.2121],[72.6201,21.2129],[72.6185,21.2226],[72.6304,21.2243],[72.6393,21.2171],[72.6468,21.2174],[72.6524,21.2201],[72.6532,21.2268],[72.6465,21.2196],[72.6221,21.2335],[72.6096,21.2299],[72.5971,21.2501],[72.5965,21.2718],[72.6049,21.2774],[72.5874,21.2757],[72.5893,21.2824],[72.5985,21.2799],[72.5888,21.2846],[72.5879,21.2913],[72.5932,21.3121],[72.6088,21.3263],[72.6226,21.346],[72.6235,21.3549],[72.6354,21.3624],[72.6346,21.3699],[72.639,21.3743],[72.6479,21.3724],[72.6435,21.3585],[72.6493,21.3674],[72.6474,21.3757],[72.6396,21.376],[72.6313,21.3651],[72.6232,21.3651],[72.6254,21.3815],[72.651,21.4063],[72.6649,21.4274],[72.6801,21.4338],[72.6968,21.4646],[72.6901,21.4632],[72.6818,21.4488],[72.6693,21.4471],[72.6451,21.4338],[72.6432,21.4413],[72.6579,21.4707],[72.6582,21.471],[72.6579,21.471],[72.6579,21.4707],[72.6651,21.4788],[72.6718,21.5129],[72.6821,21.516],[72.6713,21.5146],[72.6713,21.5148],[72.6714,21.5151],[72.6712,21.5151],[72.6712,21.5149],[72.671,21.5149],[72.671,21.5146],[72.6713,21.5146],[72.6747,21.5213],[72.6746,21.5211],[72.6746,21.5213],[72.6747,21.5213],[72.6865,21.5285],[72.7057,21.5279],[72.7329,21.5365],[72.7407,21.5418],[72.7424,21.5501],[72.7349,21.5562],[72.7332,21.5521],[72.7401,21.5499],[72.7371,21.5404],[72.706,21.5321],[72.6912,21.5349],[72.6832,21.5429],[72.661,21.5274],[72.6416,21.5263],[72.6444,21.5337],[72.6307,21.539],[72.6142,21.5546],[72.6079,21.583],[72.6207,21.5963],[72.6282,21.6168],[72.6351,21.6204],[72.6479,21.6171],[72.6579,21.6276],[72.6751,21.629],[72.701,21.6518],[72.7232,21.6388],[72.7474,21.6424],[72.7521,21.6501],[72.7874,21.6451],[72.809,21.6518],[72.8351,21.6679],[72.8324,21.6732],[72.7982,21.6615],[72.7799,21.6632],[72.7618,21.6693],[72.7451,21.6871],[72.7363,21.6896],[72.7112,21.6785],[72.6696,21.6832],[72.656,21.6771],[72.6004,21.6815],[72.5654,21.6646],[72.5626,21.6588],[72.5474,21.6585],[72.524,21.6801],[72.5179,21.7146],[72.5215,21.7065],[72.5218,21.7162],[72.5404,21.7357],[72.5429,21.7615],[72.5565,21.8021],[72.5711,21.8235],[72.5838,21.8311],[72.6167,21.8681],[72.6228,21.8875],[72.6215,21.9001],[72.6287,21.9091],[72.6231,21.9222],[72.6211,21.918],[72.6144,21.9209],[72.6084,21.9324],[72.6368,21.9542],[72.6255,21.953],[72.5885,21.9229],[72.5872,21.9002],[72.5795,21.8844],[72.5452,21.8774],[72.5166,21.8795],[72.5168,21.8893],[72.5076,21.8979],[72.5049,21.9096],[72.5049,21.981],[72.5474,22.1499],[72.569,22.1879],[72.6013,22.2135],[72.6149,22.2176],[72.6485,22.2168],[72.7001,22.1843],[72.7149,22.1851],[72.754,22.1732],[72.7624,22.1779],[72.7929,22.2293],[72.8087,22.246],[72.8174,22.2479],[72.8263,22.2407],[72.8493,22.236],[72.8629,22.226],[72.8779,22.2238],[72.8863,22.2307],[72.901,22.2329],[72.9104,22.2432],[72.9196,22.2607],[72.9187,22.2726],[72.9132,22.2765],[72.9096,22.2593],[72.8993,22.2482],[72.8835,22.2424],[72.8668,22.2426],[72.8596,22.2524],[72.8526,22.2818],[72.8437,22.2824],[72.7632,22.2332],[72.7521,22.231],[72.6879,22.2385],[72.6588,22.2688],[72.6563,22.279],[72.6354,22.2846],[72.596,22.2735],[72.5599,22.246],[72.5615,22.2576],[72.5574,22.2593],[72.5413,22.2432],[72.5418,22.2488],[72.5332,22.2463],[72.5376,22.2504],[72.5335,22.2527],[72.541,22.2571],[72.5349,22.2604],[72.5374,22.2738],[72.5538,22.2782],[72.5426,22.281],[72.526,22.2693],[72.524,22.2449],[72.5057,22.229],[72.504,22.2204],[72.486,22.1974],[72.4737,22.2013],[72.4851,22.2226],[72.4788,22.2285],[72.4913,22.2301],[72.4926,22.2371],[72.4776,22.2351],[72.4924,22.2388],[72.4929,22.2482],[72.4707,22.2388],[72.4351,22.3013],[72.406,22.3101],[72.3974,22.3071],[72.3887,22.3104],[72.4054,22.3335],[72.4124,22.3585],[72.399,22.3687],[72.3938,22.3826],[72.3762,22.3851],[72.361,22.3715],[72.3824,22.3754],[72.4043,22.3515],[72.379,22.336],[72.3732,22.3126],[72.3832,22.2999],[72.4138,22.2976],[72.4165,22.2274],[72.4115,22.2271],[72.4112,22.2157],[72.4054,22.2138],[72.3996,22.1993],[72.3926,22.2132],[72.3774,22.2263],[72.3757,22.236],[72.3835,22.2457],[72.3799,22.2574],[72.3562,22.2712],[72.3568,22.2632],[72.3632,22.2604],[72.371,22.2451],[72.3601,22.2251],[72.3621,22.2051],[72.3865,22.189],[72.3915,22.1679],[72.3865,22.1724],[72.3871,22.1599],[72.384,22.156],[72.3774,22.1585],[72.376,22.1499],[72.3721,22.1718],[72.359,22.1726],[72.3637,22.189],[72.3576,22.1929],[72.3596,22.186],[72.3518,22.1821],[72.3532,22.1646],[72.344,22.1685],[72.3538,22.1613],[72.3568,22.1501],[72.3504,22.1465],[72.3501,22.1268],[72.3435,22.1249],[72.3396,22.1388],[72.3162,22.1465],[72.3176,22.1807],[72.2999,22.1926],[72.2943,22.2024],[72.3001,22.186],[72.3126,22.1807],[72.3104,22.1446],[72.3238,22.1301],[72.3201,22.1288],[72.3232,22.1226],[72.3113,22.1115],[72.3154,22.0996],[72.2799,21.9643],[72.271,21.9676],[72.279,21.9549],[72.2785,21.9321],[72.2751,21.9299],[72.2693,21.9346],[72.2632,21.9465],[72.2615,21.981],[72.2518,21.9874],[72.2607,22.0193],[72.2451,22.0329],[72.2415,22.0496],[72.2865,22.0743],[72.2979,22.0635],[72.304,22.0721],[72.304,22.0768],[72.2952,22.0807],[72.3026,22.089],[72.3001,22.1088],[72.2865,22.0996],[72.2849,22.0926],[72.2774,22.0907],[72.2768,22.0982],[72.2654,22.1054],[72.2749,22.0974],[72.2782,22.0804],[72.2332,22.0538],[72.2299,22.0424],[72.2326,22.0176],[72.2232,22.021],[72.2165,22.0118],[72.2096,22.0104],[72.196,22.0226],[72.186,22.0196],[72.1821,22.0351],[72.1724,22.0415],[72.181,22.0332],[72.1799,22.019],[72.1971,22.0168],[72.2004,22.0043],[72.2137,21.999],[72.231,22.0076],[72.221,21.9563],[72.2087,21.9543],[72.1907,21.9424],[72.174,21.9588],[72.164,21.9599],[72.1563,21.9757],[72.1465,21.9835],[72.161,21.9618],[72.1471,21.9549],[72.1671,21.9549],[72.1901,21.9371],[72.2201,21.9479],[72.2532,21.8974],[72.2582,21.8824],[72.2549,21.8568],[72.2601,21.7843],[72.271,21.7515],[72.2646,21.7404],[72.2526,21.761],[72.2471,21.791],[72.2188,21.8018],[72.2032,21.8249],[72.1893,21.8282],[72.1829,21.8238],[72.1949,21.8271],[72.2051,21.8224],[72.2154,21.8021],[72.2412,21.7874],[72.2471,21.7512],[72.2829,21.684],[72.2854,21.6649],[72.3026,21.644],[72.306,21.6285],[72.269,21.5738],[72.254,21.5018],[72.2351,21.4565],[72.2012,21.4129],[72.1765,21.3965],[72.1668,21.3765],[72.1215,21.3254],[72.109,21.3015],[72.109,21.2829],[72.1018,21.2779],[72.0929,21.2874],[72.0982,21.264],[72.0813,21.2485],[72.091,21.2265],[72.1124,21.2226],[72.1051,21.2154],[72.1143,21.2118],[72.1104,21.2054],[72.1154,21.2021],[72.1137,21.1965],[72.0871,21.1904],[72.0749,21.1793],[72.064,21.1774],[72.0629,21.1726],[72.0557,21.174],[72.0465,21.159],[72.0415,21.1626],[72.0182,21.1543],[72.0099,21.1457],[72.0082,21.1326],[72.0071,21.1376],[72.0024,21.1371],[72.0037,21.1415],[71.9899,21.1415],[71.9785,21.1354],[71.9857,21.1332],[71.974,21.129],[71.9768,21.121],[71.9643,21.1204],[71.9665,21.1232],[71.9601,21.1246],[71.9262,21.111],[71.8993,21.1093],[71.879,21.0896],[71.8696,21.0901],[71.8493,21.0765],[71.8426,21.0779],[71.8238,21.0682],[71.8199,21.0721],[71.8021,21.0629],[71.7963,21.0532],[71.8068,21.0379],[71.7918,21.0357],[71.7913,21.0396],[71.7782,21.0399],[71.7854,21.0315],[71.7651,21.0263],[71.7607,21.0201],[71.7526,21.0229],[71.7387,21.0174],[71.7357,21.0207],[71.7293,21.0135],[71.7274,21.0212],[71.7151,21.0204],[71.6821,21.0043],[71.6796,20.9974],[71.6638,20.9993],[71.6465,20.9949],[71.6385,20.9899],[71.6382,20.9751],[71.6279,20.9693],[71.616,20.9685],[71.6123,20.9727],[71.6068,20.9649],[71.5974,20.9674],[71.5926,20.9607],[71.5651,20.9496],[71.5457,20.9507],[71.534,20.9432],[71.5149,20.9482],[71.5065,20.9318],[71.516,20.9224],[71.5082,20.9162],[71.4882,20.9149],[71.4851,20.9107],[71.4951,20.9076],[71.4824,20.9063],[71.4771,20.8899],[71.4626,20.881],[71.4485,20.8815],[71.4396,20.8693],[71.4046,20.8685],[71.3868,20.8635],[71.389,20.874],[71.3779,20.874],[71.3757,20.8707],[71.3818,20.8599],[71.3879,20.8604],[71.3846,20.8571],[71.3226,20.8463],[71.2963,20.8354],[71.2918,20.8288],[71.2801,20.8282],[71.2579,20.8157],[71.2388,20.8115],[71.2326,20.804],[71.209,20.8021],[71.2021,20.7885],[71.1557,20.7785],[71.1432,20.7642],[71.1504,20.7718],[71.149,20.7635],[71.1568,20.7613],[71.1456,20.7571],[71.086,20.7563],[71.0776,20.7501],[71.0815,20.7385],[71.0738,20.7354],[71.0457,20.731],[71.0429,20.7354],[71.0132,20.7396],[71.0053,20.7466],[70.9838,20.7257],[70.9876,20.7221],[70.994,20.7324],[71.011,20.7399],[71.0053,20.7466],[70.9913,20.7315],[70.999,20.7424],[70.9913,20.746],[70.939,20.7332],[70.9261,20.7378],[70.9267,20.743],[70.922,20.7444],[70.8749,20.7268],[70.8635,20.7399],[70.8632,20.7549],[70.8529,20.754],[70.8624,20.7521],[70.8574,20.7432],[70.864,20.7299],[70.8726,20.7243],[70.8679,20.7126],[70.869,20.7063],[70.874,20.7049],[70.8449,20.7074],[70.834,20.6993],[70.8382,20.6901],[70.8224,20.691],[70.7921,20.7124],[70.7585,20.7226],[70.7438,20.7199],[70.7035,20.7379],[70.6746,20.7574],[70.6735,20.7646],[70.6715,20.761],[70.6629,20.7621],[70.6663,20.7524],[70.6565,20.7601],[70.6571,20.7646],[70.6146,20.7699],[70.6074,20.7774],[70.5854,20.7815],[70.571,20.7929],[70.5621,20.7926],[70.5535,20.8035],[70.5418,20.8015],[70.5107,20.821],[70.4887,20.8282],[70.4871,20.8346],[70.4765,20.8404],[70.469,20.8382],[70.4426,20.8543],[70.439,20.8526],[70.4112,20.8776],[70.4196,20.8815],[70.4171,20.8871],[70.4168,20.8832],[70.4074,20.8824],[70.394,20.894],[70.371,20.9026],[70.3738,20.8949],[70.351,20.9104],[70.3471,20.9163],[70.3513,20.9207],[70.3471,20.9215],[70.3451,20.9157],[70.3207,20.9274],[70.2515,20.979],[70.2396,20.9926],[70.2476,21.0004],[70.2382,20.9937],[70.2404,20.9996],[70.236,20.9962],[70.2263,20.999],[70.1429,21.0685],[70.1379,21.0779],[70.1401,21.0821],[70.1462,21.0807],[70.136,21.0857],[70.1324,21.0799],[70.1049,21.1057],[70.0996,21.1046],[70.0321,21.174],[70.0382,21.1835],[70.0285,21.1788],[69.9985,21.2074],[69.7782,21.4579],[69.7876,21.4515],[69.7999,21.4521],[69.8046,21.4549],[69.801,21.4571],[69.8049,21.464],[69.7957,21.4526],[69.7851,21.4538],[69.7782,21.4629],[69.7751,21.4599],[69.7118,21.531],[69.6137,21.6276],[69.6021,21.6374],[69.591,21.6385],[69.5932,21.6293],[69.5876,21.621],[69.591,21.6354],[69.5604,21.6554],[69.4707,21.741],[69.4324,21.7674],[69.3738,21.8282],[69.3521,21.8388],[69.3238,21.861],[69.2365,21.9382],[69.1974,21.9807],[69.2015,21.9846],[69.1929,21.9837],[69.1771,21.9996],[69.0876,22.0999],[69.0551,22.1285],[68.981,22.2118],[68.969,22.2318],[68.9574,22.2377],[68.9526,22.2513],[68.9579,22.2579],[68.9435,22.2851],[68.936,22.3121],[68.9426,22.3329],[68.9551,22.3351],[68.959,22.3518],[68.9568,22.3665],[68.9846,22.4143],[69.0079,22.4399],[69.0599,22.4674],[69.0674,22.4801],[69.0793,22.4793],[69.0854,22.4724],[69.0768,22.4646],[69.0735,22.4521],[69.0671,22.4518],[69.0437,22.4326],[69.0549,22.4107],[69.0693,22.3957],[69.0915,22.3946],[69.0987,22.399],[69.0987,22.4082],[69.1026,22.4101],[69.1099,22.4101],[69.129,22.3979],[69.1307,22.4029],[69.1485,22.4026],[69.156,22.4121],[69.1699,22.4143],[69.1732,22.4182],[69.1693,22.4201],[69.1757,22.4243],[69.1829,22.421],[69.194,22.4237],[69.1935,22.4088],[69.2043,22.4018],[69.1979,22.3976],[69.1982,22.3876],[69.1788,22.3779],[69.1832,22.3729],[69.1735,22.3626],[69.1732,22.3568],[69.1779,22.3563],[69.1738,22.3507],[69.1762,22.3476],[69.1676,22.3451],[69.1682,22.3265],[69.1579,22.3129],[69.1696,22.2943],[69.2026,22.2665],[69.2326,22.2579],[69.2421,22.2649],[69.2504,22.261],[69.249,22.2671],[69.2838,22.2721],[69.2951,22.2799],[69.2924,22.2863],[69.2963,22.2835],[69.2979,22.2876],[69.3199,22.2913],[69.3249,22.2954],[69.3238,22.3035],[69.3332,22.3038],[69.3376,22.3118],[69.3307,22.3243],[69.3343,22.3304],[69.3665,22.3221],[69.3646,22.3165],[69.3832,22.3224],[69.3863,22.3185],[69.3968,22.321],[69.4026,22.316],[69.4193,22.3157],[69.4543,22.3357],[69.4674,22.3301],[69.4885,22.3379],[69.4901,22.3557],[69.499,22.366],[69.516,22.3746],[69.5238,22.3857],[69.516,22.3951],[69.5151,22.4168],[69.5032,22.4246],[69.4982,22.4357],[69.5071,22.4237],[69.5229,22.4265],[69.5329,22.419],[69.5362,22.4099],[69.5507,22.4049],[69.5532,22.3987],[69.5488,22.394],[69.556,22.3885],[69.5574,22.3754],[69.5504,22.3724],[69.5599,22.3668],[69.5618,22.3557],[69.5757,22.3685],[69.5829,22.3615],[69.5912,22.361],[69.5907,22.354],[69.5796,22.3468],[69.5788,22.3382],[69.5718,22.3343],[69.5757,22.319],[69.5729,22.3332],[69.5801,22.3376],[69.5818,22.3463],[69.5943,22.3524],[69.6021,22.3471],[69.6049,22.3513],[69.6074,22.3385],[69.609,22.3493],[69.6124,22.3404],[69.6068,22.3257],[69.6174,22.3463],[69.6179,22.3685],[69.6432,22.356],[69.6546,22.359],[69.656,22.3768],[69.664,22.3938],[69.6993,22.396],[69.6924,22.4199],[69.7021,22.4338],[69.6979,22.4429],[69.6718,22.4393],[69.6718,22.4507],[69.6749,22.4421],[69.6882,22.4443],[69.701,22.4574],[69.6999,22.4479],[69.7035,22.4471],[69.7099,22.4571],[69.7251,22.4646],[69.7224,22.4688],[69.7282,22.4738],[69.7404,22.459],[69.7401,22.449],[69.7349,22.4438],[69.7426,22.4393],[69.7446,22.4307],[69.7557,22.4262],[69.7596,22.4415],[69.7621,22.4321],[69.779,22.4126],[69.7976,22.3999],[69.811,22.4085],[69.8229,22.4274],[69.829,22.4449],[69.8209,22.4521],[69.8271,22.4582],[69.8299,22.4499],[69.8343,22.4532],[69.8346,22.4754],[69.8363,22.454],[69.8499,22.454],[69.8604,22.4468],[69.876,22.4482],[69.9004,22.4679],[69.914,22.4563],[69.9096,22.4671],[69.9132,22.4896],[69.9251,22.5054],[69.9382,22.5138],[69.9551,22.504],[69.9574,22.4954],[69.9554,22.5046],[69.959,22.5093],[69.9449,22.5149],[69.946,22.5285],[69.9735,22.5407],[69.984,22.5418],[69.9829,22.5349],[69.9857,22.5415],[69.9763,22.5432],[69.9988,22.5474],[70.004,22.5443],[70.0268,22.551],[70.0235,22.5396],[70.0335,22.5565],[70.0401,22.559],[70.039,22.5629],[70.0646,22.5468],[70.0726,22.5501],[70.0857,22.5449],[70.1218,22.5457],[70.1474,22.5535],[70.1629,22.5515],[70.1712,22.5571],[70.1882,22.5854],[70.1943,22.5829],[70.1943,22.6038],[70.2032,22.6054],[70.1951,22.6107],[70.1974,22.6168],[70.2085,22.6218],[70.2082,22.6254],[70.2115,22.6232],[70.2115,22.6299],[70.2199,22.6296],[70.2201,22.6346],[70.2138,22.634],[70.2179,22.6365],[70.2162,22.6415],[70.2193,22.6374],[70.226,22.6399],[70.2307,22.6496],[70.2351,22.6499],[70.229,22.6574],[70.234,22.6549],[70.2349,22.6599],[70.2429,22.6626],[70.2407,22.6685],[70.2468,22.6718],[70.2387,22.6782],[70.2418,22.6818],[70.2454,22.6793],[70.2532,22.6929],[70.239,22.696],[70.2385,22.7018],[70.2465,22.7115],[70.2493,22.7049],[70.2551,22.7065],[70.2535,22.7199],[70.2588,22.7265],[70.251,22.7246],[70.2557,22.729],[70.2529,22.7335],[70.2607,22.731],[70.2646,22.7382],[70.276,22.7313],[70.2888,22.746],[70.2826,22.7488],[70.2935,22.7488],[70.3012,22.7601],[70.3032,22.7576],[70.3018,22.7668],[70.3054,22.7668],[70.3004,22.7707],[70.3068,22.7801],[70.3004,22.7782],[70.3129,22.7857],[70.3093,22.796],[70.3199,22.7965],[70.3163,22.7987],[70.3185,22.8054],[70.3215,22.8079],[70.3238,22.8032],[70.324,22.8101],[70.3374,22.8246],[70.339,22.8435],[70.3537,22.8707],[70.3851,22.9099],[70.4096,22.9207],[70.4135,22.9182],[70.4126,22.9229],[70.4235,22.9326],[70.4304,22.9579],[70.4426,22.9749],[70.4376,22.9751],[70.4543,22.9851],[70.4715,23.0124],[70.4935,23.0751],[70.4846,23.0774],[70.476,23.0696],[70.4379,23.0626],[70.4013,23.0307],[70.3962,23.0254],[70.3938,23.0015],[70.3826,22.9979],[70.3946,22.9954],[70.3935,22.9632],[70.3868,22.9482],[70.3476,22.9304],[70.3101,22.9415],[70.3074,22.9513],[70.291,22.9449],[70.2793,22.9488],[70.2376,22.9796],[70.2293,22.9771],[70.2271,22.966],[70.2062,22.9801],[70.1994,22.993],[70.2007,22.9815],[70.2251,22.9601],[70.2087,22.9518],[70.1735,22.9507],[70.1618,22.9426],[70.1199,22.9646],[70.134,22.9849],[70.129,22.9921],[70.1435,23.009],[70.1413,23.0126],[70.1121,22.9715],[70.111,22.9601],[70.1265,22.9465],[70.111,22.9526],[70.1013,22.9418],[70.091,22.9526],[70.0999,22.9382],[70.1113,22.9496],[70.139,22.9413],[70.1388,22.9324],[70.1321,22.9246],[70.106,22.909],[70.0546,22.9043],[70.0326,22.8954],[70.024,22.9015],[70.0074,22.8993],[69.996,22.9029],[69.9371,22.8932],[69.934,22.8851],[69.9057,22.8663],[69.8668,22.8729],[69.8574,22.8696],[69.8621,22.8585],[69.8538,22.8682],[69.8125,22.85],[69.8016,22.8506],[69.7757,22.8304],[69.7524,22.8196],[69.7446,22.8035],[69.7468,22.7938],[69.7201,22.7624],[69.714,22.7515],[69.7162,22.7413],[69.7085,22.7388],[69.7068,22.7307],[69.7101,22.7299],[69.7051,22.7279],[69.706,22.7404],[69.6929,22.7429],[69.6735,22.7571],[69.6624,22.7568],[69.6668,22.7774],[69.6593,22.7565],[69.6432,22.7657],[69.6338,22.7954],[69.6346,22.7774],[69.6413,22.7665],[69.6296,22.7635],[69.6093,22.7671],[69.6166,22.7621],[69.6159,22.7572],[69.6014,22.7577],[69.5801,22.7623],[69.5632,22.7737],[69.5526,22.7857],[69.5551,22.7924],[69.5482,22.7794],[69.5328,22.7859],[69.4846,22.7879],[69.4976,22.7823],[69.4696,22.7737],[69.4599,22.7793],[69.446,22.7776],[69.4196,22.7993],[69.3907,22.8137],[69.3613,22.8226],[69.3521,22.8176],[69.3557,22.8288],[69.3485,22.8204],[69.3143,22.8326],[69.2668,22.824],[69.2307,22.8346],[69.2285,22.8424],[69.2232,22.836],[69.1907,22.8412],[69.1612,22.8604],[69.129,22.874],[69.0446,22.9296],[68.9704,22.9638],[68.9643,22.971],[68.9118,22.9993],[68.901,23.011],[68.9037,23.0054],[68.836,23.0435],[68.8165,23.0568],[68.8235,23.0546],[68.8143,23.0593],[68.8146,23.0674],[68.8149,23.0632],[68.8082,23.0607],[68.7593,23.0804],[68.7135,23.1185],[68.6529,23.1546],[68.6313,23.1774],[68.646,23.1674],[68.6557,23.1535],[68.6815,23.1418],[68.6668,23.1529],[68.656,23.1551],[68.639,23.1821],[68.6265,23.1857],[68.5851,23.2218],[68.5854,23.2346],[68.599,23.2404],[68.6013,23.2185],[68.609,23.221],[68.6307,23.2132],[68.6287,23.2176],[68.6399,23.2224],[68.629,23.2249],[68.624,23.2207],[68.6238,23.2263],[68.621,23.2224],[68.6188,23.2251],[68.619,23.2199],[68.6038,23.2429],[68.6307,23.2432],[68.6282,23.2471],[68.6404,23.2446],[68.6432,23.2474],[68.6393,23.2499],[68.6457,23.251],[68.6479,23.2576],[68.6718,23.2701],[68.6563,23.2721],[68.6407,23.2665],[68.6296,23.2951],[68.6843,23.3004],[68.6948,23.3099],[68.6588,23.3035],[68.6607,23.3199],[68.6679,23.3254],[68.6588,23.3229],[68.6568,23.3032],[68.6501,23.3043],[68.6446,23.3226],[68.6357,23.3165],[68.6326,23.324],[68.6376,23.3313],[68.6335,23.3293],[68.6343,23.334],[68.6246,23.339],[68.6271,23.3468],[68.6349,23.3393],[68.6371,23.3463],[68.6332,23.3521],[68.6254,23.354],[68.6229,23.3504],[68.6224,23.3571],[68.6129,23.3618],[68.6196,23.3654],[68.609,23.3704],[68.6032,23.3771],[68.606,23.381],[68.6001,23.3846],[68.5963,23.379],[68.6057,23.3635],[68.6032,23.3593],[68.581,23.3899],[68.5785,23.386],[68.5729,23.3918],[68.5682,23.3882],[68.5801,23.379],[68.5707,23.3751],[68.5571,23.3896],[68.5582,23.3957],[68.5629,23.391],[68.5646,23.4001],[68.5604,23.4193],[68.5551,23.4201],[68.5521,23.4151],[68.5437,23.4204],[68.5501,23.4232],[68.5357,23.4213],[68.5326,23.4335],[68.5379,23.4243],[68.541,23.4257],[68.516,23.4754],[68.5124,23.4679],[68.5174,23.4682],[68.5185,23.4554],[68.521,23.4593],[68.5249,23.4554],[68.5232,23.4465],[68.5154,23.4579],[68.5129,23.4529],[68.5132,23.4574],[68.5104,23.4551],[68.5024,23.4654],[68.5049,23.4676],[68.5085,23.4626],[68.5121,23.466],[68.5115,23.4738],[68.5046,23.4715],[68.5004,23.476],[68.5024,23.4918],[68.5129,23.4849],[68.519,23.489],[68.499,23.494],[68.5038,23.506],[68.5001,23.4985],[68.4918,23.501],[68.499,23.5151],[68.4946,23.5165],[68.4957,23.5249],[68.484,23.5482],[68.4974,23.5474],[68.4938,23.5493],[68.4924,23.5743],[68.4874,23.5779],[68.4865,23.596],[68.4949,23.6076],[68.489,23.6354],[68.499,23.6443],[68.4968,23.6529],[68.5007,23.6571],[68.5174,23.6607],[68.5232,23.6513],[68.5287,23.6596],[68.539,23.6624],[68.5299,23.6621],[68.524,23.6532],[68.5201,23.6546],[68.5174,23.6635],[68.5265,23.6771],[68.5249,23.6907],[68.5357,23.6893],[68.5463,23.6968],[68.5585,23.7193],[68.5713,23.7249],[68.5776,23.7201],[68.5799,23.7285],[68.5954,23.7301],[68.6035,23.7488],[68.6326,23.7579],[68.6507,23.7938],[68.6663,23.8085],[68.6754,23.811],[68.6779,23.8076],[68.6774,23.8143],[68.6874,23.8218],[68.7185,23.826],[68.7426,23.8371],[68.7432,23.8438],[68.7276,23.831],[68.7221,23.8318],[68.7371,23.8432],[68.7257,23.8463],[68.729,23.8549],[68.7468,23.8599],[68.746,23.866],[68.7613,23.8754],[68.7162,23.8574],[68.6837,23.8618],[68.6601,23.8585],[68.666,23.8521],[68.6554,23.846],[68.6482,23.8479],[68.6499,23.844],[68.6449,23.8463],[68.6468,23.8396],[68.6374,23.836],[68.6049,23.8382],[68.6001,23.8454],[68.6038,23.8501],[68.5987,23.8474],[68.6001,23.8396],[68.5882,23.8365],[68.5763,23.8235],[68.5646,23.7979],[68.5351,23.7571],[68.529,23.7554],[68.5251,23.759],[68.5263,23.7735],[68.5154,23.7854],[68.5179,23.7954],[68.531,23.8001],[68.5374,23.8151],[68.531,23.8021],[68.526,23.8021],[68.5229,23.8171],[68.5151,23.8249],[68.5343,23.8279],[68.5468,23.836],[68.5729,23.881],[68.6135,23.9032],[68.6385,23.8949],[68.6363,23.8976],[68.6632,23.9174],[68.6596,23.9218],[68.6382,23.9032],[68.6199,23.9065],[68.6224,23.9274],[68.6143,23.9226],[68.6093,23.9338],[68.596,23.9418],[68.5874,23.9407],[68.5885,23.9224],[68.5587,23.924],[68.5593,23.9318],[68.5437,23.9351],[68.5374,23.9468],[68.5477,23.9632],[68.545,23.9673],[68.7526,23.9674],[68.7696,24.2726],[68.7692,24.2848],[68.7617,24.2921],[68.8058,24.3128],[68.8172,24.3115],[68.8243,24.3168],[68.8424,24.2808],[68.842,24.2568],[68.8528,24.2168],[68.8679,24.2119],[68.8784,24.2149],[68.8846,24.2252],[68.9027,24.2746],[68.9432,24.3021],[68.9691,24.2717],[68.9821,24.2334],[69.0052,24.2232],[69.092,24.2723],[69.1928,24.2379],[69.3086,24.2807],[69.3751,24.2704],[69.4431,24.28],[69.4844,24.2678],[69.5879,24.2913],[69.595,24.2901],[69.7301,24.1718],[70.0165,24.1699],[70.0385,24.1781],[70.0656,24.1981],[70.1093,24.2946],[70.1717,24.3061],[70.2198,24.3222],[70.246,24.3246],[70.304,24.3481],[70.3724,24.3537],[70.4252,24.3801],[70.5424,24.4096],[70.5736,24.4217],[70.6,24.4082],[70.58,24.3664],[70.5599,24.3524],[70.5775,24.3038],[70.582,24.2781],[70.5761,24.2522],[70.6447,24.2246],[70.6696,24.2203],[70.722,24.2165],[70.8339,24.2288],[70.8549,24.2445],[70.879,24.2464],[70.9066,24.2615],[70.8779,24.2754],[70.874,24.2973],[70.949,24.3525],[70.9635,24.3545],[70.9879,24.3667],[71.0025,24.3529],[71.0368,24.3533],[71.0561,24.3615],[71.0781,24.3873],[71.1121,24.3965],[71.1218,24.4075],[71.1242,24.4195],[71.109,24.4368],[71.0284,24.4362],[70.9973,24.4484],[71.0053,24.5289],[70.9882,24.5476],[70.9934,24.5727],[70.9887,24.591],[70.9907,24.6055],[71.0107,24.6367],[71.0512,24.6525],[71.0978,24.6866],[71.11,24.6745],[71.0635,24.7181],[71.0144,24.8275],[70.9363,24.9413],[70.9165,25.0016],[70.8855,25.1512],[70.7576,25.2727],[70.7502,25.2828],[70.7355,25.3288],[70.6653,25.3976],[70.6795,25.5257],[70.6678,25.5322],[70.6731,25.6692],[70.658,25.7058],[70.6389,25.7152],[70.6089,25.7154],[70.5278,25.6859],[70.4511,25.683],[70.3907,25.6736],[70.2761,25.7093],[70.2631,25.7191],[70.2516,25.7528],[70.2354,25.7769],[70.1941,25.8161],[70.1688,25.8305],[70.1562,25.8553],[70.0993,25.9355],[70.0864,26.0879],[70.1475,26.1704],[70.174,26.242],[70.1657,26.3009],[70.1842,26.3754],[70.1777,26.4259],[70.1833,26.4843],[70.1733,26.5511],[70.1179,26.5884],[70.0643,26.6002],[69.8794,26.5806],[69.8044,26.5976],[69.7109,26.662],[69.5147,26.742],[69.5056,26.753],[69.4844,26.808],[69.4989,26.872],[69.5152,27.0139],[69.5897,27.1829],[69.6425,27.2232],[69.7051,27.2852],[69.7639,27.3247],[69.7904,27.3502],[69.8717,27.4092],[69.8972,27.4384],[69.9408,27.5025],[69.9778,27.5323],[70.0246,27.5613],[70.0751,27.6642],[70.1347,27.807],[70.2249,27.8984],[70.3103,27.9489],[70.3718,28.0108],[70.4424,28.0216],[70.4967,28.0366],[70.5475,28.0294],[70.5925,28.0096],[70.6192,27.9771],[70.677,27.9239],[70.6874,27.8282],[70.7446,27.7431],[70.7679,27.7249],[70.8172,27.7144],[70.8825,27.7082],[70.9053,27.7104],[71.0329,27.7665],[71.1731,27.8206],[71.2726,27.8502],[71.4098,27.8735],[71.6589,27.8756],[71.8987,27.9632],[71.9134,28.032],[71.9139,28.0539],[71.935,28.1327],[71.9991,28.2141],[72.1287,28.3088],[72.2052,28.3904],[72.3021,28.6734],[72.3889,28.7688],[72.407,28.7827],[72.4509,28.7978],[72.5244,28.833],[72.7164,28.9389],[72.9474,29.0304],[72.9988,29.1427],[73.0957,29.2521],[73.1982,29.4314],[73.2787,29.5597],[73.3997,29.9407],[73.4837,29.977],[73.62,30.0246],[73.7963,30.0681],[73.847,30.1104],[73.933,30.1694],[73.9675,30.1872],[73.9759,30.1964],[73.9703,30.1446],[73.9777,30.1857],[73.9676,30.2632],[73.9441,30.3046],[73.9184,30.3384],[73.9071,30.3508],[73.8854,30.3626],[73.9649,30.4217],[73.9721,30.4335],[73.9689,30.443],[73.9306,30.439],[73.9395,30.4497],[73.9352,30.4894],[73.9409,30.4917],[73.9477,30.4861],[73.95,30.4619],[73.9594,30.4594],[73.9674,30.4631],[73.9701,30.4869],[73.9887,30.5104],[74.0204,30.5133],[74.0109,30.5223],[74.0127,30.532],[74.0355,30.5312],[74.049,30.5409],[74.0561,30.5224],[74.0676,30.5207],[74.0775,30.5266],[74.0915,30.5422],[74.0929,30.5504],[74.0786,30.5523],[74.0783,30.5564],[74.1032,30.5768],[74.105,30.6073],[74.1016,30.6143],[74.109,30.617],[74.1201,30.6074],[74.129,30.6336],[74.1405,30.6294],[74.1509,30.6326],[74.1862,30.6636],[74.1993,30.6686],[74.2206,30.6924],[74.233,30.7232],[74.2625,30.7244],[74.2734,30.7326],[74.287,30.7353],[74.2878,30.7405],[74.2776,30.7481],[74.276,30.7583],[74.2657,30.766],[74.2641,30.7732],[74.2717,30.7771],[74.2832,30.773],[74.3085,30.7839],[74.308,30.7936],[74.2969,30.8008],[74.3189,30.8223],[74.3275,30.8488],[74.354,30.8556],[74.3627,30.8491],[74.3713,30.8604],[74.3846,30.8627],[74.3855,30.8661],[74.3717,30.8708],[74.3642,30.8788],[74.3723,30.8949],[74.3902,30.8997],[74.408,30.9124],[74.4268,30.9122],[74.4281,30.9183],[74.4134,30.9265],[74.4289,30.9271],[74.4209,30.9357],[74.4251,30.9429],[74.4479,30.9538],[74.4605,30.9529],[74.4609,30.9588],[74.4694,30.962],[74.4597,30.9697],[74.4926,30.9771],[74.5067,30.9664],[74.5261,30.9857],[74.5484,30.993],[74.5504,30.9982],[74.5437,31.0135],[74.5499,31.0325],[74.5648,31.0461],[74.5656,31.0542],[74.5918,31.0583],[74.5997,31.0436],[74.606,31.0413],[74.6456,31.0535],[74.6681,31.0551],[74.6903,31.0673],[74.6972,31.077],[74.6964,31.0869],[74.7066,31.096],[74.7021,31.1177],[74.6943,31.1208],[74.6896,31.1312],[74.6712,31.1281],[74.6633,31.1355],[74.6434,31.122],[74.6371,31.1233],[74.6384,31.1371],[74.6337,31.1378],[74.6045,31.1342],[74.6127,31.1096],[74.6049,31.0882],[74.5975,31.096],[74.5779,31.0852],[74.564,31.0865],[74.5584,31.0895],[74.5555,31.1227],[74.5484,31.126],[74.5386,31.1234],[74.5353,31.1306],[74.5167,31.1396],[74.5134,31.1827],[74.5217,31.1882],[74.5205,31.1986],[74.5268,31.2105],[74.5236,31.2325],[74.5345,31.2487],[74.5235,31.2736],[74.5446,31.3043],[74.5305,31.3113],[74.5304,31.3163],[74.541,31.3217],[74.5414,31.3319],[74.5528,31.335],[74.5481,31.3469],[74.5535,31.3669],[74.588,31.3838],[74.5903,31.3997],[74.6025,31.4227],[74.6239,31.4236],[74.6313,31.43],[74.6408,31.4184],[74.652,31.4173],[74.6495,31.4245],[74.6565,31.4299],[74.6421,31.4458],[74.655,31.4627],[74.6336,31.4792],[74.6394,31.4879],[74.622,31.4885],[74.608,31.5016],[74.5925,31.497],[74.5791,31.5023],[74.5854,31.5072],[74.5859,31.521],[74.612,31.5289],[74.6168,31.5355],[74.6203,31.5581],[74.6132,31.5643],[74.6205,31.5666],[74.619,31.5705],[74.5935,31.5791],[74.5827,31.5897],[74.5808,31.6041],[74.5578,31.6116],[74.5416,31.6595],[74.5336,31.6665],[74.5361,31.6809],[74.5072,31.6992],[74.486,31.7224],[74.5029,31.7304],[74.5086,31.7425],[74.518,31.741],[74.5423,31.7516],[74.5652,31.755],[74.5575,31.7783],[74.5684,31.7934],[74.5629,31.8002],[74.5738,31.8172],[74.5693,31.8296],[74.5941,31.8454],[74.597,31.8587],[74.6097,31.8667],[74.6128,31.887],[74.6403,31.8847],[74.6517,31.8985],[74.6646,31.8999],[74.6654,31.911],[74.6737,31.92],[74.6831,31.9186],[74.6986,31.9248],[74.7149,31.9179],[74.7231,31.9211],[74.7215,31.9371],[74.7352,31.9396],[74.7389,31.9445],[74.7478,31.9383],[74.7536,31.9401],[74.7597,31.9432],[74.7599,31.9534],[74.7735,31.9477],[74.8154,31.9632],[74.8232,31.9566],[74.834,31.9779],[74.8325,31.9989],[74.8419,32.0066],[74.8599,32.0106],[74.8545,32.0217],[74.8737,32.028],[74.8793,32.0253],[74.8819,32.0348],[74.8765,32.0465],[74.8936,32.0533],[74.9132,32.0512],[74.9212,32.0638],[74.9286,32.0665],[74.9403,32.0669],[74.9786,32.0532],[74.9781,32.0443],[75.0067,32.0444],[75.0134,32.035],[75.0245,32.0464],[75.0385,32.0502],[75.043,32.0434],[75.0723,32.0632],[75.0825,32.0589],[75.1003,32.0638],[75.1066,32.0603],[75.112,32.0712],[75.1308,32.0836],[75.159,32.0837],[75.1665,32.0812],[75.1729,32.0692],[75.179,32.0687],[75.1862,32.0797],[75.1997,32.0844],[75.1998,32.0959],[75.2083,32.1013],[75.21,32.1173],[75.2193,32.1167],[75.2237,32.1037],[75.2336,32.1016],[75.2347,32.0935],[75.2397,32.0909],[75.2537,32.1018],[75.2655,32.1002],[75.2665,32.1076],[75.2872,32.1279],[75.2814,32.136],[75.283,32.1428],[75.3025,32.1526],[75.3097,32.1698],[75.3217,32.1747],[75.32,32.1916],[75.3137,32.1923],[75.3139,32.1959],[75.3277,32.2141],[75.3382,32.2194],[75.3612,32.2185],[75.3782,32.2351],[75.3721,32.2523],[75.3821,32.2693],[75.3714,32.279],[75.3491,32.278],[75.3521,32.2868],[75.3274,32.2973],[75.3414,32.3187],[75.3328,32.3282],[75.3405,32.3436],[75.347,32.3454],[75.3247,32.3413],[75.318,32.3345],[75.3054,32.3378],[75.3005,32.3461],[75.2891,32.3517],[75.2917,32.3592],[75.287,32.3662],[75.2589,32.3648],[75.255,32.385],[75.2397,32.3798],[75.2166,32.3952],[75.2055,32.3906],[75.1966,32.393],[75.1929,32.4029],[75.2014,32.411],[75.1897,32.4199],[75.1672,32.419],[75.1324,32.4027],[75.1292,32.4209],[75.137,32.425],[75.1233,32.4353],[75.1081,32.4732],[75.1019,32.4735],[75.0898,32.4643],[75.0736,32.4736],[75.0548,32.4759],[75.0333,32.4927],[75.0219,32.4844],[75.0177,32.4657],[75.0046,32.4523],[74.9915,32.4474],[74.9626,32.4495],[74.9504,32.4405],[74.9361,32.4626],[74.9169,32.459],[74.9068,32.4659],[74.9029,32.4608],[74.8956,32.4614],[74.8783,32.4721],[74.8765,32.4825],[74.8473,32.4819],[74.8174,32.4888],[74.8123,32.4767],[74.801,32.4759],[74.7937,32.4689],[74.7684,32.4747],[74.7519,32.4697],[74.7352,32.4743],[74.716,32.4706],[74.7044,32.4854],[74.6852,32.482],[74.681,32.4865],[74.6796,32.5066],[74.6885,32.525],[74.6631,32.536],[74.6603,32.5413],[74.6703,32.5502],[74.6682,32.5595],[74.6521,32.5593],[74.6473,32.578],[74.6495,32.591],[74.6398,32.5943],[74.6348,32.6026],[74.637,32.6106],[74.6493,32.6128],[74.6522,32.6297],[74.6637,32.6303],[74.6699,32.6411],[74.6832,32.6449],[74.6927,32.6548],[74.679,32.668],[74.6622,32.6728],[74.6504,32.6983],[74.6821,32.7819],[74.7,32.8105],[74.7014,32.8351],[74.6643,32.8216],[74.6524,32.8271],[74.636,32.8135],[74.6328,32.7998],[74.6539,32.7813],[74.65,32.7769],[74.6363,32.7781],[74.6315,32.7743],[74.6293,32.7659],[74.6353,32.7508],[74.6311,32.7469],[74.6131,32.7555],[74.5756,32.745],[74.5688,32.7544],[74.557,32.7571],[74.5439,32.7433],[74.5267,32.7404],[74.5146,32.7435],[74.5094,32.7387],[74.5013,32.7604],[74.483,32.7622],[74.4724,32.7723],[74.461,32.7732],[74.4545,32.7844],[74.4399,32.7798],[74.4065,32.7827],[74.3973,32.7664],[74.388,32.7686],[74.385,32.7583],[74.3708,32.759],[74.3306,32.7765],[74.3192,32.792],[74.3092,32.7925],[74.3022,32.8047],[74.3018,32.8233],[74.2841,32.8301],[74.2645,32.8302],[74.2443,32.8424],[74.2174,32.8453],[74.2025,32.8707],[74.1873,32.8732],[74.1782,32.883],[74.06,32.9093],[74.0528,32.916],[74.0523,32.9307],[74.0486,32.9324],[74.0143,32.9298],[73.9883,32.9357],[73.9979,32.9519],[73.9973,32.9602],[73.9685,32.9692],[73.9583,32.987],[73.9291,32.985],[73.8965,33.0024],[73.8296,33.0074],[73.8183,33.0004],[73.8158,32.984],[73.8083,32.9725],[73.7865,32.9657],[73.7797,32.9747],[73.7902,32.9935],[73.7887,32.9985],[73.7434,33.0394],[73.7353,33.0667],[73.6886,33.0884],[73.6526,33.0852],[73.6279,33.0899],[73.6256,33.1119],[73.6305,33.1281],[73.6261,33.14],[73.6376,33.1423],[73.6464,33.162],[73.6564,33.1693],[73.6577,33.2081],[73.6453,33.2171],[73.6409,33.2268],[73.6364,33.226],[73.6314,33.2139],[73.6287,33.2157],[73.6253,33.2369],[73.6056,33.2517],[73.598,33.2827],[73.6041,33.2953],[73.5898,33.3053],[73.5821,33.3265],[73.5908,33.3369],[73.5868,33.341],[73.5751,33.3342],[73.5658,33.3425],[73.5714,33.3562],[73.5585,33.3684],[73.5649,33.3943],[73.5858,33.4207],[73.5914,33.4222],[73.5827,33.4294],[73.5883,33.4358],[73.5879,33.4435],[73.6249,33.4576],[73.6244,33.4657],[73.615,33.4721],[73.6131,33.4802],[73.6016,33.4784],[73.5966,33.5005],[73.6002,33.505],[73.6095,33.5009],[73.6073,33.52],[73.6321,33.5293],[73.6331,33.5335],[73.619,33.544],[73.621,33.5742],[73.6009,33.5933],[73.6038,33.6076],[73.5895,33.6046],[73.5783,33.6162],[73.5645,33.6168],[73.5614,33.6215],[73.5691,33.6411],[73.5619,33.6643],[73.5632,33.6759],[73.5911,33.6989],[73.5976,33.7162],[73.5913,33.7542],[73.5664,33.769],[73.5584,33.7836],[73.5729,33.8458],[73.5857,33.8646],[73.5899,33.8843],[73.579,33.9108],[73.5496,33.9315],[73.5165,34.0005],[73.5083,34.0603],[73.4975,34.0844],[73.4987,34.1076],[73.4928,34.1204],[73.4953,34.134],[73.489,34.1448],[73.4922,34.1566],[73.4882,34.1884],[73.4931,34.2202],[73.4779,34.2348],[73.47,34.2518],[73.4786,34.2906],[73.4748,34.296],[73.4678,34.296],[73.4617,34.2821],[73.4538,34.2783],[73.4536,34.2973],[73.4445,34.3093],[73.4381,34.3296],[73.4242,34.3397],[73.4251,34.3535],[73.4015,34.3584],[73.3913,34.3772],[73.4093,34.3868],[73.4202,34.4178],[73.4254,34.4423],[73.4222,34.4707],[73.4375,34.5045],[73.4299,34.5214],[73.4413,34.5384],[73.4429,34.5653],[73.4478,34.5742],[73.4605,34.5784],[73.4758,34.5742],[73.5007,34.5806],[73.523,34.5747],[73.5355,34.5777],[73.5574,34.5934],[73.6184,34.5861],[73.6395,34.5662],[73.6509,34.5683],[73.6609,34.589],[73.6602,34.6104],[73.6962,34.6541],[73.6669,34.6661],[73.6635,34.671],[73.6675,34.6847],[73.6813,34.6956],[73.6916,34.7167],[73.7066,34.7254],[73.7314,34.7715],[73.7501,34.7872],[73.7738,34.7969],[73.8211,34.796],[73.8497,34.8177],[73.8674,34.8115],[73.8754,34.8184],[73.9012,34.8218],[73.9182,34.8145],[73.9357,34.8335],[73.955,34.8354],[73.9644,34.8417],[73.9744,34.8653],[74.0304,34.8776],[74.0422,34.8945],[74.0381,34.9033],[74.0439,34.9219],[74.0658,34.9301],[74.074,34.94],[74.0643,34.9649],[74.0655,34.9888],[74.0605,34.9936],[74.0909,35.0062],[74.1082,35.0195],[74.0977,35.0342],[74.0664,35.0485],[74.0933,35.0965],[74.13,35.1056],[74.1342,35.1126],[74.1107,35.1302],[74.1169,35.1464],[74.1142,35.1519],[74.102,35.1458],[74.0804,35.1547],[74.0391,35.1475],[74.0091,35.1661],[73.9998,35.1844],[73.9592,35.1744],[73.9332,35.2028],[73.9173,35.2122],[73.8652,35.2108],[73.8468,35.2296],[73.8116,35.2425],[73.7775,35.2439],[73.7561,35.2274],[73.7317,35.2173],[73.7164,35.226],[73.7271,35.2783],[73.6999,35.3232],[73.7004,35.3584],[73.7116,35.3872],[73.7389,35.4279],[73.7547,35.442],[73.7951,35.4602],[73.7849,35.5257],[73.7351,35.5366],[73.7208,35.5535],[73.6727,35.5512],[73.6355,35.5718],[73.6248,35.571],[73.6156,35.5631],[73.5711,35.5548],[73.5579,35.5557],[73.5321,35.5711],[73.5067,35.5654],[73.4818,35.5773],[73.4068,35.564],[73.3674,35.6055],[73.314,35.6156],[73.2727,35.6298],[73.2155,35.6751],[73.1878,35.6864],[73.1363,35.7192],[73.1328,35.7385],[73.1357,35.7938],[73.1542,35.8417],[73.1277,35.853],[73.1004,35.8782],[73.0778,35.8862],[73.056,35.8637],[73.0381,35.8548],[73.0141,35.8553],[72.9997,35.8635],[72.9578,35.8477],[72.9294,35.8455],[72.9047,35.8536],[72.9016,35.8817],[72.8576,35.8777],[72.8302,35.8874],[72.8253,35.8748],[72.799,35.8675],[72.7981,35.8558],[72.7773,35.844],[72.7375,35.8588],[72.6911,35.8329],[72.6604,35.8492],[72.6456,35.8663],[72.5982,35.8733],[72.5695,35.9073],[72.5383,35.9146],[72.53,35.9265],[72.5311,35.9529],[72.5386,35.9605],[72.5484,35.9625],[72.5561,35.9967],[72.5732,35.9964],[72.5822,36.0081],[72.5836,36.0197],[72.596,36.0273],[72.5862,36.0504],[72.55,36.0567],[72.5311,36.0747],[72.5366,36.1145],[72.5525,36.1367],[72.5738,36.151],[72.5627,36.1722],[72.5515,36.1812],[72.5603,36.1966],[72.5605,36.2124],[72.5854,36.2305],[72.5885,36.2512],[72.5971,36.2642],[72.6367,36.2765],[72.6635,36.2642],[72.6819,36.2628],[72.694,36.2501],[72.6953,36.2593],[72.6886,36.2686],[72.6924,36.2757],[72.7236,36.2841],[72.7505,36.3051],[72.7786,36.3099],[72.7991,36.3304],[72.8157,36.3384],[72.8297,36.3611],[72.8509,36.3727],[72.8664,36.3735],[72.8901,36.3978],[72.8867,36.4148],[72.8902,36.4247],[72.8775,36.4381],[72.8795,36.4433],[72.9025,36.4495],[72.9223,36.463],[72.9435,36.4585],[72.9628,36.4675],[72.9921,36.4581],[73.0039,36.4761],[72.9904,36.4805],[72.9925,36.4969],[72.9994,36.5074],[72.996,36.5149],[73.0615,36.5377],[73.0739,36.5615],[73.0906,36.5716],[73.0929,36.5866],[73.1125,36.6101],[73.092,36.6348],[73.0944,36.6671],[73.085,36.6823],[73.0854,36.6997],[73.1028,36.6877],[73.1265,36.6866],[73.1455,36.7],[73.1811,36.712],[73.1894,36.7218],[73.2027,36.7156],[73.215,36.7],[73.2344,36.6995],[73.2484,36.703],[73.2532,36.7091],[73.3147,36.7064],[73.3303,36.7155],[73.3608,36.7155],[73.3721,36.7349],[73.4,36.7317],[73.4416,36.7451],[73.4634,36.7317],[73.4825,36.7339],[73.5115,36.7154],[73.5299,36.7207],[73.5439,36.7094],[73.5604,36.7162],[73.5791,36.713],[73.6002,36.7203],[73.6063,36.7139],[73.6075,36.6985],[73.6332,36.6901],[73.6549,36.6961],[73.7006,36.6849],[73.7088,36.6889],[73.7251,36.71],[73.7484,36.71],[73.7831,36.7024],[73.8091,36.7167],[73.8663,36.7001],[73.8841,36.6993],[73.9016,36.707],[73.8972,36.7163],[73.9065,36.7315],[73.9001,36.7497],[73.8636,36.7882],[73.8294,36.7893],[73.8151,36.7984],[73.8063,36.8154],[73.7782,36.8153],[73.7442,36.8334],[73.7239,36.8344],[73.7191,36.8572],[73.6814,36.8856],[73.6903,36.9121],[73.7112,36.9128],[73.7454,36.8964],[73.7677,36.9047],[73.7933,36.8937],[73.8097,36.8965],[73.8181,36.8857],[73.8358,36.8869],[73.8422,36.8984],[73.8491,36.8999],[73.8788,36.8944],[73.9134,36.8713],[73.9238,36.878],[73.9378,36.8739],[73.9714,36.8401],[73.9943,36.8266],[74.026,36.8263],[74.0558,36.8064],[74.0927,36.8386],[74.121,36.8323],[74.1427,36.8401],[74.1568,36.8887],[74.1691,36.9025],[74.2178,36.8989],[74.2441,36.8876],[74.2614,36.8866],[74.2835,36.903],[74.3239,36.9227],[74.3683,36.9589],[74.4162,36.9731],[74.4299,36.99],[74.4688,36.9924],[74.5322,36.9868],[74.543,36.9765],[74.5545,36.9536],[74.5787,36.9486],[74.5894,37.0286],[74.5805,37.0387],[74.5865,37.0453],[74.6593,37.0577],[74.6851,37.0748],[74.7087,37.0776],[74.7185,37.0628],[74.722,37.0386],[74.7345,37.0207],[74.7525,37.0115],[74.7597,37.0155],[74.7634,37.0251],[74.7789,37.0298],[74.8055,37.0232],[74.8401,37.0223],[74.846,36.9899],[74.8879,36.9459],[74.9109,36.9124],[74.9222,36.9061],[74.928,36.9089],[74.9326,36.9255],[74.9413,36.9347],[74.9912,36.9628],[75.0128,36.966],[75.0187,36.9764],[75.0631,36.9599],[75.0853,36.9437],[75.096,36.9428],[75.1511,36.9671],[75.1734,36.9861],[75.1809,37.0005],[75.2023,37.0211],[75.209,37.0368],[75.2257,37.0374],[75.265,37.0519],[75.2792,37.0469],[75.3155,37.0539],[75.3438,37.0525],[75.3452,37.0031],[75.352,36.981],[75.3763,36.9605],[75.3866,36.9594],[75.4012,36.968],[75.4135,36.9675],[75.4231,36.9607],[75.4282,36.9506],[75.4268,36.939],[75.4088,36.9167],[75.4151,36.9033],[75.4142,36.8919],[75.417,36.8872],[75.4378,36.8915],[75.444,36.8872],[75.46,36.8306],[75.4742,36.8108],[75.514,36.7921],[75.6165,36.7616],[75.6752,36.696],[75.7483,36.5884],[75.7694,36.5733],[75.8096,36.553],[75.8491,36.5443],[75.9234,36.5024],[75.9648,36.49],[75.997,36.4843],[76.0259,36.486],[76.0773,36.4743],[76.1251,36.4375],[76.1731,36.3903],[76.1986,36.3874],[76.2548,36.3478],[76.2921,36.3491],[76.3282,36.3625],[76.3524,36.3599],[76.4042,36.3195],[76.432,36.3082],[76.4366,36.2884],[76.45,36.2694],[76.4332,36.2512],[76.4571,36.2405],[76.4817,36.2114],[76.5449,36.1928],[76.563,36.1731],[76.6012,36.1655],[76.6373,36.1849],[76.6444,36.184],[76.6648,36.1581],[76.7037,36.1289],[76.7196,36.0832],[76.8019,36.0479],[76.7988,36.0384],[76.8078,36.0187],[76.7697,36.0094],[76.7543,35.9901],[76.7543,35.9827],[76.7228,35.9534],[76.779,35.8987],[76.7941,35.8628],[76.8118,35.8448],[76.8579,35.8312],[76.8949,35.7997],[76.9352,35.7841],[77.0207,35.7746],[77.0587,35.7843],[77.0801,35.7976],[77.1157,35.7978],[77.127,35.7827],[77.1361,35.7818],[77.1435,35.7697],[77.1642,35.7667],[77.1631,35.7405],[77.1673,35.7346],[77.1937,35.733],[77.2072,35.7265],[77.221,35.7282],[77.2282,35.7125],[77.2678,35.7091],[77.2775,35.7204],[77.2855,35.7111],[77.3152,35.6991],[77.3276,35.7191],[77.3584,35.7177],[77.3692,35.7044],[77.3708,35.6952],[77.3865,35.6898],[77.4016,35.6625],[77.4221,35.6616],[77.431,35.6546],[77.4379,35.6411],[77.4335,35.6303],[77.4368,35.6222],[77.4271,35.6105],[77.4569,35.5936],[77.4656,35.5733],[77.4606,35.5477],[77.4866,35.532],[77.4724,35.5211],[77.4518,35.5266],[77.4353,35.5174],[77.4089,35.5282],[77.3919,35.5458],[77.3784,35.5503],[77.3454,35.5468],[77.3208,35.5326],[77.3425,35.5122],[77.3487,35.4937],[77.3663,35.4937],[77.3792,35.4777],[77.4138,35.4731],[77.4396,35.4615],[77.5125,35.4886],[77.54,35.4813],[77.5688,35.4851],[77.582,35.4751],[77.5938,35.4764],[77.6141,35.4696],[77.6279,35.4743],[77.645,35.4891],[77.6724,35.4706],[77.6801,35.471],[77.6867,35.4777],[77.723,35.4755],[77.7265,35.4849],[77.7245,35.5151],[77.7336,35.5245],[77.7583,35.5022],[77.7728,35.4954],[77.7871,35.4953],[77.8083,35.5112],[77.8185,35.5129],[77.8547,35.4927],[77.8645,35.4812],[77.8871,35.485],[77.9013,35.4681],[77.922,35.4945],[77.9719,35.4582],[77.9825,35.4559],[77.9843,35.4646],[77.9651,35.4791],[77.9649,35.496],[77.9312,35.5158],[77.9376,35.5322],[77.9668,35.5716],[77.966,35.5876],[77.9525,35.607],[77.9651,35.6039],[77.991,35.5818],[78.042,35.5874],[78.0777,35.5492],[78.0929,35.5562],[78.1373,35.5389],[78.1473,35.5496],[78.1567,35.552],[78.1516,35.5782],[78.1665,35.6132],[78.1622,35.6294],[78.1682,35.6302],[78.1792,35.6223],[78.1861,35.624],[78.1985,35.6486],[78.1997,35.6692],[78.2303,35.6519],[78.2551,35.6456],[78.2593,35.6584],[78.2721,35.6689],[78.2675,35.711],[78.2733,35.722],[78.2894,35.7257],[78.3389,35.7206],[78.3861,35.7355],[78.3975,35.7462],[78.3998,35.7563],[78.4126,35.7659],[78.4163,35.7793],[78.4232,35.7853],[78.4647,35.7742],[78.5091,35.7727],[78.5213,35.7638],[78.5605,35.7925],[78.5749,35.7897],[78.5806,35.8081],[78.6195,35.8171],[78.665,35.8574],[78.6914,35.8563],[78.7189,35.8683],[78.7688,35.8697],[78.7902,35.8593],[78.8238,35.8558],[78.9399,35.8796],[78.9605,35.8926],[78.9704,35.8889],[79.0038,35.8568],[79.0216,35.8487],[79.1325,35.8362],[79.157,35.8503],[79.194,35.8869],[79.1978,35.8986],[79.1881,35.9274],[79.1898,35.9472],[79.2155,35.9788],[79.2418,35.9868],[79.3448,35.9886],[79.3781,35.9953],[79.3868,35.9905],[79.4031,35.9188],[79.4221,35.8965],[79.5184,35.8835],[79.5599,35.8618],[79.712,35.8195],[79.725,35.806],[79.7375,35.802],[79.7964,35.7972],[79.8711,35.783],[79.9102,35.8172],[79.93,35.8274],[79.9722,35.8407],[79.9992,35.8378],[80.0382,35.7998],[80.0582,35.7499],[80.0882,35.7252],[80.1081,35.6809],[80.2373,35.6419],[80.2743,35.6228],[80.2915,35.6074],[80.3113,35.5542],[80.328,35.4697],[80.318,35.4635],[80.2976,35.4608],[80.2811,35.4409],[80.2835,35.3879],[80.2709,35.3442],[80.2357,35.2766],[80.226,35.22],[80.1835,35.1667],[80.1779,35.1369],[80.1859,35.0632],[80.1748,35.0023],[80.1237,34.8934],[80.1068,34.868],[80.084,34.8488],[80.0731,34.8284],[80.067,34.7906],[80.0728,34.7461],[80.069,34.7148],[80.0445,34.7044],[79.9446,34.6811],[79.9003,34.6913],[79.8607,34.6888],[79.8248,34.6611],[79.8165,34.6434],[79.8043,34.643],[79.7759,34.6276],[79.7726,34.6205],[79.793,34.5896],[79.771,34.5821],[79.759,34.566],[79.7585,34.5547],[79.775,34.552],[79.8103,34.5313],[79.8152,34.5202],[79.8145,34.5001],[79.794,34.4851],[79.7334,34.4783],[79.6846,34.4787],[79.673,34.4836],[79.662,34.4797],[79.6524,34.4884],[79.6089,34.492],[79.5933,34.5008],[79.5709,34.4867],[79.5085,34.4743],[79.5273,34.4455],[79.5281,34.418],[79.5419,34.4101],[79.5612,34.41],[79.554,34.388],[79.5622,34.3635],[79.5596,34.3324],[79.5919,34.2828],[79.5857,34.2444],[79.5724,34.2229],[79.5501,34.2151],[79.5445,34.2073],[79.5371,34.2058],[79.5196,34.2129],[79.5072,34.2058],[79.4897,34.1572],[79.4947,34.1359],[79.4612,34.102],[79.4326,34.0927],[79.4203,34.0781],[79.4145,34.0549],[79.43,34.0434],[79.4379,34.0286],[79.4266,34.0174],[79.4143,34.0149],[79.3988,34.0271],[79.3555,34.0369],[79.306,34.043],[79.2744,34.0394],[79.2477,34.0513],[79.1981,34.0512],[79.1788,34.0721],[79.1712,34.0729],[79.1649,34.0666],[79.1516,34.0681],[79.1438,34.0352],[79.1358,34.0272],[79.1126,34.0197],[79.062,34.0287],[79.0224,34.0509],[78.952,34.0289],[78.9406,34.024],[78.9234,33.9937],[78.9057,33.9762],[78.9067,33.9689],[78.9212,33.9573],[78.937,33.9272],[78.9483,33.9207],[78.9438,33.9086],[78.9527,33.9024],[78.9617,33.871],[79.0008,33.8033],[79.0065,33.7976],[79.0192,33.7988],[79.0125,33.7869],[79.0168,33.7787],[79.0245,33.7752],[79.0341,33.7837],[79.0473,33.7661],[79.0538,33.7784],[79.0603,33.7803],[79.0685,33.7564],[79.043,33.7497],[79.0431,33.7385],[79.0262,33.7227],[79.0205,33.7057],[79.029,33.6918],[79.054,33.6781],[79.0718,33.6791],[79.0863,33.6884],[79.0912,33.687],[79.0905,33.6571],[79.1071,33.6169],[79.0995,33.6137],[79.0654,33.6268],[79.0478,33.6277],[79.0201,33.6235],[78.9899,33.6112],[78.9498,33.6207],[78.9224,33.6332],[78.9145,33.6279],[78.9182,33.5871],[78.9152,33.5743],[78.9278,33.5598],[78.9428,33.5093],[78.9315,33.4739],[78.9333,33.4328],[78.9403,33.4123],[78.95,33.4084],[78.9537,33.3811],[78.9687,33.3755],[78.9726,33.3605],[78.9803,33.3559],[78.9892,33.3335],[78.9964,33.3305],[79.0178,33.3355],[79.0619,33.3098],[79.1108,33.2919],[79.1663,33.2901],[79.1769,33.2945],[79.2086,33.2924],[79.2406,33.2978],[79.3157,33.2732],[79.3701,33.2827],[79.4475,33.2648],[79.4549,33.2585],[79.4467,33.2058],[79.3934,33.1244],[79.3774,33.0847],[79.3935,33.0541],[79.3938,33.0362],[79.3823,33.0277],[79.341,33.0185],[79.332,33.0121],[79.3552,33.0029],[79.3682,32.9909],[79.3841,32.9891],[79.3856,32.968],[79.4093,32.9701],[79.4223,32.9615],[79.464,32.9201],[79.4889,32.8813],[79.5161,32.8557],[79.568,32.7868],[79.5823,32.7811],[79.5873,32.774],[79.6032,32.777],[79.6272,32.7393],[79.5784,32.6787],[79.5671,32.6733],[79.5157,32.6081],[79.4698,32.5763],[79.4617,32.553],[79.4481,32.5325],[79.4242,32.5272],[79.4068,32.5297],[79.3994,32.5371],[79.3945,32.5723],[79.3395,32.592],[79.3207,32.5927],[79.2951,32.5501],[79.2736,32.5324],[79.2509,32.5341],[79.2378,32.5059],[79.1951,32.483],[79.1479,32.4811],[79.1374,32.4769],[79.1313,32.4661],[79.1466,32.4429],[79.1443,32.4227],[79.1257,32.4136],[79.1151,32.3842],[79.071,32.3907],[79.0337,32.3859],[79.0146,32.3773],[78.9938,32.3452],[78.9819,32.3378],[78.9617,32.3661],[78.95,32.3673],[78.9035,32.3929],[78.8753,32.4172],[78.8589,32.4406],[78.8344,32.4361],[78.8272,32.4387],[78.7768,32.5584],[78.7764,32.5731],[78.7943,32.5891],[78.7959,32.6104],[78.7632,32.6535],[78.7698,32.6921],[78.7691,32.6971],[78.7627,32.6978],[78.7423,32.6737],[78.7231,32.6612],[78.6623,32.654],[78.639,32.6097],[78.6209,32.5967],[78.5881,32.6159],[78.5734,32.6176],[78.5357,32.6086],[78.4996,32.5817],[78.4598,32.58],[78.4366,32.5616],[78.428,32.5318],[78.4,32.526],[78.4166,32.5227],[78.4267,32.5083],[78.4432,32.5083],[78.4559,32.5016],[78.4662,32.4864],[78.4548,32.4673],[78.4556,32.4526],[78.4836,32.4413],[78.4955,32.422],[78.52,32.4223],[78.5362,32.4146],[78.515,32.3913],[78.509,32.3694],[78.4813,32.3483],[78.4779,32.3333],[78.4833,32.28],[78.4562,32.2424],[78.4999,32.2391],[78.5565,32.2459],[78.61,32.2145],[78.6107,32.1782],[78.6057,32.1673],[78.5912,32.1544],[78.6065,32.1413],[78.6142,32.1178],[78.6647,32.1028],[78.6742,32.077],[78.6981,32.0591],[78.7069,32.0414],[78.7393,32.016],[78.7481,32.0032],[78.7878,31.9953],[78.7692,31.9351],[78.746,31.9021],[78.7481,31.8936],[78.7402,31.877],[78.7382,31.8327],[78.711,31.8126],[78.7076,31.7887],[78.7196,31.7658],[78.7409,31.7592],[78.7275,31.7366],[78.7376,31.7257],[78.7505,31.6873],[78.766,31.68],[78.7958,31.6851],[78.8028,31.6528],[78.8429,31.6232],[78.8471,31.6104],[78.8388,31.5958],[78.8132,31.5713],[78.784,31.5609],[78.7659,31.544],[78.7371,31.5361],[78.7224,31.5135],[78.7309,31.5029],[78.7323,31.48],[78.7647,31.4857],[78.7769,31.47],[78.8112,31.4478],[78.8081,31.4129],[78.7921,31.4017],[78.792,31.3963],[78.8323,31.3834],[78.8498,31.3675],[78.8557,31.3456],[78.8445,31.3252],[78.8556,31.3226],[78.8737,31.3079],[78.8829,31.2963],[78.895,31.2656],[78.9223,31.2541],[78.9321,31.2615],[78.9314,31.2821],[78.9403,31.3016],[78.9386,31.3203],[78.9525,31.3374],[79.0072,31.3589],[79.0102,31.3742],[79.0225,31.3956],[79.0499,31.423],[79.0513,31.4481],[79.061,31.4631],[79.0726,31.4672],[79.092,31.4532],[79.1447,31.4337],[79.2105,31.3485],[79.2373,31.3321],[79.2371,31.3142],[79.2637,31.2914],[79.2633,31.2801],[79.2493,31.2639],[79.2494,31.2488],[79.2589,31.2417],[79.2783,31.24],[79.2883,31.2255],[79.3039,31.1903],[79.2975,31.1756],[79.3003,31.1648],[79.324,31.1347],[79.3343,31.1337],[79.3404,31.1245],[79.3972,31.113],[79.4076,31.0744],[79.4215,31.0716],[79.4237,31.0659],[79.4283,31.0321],[79.5165,31.0337],[79.5206,31.0181],[79.5356,31.0051],[79.5347,30.9898],[79.5529,30.9858],[79.5481,30.9677],[79.5687,30.9534],[79.5909,30.9489],[79.6047,30.9374],[79.6309,30.9563],[79.6646,30.9651],[79.6668,30.9789],[79.6778,30.9814],[79.7085,30.9762],[79.7293,30.9802],[79.7534,31.0006],[79.7609,31.0007],[79.7756,30.9876],[79.8202,30.9723],[79.8456,30.9785],[79.8673,30.9747],[79.8791,30.9606],[79.8899,30.9249],[79.9127,30.9162],[79.9302,30.8867],[79.9495,30.8874],[79.975,30.88],[80.0098,30.8618],[80.04,30.8383],[80.0592,30.8384],[80.0654,30.8273],[80.0845,30.8138],[80.0891,30.7941],[80.1182,30.7741],[80.1281,30.7753],[80.1403,30.7879],[80.1534,30.7911],[80.1546,30.8056],[80.1723,30.8072],[80.1999,30.7811],[80.2055,30.7582],[80.2222,30.7519],[80.2278,30.7601],[80.2389,30.7585],[80.2523,30.7321],[80.2385,30.709],[80.2347,30.6916],[80.2004,30.6767],[80.1954,30.6642],[80.2238,30.6394],[80.2133,30.6175],[80.2143,30.6132],[80.2269,30.6089],[80.2207,30.5917],[80.2304,30.5734],[80.2549,30.5597],[80.2679,30.5695],[80.2752,30.5609],[80.2823,30.5681],[80.2927,30.5688],[80.3203,30.5618],[80.3303,30.5483],[80.3829,30.5212],[80.396,30.5178],[80.4152,30.5255],[80.4382,30.5],[80.4715,30.4882],[80.5043,30.4835],[80.5202,30.4631],[80.5411,30.4487],[80.5496,30.4584],[80.5702,30.4615],[80.581,30.483],[80.5988,30.4816],[80.6528,30.4448],[80.6805,30.4378],[80.7144,30.4127],[80.752,30.3925],[80.7712,30.3737],[80.7905,30.3375],[80.8257,30.3144],[80.9311,30.2824],[81.0084,30.2649],[81.0254,30.2572],[81.034,30.2474],[81.033,30.2284],[81.043,30.1985],[80.9933,30.1868],[80.9803,30.1909],[80.9707,30.183],[80.9583,30.1844],[80.9367,30.1766],[80.9204,30.186],[80.9217,30.2074],[80.9179,30.2153],[80.9028,30.216],[80.883,30.1842],[80.8679,30.1719],[80.8777,30.1438],[80.8748,30.1305],[80.8514,30.117],[80.8415,30.1012],[80.8111,30.0945],[80.7893,30.0664],[80.7693,30.0553],[80.7443,30.0021],[80.7352,29.9971],[80.7211,29.9994],[80.6816,29.9606],[80.6466,29.959],[80.6303,29.9639],[80.6003,29.9536],[80.5725,29.9231],[80.5743,29.8948],[80.5624,29.8763],[80.5609,29.8623],[80.5547,29.8533],[80.5422,29.8483],[80.5254,29.8302],[80.508,29.8204],[80.4965,29.7961],[80.4898,29.7937],[80.4704,29.8011],[80.4541,29.7978],[80.4381,29.8053],[80.4326,29.7984],[80.4101,29.7897],[80.4022,29.7598],[80.3872,29.7485],[80.374,29.7489],[80.3704,29.725],[80.3795,29.7182],[80.3796,29.7064],[80.3948,29.6687],[80.4207,29.6495],[80.4238,29.6407],[80.423,29.6292],[80.4132,29.6154],[80.4138,29.5978],[80.3976,29.5707],[80.3858,29.5705],[80.3514,29.5505],[80.3485,29.5374],[80.3578,29.5313],[80.3535,29.5166],[80.3345,29.5078],[80.318,29.4929],[80.316,29.4807],[80.3027,29.4859],[80.292,29.4694],[80.3017,29.4601],[80.3029,29.4504],[80.288,29.4477],[80.2805,29.4574],[80.2704,29.4504],[80.247,29.4458],[80.2463,29.4407],[80.2489,29.4081],[80.2776,29.3941],[80.2811,29.3738],[80.2753,29.3649],[80.2836,29.3586],[80.2854,29.3437],[80.2947,29.3403],[80.2968,29.3268],[80.3166,29.3225],[80.3194,29.2995],[80.3079,29.2829],[80.3042,29.2411],[80.2976,29.235],[80.3023,29.1984],[80.2917,29.1957],[80.2835,29.2074],[80.2647,29.2106],[80.2616,29.2185],[80.2541,29.2192],[80.2504,29.2025],[80.264,29.1873],[80.2634,29.1647],[80.2736,29.1444],[80.2527,29.1337],[80.2403,29.1188],[80.2195,29.1192],[80.2064,29.1283],[80.1853,29.1319],[80.1489,29.0997],[80.1356,29.0688],[80.1436,29.0561],[80.1302,29.0346],[80.1338,29.0301],[80.1305,29.0142],[80.1408,29.0104],[80.1408,29.0063],[80.1255,29.0025],[80.1212,28.9853],[80.1026,28.9814],[80.0666,28.9187],[80.0636,28.8453],[80.0703,28.8292],[80.0822,28.8236],[80.1236,28.825],[80.1334,28.8221],[80.2107,28.7599],[80.2243,28.7556],[80.2476,28.7582],[80.2663,28.7504],[80.2707,28.7435],[80.2622,28.7247],[80.2797,28.7096],[80.3004,28.7069],[80.3229,28.6965],[80.3325,28.6667],[80.3619,28.6516],[80.3617,28.6414],[80.3722,28.6333],[80.3936,28.6308],[80.433,28.6389],[80.4622,28.6243],[80.474,28.6014],[80.4719,28.5881],[80.4896,28.5838],[80.5228,28.5576],[80.5331,28.5686],[80.5207,28.5797],[80.5087,28.6658],[80.5373,28.6861],[80.566,28.6895],[80.591,28.6793],[80.5844,28.6612],[80.5959,28.6555],[80.5941,28.6461],[80.6076,28.649],[80.6317,28.6367],[80.6467,28.6416],[80.6689,28.6398],[80.6706,28.6269],[80.6811,28.619],[80.6817,28.6041],[80.6986,28.6018],[80.6949,28.5862],[80.7027,28.5754],[80.7139,28.5708],[80.7269,28.5726],[80.7355,28.5668],[80.7474,28.573],[80.7714,28.5653],[80.7724,28.5514],[80.7882,28.5406],[80.7871,28.5245],[80.8241,28.5158],[80.845,28.4968],[80.8659,28.4922],[80.8647,28.5049],[80.879,28.5073],[80.9086,28.495],[80.9103,28.4871],[80.8992,28.4781],[80.9057,28.459],[80.9123,28.4566],[80.9198,28.4624],[80.9212,28.4553],[80.9289,28.4544],[80.9423,28.4662],[80.9393,28.451],[80.9585,28.4457],[80.9784,28.4509],[80.9661,28.4412],[80.9663,28.4362],[80.9722,28.4346],[80.9921,28.4409],[81.0021,28.4499],[81.0139,28.448],[81.0166,28.4333],[81.0217,28.4315],[81.0301,28.4368],[81.0398,28.4298],[81.0369,28.4224],[81.0223,28.4132],[81.0371,28.4002],[81.0438,28.4122],[81.1033,28.3778],[81.2157,28.3575],[81.2356,28.33],[81.2404,28.2809],[81.293,28.223],[81.3034,28.2194],[81.3204,28.2018],[81.3207,28.1846],[81.3274,28.1709],[81.3073,28.1641],[81.3194,28.1551],[81.3287,28.1569],[81.3258,28.1474],[81.3182,28.1421],[81.3196,28.1354],[81.3795,28.1453],[81.3799,28.1561],[81.3733,28.1653],[81.3813,28.1731],[81.4292,28.171],[81.4502,28.1565],[81.4612,28.1303],[81.4842,28.114],[81.478,28.0885],[81.4819,28.0812],[81.6329,28.0027],[81.6686,27.9904],[81.7003,27.9888],[81.8068,27.9021],[81.8352,27.8973],[81.8906,27.8576],[81.9103,27.8544],[81.9282,27.8587],[81.9274,27.8768],[81.9399,27.8844],[81.9713,27.9295],[82.0527,27.922],[82.0738,27.924],[82.1017,27.8854],[82.1208,27.8744],[82.126,27.8657],[82.1518,27.8579],[82.1539,27.8644],[82.16,27.8655],[82.1833,27.8524],[82.2072,27.8457],[82.2301,27.8236],[82.2661,27.8044],[82.295,27.7776],[82.3714,27.739],[82.3877,27.714],[82.4299,27.6878],[82.4586,27.6762],[82.4748,27.6754],[82.4861,27.6827],[82.4926,27.6805],[82.496,27.6852],[82.5168,27.689],[82.5556,27.6866],[82.5856,27.6972],[82.6011,27.6965],[82.6066,27.7032],[82.6238,27.7027],[82.6341,27.7118],[82.6488,27.7102],[82.6595,27.7145],[82.6612,27.7206],[82.6753,27.7161],[82.704,27.7181],[82.7138,27.7283],[82.7089,27.7099],[82.7197,27.6884],[82.7161,27.6621],[82.7203,27.6548],[82.7331,27.6523],[82.7331,27.641],[82.7389,27.6409],[82.7442,27.6316],[82.7378,27.6122],[82.755,27.5833],[82.7412,27.5487],[82.7495,27.5234],[82.7379,27.5139],[82.7417,27.5008],[82.8183,27.4954],[82.8408,27.5013],[82.8833,27.4961],[82.9257,27.5005],[82.9392,27.4937],[82.9501,27.4723],[83.023,27.4526],[83.053,27.448],[83.1842,27.4529],[83.2055,27.4357],[83.2159,27.4172],[83.2466,27.4017],[83.2724,27.3806],[83.2699,27.3615],[83.2787,27.3466],[83.3118,27.3292],[83.3384,27.3327],[83.3638,27.3441],[83.3736,27.355],[83.3744,27.3653],[83.3911,27.3727],[83.395,27.3888],[83.4059,27.3986],[83.4053,27.415],[83.391,27.4285],[83.393,27.4381],[83.4068,27.4541],[83.4062,27.4598],[83.3958,27.4649],[83.394,27.4754],[83.4223,27.4782],[83.6098,27.4699],[83.8395,27.3662],[83.8666,27.3449],[83.8595,27.3323],[83.8395,27.3242],[83.8391,27.3195],[83.8527,27.318],[83.8407,27.318],[83.8395,27.3242],[83.8651,27.337],[83.8859,27.3709],[83.8822,27.383],[83.8653,27.3932],[83.8573,27.4061],[83.8371,27.4219],[83.8349,27.4281],[83.8509,27.446],[83.8743,27.4349],[83.9154,27.4399],[83.936,27.4488],[83.9503,27.4411],[83.9706,27.4454],[83.9838,27.4375],[84.001,27.4448],[84.0299,27.4362],[84.0435,27.4452],[84.0535,27.4432],[84.0543,27.4499],[84.0632,27.4535],[84.0702,27.4809],[84.0978,27.4932],[84.1064,27.5191],[84.1172,27.5209],[84.1237,27.5123],[84.1542,27.5186],[84.1569,27.5122],[84.1497,27.5013],[84.1512,27.4908],[84.1761,27.4749],[84.2111,27.4675],[84.2126,27.4493],[84.2185,27.4396],[84.2255,27.4398],[84.2296,27.4496],[84.2551,27.4497],[84.2602,27.4346],[84.2745,27.4251],[84.2774,27.3967],[84.2942,27.3846],[84.3037,27.3913],[84.3405,27.3754],[84.3792,27.3752],[84.3984,27.3687],[84.4244,27.3712],[84.4602,27.3629],[84.4723,27.3545],[84.4875,27.3598],[84.6262,27.3365],[84.6665,27.2733],[84.6914,27.2233],[84.6856,27.2025],[84.6859,27.1814],[84.6777,27.1712],[84.6809,27.1615],[84.689,27.1598],[84.6785,27.1235],[84.6807,27.1147],[84.6747,27.1124],[84.6783,27.1026],[84.6697,27.089],[84.6505,27.0731],[84.6462,27.0467],[84.7016,27.0289],[84.7632,27.0002],[84.7688,27.0128],[84.7775,27.018],[84.7916,27.0077],[84.793,26.9975],[84.7973,26.9966],[84.8157,27.0122],[84.8162,27.0194],[84.829,27.0208],[84.8578,27.0084],[84.858,26.9922],[84.901,26.9733],[84.9321,26.9717],[84.9616,26.9628],[84.9813,26.9409],[84.9724,26.9298],[84.9715,26.9202],[85.0017,26.9157],[85.0068,26.9061],[85.001,26.9002],[85.0108,26.8944],[85.0477,26.8904],[85.0588,26.8846],[85.057,26.8799],[85.0329,26.8745],[85.0273,26.8559],[85.0341,26.8531],[85.0652,26.8495],[85.0791,26.8543],[85.0794,26.8584],[85.0872,26.8541],[85.0927,26.8593],[85.0873,26.8651],[85.1104,26.8715],[85.1344,26.8676],[85.1956,26.869],[85.1938,26.8347],[85.1793,26.8146],[85.1801,26.8093],[85.1846,26.798],[85.1963,26.7894],[85.1972,26.7747],[85.2134,26.7584],[85.2394,26.763],[85.2645,26.7546],[85.3078,26.7522],[85.3368,26.7414],[85.3618,26.7631],[85.3722,26.7578],[85.3772,26.7606],[85.388,26.7746],[85.4039,26.7807],[85.4094,26.7909],[85.4256,26.7862],[85.4376,26.7892],[85.4587,26.7821],[85.477,26.7903],[85.4802,26.8023],[85.4964,26.7968],[85.501,26.8127],[85.5226,26.8129],[85.545,26.8374],[85.555,26.8339],[85.559,26.8428],[85.5673,26.8408],[85.5763,26.8596],[85.5849,26.8581],[85.5883,26.8483],[85.6094,26.857],[85.6244,26.8739],[85.6372,26.8723],[85.6432,26.8531],[85.6781,26.8447],[85.7264,26.8167],[85.7274,26.8068],[85.736,26.7949],[85.7299,26.7484],[85.7354,26.7384],[85.7272,26.7241],[85.7241,26.681],[85.7284,26.6693],[85.736,26.6646],[85.7373,26.6504],[85.7689,26.6317],[85.8022,26.6252],[85.8064,26.6134],[85.8182,26.6032],[85.8303,26.6026],[85.8307,26.613],[85.8521,26.6083],[85.857,26.5915],[85.8475,26.5721],[85.8525,26.5684],[85.8783,26.5851],[85.8861,26.5832],[85.8899,26.5917],[85.9125,26.6087],[85.9287,26.6161],[85.9445,26.6156],[85.9601,26.6519],[85.9759,26.6595],[86.0147,26.656],[86.0302,26.6664],[86.0718,26.659],[86.0767,26.6503],[86.0887,26.6442],[86.127,26.6281],[86.1394,26.6286],[86.1412,26.6045],[86.1764,26.6178],[86.1783,26.6139],[86.1945,26.6146],[86.2011,26.5945],[86.2217,26.5898],[86.2365,26.5905],[86.237,26.5975],[86.2565,26.6133],[86.2731,26.6164],[86.2965,26.613],[86.3109,26.6198],[86.3456,26.6165],[86.3432,26.6059],[86.3964,26.5946],[86.3983,26.5855],[86.4603,26.567],[86.501,26.5422],[86.5383,26.5413],[86.5509,26.5305],[86.5559,26.5154],[86.573,26.4979],[86.6141,26.4879],[86.6281,26.4781],[86.6319,26.4685],[86.6973,26.4493],[86.7028,26.4387],[86.7201,26.4351],[86.7351,26.4244],[86.7471,26.4324],[86.7553,26.4467],[86.763,26.4464],[86.7728,26.4583],[86.818,26.4417],[86.8429,26.4399],[86.8661,26.4554],[86.8968,26.4616],[86.8927,26.481],[86.8964,26.4867],[86.9319,26.4885],[86.9331,26.5118],[86.9405,26.516],[86.9637,26.522],[86.9778,26.5194],[86.9866,26.528],[86.9997,26.5273],[87.016,26.5337],[87.046,26.573],[87.0457,26.5872],[87.0724,26.5865],[87.0749,26.5414],[87.0822,26.5213],[87.0925,26.4521],[87.1575,26.4057],[87.1909,26.4046],[87.1877,26.4141],[87.2128,26.413],[87.2181,26.4043],[87.2307,26.4138],[87.2619,26.4105],[87.2671,26.4023],[87.2668,26.3737],[87.2905,26.3744],[87.3031,26.3665],[87.3136,26.3719],[87.3412,26.3483],[87.3582,26.3605],[87.3557,26.3855],[87.3702,26.4074],[87.3783,26.4081],[87.3887,26.4187],[87.4288,26.421],[87.4629,26.4397],[87.4938,26.4369],[87.5497,26.4186],[87.5553,26.4051],[87.5867,26.3938],[87.5903,26.3824],[87.6094,26.381],[87.6142,26.3908],[87.6528,26.3928],[87.6515,26.4056],[87.6786,26.4162],[87.6791,26.4355],[87.6941,26.4356],[87.7004,26.4288],[87.7154,26.4273],[87.7246,26.412],[87.7356,26.4076],[87.7403,26.4187],[87.75,26.4178],[87.7541,26.4079],[87.7666,26.409],[87.78,26.4345],[87.777,26.4515],[87.792,26.4629],[87.7892,26.4678],[87.8161,26.4602],[87.831,26.4498],[87.8296,26.4403],[87.8505,26.4356],[87.8534,26.4456],[87.8648,26.452],[87.8602,26.4629],[87.8872,26.476],[87.8914,26.4861],[87.9019,26.4772],[87.9114,26.4585],[87.9007,26.4488],[87.9268,26.4459],[87.9177,26.4331],[87.9266,26.4286],[87.9294,26.4185],[87.9674,26.3979],[87.9933,26.3931],[87.9955,26.3672],[88.0102,26.355],[88.02,26.3528],[88.0312,26.3554],[88.0334,26.3773],[88.0395,26.3848],[88.0613,26.3986],[88.0984,26.4345],[88.1034,26.4461],[88.0968,26.4536],[88.1088,26.4655],[88.1045,26.4747],[88.1075,26.4896],[88.0997,26.5086],[88.109,26.5254],[88.1053,26.533],[88.1122,26.5389],[88.1389,26.5124],[88.1171,26.5301],[88.1066,26.5507],[88.1066,26.5553],[88.1144,26.5591],[88.1145,26.5689],[88.1326,26.574],[88.1321,26.6025],[88.1403,26.6114],[88.1405,26.6224],[88.1597,26.6357],[88.1666,26.681],[88.1867,26.7182],[88.1893,26.7408],[88.1848,26.7971],[88.176,26.8289],[88.1689,26.8383],[88.1765,26.861],[88.1443,26.8893],[88.1442,26.9277],[88.1235,26.9474],[88.1349,26.9857],[88.1159,26.9878],[88.093,27.0069],[88.0845,27.0356],[88.0691,27.0311],[88.0458,27.0382],[88.0282,27.0554],[88.0252,27.0848],[88.0129,27.0985],[87.9914,27.1116],[87.9942,27.1266],[88.0174,27.163],[88.0169,27.2164],[88.0332,27.2476],[88.0352,27.2804],[88.065,27.3379],[88.0613,27.3532],[88.0455,27.3674],[88.0442,27.3827],[88.0509,27.4108],[88.0708,27.4257],[88.0708,27.443],[88.0506,27.4718],[88.0474,27.4933],[88.0701,27.5312],[88.0633,27.5378],[88.0671,27.5491],[88.0835,27.5616],[88.0798,27.5793],[88.0835,27.5867],[88.1112,27.6071],[88.1256,27.6467],[88.151,27.6686],[88.1579,27.7302],[88.1808,27.7493],[88.1988,27.7881],[88.1864,27.8129],[88.1768,27.8192],[88.2012,27.8381],[88.2024,27.8503],[88.1789,27.866],[88.134,27.8731],[88.1385,27.8854],[88.1222,27.9171],[88.1376,27.9378],[88.1326,27.9504],[88.1478,27.963],[88.1823,27.9442],[88.1973,27.9432],[88.2044,27.9466],[88.2122,27.9661],[88.2302,27.9636],[88.2383,27.9674],[88.2464,27.9501],[88.2525,27.9481],[88.2807,27.958],[88.289,27.9673],[88.3134,27.9695],[88.3248,27.9793],[88.3538,27.9891],[88.3724,27.9877],[88.3984,27.9777],[88.4106,27.9832],[88.4351,28.0077],[88.4702,28.0194],[88.4802,28.0364],[88.4917,28.0452],[88.5097,28.0486],[88.5363,28.0365],[88.5475,28.0386],[88.5603,28.0635],[88.563,28.0845],[88.5755,28.0887],[88.5834,28.0853],[88.6251,28.1034],[88.6155,28.1225],[88.6204,28.1293],[88.6355,28.1269],[88.6463,28.1041],[88.6538,28.0988],[88.6753,28.0738],[88.6943,28.0787],[88.7595,28.0731],[88.7907,28.0505],[88.8136,28.026],[88.8373,28.0149],[88.8491,27.9908],[88.848,27.965],[88.8522,27.9562],[88.8446,27.9471],[88.8444,27.9318],[88.8693,27.9232],[88.8783,27.9022],[88.8894,27.8923],[88.8888,27.8699],[88.8937,27.8611],[88.8889,27.8387],[88.881,27.8272],[88.8622,27.8163],[88.8654,27.8079],[88.8605,27.7681],[88.8702,27.7388],[88.8578,27.7173],[88.8464,27.7102],[88.8533,27.7001],[88.8543,27.6687],[88.8337,27.6452],[88.8176,27.6417],[88.8131,27.603],[88.7962,27.5878],[88.7924,27.5751],[88.7747,27.5647],[88.7826,27.5374],[88.7965,27.5259],[88.7907,27.4962],[88.7908,27.4553],[88.8021,27.4468],[88.8023,27.4325],[88.8105,27.4269],[88.8191,27.4023],[88.8471,27.3779],[88.8661,27.3857],[88.8745,27.368],[88.8882,27.363],[88.897,27.3362],[88.9295,27.3261],[88.9166,27.3057],[88.9143,27.2833],[88.8802,27.2589],[88.8375,27.2624],[88.8082,27.2474],[88.8078,27.2205],[88.7967,27.2017],[88.7952,27.1856],[88.7679,27.175],[88.7668,27.1548],[88.7396,27.1371],[88.7316,27.1383],[88.7248,27.1438],[88.7396,27.1371],[88.7587,27.148],[88.758,27.1427],[88.7733,27.1385],[88.807,27.1366],[88.8176,27.1256],[88.833,27.1175],[88.8515,27.1161],[88.8636,27.1069],[88.8757,27.1092],[88.8855,27.0409],[88.8772,27.0106],[88.8816,26.9514],[88.8952,26.9598],[88.9005,26.977],[88.918,26.9942],[88.9257,26.996],[88.9603,26.9681],[88.962,26.9541],[88.9464,26.9423],[88.9689,26.924],[88.9911,26.9206],[89.0314,26.9401],[89.0377,26.9297],[89.0528,26.9196],[89.0529,26.9035],[89.074,26.9031],[89.0967,26.8939],[89.1016,26.885],[89.0939,26.8719],[89.1104,26.8597],[89.1083,26.8362],[89.1151,26.8326],[89.1189,26.8224],[89.1295,26.8208],[89.1373,26.808],[89.1791,26.8216],[89.1959,26.8084],[89.2398,26.8204],[89.2617,26.8168],[89.3222,26.8527],[89.3303,26.8493],[89.3344,26.84],[89.3658,26.8633],[89.3832,26.8662],[89.393,26.858],[89.397,26.8409],[89.4552,26.8338],[89.4609,26.8261],[89.4571,26.8143],[89.4652,26.8062],[89.4962,26.8022],[89.506,26.8047],[89.5173,26.8169],[89.5342,26.8189],[89.5518,26.8119],[89.5647,26.8155],[89.5726,26.8016],[89.617,26.7893],[89.6275,26.7768],[89.6429,26.7828],[89.6504,26.7809],[89.6592,26.7718],[89.6602,26.7634],[89.6482,26.7474],[89.6336,26.7422],[89.6191,26.728],[89.6378,26.7192],[89.6476,26.7228],[89.6642,26.7184],[89.6794,26.7403],[89.7089,26.737],[89.7237,26.7311],[89.7319,26.7222],[89.7622,26.7364],[89.7652,26.7331],[89.7621,26.7162],[89.7799,26.6995],[89.8127,26.7149],[89.8623,26.7037],[89.8679,26.7369],[89.8948,26.7243],[89.9632,26.723],[89.99,26.7266],[90.0074,26.7342],[90.0505,26.7289],[90.0728,26.7319],[90.1331,26.7489],[90.1939,26.7704],[90.1893,26.8095],[90.2,26.8328],[90.2201,26.8535],[90.2496,26.8577],[90.3067,26.848],[90.3169,26.8506],[90.351,26.8762],[90.3603,26.8959],[90.4149,26.9017],[90.4273,26.8979],[90.5648,26.8007],[90.6351,26.7913],[90.6539,26.7739],[90.6841,26.7799],[90.7046,26.7677],[90.7336,26.768],[90.7456,26.7747],[90.9015,26.7782],[91.0004,26.7878],[91.0583,26.7789],[91.0934,26.8179],[91.1009,26.8193],[91.134,26.8079],[91.1846,26.8109],[91.2665,26.8044],[91.2991,26.7845],[91.3403,26.779],[91.3836,26.8008],[91.4061,26.8344],[91.4124,26.8348],[91.4821,26.791],[91.4966,26.789],[91.5945,26.8039],[91.6276,26.8205],[91.6909,26.8042],[91.7009,26.8109],[91.7306,26.8116],[91.8056,26.8511],[91.8355,26.8754],[91.8614,26.913],[91.9009,26.9151],[91.9575,26.8866],[91.9634,26.8765],[91.989,26.8571],[92.0586,26.8468],[92.0858,26.8609],[92.0923,26.8597],[92.1008,26.8674],[92.102,26.8806],[92.1113,26.8926],[92.1205,26.9312],[92.1154,26.9482],[92.1209,26.959],[92.1167,26.9745],[92.1076,26.9765],[92.1057,26.9818],[92.1069,27.0066],[92.0834,27.0195],[92.0803,27.0387],[92.0677,27.0511],[92.0486,27.0509],[92.0456,27.0593],[92.0375,27.0637],[92.04,27.0691],[92.0316,27.0775],[92.026,27.1139],[92.0403,27.1374],[92.0282,27.1532],[92.0273,27.1613],[92.0291,27.1707],[92.0602,27.1886],[92.0612,27.2021],[92.0736,27.2226],[92.0698,27.2439],[92.044,27.2608],[92.0437,27.2657],[92.0741,27.2764],[92.1056,27.2681],[92.123,27.2749],[92.1247,27.2866],[92.1067,27.3004],[92.0821,27.3093],[92.063,27.3263],[92.0644,27.3443],[92.0526,27.3574],[92.0506,27.3674],[92.0588,27.3992],[92.0464,27.412],[92.0483,27.4245],[92.0431,27.4356],[92.0236,27.4468],[92.0232,27.4789],[92.0157,27.481],[91.9936,27.4735],[91.9835,27.4642],[91.9699,27.466],[91.9539,27.4601],[91.9439,27.4598],[91.9273,27.4706],[91.9031,27.4675],[91.8956,27.4725],[91.8768,27.4721],[91.8677,27.4813],[91.8538,27.4818],[91.8331,27.4683],[91.8141,27.4719],[91.7785,27.4638],[91.7545,27.4736],[91.7248,27.4697],[91.7186,27.473],[91.7154,27.4906],[91.6949,27.5021],[91.6581,27.4824],[91.6523,27.4841],[91.649,27.4984],[91.6254,27.5128],[91.6142,27.5411],[91.5994,27.539],[91.5671,27.5837],[91.5819,27.5991],[91.5813,27.6078],[91.5683,27.6195],[91.5629,27.633],[91.5721,27.652],[91.595,27.6714],[91.5971,27.6828],[91.6038,27.6861],[91.6016,27.6921],[91.6153,27.6925],[91.629,27.7055],[91.635,27.7466],[91.6454,27.7576],[91.6449,27.7648],[91.6365,27.7712],[91.6336,27.8004],[91.6043,27.8205],[91.5785,27.8124],[91.571,27.815],[91.5514,27.8465],[91.5495,27.8552],[91.5581,27.8583],[91.5644,27.8514],[91.5827,27.8617],[91.59,27.8559],[91.5997,27.8617],[91.6129,27.8537],[91.6272,27.8574],[91.6474,27.8538],[91.6748,27.8563],[91.6995,27.8217],[91.715,27.8129],[91.7516,27.8029],[91.7764,27.8008],[91.8094,27.8084],[91.8205,27.8029],[91.8295,27.8099],[91.8387,27.7794],[91.8504,27.7751],[91.8656,27.7364],[91.8755,27.7339],[91.8837,27.7213],[91.9134,27.7257],[91.9238,27.7145],[91.9501,27.7281],[91.9606,27.7501],[91.9708,27.7508],[91.9889,27.7694],[92.0427,27.7566],[92.0603,27.7585],[92.1611,27.8364],[92.2154,27.8583],[92.2512,27.8628],[92.2689,27.8572],[92.2895,27.8068],[92.3121,27.7784],[92.3207,27.7774],[92.355,27.7898],[92.3845,27.7942],[92.3877,27.8147],[92.4115,27.8213],[92.4186,27.8222],[92.4485,27.7999],[92.4596,27.8024],[92.506,27.8406],[92.5197,27.8393],[92.5485,27.8165],[92.5653,27.8201],[92.6097,27.8766],[92.6738,27.8992],[92.7185,27.9483],[92.7442,27.9885],[92.7003,28.0475],[92.6862,28.0578],[92.6679,28.062],[92.6661,28.0669],[92.6852,28.1173],[92.692,28.1251],[92.7416,28.1508],[92.7881,28.183],[92.8047,28.2015],[92.8213,28.2009],[92.8263,28.1731],[92.833,28.1707],[92.9003,28.2038],[92.9104,28.2144],[92.918,28.2342],[92.9696,28.261],[92.991,28.2505],[92.995,28.2336],[93.0053,28.2299],[93.0388,28.2623],[93.027,28.2991],[93.0771,28.3084],[93.1004,28.3062],[93.1298,28.326],[93.16,28.3176],[93.1987,28.3171],[93.224,28.3328],[93.2277,28.3402],[93.2243,28.3606],[93.2273,28.3771],[93.2366,28.3999],[93.231,28.4075],[93.1863,28.432],[93.1879,28.4392],[93.2128,28.4515],[93.2406,28.482],[93.2812,28.5041],[93.2943,28.5427],[93.3107,28.5656],[93.303,28.5914],[93.3053,28.5989],[93.3331,28.6077],[93.3425,28.6396],[93.3564,28.6383],[93.4173,28.6523],[93.4512,28.6754],[93.4622,28.6678],[93.4722,28.6514],[93.4796,28.653],[93.4847,28.6743],[93.4966,28.6833],[93.5147,28.6792],[93.5239,28.6731],[93.5299,28.6606],[93.5392,28.6581],[93.6254,28.6569],[93.7369,28.6884],[93.7804,28.6676],[93.8492,28.7065],[93.8705,28.7028],[93.9092,28.6756],[93.9312,28.6707],[93.9621,28.7037],[93.9707,28.7222],[93.9737,28.7504],[94.0067,28.7746],[94.0069,28.7833],[93.9906,28.7974],[93.9909,28.8059],[94.0053,28.8189],[94.0003,28.8405],[94.0355,28.8526],[94.072,28.8953],[94.1607,28.954],[94.1639,28.9733],[94.1785,28.9911],[94.1809,29.0198],[94.2205,29.0835],[94.2635,29.1162],[94.2936,29.1476],[94.3628,29.152],[94.3735,29.1658],[94.3782,29.1897],[94.4371,29.2263],[94.5004,29.2161],[94.5389,29.2181],[94.5638,29.2283],[94.578,29.25],[94.5837,29.2802],[94.6114,29.2965],[94.625,29.3123],[94.6297,29.3452],[94.6343,29.3482],[94.6476,29.3465],[94.6833,29.3273],[94.717,29.3037],[94.7831,29.2403],[94.7965,29.2253],[94.8035,29.2091],[94.7984,29.1794],[94.7984,29.1687],[94.8035,29.1636],[94.8521,29.1819],[94.8773,29.1832],[94.9242,29.1611],[94.973,29.1585],[95.0003,29.1396],[95.028,29.1292],[95.0235,29.1416],[94.992,29.1723],[95.0028,29.1718],[95.0449,29.1511],[95.1035,29.1424],[95.1186,29.1197],[95.1268,29.1147],[95.2016,29.1059],[95.2557,29.1082],[95.2549,29.0667],[95.2713,29.0558],[95.2723,29.0477],[95.2771,29.0567],[95.3075,29.061],[95.3502,29.0441],[95.4147,29.032],[95.4261,29.0391],[95.4589,29.0348],[95.4786,29.0638],[95.4876,29.069],[95.5011,29.1383],[95.5083,29.141],[95.5515,29.1266],[95.5502,29.1786],[95.5426,29.2121],[95.5907,29.2161],[95.5926,29.2405],[95.6037,29.26],[95.643,29.2479],[95.6881,29.2754],[95.7069,29.2986],[95.7202,29.2964],[95.732,29.3006],[95.7485,29.3144],[95.7505,29.3273],[95.7827,29.3546],[95.7882,29.3546],[95.7961,29.336],[95.8015,29.3344],[95.8318,29.3538],[95.8453,29.3518],[95.8533,29.3567],[95.8859,29.3896],[95.9621,29.3807],[95.9922,29.4049],[96.0075,29.4101],[96.0607,29.4565],[96.0857,29.4614],[96.0979,29.4544],[96.1182,29.4254],[96.1549,29.397],[96.1626,29.3808],[96.18,29.3621],[96.1905,29.342],[96.1877,29.3067],[96.2078,29.291],[96.2145,29.2721],[96.2479,29.2322],[96.2973,29.2328],[96.3169,29.2562],[96.3497,29.2644],[96.3675,29.2827],[96.3793,29.2808],[96.3971,29.2534],[96.3919,29.2306],[96.3755,29.2149],[96.3626,29.1784],[96.3504,29.1678],[96.2643,29.157],[96.253,29.147],[96.2319,29.1433],[96.2216,29.135],[96.2043,29.1027],[96.1896,29.0914],[96.1735,29.0844],[96.1185,29.0745],[96.1543,29.0499],[96.1886,28.9846],[96.1841,28.965],[96.1588,28.9521],[96.1577,28.943],[96.1489,28.9339],[96.1665,28.9184],[96.17,28.9022],[96.1782,28.9006],[96.2518,28.9391],[96.2592,28.9555],[96.2973,28.9951],[96.3252,29.0091],[96.3504,29.0286],[96.4394,29.0338],[96.5288,29.0754],[96.4808,28.99],[96.4909,28.9612],[96.4966,28.9582],[96.5222,28.9668],[96.527,28.9438],[96.5419,28.9166],[96.5406,28.8797],[96.5788,28.8258],[96.6067,28.7996],[96.6188,28.7736],[96.6163,28.7548],[96.5886,28.7166],[96.5626,28.7069],[96.525,28.704],[96.4932,28.6836],[96.4754,28.6833],[96.4732,28.6796],[96.4977,28.6387],[96.4966,28.6331],[96.4469,28.6009],[96.4305,28.5821],[96.425,28.58],[96.4034,28.5893],[96.409,28.5589],[96.3571,28.5556],[96.3281,28.529],[96.3267,28.5253],[96.3689,28.4995],[96.3752,28.4818],[96.3692,28.4743],[96.3436,28.4648],[96.2659,28.4082],[96.3068,28.3994],[96.3219,28.3808],[96.373,28.3888],[96.382,28.3585],[96.3941,28.357],[96.4013,28.3388],[96.4247,28.3453],[96.434,28.3861],[96.4603,28.4136],[96.482,28.419],[96.5122,28.4126],[96.5816,28.4573],[96.6665,28.4598],[96.708,28.4314],[96.7528,28.4154],[96.7648,28.3979],[96.776,28.3676],[96.8131,28.3615],[96.8537,28.3617],[96.864,28.3717],[96.9001,28.3792],[96.9214,28.3565],[96.9273,28.3381],[96.9541,28.333],[96.9753,28.3166],[96.9977,28.3091],[97.0239,28.3191],[97.0531,28.3509],[97.0938,28.3624],[97.1271,28.3489],[97.1531,28.3265],[97.1749,28.2914],[97.1936,28.2867],[97.2252,28.2921],[97.2421,28.2672],[97.2829,28.2682],[97.3071,28.2559],[97.3138,28.2437],[97.3282,28.2426],[97.352,28.226],[97.3753,28.2172],[97.4011,28.1919],[97.401,28.1849],[97.3928,28.1826],[97.3726,28.1919],[97.3641,28.188],[97.3313,28.1545],[97.3252,28.1397],[97.3405,28.1159],[97.3394,28.1109],[97.3106,28.0846],[97.3081,28.0684],[97.3121,28.0612],[97.332,28.0566],[97.3738,28.0613],[97.3682,28.0435],[97.3773,28.0301],[97.3987,28.025],[97.4153,28.0149],[97.4117,28.006],[97.3913,28.0028],[97.3781,27.977],[97.3756,27.9351],[97.3876,27.9214],[97.3785,27.9086],[97.3889,27.8869],[97.3647,27.8757],[97.3434,27.8847],[97.3211,27.8802],[97.3239,27.9026],[97.3087,27.9208],[97.2565,27.9005],[97.2025,27.8554],[97.1869,27.8369],[97.1678,27.8273],[97.1688,27.8204],[97.1603,27.8136],[97.1373,27.8061],[97.1242,27.7895],[97.1024,27.7845],[97.0983,27.7796],[97.1047,27.7662],[97.0963,27.7409],[97.0913,27.7394],[97.0674,27.7508],[97.048,27.7404],[97.0285,27.7403],[97.0156,27.7318],[96.9924,27.6767],[96.9907,27.6621],[96.9486,27.6626],[96.9192,27.6226],[96.8973,27.612],[96.8989,27.5847],[96.9137,27.5795],[96.9154,27.5492],[96.9372,27.5209],[96.933,27.5065],[96.9131,27.4786],[96.9113,27.4534],[96.9327,27.4411],[96.9407,27.4175],[96.9648,27.4058],[96.9682,27.3922],[96.9747,27.3864],[96.9682,27.3766],[96.9709,27.3693],[96.9811,27.364],[96.9842,27.3529],[96.9966,27.3453],[97.0024,27.32],[97.0393,27.2978],[97.0425,27.2796],[97.0556,27.2755],[97.0622,27.262],[97.0929,27.2375],[97.0939,27.211],[97.0992,27.2045],[97.1154,27.1987],[97.1259,27.1745],[97.1389,27.1668],[97.1485,27.1676],[97.1546,27.1514],[97.1657,27.1446],[97.1702,27.1259],[97.1544,27.1155],[97.1449,27.0919],[97.1295,27.0929],[97.1071,27.1105],[97.0776,27.0993],[97.0612,27.1005],[97.0289,27.1313],[96.9977,27.1436],[96.9834,27.1565],[96.9625,27.1624],[96.9172,27.1655],[96.8652,27.1899],[96.8623,27.2095],[96.889,27.2271],[96.8917,27.2379],[96.886,27.245],[96.8878,27.2539],[96.8608,27.2629],[96.8547,27.2707],[96.8489,27.2968],[96.8241,27.3111],[96.8017,27.3452],[96.7723,27.3558],[96.7401,27.3554],[96.712,27.3718],[96.6985,27.3566],[96.6696,27.3635],[96.6456,27.3591],[96.62,27.3641],[96.5978,27.3478],[96.6003,27.3359],[96.5613,27.3166],[96.5218,27.2854],[96.5049,27.2991],[96.4855,27.2968],[96.4703,27.3041],[96.4331,27.3016],[96.4157,27.2916],[96.3911,27.2863],[96.3637,27.292],[96.3611,27.2859],[96.3473,27.2803],[96.3105,27.294],[96.2901,27.2861],[96.2783,27.2714],[96.2341,27.277],[96.2178,27.2617],[96.1961,27.2574],[96.1818,27.2465],[96.1634,27.2468],[96.1143,27.2257],[96.0988,27.2238],[96.0861,27.2095],[96.0687,27.2056],[96.057,27.1952],[96.0362,27.1885],[96.0166,27.1472],[95.9893,27.1177],[95.9567,27.0607],[95.9456,27.0522],[95.8767,27.013],[95.8574,27.015],[95.8376,27.0079],[95.8076,27.0132],[95.8045,27.0047],[95.7793,26.9827],[95.7605,26.9567],[95.7633,26.9377],[95.7521,26.9229],[95.7577,26.9076],[95.7303,26.8802],[95.7206,26.8763],[95.703,26.8799],[95.6981,26.888],[95.673,26.9031],[95.6626,26.8978],[95.6506,26.8767],[95.6364,26.8722],[95.6318,26.8423],[95.611,26.8141],[95.5743,26.8186],[95.5544,26.8326],[95.5324,26.8243],[95.5144,26.8063],[95.4887,26.7547],[95.483,26.7481],[95.4652,26.7435],[95.4228,26.6898],[95.4059,26.6898],[95.3654,26.6708],[95.3462,26.6712],[95.3021,26.6494],[95.2927,26.6546],[95.2716,26.6563],[95.2617,26.6671],[95.2597,26.6798],[95.2505,26.6859],[95.2436,26.6874],[95.2373,26.6798],[95.2095,26.6451],[95.1817,26.6369],[95.1544,26.6131],[95.1541,26.5744],[95.144,26.5566],[95.1264,26.556],[95.1144,26.5416],[95.1203,26.5234],[95.103,26.5065],[95.1019,26.4968],[95.0755,26.4713],[95.0658,26.4504],[95.0659,26.444],[95.0864,26.4456],[95.1056,26.4235],[95.1041,26.3947],[95.121,26.3914],[95.135,26.3812],[95.1275,26.348],[95.1327,26.3359],[95.1267,26.3292],[95.1303,26.2857],[95.1198,26.2681],[95.1287,26.2494],[95.1203,26.2319],[95.1415,26.2073],[95.1237,26.1898],[95.1248,26.1758],[95.117,26.1621],[95.1268,26.13],[95.1194,26.1028],[95.1255,26.094],[95.1369,26.0955],[95.1504,26.0878],[95.1698,26.0897],[95.1844,26.0732],[95.1643,26.0462],[95.1613,26.0242],[95.1162,25.9806],[95.1051,25.961],[95.0776,25.9438],[95.0561,25.94],[95.0436,25.9278],[95.0354,25.9281],[95.035,25.9201],[95.0205,25.903],[95.0208,25.8805],[95.0142,25.8737],[95.014,25.865],[95.0318,25.8395],[95.036,25.8131],[95.0503,25.798],[95.044,25.7756],[95.051,25.7554],[95.0321,25.7343],[95.0078,25.7314],[94.9874,25.702],[94.936,25.662],[94.918,25.6041],[94.8873,25.5861],[94.886,25.5806],[94.9033,25.5601],[94.8514,25.5564],[94.8323,25.5399],[94.8108,25.4885],[94.7828,25.4834],[94.7711,25.4745],[94.755,25.4853],[94.7449,25.4724],[94.6941,25.4615],[94.6682,25.4488],[94.6314,25.4592],[94.6644,25.4489],[94.6808,25.4532],[94.6746,25.414],[94.6693,25.406],[94.6428,25.3951],[94.6343,25.3526],[94.6002,25.2922],[94.5975,25.2604],[94.5836,25.2092],[94.607,25.1845],[94.629,25.1837],[94.6459,25.1677],[94.6852,25.151],[94.7015,25.1529],[94.7116,25.143],[94.7436,25.1296],[94.7485,25.0564],[94.74,25.0182],[94.7009,24.9713],[94.7016,24.9565],[94.7168,24.9354],[94.6992,24.9205],[94.6866,24.888],[94.6545,24.8666],[94.6538,24.8559],[94.6355,24.8354],[94.6324,24.8078],[94.6225,24.7889],[94.6309,24.758],[94.6153,24.7371],[94.6084,24.7152],[94.5886,24.7041],[94.5821,24.708],[94.5834,24.7232],[94.5793,24.7245],[94.571,24.7152],[94.5742,24.7052],[94.5601,24.7115],[94.5486,24.7098],[94.5442,24.7007],[94.5506,24.686],[94.5483,24.6681],[94.529,24.6256],[94.5,24.5897],[94.4829,24.5756],[94.4631,24.569],[94.4271,24.4868],[94.401,24.4813],[94.409,24.4631],[94.398,24.4556],[94.4055,24.4473],[94.4064,24.4376],[94.4014,24.4146],[94.3967,24.4066],[94.3643,24.3981],[94.3629,24.3933],[94.3836,24.3781],[94.3808,24.3729],[94.3492,24.3356],[94.3238,24.3326],[94.3254,24.2861],[94.3107,24.2478],[94.2926,24.2336],[94.2811,24.1736],[94.2601,24.1615],[94.2554,24.1367],[94.257,24.0833],[94.2445,24.0564],[94.2304,24.0607],[94.2426,24.038],[94.1918,23.9589],[94.1932,23.9316],[94.1877,23.928],[94.1742,23.9328],[94.168,23.9291],[94.1587,23.8468],[94.1365,23.8499],[94.1324,23.8401],[94.1199,23.8368],[94.112,23.8466],[94.1114,23.8608],[94.0934,23.8877],[94.054,23.8919],[94.0485,23.8947],[94.0406,23.9123],[94.0151,23.9284],[93.9669,23.9285],[93.9513,23.9448],[93.9046,23.9518],[93.8747,23.9417],[93.8639,23.9327],[93.8137,23.9248],[93.8058,23.9281],[93.7913,23.9625],[93.7834,23.9645],[93.7713,23.9775],[93.7548,24.0046],[93.7445,24.0037],[93.7378,23.9943],[93.6755,24.0064],[93.6608,24.0],[93.6504,24.0089],[93.6187,24.0097],[93.6143,24.0062],[93.6189,23.9867],[93.6015,23.9651],[93.5781,23.9658],[93.5669,23.9842],[93.5616,23.9852],[93.553,23.9608],[93.5286,23.9564],[93.5132,23.9429],[93.5068,23.9446],[93.4839,23.9634],[93.467,23.9698],[93.4652,23.9951],[93.4515,24.0187],[93.4423,24.0236],[93.4312,24.0576],[93.423,24.0676],[93.4026,24.0803],[93.3648,24.089],[93.3499,24.1085],[93.3453,24.1091],[93.3523,24.0938],[93.3325,24.0863],[93.3404,24.0636],[93.3358,24.0495],[93.3406,24.0407],[93.3344,24.0387],[93.336,24.0303],[93.3405,24.0268],[93.3353,24.0199],[93.3387,24.0085],[93.3328,23.9831],[93.3499,23.9741],[93.3542,23.9573],[93.3693,23.9366],[93.3969,23.9263],[93.3952,23.8369],[93.3973,23.8202],[93.4091,23.8037],[93.4033,23.7576],[93.4157,23.7285],[93.4149,23.7081],[93.4345,23.6921],[93.4426,23.6783],[93.4262,23.6495],[93.4326,23.5848],[93.4219,23.5575],[93.4256,23.5342],[93.4054,23.5045],[93.4038,23.4633],[93.395,23.4293],[93.396,23.4073],[93.412,23.384],[93.3942,23.3701],[93.3965,23.3603],[93.3741,23.3587],[93.3636,23.3506],[93.377,23.3288],[93.3747,23.3089],[93.3789,23.2897],[93.3727,23.2707],[93.3761,23.2522],[93.3923,23.2204],[93.385,23.2073],[93.3715,23.1465],[93.3767,23.1398],[93.3882,23.144],[93.3912,23.1347],[93.3626,23.1129],[93.3596,23.0916],[93.3486,23.0765],[93.3558,23.0742],[93.355,23.069],[93.3505,23.0611],[93.3427,23.061],[93.3302,23.032],[93.3188,23.0182],[93.3125,23.0185],[93.2953,23.0022],[93.2762,23.0021],[93.2657,23.0088],[93.2508,23.003],[93.2318,23.0184],[93.2179,23.0418],[93.1922,23.0569],[93.1656,23.0457],[93.1534,23.0548],[93.1397,23.0574],[93.1308,23.0443],[93.1336,23.032],[93.1294,23.0227],[93.1336,23.0097],[93.127,22.9976],[93.1403,22.9905],[93.1458,22.9723],[93.1402,22.9612],[93.1494,22.9468],[93.1511,22.9274],[93.166,22.9159],[93.1604,22.9103],[93.1365,22.91],[93.1309,22.8721],[93.1193,22.8596],[93.1185,22.8343],[93.1089,22.8252],[93.1138,22.8132],[93.097,22.8074],[93.1103,22.7412],[93.0931,22.7081],[93.1045,22.6833],[93.1011,22.6711],[93.1161,22.6485],[93.1123,22.6362],[93.1339,22.6199],[93.1431,22.5831],[93.1334,22.5785],[93.113,22.5518],[93.1092,22.5289],[93.1283,22.5231],[93.1311,22.517],[93.128,22.503],[93.1358,22.4836],[93.1319,22.4719],[93.1395,22.4603],[93.1541,22.4491],[93.1728,22.4483],[93.1881,22.4242],[93.1862,22.4104],[93.1916,22.4058],[93.1895,22.3878],[93.1937,22.3811],[93.1899,22.3678],[93.1967,22.3341],[93.2038,22.3264],[93.1936,22.3216],[93.2058,22.258],[93.1876,22.2467],[93.1488,22.2452],[93.1437,22.2383],[93.1537,22.2258],[93.1563,22.2069],[93.167,22.1972],[93.1602,22.1795],[93.1516,22.1753],[93.128,22.1763],[93.1172,22.1958],[93.0946,22.1966],[93.0789,22.2057],[93.0512,22.2006],[93.044,22.195],[93.0523,22.1629],[93.0442,22.1361],[93.0565,22.125],[93.0638,22.1107],[93.0629,22.0995],[93.0494,22.0967],[93.0365,22.1024],[93.0133,22.103],[93.0118,22.0828],[92.9973,22.048],[92.9989,22.0298],[93.0077,22.0088],[93.0066,21.9816],[92.9963,21.9757],[92.9897,21.9786],[92.9769,22.0042],[92.9668,22.0119],[92.9639,22.0249],[92.9532,22.0277],[92.9395,22.0162],[92.932,22.0179],[92.9365,22.0064],[92.9251,21.9938],[92.9131,21.963],[92.9135,21.9473],[92.9083,21.9442],[92.9033,21.9515],[92.9021,21.9787],[92.8917,22.0099],[92.8722,22.0281],[92.8653,22.0633],[92.8466,22.0604],[92.8341,22.0744],[92.8232,22.0778],[92.8147,22.0937],[92.7751,22.108],[92.7669,22.114],[92.7678,22.1213],[92.7634,22.1245],[92.7355,22.1373],[92.7305,22.1479],[92.7157,22.1509],[92.7058,22.1518],[92.6971,22.1467],[92.6953,22.0846],[92.6913,22.0757],[92.6873,22.1055],[92.6816,22.1038],[92.6877,22.0394],[92.6821,22.0164],[92.6785,22.0127],[92.661,22.0141],[92.6388,21.9908],[92.6101,21.979],[92.6089,21.984],[92.6157,21.9885],[92.6102,22.0017],[92.6,22.0111],[92.6052,22.0263],[92.5991,22.0377],[92.6011,22.062],[92.5958,22.0661],[92.5948,22.0789],[92.5736,22.1202],[92.565,22.1282],[92.5697,22.1383],[92.5843,22.1441],[92.5923,22.1397],[92.5972,22.1269],[92.6085,22.1265],[92.6144,22.1691],[92.5997,22.1808],[92.602,22.1999],[92.5929,22.2179],[92.5927,22.2547],[92.5798,22.2787],[92.5834,22.3132],[92.5569,22.4161],[92.5473,22.5236],[92.5293,22.5678],[92.5393,22.5771],[92.5384,22.5961],[92.5269,22.6218],[92.535,22.6298],[92.527,22.6422],[92.5206,22.7012],[92.5105,22.7351],[92.5032,22.7424],[92.4805,22.7507],[92.467,22.8042],[92.4565,22.8171],[92.4561,22.8283],[92.4627,22.8307],[92.4588,22.8408],[92.4647,22.847],[92.4599,22.8553],[92.463,22.8619],[92.4584,22.8639],[92.4586,22.8734],[92.4486,22.8927],[92.4367,22.8883],[92.4217,22.9167],[92.4039,22.9127],[92.4018,22.9278],[92.3754,22.9337],[92.3784,22.9626],[92.374,22.9707],[92.3861,22.984],[92.3912,23.0055],[92.3843,23.0174],[92.3967,23.055],[92.3861,23.0882],[92.3766,23.0872],[92.3738,23.0993],[92.3666,23.1052],[92.3737,23.1262],[92.3634,23.1384],[92.368,23.149],[92.3653,23.1828],[92.3589,23.1949],[92.3615,23.2132],[92.3574,23.2342],[92.394,23.2403],[92.4059,23.2382],[92.4055,23.2425],[92.3931,23.2636],[92.3998,23.2717],[92.3881,23.2944],[92.3918,23.3072],[92.387,23.3175],[92.3767,23.3214],[92.3731,23.3285],[92.3848,23.341],[92.3854,23.3601],[92.379,23.3722],[92.3655,23.3751],[92.3678,23.3797],[92.3599,23.3863],[92.362,23.3958],[92.357,23.4015],[92.3612,23.414],[92.351,23.4196],[92.348,23.4347],[92.3325,23.4295],[92.3348,23.4642],[92.323,23.4713],[92.3293,23.4806],[92.3211,23.5181],[92.3242,23.5271],[92.3131,23.5343],[92.31,23.5904],[92.295,23.5966],[92.2948,23.6152],[92.3023,23.6238],[92.2841,23.6262],[92.2847,23.6342],[92.2799,23.6378],[92.2929,23.6711],[92.2948,23.6936],[92.2824,23.715],[92.2685,23.7244],[92.2541,23.7221],[92.244,23.71],[92.2467,23.696],[92.2376,23.6837],[92.2385,23.6704],[92.2244,23.6529],[92.2154,23.6543],[92.2119,23.6612],[92.2177,23.6857],[92.2084,23.7049],[92.1814,23.7081],[92.1772,23.7378],[92.1546,23.734],[92.1462,23.7284],[92.1367,23.7073],[92.1068,23.6765],[92.0898,23.6764],[92.0772,23.6455],[92.0421,23.6477],[92.0124,23.6631],[91.9839,23.7307],[91.9709,23.7347],[91.9564,23.728],[91.9535,23.7134],[91.9616,23.698],[91.9407,23.6879],[91.9404,23.6643],[91.9495,23.6463],[91.9482,23.6267],[91.9597,23.605],[91.9567,23.5709],[91.967,23.5382],[91.9618,23.5188],[91.971,23.5119],[91.9787,23.4822],[91.9468,23.4707],[91.9432,23.4614],[91.9461,23.439],[91.9425,23.4357],[91.912,23.4393],[91.8926,23.4335],[91.8667,23.4076],[91.8526,23.4053],[91.8429,23.3973],[91.8414,23.3735],[91.8247,23.3484],[91.8094,23.3374],[91.8023,23.3181],[91.7885,23.3065],[91.7778,23.2764],[91.7785,23.2512],[91.7916,23.2313],[91.7931,23.2009],[91.8054,23.1799],[91.819,23.1032],[91.8213,23.0993],[91.834,23.1004],[91.8353,23.0958],[91.8165,23.0821],[91.8203,23.0783],[91.8109,23.0695],[91.7961,23.0686],[91.7876,23.0739],[91.779,23.0699],[91.7773,23.0639],[91.7857,23.0428],[91.7807,23.0334],[91.774,23.041],[91.7269,22.9943],[91.7158,22.9876],[91.6966,22.99],[91.6746,22.9789],[91.6596,22.9805],[91.6386,22.9687],[91.6215,22.9442],[91.6169,22.9444],[91.6051,22.9701],[91.5954,22.977],[91.5792,22.97],[91.5582,22.9818],[91.5588,23.0022],[91.5487,22.9948],[91.5459,22.9977],[91.5497,23.017],[91.5435,23.0242],[91.5517,23.0392],[91.5372,23.0397],[91.5386,23.0572],[91.5302,23.0616],[91.5357,23.0693],[91.5293,23.0824],[91.5337,23.0897],[91.527,23.0924],[91.5177,23.1073],[91.5172,23.1228],[91.5079,23.1273],[91.507,23.1325],[91.5178,23.1442],[91.494,23.1559],[91.497,23.1801],[91.5075,23.1864],[91.4773,23.1938],[91.4755,23.1983],[91.4877,23.2049],[91.4854,23.2139],[91.4828,23.2189],[91.4639,23.2161],[91.4584,23.2201],[91.4707,23.2325],[91.4628,23.2464],[91.4547,23.247],[91.4571,23.2583],[91.4487,23.2629],[91.4249,23.2605],[91.4162,23.2822],[91.4116,23.2818],[91.4167,23.2612],[91.4137,23.2577],[91.4062,23.2653],[91.4021,23.2631],[91.409,23.2534],[91.4011,23.2453],[91.4032,23.2304],[91.3916,23.2255],[91.3885,23.2131],[91.3915,23.2034],[91.3845,23.1952],[91.3885,23.1608],[91.3957,23.1513],[91.402,23.1177],[91.4078,23.1114],[91.4069,23.099],[91.4216,23.0715],[91.4142,23.0642],[91.3931,23.0622],[91.3707,23.0749],[91.3564,23.0955],[91.3349,23.1557],[91.3279,23.1644],[91.3277,23.2246],[91.3233,23.2458],[91.3291,23.2529],[91.32,23.2566],[91.3158,23.2669],[91.3181,23.283],[91.3047,23.2867],[91.3029,23.2928],[91.3179,23.3086],[91.3118,23.316],[91.2945,23.3203],[91.3002,23.3399],[91.314,23.349],[91.317,23.36],[91.2997,23.3505],[91.2918,23.3701],[91.2973,23.373],[91.2966,23.3796],[91.2861,23.3766],[91.2805,23.3965],[91.2818,23.4114],[91.2708,23.4235],[91.2725,23.4329],[91.2594,23.4484],[91.2497,23.4897],[91.2427,23.49],[91.238,23.4995],[91.225,23.4991],[91.2204,23.5115],[91.2081,23.5135],[91.2056,23.5204],[91.2133,23.5501],[91.1998,23.5516],[91.1985,23.5617],[91.1784,23.5873],[91.1789,23.5957],[91.1632,23.6014],[91.1615,23.6635],[91.1959,23.6529],[91.1974,23.6468],[91.2031,23.6455],[91.2084,23.6581],[91.2076,23.6822],[91.2047,23.6897],[91.1578,23.6894],[91.1525,23.7115],[91.1548,23.7293],[91.1674,23.7487],[91.2058,23.754],[91.2228,23.7415],[91.2276,23.7453],[91.2284,23.7869],[91.2347,23.8076],[91.254,23.8377],[91.2332,23.8857],[91.2369,23.9035],[91.2471,23.9126],[91.2461,23.9195],[91.2383,23.9248],[91.242,23.9283],[91.2689,23.9252],[91.2766,23.9284],[91.2654,23.947],[91.2845,23.9801],[91.2897,23.9798],[91.2907,23.9704],[91.2974,23.9699],[91.3073,23.9895],[91.3282,23.9929],[91.3408,23.9818],[91.3633,23.9852],[91.3854,23.9759],[91.3795,23.9984],[91.3956,24.0226],[91.4042,24.0539],[91.384,24.0726],[91.3821,24.1049],[91.3877,24.109],[91.4282,24.1088],[91.4697,24.0968],[91.4966,24.0963],[91.5015,24.0861],[91.5535,24.0758],[91.5785,24.0802],[91.5909,24.0745],[91.6016,24.0784],[91.6055,24.0806],[91.603,24.0954],[91.6298,24.0966],[91.6425,24.1095],[91.6405,24.1453],[91.6468,24.1539],[91.6515,24.1786],[91.6639,24.1891],[91.6544,24.2194],[91.6714,24.2331],[91.6756,24.2321],[91.6713,24.2137],[91.6834,24.1982],[91.6946,24.1668],[91.7022,24.1603],[91.71,24.1625],[91.7156,24.1546],[91.7609,24.1387],[91.7678,24.1489],[91.7498,24.2448],[91.7981,24.2216],[91.8146,24.2227],[91.8224,24.2145],[91.8313,24.2135],[91.848,24.2252],[91.8547,24.2205],[91.8504,24.199],[91.8826,24.1587],[91.8899,24.1406],[91.8957,24.1355],[91.9074,24.1369],[91.9131,24.1404],[91.9319,24.228],[91.944,24.2577],[91.9432,24.2833],[91.9275,24.3217],[91.9279,24.3391],[91.9623,24.358],[91.9815,24.3336],[91.9986,24.328],[92.0049,24.338],[91.9923,24.3509],[91.9746,24.3828],[91.9797,24.3864],[91.9873,24.3818],[91.9953,24.3905],[92.0059,24.393],[92.0103,24.3847],[92.0209,24.386],[92.0366,24.3773],[92.058,24.3753],[92.0945,24.3744],[92.1242,24.3822],[92.1256,24.3957],[92.1393,24.4217],[92.1475,24.4255],[92.1718,24.4216],[92.1543,24.5032],[92.1588,24.5247],[92.1807,24.5246],[92.2211,24.5013],[92.2334,24.5017],[92.2334,24.581],[92.2215,24.6053],[92.2342,24.6221],[92.2401,24.644],[92.2274,24.6664],[92.2262,24.68],[92.2394,24.7016],[92.2574,24.7013],[92.2661,24.7124],[92.2706,24.7477],[92.2645,24.7641],[92.2658,24.7741],[92.2831,24.7872],[92.2746,24.8014],[92.2718,24.8287],[92.2475,24.8331],[92.249,24.8493],[92.237,24.861],[92.2363,24.8657],[92.2534,24.8815],[92.2436,24.9039],[92.2587,24.9088],[92.2855,24.9077],[92.3077,24.9162],[92.3151,24.9007],[92.3431,24.8829],[92.3557,24.8902],[92.3656,24.8775],[92.3793,24.8725],[92.3961,24.8551],[92.4027,24.8553],[92.4108,24.8635],[92.4241,24.858],[92.438,24.8596],[92.4433,24.8685],[92.4574,24.8758],[92.4872,24.8668],[92.4978,24.8679],[92.4955,24.9061],[92.4844,24.931],[92.4887,24.9423],[92.455,24.9423],[92.4516,24.9526],[92.4611,24.9552],[92.4659,24.9625],[92.4541,24.9691],[92.431,24.9696],[92.4199,24.9802],[92.4253,25.0295],[92.4183,25.0339],[92.4048,25.033],[92.3679,25.0489],[92.3479,25.0499],[92.344,25.0775],[92.3365,25.0819],[92.3115,25.0712],[92.3003,25.0715],[92.2324,25.0965],[92.2123,25.1111],[92.2257,25.1145],[92.2278,25.1179],[92.2223,25.1211],[92.2027,25.1248],[92.1907,25.1354],[92.1873,25.1326],[92.1928,25.1217],[92.179,25.1227],[92.1386,25.1427],[92.1376,25.1562],[92.1255,25.1653],[92.0652,25.1873],[92.0496,25.1817],[92.0052,25.1871],[91.9862,25.171],[91.9501,25.1827],[91.8623,25.1744],[91.8442,25.1781],[91.8094,25.1688],[91.7749,25.1665],[91.7497,25.1711],[91.7468,25.1666],[91.7506,25.1533],[91.747,25.148],[91.7078,25.1562],[91.6972,25.1398],[91.6749,25.1366],[91.6638,25.1288],[91.6536,25.1303],[91.645,25.1237],[91.6311,25.1302],[91.627,25.143],[91.6216,25.1461],[91.6081,25.1425],[91.604,25.1464],[91.6046,25.1661],[91.6113,25.1717],[91.6059,25.1731],[91.5826,25.1696],[91.5505,25.1484],[91.5108,25.1445],[91.4961,25.1341],[91.4805,25.1345],[91.4739,25.1356],[91.4698,25.1489],[91.4423,25.1516],[91.4169,25.1719],[91.4069,25.1656],[91.3911,25.1697],[91.3793,25.1666],[91.3595,25.1767],[91.3414,25.1731],[91.3239,25.1845],[91.2945,25.1863],[91.2887,25.1968],[91.2676,25.2062],[91.255,25.197],[91.1961,25.1992],[91.1377,25.1924],[91.0845,25.2014],[91.0667,25.1916],[90.9726,25.172],[90.9115,25.1615],[90.8945,25.1656],[90.8723,25.1591],[90.8224,25.163],[90.7931,25.1818],[90.783,25.1832],[90.7634,25.1646],[90.7443,25.1646],[90.7432,25.1568],[90.735,25.1541],[90.7236,25.1643],[90.6964,25.1592],[90.6828,25.1694],[90.6778,25.167],[90.658,25.1926],[90.6543,25.1851],[90.6398,25.1777],[90.6392,25.1726],[90.5133,25.1679],[90.4556,25.1501],[90.4474,25.1432],[90.3802,25.1612],[90.355,25.1736],[90.3346,25.1912],[90.3038,25.1871],[90.2783,25.1974],[90.2631,25.1949],[90.2365,25.2032],[90.2173,25.2026],[90.1721,25.2212],[90.1152,25.2237],[90.1036,25.2342],[90.0752,25.2434],[90.0627,25.2555],[89.9838,25.2848],[89.9751,25.3005],[89.9321,25.299],[89.9109,25.3073],[89.8774,25.2867],[89.8377,25.2955],[89.8429,25.318],[89.8231,25.347],[89.8168,25.3694],[89.8185,25.3881],[89.8289,25.4033],[89.837,25.4344],[89.8558,25.4627],[89.8561,25.4766],[89.8632,25.523],[89.8562,25.5375],[89.8701,25.5478],[89.8747,25.5572],[89.8792,25.5762],[89.8742,25.588],[89.8831,25.6215],[89.8719,25.6541],[89.848,25.6905],[89.8565,25.7056],[89.8565,25.7148],[89.8402,25.7147],[89.8298,25.7293],[89.8285,25.7421],[89.8434,25.761],[89.831,25.8047],[89.8188,25.8171],[89.8352,25.8377],[89.8405,25.8778],[89.874,25.9131],[89.887,25.942],[89.8446,25.9405],[89.8312,25.947],[89.8483,25.9561],[89.8414,25.9678],[89.8447,25.9722],[89.8682,25.9703],[89.8715,25.9761],[89.8434,26.0049],[89.8352,26.0072],[89.8352,25.9863],[89.8186,25.989],[89.8215,26.0236],[89.8131,26.0383],[89.799,26.0182],[89.7923,26.017],[89.8033,26.0395],[89.7961,26.0333],[89.7875,26.0388],[89.7785,26.0355],[89.7928,26.0455],[89.7881,26.0532],[89.8012,26.0586],[89.7974,26.0884],[89.7898,26.0828],[89.7861,26.086],[89.7875,26.1061],[89.7713,26.1066],[89.765,26.1125],[89.7699,26.1319],[89.7531,26.1529],[89.7391,26.1582],[89.724,26.1575],[89.7227,26.1656],[89.739,26.175],[89.7246,26.178],[89.7386,26.1734],[89.7182,26.1665],[89.7162,26.157],[89.7097,26.1536],[89.6887,26.168],[89.6899,26.172],[89.6999,26.1726],[89.6988,26.1775],[89.6774,26.2023],[89.679,26.2084],[89.6942,26.2118],[89.6875,26.2165],[89.6961,26.2218],[89.6834,26.2301],[89.6644,26.2222],[89.6465,26.2286],[89.641,26.2155],[89.6519,26.1956],[89.648,26.1922],[89.6373,26.1966],[89.6348,26.1922],[89.6414,26.1857],[89.6598,26.1834],[89.6564,26.1694],[89.6444,26.1728],[89.6412,26.18],[89.6249,26.1817],[89.6177,26.1772],[89.6153,26.1611],[89.6055,26.1643],[89.5974,26.1608],[89.6083,26.1209],[89.6226,26.1195],[89.6293,26.1284],[89.6307,26.124],[89.6278,26.1138],[89.6035,26.1114],[89.5983,26.1008],[89.6132,26.0891],[89.62,26.1016],[89.6322,26.1075],[89.639,26.0955],[89.6392,26.0795],[89.6534,26.0683],[89.6256,26.0563],[89.6197,26.0631],[89.6068,26.066],[89.6148,26.0493],[89.6008,26.0471],[89.6001,26.0404],[89.593,26.044],[89.5828,26.026],[89.5913,25.9795],[89.5823,25.9765],[89.5815,25.9681],[89.5722,25.97],[89.5725,25.9753],[89.5619,25.9663],[89.554,25.9666],[89.5483,25.9707],[89.5447,25.985],[89.5502,25.9988],[89.5416,26.0079],[89.5329,26.0038],[89.5037,26.0054],[89.4773,25.996],[89.4319,26.0152],[89.4363,26.0225],[89.4258,26.0428],[89.4049,26.0362],[89.393,26.0089],[89.3577,26.0112],[89.3448,26.0168],[89.3256,26.0388],[89.3016,26.05],[89.2866,26.0501],[89.2824,26.053],[89.2815,26.0647],[89.2704,26.0615],[89.2628,26.0662],[89.2596,26.0746],[89.2695,26.0881],[89.2684,26.093],[89.2498,26.102],[89.2243,26.1262],[89.1767,26.1314],[89.1615,26.1396],[89.1544,26.1545],[89.1538,26.1695],[89.1408,26.1854],[89.1407,26.1934],[89.151,26.2072],[89.1484,26.2222],[89.1404,26.2421],[89.1297,26.2498],[89.1249,26.2658],[89.1065,26.2898],[89.1096,26.299],[89.1066,26.3064],[89.1141,26.3067],[89.1244,26.292],[89.1368,26.3169],[89.1058,26.3271],[89.0889,26.322],[89.0998,26.3316],[89.1018,26.3407],[89.0981,26.3596],[89.0854,26.3637],[89.0927,26.3685],[89.0923,26.3804],[89.0982,26.3908],[89.0913,26.3996],[89.0732,26.394],[89.0471,26.398],[89.0393,26.3948],[89.0357,26.4061],[89.0228,26.4119],[89.0129,26.4106],[89.0092,26.42],[89.0,26.4185],[88.9958,26.408],[88.9811,26.4071],[88.9881,26.4438],[88.9677,26.4589],[88.964,26.4512],[88.9539,26.4481],[88.9517,26.4327],[88.9326,26.4316],[88.9311,26.41],[88.9153,26.4046],[88.9211,26.363],[88.9598,26.3626],[88.9541,26.3475],[88.9608,26.3461],[88.9592,26.3332],[88.9656,26.3341],[88.9696,26.3504],[88.9782,26.347],[88.9834,26.3522],[88.9907,26.3462],[88.9917,26.3358],[89.0041,26.3263],[89.0007,26.3152],[88.9897,26.3184],[88.9905,26.3061],[88.9983,26.2989],[89.005,26.2949],[89.0133,26.3002],[89.0183,26.2915],[89.0261,26.309],[89.0298,26.2866],[89.0508,26.2809],[89.0512,26.293],[89.0575,26.2958],[89.0629,26.2887],[89.0588,26.2766],[89.0645,26.2707],[89.0641,26.2547],[89.0558,26.2556],[89.0502,26.2411],[89.0347,26.2476],[88.972,26.2412],[88.9564,26.2514],[88.9269,26.2845],[88.907,26.2881],[88.8789,26.2858],[88.8705,26.2756],[88.868,26.2533],[88.8852,26.2369],[88.848,26.233],[88.8364,26.2418],[88.8404,26.2503],[88.8261,26.2515],[88.8214,26.2597],[88.8232,26.2963],[88.8009,26.3089],[88.7798,26.2991],[88.7565,26.3101],[88.7438,26.2902],[88.7332,26.2919],[88.7208,26.2808],[88.6993,26.2787],[88.6953,26.2755],[88.6972,26.2681],[88.6877,26.2624],[88.6757,26.2653],[88.6698,26.2854],[88.6736,26.2917],[88.6825,26.2959],[88.7058,26.2902],[88.6888,26.3033],[88.68,26.3198],[88.695,26.3284],[88.6976,26.3151],[88.7322,26.3152],[88.7525,26.3288],[88.7417,26.3304],[88.7485,26.3406],[88.7474,26.3526],[88.7409,26.3542],[88.7331,26.3442],[88.7122,26.3344],[88.7063,26.3367],[88.6997,26.3527],[88.7022,26.3601],[88.6927,26.3743],[88.7031,26.3809],[88.7048,26.3886],[88.6842,26.3935],[88.6921,26.4011],[88.6872,26.4094],[88.6668,26.4169],[88.6565,26.416],[88.6525,26.4264],[88.6329,26.4354],[88.6331,26.4562],[88.6262,26.4699],[88.6174,26.4742],[88.6031,26.4696],[88.5998,26.4637],[88.6029,26.4553],[88.5989,26.4533],[88.5727,26.458],[88.5543,26.4821],[88.5327,26.4862],[88.5157,26.5135],[88.4991,26.5148],[88.4837,26.5418],[88.4688,26.549],[88.4621,26.5387],[88.4556,26.5373],[88.4371,26.5473],[88.4295,26.5673],[88.4216,26.6274],[88.4173,26.6299],[88.4027,26.6246],[88.3936,26.6085],[88.4049,26.6016],[88.384,26.5944],[88.3592,26.5095],[88.3463,26.4995],[88.34,26.487],[88.3424,26.4732],[88.355,26.4625],[88.3569,26.4491],[88.3645,26.451],[88.368,26.4675],[88.3644,26.4797],[88.3682,26.4849],[88.3984,26.4763],[88.4094,26.482],[88.4215,26.4649],[88.4361,26.4729],[88.4484,26.4616],[88.4637,26.466],[88.4872,26.4599],[88.484,26.4475],[88.494,26.4443],[88.4952,26.4252],[88.503,26.4158],[88.5004,26.4072],[88.5125,26.4025],[88.5112,26.3939],[88.5171,26.3892],[88.5256,26.392],[88.5161,26.3728],[88.5331,26.3735],[88.5231,26.3631],[88.5279,26.3573],[88.5124,26.347],[88.511,26.3618],[88.4955,26.3579],[88.4947,26.3499],[88.4882,26.351],[88.4688,26.3604],[88.4635,26.3733],[88.4419,26.3379],[88.4168,26.3323],[88.4215,26.3173],[88.3984,26.3177],[88.3934,26.3089],[88.3789,26.3061],[88.3626,26.2916],[88.3508,26.2637],[88.3592,26.2415],[88.3541,26.2216],[88.3404,26.2159],[88.3292,26.2045],[88.3126,26.2082],[88.2769,26.1924],[88.2528,26.1925],[88.2376,26.1795],[88.2181,26.173],[88.213,26.1624],[88.2029,26.1634],[88.1828,26.1475],[88.176,26.1178],[88.1616,26.1021],[88.1628,26.0795],[88.1769,26.0757],[88.1862,26.067],[88.1743,26.0515],[88.1741,26.0343],[88.1819,26.0253],[88.144,26.0129],[88.1492,25.9971],[88.1383,25.9877],[88.1364,25.977],[88.1252,25.9684],[88.1262,25.9431],[88.1165,25.9333],[88.0996,25.9264],[88.0954,25.917],[88.0977,25.9039],[88.0938,25.8953],[88.1034,25.8843],[88.0995,25.8716],[88.1131,25.8647],[88.1192,25.8551],[88.1046,25.8431],[88.1074,25.8134],[88.1165,25.8087],[88.1137,25.7964],[88.1437,25.7915],[88.1449,25.7738],[88.1501,25.7725],[88.1581,25.7828],[88.173,25.7845],[88.1851,25.7945],[88.1941,25.7955],[88.2107,25.7856],[88.2145,25.7958],[88.2308,25.7957],[88.2437,25.8055],[88.2607,25.8093],[88.2749,25.806],[88.2782,25.7888],[88.2716,25.7786],[88.2889,25.7728],[88.2975,25.7612],[88.3172,25.7511],[88.3214,25.736],[88.3367,25.7381],[88.3436,25.7302],[88.3761,25.7139],[88.375,25.6997],[88.3867,25.6988],[88.3905,25.6875],[88.403,25.684],[88.4176,25.6639],[88.4353,25.6679],[88.4563,25.6626],[88.4595,25.6287],[88.4504,25.6012],[88.4724,25.5851],[88.4979,25.5809],[88.4985,25.5592],[88.5243,25.5374],[88.5372,25.5364],[88.5428,25.5103],[88.5557,25.5175],[88.5936,25.5067],[88.6074,25.5145],[88.6239,25.499],[88.6413,25.4979],[88.6513,25.4812],[88.6693,25.4747],[88.7007,25.4733],[88.7119,25.4876],[88.7106,25.4959],[88.7411,25.5014],[88.7429,25.4897],[88.7487,25.4886],[88.7686,25.4966],[88.7628,25.521],[88.7855,25.5143],[88.8019,25.5225],[88.8154,25.4899],[88.8362,25.48],[88.8366,25.4477],[88.8294,25.4398],[88.8371,25.4285],[88.8315,25.4133],[88.8182,25.4081],[88.8455,25.3937],[88.8458,25.3885],[88.8409,25.3865],[88.8481,25.3636],[88.869,25.3517],[88.8728,25.339],[88.8842,25.3275],[88.8895,25.3266],[88.9021,25.3375],[88.9168,25.3154],[88.9287,25.3146],[88.9375,25.3069],[88.9838,25.3065],[88.9887,25.3015],[89.0051,25.3],[89.0125,25.2672],[88.9908,25.2712],[88.9582,25.2502],[88.956,25.2418],[88.964,25.2106],[88.9404,25.2035],[88.9394,25.1976],[88.9484,25.1911],[88.9492,25.1802],[88.9313,25.1773],[88.9196,25.1657],[88.9029,25.1813],[88.8935,25.1831],[88.8896,25.1763],[88.8821,25.1763],[88.8764,25.1896],[88.8654,25.1896],[88.8639,25.1999],[88.853,25.2019],[88.8485,25.2101],[88.8351,25.2078],[88.8335,25.1944],[88.809,25.174],[88.7806,25.1782],[88.7775,25.1882],[88.7571,25.1783],[88.7269,25.2009],[88.6892,25.2098],[88.6696,25.2034],[88.6189,25.2052],[88.5931,25.1933],[88.5887,25.1813],[88.5684,25.1747],[88.5639,25.176],[88.5624,25.1905],[88.5541,25.1934],[88.5378,25.1879],[88.5374,25.1992],[88.5121,25.1993],[88.4872,25.2136],[88.4671,25.1961],[88.4579,25.1976],[88.4517,25.2082],[88.4442,25.2093],[88.45,25.1709],[88.4617,25.145],[88.4601,25.1316],[88.4462,25.1193],[88.4539,25.0768],[88.4381,25.0494],[88.4499,25.0404],[88.4515,25.0293],[88.4427,25.0105],[88.4377,25.0078],[88.4292,25.0125],[88.4263,25.0025],[88.4126,24.9947],[88.416,24.9839],[88.4121,24.9748],[88.403,24.9707],[88.3979,24.944],[88.3838,24.9437],[88.3713,24.9524],[88.3469,24.9401],[88.3408,24.9237],[88.3317,24.9151],[88.3347,24.9059],[88.3466,24.9012],[88.3466,24.8858],[88.333,24.8708],[88.3245,24.8813],[88.3064,24.8792],[88.2809,24.893],[88.2763,24.8915],[88.2722,24.8769],[88.2662,24.8782],[88.2645,24.9145],[88.2465,24.9446],[88.2307,24.9558],[88.2047,24.9561],[88.1696,24.9429],[88.1558,24.9315],[88.1424,24.9303],[88.1482,24.9186],[88.1694,24.8979],[88.171,24.8907],[88.158,24.8909],[88.1666,24.8812],[88.1611,24.8707],[88.177,24.8598],[88.1683,24.8577],[88.1644,24.8509],[88.1464,24.8508],[88.1447,24.8322],[88.1355,24.833],[88.1411,24.8175],[88.14,24.8023],[88.1328,24.804],[88.1278,24.8266],[88.1231,24.8186],[88.1177,24.8187],[88.1077,24.7914],[88.1082,24.7808],[88.0814,24.7697],[88.0718,24.7705],[88.074,24.7364],[88.0684,24.7221],[88.02,24.6794],[88.0137,24.6645],[88.0516,24.6306],[88.1031,24.5467],[88.1332,24.5168],[88.1709,24.4968],[88.2037,24.4581],[88.2434,24.452],[88.2736,24.44],[88.3062,24.4052],[88.3432,24.3778],[88.3758,24.3703],[88.4273,24.3797],[88.4459,24.3764],[88.508,24.3446],[88.528,24.342],[88.5429,24.3249],[88.5556,24.2983],[88.5674,24.3035],[88.573,24.3225],[88.5791,24.3248],[88.5865,24.3228],[88.5923,24.3124],[88.6059,24.3093],[88.6117,24.3164],[88.6271,24.3158],[88.63,24.3094],[88.6407,24.3063],[88.655,24.3073],[88.6647,24.3144],[88.7038,24.3113],[88.7268,24.2983],[88.7395,24.2746],[88.7418,24.2617],[88.734,24.1725],[88.747,24.1532],[88.7489,24.1403],[88.7323,24.1278],[88.7016,24.1197],[88.6986,24.115],[88.7039,24.0965],[88.7255,24.1011],[88.7295,24.0975],[88.7263,24.0674],[88.7415,24.0611],[88.7272,24.0541],[88.7393,24.0482],[88.743,24.0362],[88.7416,24.0154],[88.7333,24.0068],[88.731,23.9962],[88.7625,24.0098],[88.7748,23.9865],[88.7449,23.9863],[88.7388,23.9799],[88.7376,23.9618],[88.7443,23.9546],[88.7461,23.9376],[88.7367,23.9315],[88.7353,23.9147],[88.7059,23.9147],[88.7076,23.9006],[88.6959,23.9015],[88.6892,23.8908],[88.6707,23.8858],[88.6686,23.874],[88.6625,23.8699],[88.6332,23.8637],[88.6219,23.8774],[88.6076,23.8663],[88.5951,23.8725],[88.5799,23.8616],[88.5794,23.8562],[88.5908,23.8526],[88.5915,23.8363],[88.6056,23.8187],[88.5906,23.8142],[88.596,23.8027],[88.5858,23.7981],[88.5842,23.7899],[88.5632,23.7861],[88.5827,23.7673],[88.5752,23.7266],[88.5681,23.7168],[88.5776,23.6698],[88.5717,23.6664],[88.5655,23.6442],[88.5723,23.6397],[88.5962,23.6387],[88.5941,23.6169],[88.5846,23.6029],[88.6027,23.6057],[88.6059,23.6003],[88.6486,23.6102],[88.6424,23.5955],[88.6521,23.5865],[88.6628,23.5548],[88.6879,23.5412],[88.699,23.5197],[88.72,23.5101],[88.7309,23.5105],[88.7464,23.483],[88.7584,23.4803],[88.7631,23.4883],[88.7739,23.482],[88.7737,23.494],[88.7829,23.4999],[88.802,23.4971],[88.7982,23.4853],[88.8031,23.4794],[88.7918,23.4671],[88.7944,23.4436],[88.7814,23.4381],[88.7687,23.4451],[88.7609,23.4213],[88.7635,23.4082],[88.7565,23.4],[88.7564,23.3919],[88.7657,23.3641],[88.7531,23.3604],[88.7503,23.3525],[88.737,23.35],[88.7401,23.3287],[88.7497,23.322],[88.7495,23.3122],[88.7434,23.3091],[88.7304,23.3192],[88.7262,23.3015],[88.7179,23.3031],[88.7131,23.3111],[88.7008,23.2989],[88.7011,23.2935],[88.7117,23.2904],[88.7193,23.2762],[88.7271,23.2721],[88.7238,23.2552],[88.7505,23.2399],[88.7608,23.2374],[88.7715,23.242],[88.787,23.221],[88.8,23.2181],[88.8174,23.2191],[88.8113,23.2459],[88.8124,23.2523],[88.8212,23.2535],[88.8342,23.2472],[88.8259,23.2351],[88.841,23.2404],[88.856,23.2271],[88.8699,23.2321],[88.8841,23.2288],[88.9166,23.2325],[88.9224,23.2273],[88.9174,23.2137],[88.9223,23.2108],[88.9318,23.2151],[88.9549,23.205],[88.9827,23.2245],[88.9978,23.2148],[88.9907,23.2094],[88.9928,23.2006],[88.9855,23.1929],[88.985,23.1838],[88.9718,23.1946],[88.9647,23.1924],[88.9571,23.1783],[88.9404,23.1708],[88.9345,23.1411],[88.9258,23.142],[88.924,23.1287],[88.9112,23.1241],[88.9006,23.1087],[88.8889,23.1082],[88.8842,23.101],[88.8727,23.098],[88.8696,23.0715],[88.8824,23.0422],[88.8751,23.0211],[88.8765,23.0071],[88.85,23.0077],[88.8711,22.9924],[88.8718,22.9716],[88.8646,22.958],[88.8985,22.9533],[88.9,22.9296],[88.9169,22.9215],[88.9064,22.9067],[88.9123,22.8803],[88.9355,22.8708],[88.949,22.8803],[88.9705,22.8454],[88.9614,22.7972],[88.9395,22.7876],[88.9221,22.7647],[88.9237,22.7369],[88.9418,22.7118],[88.9622,22.6938],[88.9502,22.663],[88.9317,22.6408],[88.9393,22.6223],[88.9565,22.6156],[88.9575,22.6102],[88.937,22.5942],[88.9376,22.5699],[88.8964,22.5633],[88.8787,22.5447],[88.8689,22.5458],[88.8671,22.5234],[88.8593,22.5198],[88.8553,22.5106],[88.8428,22.5079],[88.8446,22.5009],[88.8588,22.4992],[88.8653,22.4875],[88.8575,22.4836],[88.8567,22.475],[88.8511,22.475],[88.855,22.4689],[88.8519,22.4558],[88.8596,22.4456],[88.8527,22.4329],[88.8245,22.4361],[88.8297,22.4468],[88.8142,22.4564],[88.8116,22.4814],[88.7717,22.5134],[88.7842,22.525],[88.7657,22.5342],[88.7621,22.5505],[88.7664,22.5608],[88.761,22.5502],[88.7643,22.5343],[88.7703,22.53],[88.7644,22.5278],[88.7828,22.5247],[88.7684,22.5134],[88.7504,22.517],[88.7338,22.5109],[88.71,22.5289],[88.7011,22.5256],[88.7019,22.5306],[88.6907,22.5244],[88.6913,22.5341],[88.6823,22.5374],[88.6823,22.5438],[88.6736,22.55],[88.6743,22.5667],[88.6809,22.5774],[88.6783,22.5936],[88.6722,22.5494],[88.6811,22.5437],[88.6809,22.5364],[88.6899,22.5334],[88.6915,22.5224],[88.7078,22.5277],[88.7336,22.51],[88.7529,22.5155],[88.7775,22.5069],[88.7797,22.4926],[88.7992,22.4614],[88.8025,22.4434],[88.8185,22.4306],[88.8483,22.4306],[88.856,22.4059],[88.8525,22.3922],[88.8461,22.3883],[88.8494,22.3842],[88.8528,22.3867],[88.8611,22.365],[88.8763,22.3553],[88.8492,22.3645],[88.82,22.3597],[88.8361,22.3583],[88.8497,22.3631],[88.8706,22.3578],[88.8916,22.3431],[88.9117,22.312],[88.9111,22.3058],[88.9161,22.3094],[88.9353,22.3017],[88.9375,22.2937],[88.9303,22.2594],[88.9389,22.2486],[88.951,22.2433],[88.9541,22.2252],[88.9316,22.227],[88.919,22.233],[88.9145,22.2201],[88.9018,22.2241],[88.8865,22.2377],[88.8955,22.2524],[88.8876,22.2659],[88.8768,22.2745],[88.8651,22.2708],[88.85,22.2893],[88.8442,22.2903],[88.8649,22.2702],[88.8762,22.2737],[88.8872,22.2649],[88.8934,22.2515],[88.8857,22.2362],[88.9139,22.2161],[88.9045,22.1972],[88.9211,22.1752],[88.9191,22.1656],[88.8982,22.1779],[88.8858,22.1675],[88.8723,22.1714],[88.8662,22.1941],[88.8834,22.2001],[88.8835,22.2123],[88.841,22.2143],[88.8589,22.2436],[88.8758,22.2528],[88.8584,22.2444],[88.8394,22.2155],[88.8495,22.2098],[88.8823,22.2116],[88.8827,22.201],[88.8655,22.1981],[88.8545,22.2062],[88.8443,22.1903],[88.8344,22.2091],[88.8272,22.2088],[88.8255,22.1984],[88.8201,22.1962],[88.8164,22.2058],[88.8067,22.209],[88.8055,22.2214],[88.8005,22.2263],[88.8186,22.2309],[88.8284,22.2419],[88.8296,22.2537],[88.8273,22.2655],[88.8203,22.2656],[88.8118,22.2847],[88.8071,22.283],[88.8144,22.2824],[88.8155,22.264],[88.8262,22.2646],[88.8258,22.242],[88.8143,22.2299],[88.7985,22.226],[88.8044,22.2206],[88.8055,22.2084],[88.815,22.2054],[88.8182,22.1956],[88.8275,22.195],[88.8381,22.1753],[88.835,22.1672],[88.8096,22.1833],[88.7942,22.1706],[88.7885,22.1786],[88.7711,22.1847],[88.7683,22.1936],[88.7476,22.1979],[88.7522,22.2304],[88.762,22.2414],[88.7697,22.2414],[88.7732,22.2505],[88.79,22.2594],[88.7436,22.2292],[88.7496,22.2202],[88.7464,22.2031],[88.74,22.2147],[88.7428,22.2],[88.7336,22.1956],[88.702,22.2094],[88.6812,22.2092],[88.6656,22.2175],[88.6525,22.2112],[88.6395,22.2131],[88.6347,22.2175],[88.6367,22.224],[88.6581,22.2394],[88.6676,22.267],[88.6849,22.2943],[88.6789,22.3231],[88.6906,22.3267],[88.6711,22.3258],[88.6661,22.339],[88.676,22.3171],[88.6792,22.2939],[88.6606,22.2662],[88.6571,22.2506],[88.6309,22.2221],[88.6321,22.214],[88.6393,22.2081],[88.6664,22.208],[88.6725,22.2012],[88.6668,22.1882],[88.6395,22.1575],[88.64,22.143],[88.6327,22.1366],[88.6297,22.1453],[88.6314,22.1358],[88.6193,22.1088],[88.6098,22.1079],[88.6103,22.1169],[88.5989,22.1297],[88.6046,22.1598],[88.5831,22.1697],[88.5821,22.1812],[88.5738,22.1889],[88.5775,22.1985],[88.5727,22.1891],[88.5811,22.1807],[88.5839,22.1668],[88.6034,22.1591],[88.5976,22.1306],[88.6091,22.1163],[88.6067,22.1078],[88.62,22.1045],[88.6273,22.0548],[88.6367,22.0453],[88.6178,22.0211],[88.6034,22.0236],[88.602,22.0376],[88.6064,22.0477],[88.5967,22.0633],[88.6017,22.0736],[88.5966,22.0673],[88.6049,22.0483],[88.5999,22.0236],[88.6144,22.0197],[88.5987,21.9747],[88.5992,21.9628],[88.6149,21.937],[88.6111,21.9317],[88.6014,21.9353],[88.6108,21.9258],[88.6067,21.9131],[88.5781,21.8897],[88.5728,21.9056],[88.5814,21.9164],[88.5803,21.9239],[88.5864,21.9281],[88.5792,21.9247],[88.58,21.9167],[88.5725,21.9072],[88.5503,21.9214],[88.5436,21.97],[88.5564,21.9728],[88.5678,21.9589],[88.5577,21.9732],[88.5462,21.9735],[88.5409,21.9602],[88.5488,21.9387],[88.5487,21.9223],[88.5705,21.9036],[88.5624,21.8989],[88.545,21.906],[88.5406,21.9039],[88.5479,21.8817],[88.5389,21.8711],[88.5378,21.858],[88.5281,21.8531],[88.4943,21.8791],[88.5073,21.9032],[88.5218,21.9137],[88.5255,21.9294],[88.5217,21.9427],[88.4942,21.9584],[88.4937,21.9671],[88.5191,21.9882],[88.537,21.9788],[88.5433,21.982],[88.5566,22.0232],[88.5546,22.0357],[88.5553,22.0228],[88.5414,21.9817],[88.5176,21.9887],[88.5002,21.9786],[88.4916,21.9669],[88.4953,21.9551],[88.5218,21.939],[88.5207,21.9154],[88.4832,21.91],[88.4736,21.8953],[88.4556,21.8999],[88.4622,21.9225],[88.4529,21.9395],[88.4702,21.9589],[88.4459,21.966],[88.4494,21.984],[88.4434,21.9901],[88.4505,22.0072],[88.4609,22.0116],[88.4504,22.0092],[88.4485,21.9982],[88.4416,21.9911],[88.448,21.9845],[88.4453,21.9642],[88.4689,21.958],[88.4515,21.942],[88.4585,21.9188],[88.433,21.9028],[88.4197,21.9066],[88.4147,21.8902],[88.4087,21.8853],[88.4025,21.8847],[88.3847,21.8992],[88.4078,21.9195],[88.3942,21.9368],[88.3988,21.9531],[88.3739,21.9653],[88.3943,21.9707],[88.3758,21.9697],[88.3744,21.9628],[88.3981,21.9522],[88.3928,21.9369],[88.4064,21.9198],[88.3828,21.9007],[88.3975,21.8853],[88.3938,21.8523],[88.3858,21.8394],[88.3923,21.8132],[88.3907,21.799],[88.3816,21.7916],[88.364,21.7978],[88.3636,21.8086],[88.3549,21.8228],[88.3549,21.8557],[88.3658,21.873],[88.3705,21.8978],[88.3593,21.9216],[88.35,21.9274],[88.361,21.9171],[88.3692,21.8973],[88.3635,21.8714],[88.3536,21.8572],[88.3257,21.8622],[88.3089,21.8564],[88.3013,21.8614],[88.3098,21.8777],[88.3006,21.8613],[88.262,21.8587],[88.2562,21.8709],[88.2697,21.8852],[88.2549,21.8713],[88.2606,21.8579],[88.2993,21.8594],[88.3138,21.8466],[88.3056,21.8303],[88.2771,21.8219],[88.259,21.8076],[88.2636,21.788],[88.2819,21.7611],[88.2706,21.7667],[88.2561,21.7832],[88.2517,21.8019],[88.2546,21.7829],[88.2827,21.7576],[88.2725,21.7309],[88.2657,21.73],[88.2634,21.733],[88.2739,21.7546],[88.2172,21.7644],[88.2181,21.7772],[88.2094,21.8014],[88.1633,21.8794],[88.1772,21.9261],[88.1537,21.9592],[88.1785,21.9818],[88.2078,22.0225],[88.2239,22.0753],[88.2231,22.0981],[88.2031,22.1669],[88.1881,22.1867],[88.1656,22.1989],[88.1325,22.2022],[88.1167,22.2092],[88.0697,22.2119],[88.085,22.2356],[88.0886,22.2628],[88.1031,22.2883],[88.105,22.3047],[88.0887,22.3031],[88.0786,22.2842],[88.0753,22.2528],[88.0492,22.22],[88.0261,22.2225],[87.9849,22.2457],[87.9587,22.2847],[87.9571,22.3609],[87.9464,22.4061],[87.9275,22.4203],[87.9233,22.435],[87.8951,22.4345],[87.8834,22.441],[87.8808,22.4381],[87.8939,22.4242],[87.9125,22.4217],[87.9297,22.4036],[87.9422,22.3664],[87.943,22.3619],[87.9389,22.3611],[87.9436,22.355],[87.9367,22.3561],[87.947,22.3497],[87.9436,22.3483],[87.9481,22.3464],[87.9472,22.3331],[87.9364,22.3167],[87.94,22.33],[87.9308,22.3333],[87.9364,22.3261],[87.9328,22.31],[87.94,22.2603],[87.9703,22.238],[87.9814,22.2159],[88.0086,22.2014],[88.0231,22.1994],[88.0347,22.2094],[88.05,22.205],[88.0656,22.1897],[88.0753,22.1867],[88.09,22.1858],[88.1028,22.1919],[88.1356,22.1847],[88.1933,22.1128],[88.1889,22.0992],[88.1562,22.0648],[88.0622,22.0131],[88.0269,22.0478],[88.0336,22.0575],[88.0319,22.0639],[87.9984,22.0896],[87.9919,22.1025],[87.9634,22.1035],[87.9604,22.0956],[87.9817,22.0988],[88.0086,22.0731],[88.0178,22.0403],[88.0531,22.0103],[88.0358,21.9814],[87.9756,21.845],[87.9609,21.8261],[87.9263,21.7948],[87.8966,21.782],[87.8966,21.7742],[87.8697,21.746],[87.8222,21.7057],[87.7849,21.687],[87.7547,21.6822],[87.7442,21.668],[87.7067,21.6446],[87.6674,21.6324],[87.574,21.6171],[87.5641,21.6207],[87.5506,21.6112],[87.4902,21.6026],[87.4687,21.5979],[87.4376,21.5806],[87.4101,21.5449],[87.4028,21.5479],[87.3948,21.5646],[87.3845,21.5729],[87.3473,21.5805],[87.3385,21.5763],[87.3437,21.5695],[87.3736,21.5625],[87.3981,21.5389],[87.3966,21.5322],[87.3614,21.5411],[87.2231,21.5352],[87.1502,21.5079],[87.1127,21.4836],[87.0884,21.4589],[87.0702,21.4621],[87.0654,21.4408],[87.0526,21.4287],[86.9866,21.3888],[86.9515,21.3578],[86.8931,21.2545],[86.8656,21.2218],[86.8493,21.1872],[86.8436,21.1615],[86.8542,21.0958],[86.8752,21.0437],[86.8984,21.0087],[86.9537,20.8974],[86.9792,20.86],[86.9801,20.8224],[86.9705,20.7909],[86.9588,20.7872],[86.9419,20.792],[86.8922,20.7925],[86.8834,20.7951],[86.88,20.8082],[86.8718,20.7936],[86.8231,20.7693],[86.8176,20.7521],[86.7985,20.7545],[86.7944,20.7452],[86.802,20.7345],[86.8132,20.7297],[86.8219,20.7314],[86.8308,20.755],[86.8632,20.7739],[86.8813,20.773],[86.9047,20.7618],[86.9315,20.7667],[86.9512,20.7629],[86.9851,20.7722],[86.9993,20.763],[87.0005,20.7459],[87.0097,20.7274],[87.0066,20.7131],[86.985,20.7107],[86.944,20.7173],[86.9119,20.7147],[86.9032,20.7096],[86.9291,20.703],[86.9689,20.706],[86.9734,20.7015],[86.9623,20.6918],[86.9658,20.6885],[86.9778,20.697],[86.9979,20.6988],[87.0147,20.6944],[87.0571,20.7153],[87.0561,20.7107],[87.0151,20.6833],[86.9321,20.6318],[86.8556,20.5739],[86.8228,20.5564],[86.7872,20.5288],[86.7697,20.5053],[86.7545,20.5171],[86.7602,20.4935],[86.7502,20.4722],[86.7354,20.4817],[86.7257,20.4794],[86.7386,20.4603],[86.7328,20.4406],[86.7332,20.4105],[86.7248,20.3971],[86.7132,20.4003],[86.712,20.3954],[86.7271,20.3773],[86.7387,20.3963],[86.747,20.3902],[86.7462,20.378],[86.7659,20.3889],[86.7765,20.3894],[86.781,20.3808],[86.7727,20.3706],[86.7828,20.369],[86.7816,20.3471],[86.7778,20.3438],[86.7858,20.3306],[86.7839,20.3259],[86.7048,20.2798],[86.673,20.2681],[86.6737,20.2583],[86.6082,20.2272],[86.5383,20.18],[86.4798,20.0917],[86.4602,20.0753],[86.443,20.0525],[86.4384,20.052],[86.4371,20.0575],[86.429,20.0528],[86.4072,20.006],[86.3997,19.9986],[86.3889,20.0036],[86.3821,20.0012],[86.3785,19.9823],[86.3682,19.9749],[86.3707,19.9586],[86.3777,19.9552],[86.3752,19.9517],[86.2987,19.9345],[86.2458,19.9083],[86.2415,19.9099],[86.2463,19.9226],[86.2281,19.9328],[86.2227,19.9251],[86.2211,19.9087],[86.2325,19.8983],[86.2116,19.888],[86.1049,19.8608],[86.0924,19.8539],[86.0685,19.8524],[86.0455,19.8415],[85.9739,19.8332],[85.9087,19.8199],[85.6964,19.7513],[85.5635,19.6824],[85.4448,19.6324],[85.3509,19.5839],[85.2141,19.4941],[85.0997,19.4034],[85.0901,19.3775],[84.9671,19.304],[84.915,19.2657],[84.8248,19.1743],[84.7996,19.1382],[84.7825,19.0987],[84.7686,19.08],[84.7554,19.0548]],[[70.9248,20.738],[70.9393,20.7326],[70.9601,20.7362],[70.9638,20.7329],[70.9624,20.7218],[70.9676,20.7285],[70.9976,20.714],[70.9771,20.7015],[70.9701,20.7071],[70.9518,20.7038],[70.9235,20.7115],[70.9163,20.7082],[70.9182,20.7021],[70.914,20.699],[70.8993,20.6988],[70.8938,20.7076],[70.8735,20.7099],[70.8738,20.7188],[70.8824,20.7288],[70.9248,20.738]],[[74.1135,14.752],[74.1192,14.7534],[74.1091,14.7593],[74.1135,14.752]],[[71.7038,20.9951],[71.6954,20.9968],[71.7038,20.9996],[71.7038,20.9951]],[[71.7104,20.9996],[71.714,20.9977],[71.706,20.9974],[71.7104,20.9996]],[[72.6476,21.0762],[72.6546,21.0737],[72.6574,21.0651],[72.6479,21.0679],[72.6476,21.0762]],[[72.6793,21.0982],[72.6796,21.0982],[72.6796,21.098],[72.6796,21.0976],[72.6801,21.0976],[72.6801,21.0975],[72.6801,21.0971],[72.6804,21.0971],[72.6804,21.0965],[72.6807,21.0965],[72.6807,21.0954],[72.6801,21.0954],[72.6801,21.0957],[72.6799,21.0957],[72.6799,21.0963],[72.6796,21.0963],[72.6796,21.0965],[72.679,21.0965],[72.679,21.0968],[72.6787,21.0968],[72.6787,21.0976],[72.6787,21.0981],[72.6787,21.0982],[72.6785,21.0982],[72.6785,21.0988],[72.6793,21.0988],[72.6793,21.0982]],[[72.6721,21.1151],[72.6762,21.0971],[72.6693,21.1049],[72.6721,21.1151]],[[72.7021,21.1207],[72.7021,21.1224],[72.7018,21.1224],[72.7018,21.1221],[72.7015,21.1221],[72.7015,21.1218],[72.7012,21.1218],[72.7012,21.1215],[72.701,21.1215],[72.701,21.1213],[72.7004,21.1213],[72.7004,21.121],[72.7001,21.121],[72.7001,21.1204],[72.6996,21.1204],[72.6996,21.1201],[72.6993,21.1201],[72.6993,21.1199],[72.699,21.1199],[72.699,21.1196],[72.6988,21.1196],[72.6988,21.1193],[72.6985,21.1193],[72.6985,21.119],[72.6982,21.119],[72.6982,21.1168],[72.6976,21.1168],[72.6976,21.1165],[72.6979,21.1165],[72.6979,21.1157],[72.6982,21.1157],[72.6982,21.1151],[72.6985,21.1151],[72.6985,21.1138],[72.6988,21.1137],[72.6988,21.1135],[72.699,21.1135],[72.699,21.1132],[72.6993,21.1132],[72.6993,21.1126],[72.6996,21.1126],[72.6996,21.1124],[72.7007,21.1124],[72.7007,21.1126],[72.7018,21.1126],[72.7018,21.1129],[72.7021,21.1129],[72.7021,21.1132],[72.7024,21.1132],[72.7024,21.1135],[72.7026,21.1135],[72.7026,21.114],[72.7029,21.114],[72.7029,21.1146],[72.7032,21.1146],[72.7032,21.1163],[72.7029,21.1162],[72.7029,21.1168],[72.7026,21.1168],[72.7026,21.1179],[72.7024,21.1179],[72.7024,21.1207],[72.7021,21.1207]],[[72.6765,21.1557],[72.7104,21.1407],[72.6968,21.1187],[72.6988,21.1082],[72.689,21.0899],[72.6757,21.1051],[72.6651,21.1421],[72.6654,21.1493],[72.6765,21.1557]],[[72.1029,21.274],[72.1029,21.2743],[72.1026,21.2743],[72.1026,21.274],[72.1023,21.274],[72.1023,21.2729],[72.1021,21.2729],[72.1021,21.2707],[72.1018,21.2707],[72.1018,21.2704],[72.1015,21.2704],[72.1015,21.2701],[72.1012,21.2701],[72.1012,21.2696],[72.101,21.2696],[72.101,21.2693],[72.1007,21.2693],[72.1007,21.269],[72.1004,21.269],[72.1004,21.2685],[72.1001,21.2685],[72.1001,21.2679],[72.0999,21.2679],[72.0999,21.2674],[72.0996,21.2674],[72.0996,21.2668],[72.0993,21.2668],[72.0993,21.2663],[72.099,21.2663],[72.099,21.2654],[72.0996,21.2654],[72.0996,21.2657],[72.0999,21.2657],[72.0999,21.266],[72.1001,21.266],[72.1001,21.2668],[72.1004,21.2668],[72.1004,21.2671],[72.1007,21.2671],[72.1007,21.2674],[72.101,21.2674],[72.101,21.2679],[72.1012,21.2679],[72.1012,21.2682],[72.1015,21.2682],[72.1015,21.2685],[72.1018,21.2685],[72.1018,21.269],[72.1021,21.269],[72.1021,21.2693],[72.1024,21.2693],[72.1024,21.2696],[72.1026,21.2696],[72.1026,21.2701],[72.1029,21.2701],[72.1029,21.2704],[72.1032,21.2704],[72.1032,21.2726],[72.1035,21.2726],[72.1035,21.274],[72.1029,21.274]],[[72.5879,21.3379],[72.5876,21.3379],[72.5876,21.3368],[72.5874,21.3368],[72.5874,21.3363],[72.586,21.3363],[72.586,21.3365],[72.5857,21.3365],[72.5857,21.3368],[72.5854,21.3368],[72.5854,21.3371],[72.5857,21.3371],[72.5857,21.3374],[72.586,21.3374],[72.586,21.3376],[72.5862,21.3376],[72.5862,21.3382],[72.5865,21.3382],[72.5865,21.3385],[72.5868,21.3385],[72.5868,21.339],[72.5871,21.339],[72.5871,21.3399],[72.5882,21.3399],[72.5882,21.3393],[72.5879,21.3393],[72.5879,21.3379]],[[72.5832,21.3651],[72.5837,21.3651],[72.5837,21.3646],[72.5835,21.3646],[72.5835,21.3638],[72.5832,21.3638],[72.5832,21.3629],[72.5829,21.3629],[72.5829,21.3624],[72.5824,21.3624],[72.5824,21.3621],[72.5821,21.3621],[72.5821,21.3618],[72.5815,21.3618],[72.5815,21.3615],[72.5813,21.3615],[72.5813,21.3612],[72.5807,21.3612],[72.5807,21.361],[72.5804,21.361],[72.5804,21.3607],[72.5799,21.3607],[72.5799,21.3604],[72.5796,21.3604],[72.5796,21.3601],[72.5787,21.3601],[72.5787,21.3604],[72.579,21.3604],[72.579,21.361],[72.5793,21.361],[72.5793,21.3618],[72.5796,21.3618],[72.5796,21.3643],[72.5801,21.3643],[72.5801,21.3646],[72.581,21.3646],[72.581,21.3649],[72.5815,21.3649],[72.5815,21.3651],[72.5821,21.3651],[72.5821,21.3654],[72.5832,21.3654],[72.5832,21.3651]],[[72.5999,21.3779],[72.6004,21.3871],[72.5876,21.3674],[72.5999,21.3779]],[[72.6218,21.4032],[72.6282,21.4174],[72.6126,21.3957],[72.6218,21.4032]],[[72.636,21.4174],[72.6368,21.4174],[72.6368,21.4168],[72.6371,21.4168],[72.6371,21.416],[72.6368,21.416],[72.6368,21.4154],[72.6365,21.4154],[72.6365,21.4149],[72.6363,21.4149],[72.6363,21.4143],[72.636,21.4143],[72.636,21.4137],[72.6357,21.4138],[72.6357,21.4132],[72.6354,21.4132],[72.6354,21.4129],[72.6349,21.4129],[72.6349,21.4126],[72.6346,21.4126],[72.6346,21.4124],[72.634,21.4124],[72.634,21.4121],[72.6338,21.4121],[72.6338,21.4118],[72.6315,21.4118],[72.6315,21.4121],[72.6318,21.4121],[72.6318,21.4126],[72.6321,21.4126],[72.6321,21.4132],[72.6324,21.4132],[72.6324,21.4137],[72.6326,21.4137],[72.6326,21.414],[72.6329,21.414],[72.6329,21.4143],[72.6332,21.4143],[72.6332,21.4146],[72.6335,21.4146],[72.6335,21.4149],[72.6338,21.4149],[72.6338,21.4151],[72.634,21.4151],[72.634,21.4154],[72.6343,21.4154],[72.6343,21.4157],[72.6346,21.4157],[72.6346,21.416],[72.6351,21.416],[72.6351,21.4176],[72.6352,21.4176],[72.636,21.4176],[72.636,21.4174]],[[72.6726,21.4401],[72.6638,21.4396],[72.676,21.4468],[72.6726,21.4401]],[[72.6929,21.4611],[72.6929,21.4618],[72.6933,21.4618],[72.6929,21.4611]],[[72.6851,21.5407],[72.6851,21.5409],[72.6852,21.5408],[72.6854,21.5407],[72.6851,21.5407]],[[72.3532,21.6135],[72.3651,21.5976],[72.3651,21.5879],[72.3587,21.5799],[72.3454,21.6024],[72.3471,21.6104],[72.3532,21.6135]],[[72.5846,21.6271],[72.5843,21.6271],[72.5843,21.6263],[72.584,21.6263],[72.584,21.626],[72.5815,21.626],[72.5815,21.6263],[72.5813,21.6263],[72.5813,21.6271],[72.5815,21.6271],[72.5815,21.6274],[72.5821,21.6274],[72.5821,21.6276],[72.5824,21.6276],[72.5824,21.6279],[72.5826,21.6279],[72.5826,21.6282],[72.5832,21.6282],[72.5832,21.6287],[72.5835,21.6288],[72.5835,21.629],[72.5846,21.629],[72.5846,21.6271]],[[72.6093,21.6279],[72.6093,21.6288],[72.6096,21.6288],[72.6096,21.629],[72.6082,21.629],[72.6082,21.6287],[72.6079,21.6287],[72.6079,21.6285],[72.6062,21.6285],[72.6062,21.6274],[72.606,21.6274],[72.606,21.6257],[72.6057,21.6257],[72.6057,21.6249],[72.6054,21.6249],[72.6054,21.624],[72.6051,21.624],[72.6051,21.6232],[72.6049,21.6232],[72.6049,21.6218],[72.6051,21.6218],[72.6051,21.621],[72.6054,21.621],[72.6054,21.6201],[72.6051,21.6201],[72.6051,21.6196],[72.6062,21.6196],[72.6062,21.6193],[72.6068,21.6193],[72.6068,21.619],[72.6074,21.619],[72.6074,21.6201],[72.6076,21.6201],[72.6076,21.6207],[72.6079,21.6207],[72.6079,21.621],[72.6076,21.621],[72.6076,21.6218],[72.6074,21.6218],[72.6074,21.6224],[72.6076,21.6224],[72.6076,21.6229],[72.6079,21.6229],[72.6079,21.624],[72.6076,21.624],[72.6076,21.6243],[72.6079,21.6243],[72.6079,21.6249],[72.6082,21.6249],[72.6082,21.6257],[72.6085,21.6257],[72.6085,21.6265],[72.6087,21.6265],[72.6087,21.6271],[72.609,21.6271],[72.609,21.6279],[72.6093,21.6279]],[[72.6118,21.6315],[72.6118,21.6321],[72.6113,21.6321],[72.6113,21.6318],[72.611,21.6318],[72.6107,21.6318],[72.6107,21.6315],[72.6104,21.6315],[72.6104,21.6313],[72.6101,21.6313],[72.6101,21.6304],[72.6099,21.6304],[72.6099,21.6296],[72.6104,21.6296],[72.6104,21.6299],[72.6106,21.6299],[72.6107,21.6299],[72.6107,21.6303],[72.6107,21.6304],[72.611,21.6304],[72.611,21.6307],[72.6111,21.6307],[72.6113,21.6307],[72.6113,21.6312],[72.6115,21.6312],[72.6115,21.6315],[72.6118,21.6315]],[[72.6171,21.6376],[72.6171,21.6385],[72.6168,21.6385],[72.6168,21.6382],[72.6165,21.6382],[72.6165,21.6379],[72.616,21.6379],[72.616,21.6376],[72.6157,21.6376],[72.6157,21.6374],[72.6154,21.6374],[72.6154,21.6371],[72.6149,21.6371],[72.6149,21.6368],[72.6146,21.6368],[72.6146,21.6365],[72.6143,21.6365],[72.6143,21.636],[72.6146,21.636],[72.6146,21.6354],[72.6151,21.6354],[72.6151,21.6357],[72.6154,21.6357],[72.6154,21.636],[72.6157,21.636],[72.6157,21.6362],[72.616,21.6362],[72.616,21.6368],[72.6162,21.6368],[72.6162,21.6371],[72.6165,21.6371],[72.6165,21.6374],[72.6168,21.6374],[72.6168,21.6376],[72.6171,21.6376]],[[72.5957,21.639],[72.5879,21.6301],[72.5904,21.6207],[72.599,21.6174],[72.6015,21.6268],[72.6115,21.6357],[72.596,21.6301],[72.5957,21.639]],[[72.6196,21.6393],[72.6201,21.6393],[72.6201,21.639],[72.619,21.639],[72.619,21.6388],[72.6185,21.6388],[72.6185,21.6385],[72.6176,21.6385],[72.6176,21.639],[72.6171,21.639],[72.6171,21.6396],[72.6174,21.6396],[72.6174,21.6393],[72.619,21.6393],[72.619,21.6396],[72.6196,21.6396],[72.6196,21.6393]],[[72.5965,21.6413],[72.5987,21.6371],[72.6026,21.6399],[72.5965,21.6413]],[[72.75,21.6479],[72.7503,21.647],[72.751,21.6463],[72.75,21.6448],[72.749,21.6441],[72.749,21.6446],[72.7493,21.6446],[72.7493,21.646],[72.7496,21.646],[72.7496,21.6465],[72.7499,21.6465],[72.7499,21.6471],[72.7496,21.6471],[72.7496,21.6476],[72.7499,21.6476],[72.7499,21.6479],[72.75,21.6479]],[[72.8199,21.6586],[72.8201,21.6588],[72.8199,21.6588],[72.8199,21.6586]],[[72.8213,21.6593],[72.8216,21.6596],[72.8213,21.6596],[72.8213,21.6593]],[[72.8218,21.6597],[72.822,21.6599],[72.8218,21.6599],[72.8218,21.6597]],[[72.7226,21.666],[72.7101,21.659],[72.7168,21.6446],[72.736,21.6471],[72.7379,21.6438],[72.751,21.6529],[72.746,21.6588],[72.7226,21.666]],[[72.2618,21.7432],[72.2618,21.7434],[72.2619,21.7432],[72.2618,21.7432]],[[72.2615,21.7435],[72.2615,21.744],[72.2613,21.744],[72.2613,21.7443],[72.2611,21.7443],[72.261,21.7443],[72.261,21.7449],[72.2607,21.7449],[72.2607,21.7451],[72.2604,21.7451],[72.2604,21.7462],[72.2615,21.744],[72.2616,21.7439],[72.2618,21.7435],[72.2615,21.7435]],[[72.2743,21.7496],[72.2676,21.7365],[72.2876,21.7074],[72.2807,21.7274],[72.2826,21.7346],[72.2743,21.7496]],[[72.2496,21.7735],[72.2497,21.7735],[72.2496,21.7738],[72.2496,21.7735]],[[72.2493,21.774],[72.2495,21.774],[72.2495,21.7741],[72.2493,21.7744],[72.2493,21.774]],[[72.249,21.7749],[72.2491,21.7749],[72.249,21.775],[72.249,21.7749]],[[72.3551,21.9429],[72.3476,21.929],[72.3604,21.9246],[72.3551,21.9429]],[[72.214,22.0054],[72.216,22.0021],[72.2104,22.0032],[72.214,22.0054]],[[72.5615,22.1766],[72.5615,22.1768],[72.5617,22.1768],[72.5615,22.1766]],[[72.5643,22.1808],[72.5644,22.1809],[72.5644,22.181],[72.5643,22.181],[72.5643,22.1808]],[[72.5671,22.1849],[72.5671,22.1851],[72.5672,22.1851],[72.5671,22.1849]],[[72.5676,22.1858],[72.5677,22.186],[72.5676,22.186],[72.5676,22.1858]],[[72.5682,22.1867],[72.5683,22.1868],[72.5682,22.1868],[72.5682,22.1867]],[[72.5729,22.1919],[72.5731,22.1921],[72.5729,22.1921],[72.5729,22.1919]],[[72.4726,22.2079],[72.4726,22.2082],[72.4721,22.2082],[72.4721,22.2079],[72.4718,22.2079],[72.4718,22.2076],[72.4715,22.2076],[72.4715,22.2074],[72.471,22.2074],[72.471,22.2071],[72.4707,22.2071],[72.4707,22.2068],[72.4704,22.2068],[72.4704,22.2065],[72.4699,22.2065],[72.4699,22.2063],[72.4696,22.2063],[72.4696,22.206],[72.4693,22.206],[72.4693,22.2051],[72.4687,22.2051],[72.4687,22.2054],[72.4679,22.2054],[72.4679,22.2024],[72.4687,22.2024],[72.4687,22.2026],[72.469,22.2026],[72.469,22.2032],[72.4693,22.2032],[72.4693,22.2038],[72.4696,22.2038],[72.4696,22.2035],[72.471,22.2035],[72.471,22.2032],[72.4724,22.2032],[72.4724,22.2038],[72.4721,22.2038],[72.4721,22.2051],[72.4724,22.2051],[72.4724,22.206],[72.4721,22.206],[72.4721,22.2068],[72.4726,22.2068],[72.4726,22.2071],[72.4728,22.2071],[72.4729,22.2071],[72.4729,22.2076],[72.4732,22.2076],[72.4732,22.2079],[72.4727,22.2079],[72.4726,22.2079]],[[72.3843,22.2154],[72.3854,22.2154],[72.3854,22.2151],[72.3863,22.2151],[72.3863,22.2149],[72.3874,22.2149],[72.3874,22.2146],[72.3882,22.2146],[72.3882,22.2143],[72.3887,22.2143],[72.3887,22.214],[72.389,22.214],[72.389,22.2138],[72.3896,22.2138],[72.3896,22.2135],[72.3901,22.2135],[72.3901,22.2132],[72.3904,22.2132],[72.3904,22.2126],[72.3907,22.2126],[72.3907,22.2124],[72.391,22.2124],[72.391,22.2118],[72.3912,22.2118],[72.3912,22.2115],[72.3915,22.2115],[72.3915,22.2113],[72.3918,22.2113],[72.3918,22.2107],[72.3921,22.2107],[72.3921,22.2104],[72.3918,22.2104],[72.3918,22.2101],[72.3876,22.2101],[72.3876,22.2104],[72.3874,22.2104],[72.3874,22.2107],[72.3876,22.2107],[72.3876,22.211],[72.3879,22.211],[72.3879,22.2113],[72.3882,22.2113],[72.3882,22.2115],[72.3885,22.2115],[72.3885,22.2118],[72.3882,22.2118],[72.3882,22.2121],[72.3879,22.2121],[72.3879,22.2124],[72.3876,22.2124],[72.3876,22.2129],[72.3874,22.2129],[72.3874,22.2132],[72.3871,22.2132],[72.3871,22.2135],[72.3865,22.2135],[72.3865,22.2138],[72.386,22.2138],[72.386,22.214],[72.3854,22.214],[72.3854,22.2143],[72.3849,22.2143],[72.3849,22.2146],[72.3843,22.2146],[72.3843,22.2149],[72.3838,22.2149],[72.3838,22.2151],[72.3832,22.2151],[72.3832,22.2154],[72.3826,22.2154],[72.3826,22.2157],[72.3843,22.2157],[72.3843,22.2154]],[[72.3682,22.224],[72.3765,22.2038],[72.3654,22.2085],[72.3635,22.214],[72.3635,22.2235],[72.3707,22.2351],[72.3682,22.224]],[[69.3104,22.306],[69.3104,22.3063],[69.3101,22.3063],[69.3101,22.306],[69.3099,22.306],[69.3099,22.3057],[69.3096,22.3057],[69.3096,22.3051],[69.3093,22.3051],[69.3093,22.3046],[69.3096,22.3046],[69.3096,22.304],[69.3099,22.304],[69.3099,22.3038],[69.3101,22.3038],[69.3101,22.3035],[69.3104,22.3035],[69.3104,22.3032],[69.3118,22.3032],[69.3118,22.3035],[69.3121,22.3035],[69.3121,22.304],[69.3118,22.304],[69.3118,22.3043],[69.3115,22.3043],[69.3115,22.3046],[69.3112,22.3046],[69.3112,22.3049],[69.311,22.3049],[69.311,22.3051],[69.3107,22.3051],[69.3107,22.306],[69.3104,22.306]],[[69.4532,22.3579],[69.4582,22.3521],[69.4374,22.3543],[69.4532,22.3579]],[[69.184,22.3674],[69.1849,22.3674],[69.1849,22.3671],[69.1857,22.3671],[69.1857,22.3651],[69.1854,22.3651],[69.1854,22.364],[69.1843,22.364],[69.1843,22.3643],[69.184,22.3643],[69.184,22.3649],[69.1837,22.3649],[69.1837,22.3654],[69.1836,22.3654],[69.1835,22.3654],[69.1835,22.3657],[69.1832,22.3657],[69.1832,22.3662],[69.1832,22.3663],[69.1829,22.3663],[69.1829,22.3666],[69.1829,22.3668],[69.1828,22.3668],[69.1826,22.3668],[69.1826,22.367],[69.1826,22.3674],[69.1829,22.3674],[69.1829,22.3676],[69.184,22.3676],[69.184,22.3674]],[[69.1946,22.3676],[69.1954,22.3746],[69.1899,22.3693],[69.1946,22.3676]],[[69.2132,22.3846],[69.2132,22.3849],[69.2126,22.3849],[69.2126,22.3846],[69.2124,22.3846],[69.2124,22.384],[69.2126,22.384],[69.2126,22.3838],[69.2129,22.3838],[69.2129,22.3835],[69.2132,22.3835],[69.2132,22.3832],[69.2135,22.3832],[69.2135,22.3824],[69.2143,22.3824],[69.2143,22.3826],[69.2146,22.3826],[69.2146,22.3829],[69.2149,22.3829],[69.2149,22.3832],[69.2151,22.3832],[69.2151,22.384],[69.2149,22.384],[69.2149,22.3843],[69.214,22.3843],[69.214,22.3846],[69.2132,22.3846]],[[69.201,22.3857],[69.201,22.3863],[69.2021,22.3863],[69.2021,22.3865],[69.2024,22.3865],[69.2024,22.3876],[69.2001,22.3876],[69.2001,22.3874],[69.1999,22.3874],[69.1999,22.3871],[69.1996,22.3871],[69.1996,22.386],[69.1993,22.386],[69.1993,22.3857],[69.1996,22.3857],[69.1996,22.3854],[69.1993,22.3854],[69.1993,22.3843],[69.1996,22.3843],[69.1996,22.384],[69.1999,22.384],[69.1999,22.3843],[69.2001,22.3843],[69.2001,22.3846],[69.2004,22.3846],[69.2004,22.3849],[69.2007,22.3849],[69.2007,22.3857],[69.201,22.3857]],[[69.3354,22.389],[69.3404,22.381],[69.3321,22.3726],[69.3229,22.3824],[69.3354,22.389]],[[69.4832,22.3987],[69.489,22.3929],[69.4846,22.3876],[69.4801,22.3901],[69.4832,22.3987]],[[69.2801,22.4176],[69.2804,22.4176],[69.2804,22.4174],[69.2807,22.4174],[69.2807,22.4165],[69.281,22.4165],[69.281,22.416],[69.2807,22.416],[69.2807,22.4157],[69.2801,22.4157],[69.2801,22.416],[69.2799,22.416],[69.2799,22.4154],[69.2796,22.4154],[69.2796,22.4152],[69.279,22.4152],[69.279,22.4154],[69.2782,22.4154],[69.2782,22.4157],[69.2779,22.4157],[69.2779,22.416],[69.2776,22.416],[69.2776,22.4171],[69.2779,22.4171],[69.2779,22.4176],[69.2782,22.4176],[69.2782,22.4179],[69.2801,22.4179],[69.2801,22.4176]],[[69.2793,22.4199],[69.2793,22.4201],[69.279,22.4201],[69.279,22.4199],[69.2787,22.4199],[69.2787,22.4201],[69.2779,22.4201],[69.2779,22.4199],[69.2774,22.4199],[69.2774,22.4196],[69.2771,22.4196],[69.2771,22.4199],[69.2757,22.4199],[69.2757,22.4196],[69.2754,22.4196],[69.2754,22.4193],[69.2751,22.4193],[69.2751,22.419],[69.2754,22.419],[69.2754,22.4188],[69.276,22.4188],[69.276,22.4185],[69.2765,22.4185],[69.2765,22.4182],[69.2779,22.4182],[69.2779,22.4185],[69.2782,22.4185],[69.2782,22.419],[69.2793,22.419],[69.2793,22.4193],[69.2796,22.4193],[69.2796,22.4199],[69.2793,22.4199]],[[69.1421,22.4571],[69.1418,22.4571],[69.1418,22.4556],[69.1418,22.4543],[69.1419,22.4543],[69.1421,22.4543],[69.1421,22.4538],[69.1424,22.4538],[69.1424,22.4535],[69.1426,22.4535],[69.1426,22.4529],[69.1418,22.4529],[69.1418,22.4532],[69.1415,22.4532],[69.1415,22.4535],[69.1412,22.4535],[69.1412,22.4539],[69.1412,22.454],[69.1411,22.454],[69.141,22.454],[69.141,22.4541],[69.141,22.4546],[69.1407,22.4546],[69.1407,22.455],[69.1407,22.456],[69.141,22.456],[69.141,22.4568],[69.1412,22.4568],[69.1412,22.4574],[69.1415,22.4574],[69.1415,22.4576],[69.1421,22.4576],[69.1421,22.4571]],[[69.6276,22.4595],[69.5935,22.4454],[69.5882,22.4371],[69.596,22.4246],[69.6365,22.4065],[69.6571,22.4282],[69.6449,22.434],[69.6485,22.4382],[69.6432,22.4507],[69.6276,22.4595]],[[69.3021,22.474],[69.3043,22.4696],[69.3246,22.4696],[69.3268,22.4571],[69.3204,22.451],[69.3012,22.4529],[69.2929,22.4593],[69.3021,22.474]],[[69.1368,22.4776],[69.0935,22.4615],[69.096,22.4413],[69.0851,22.4326],[69.0849,22.421],[69.1085,22.4374],[69.111,22.464],[69.1232,22.4685],[69.1468,22.4632],[69.1485,22.474],[69.1368,22.4776]],[[69.089,22.4904],[69.089,22.4907],[69.0885,22.4907],[69.0885,22.4904],[69.0879,22.4904],[69.0879,22.4901],[69.0874,22.4901],[69.0874,22.4899],[69.0871,22.4899],[69.0871,22.4896],[69.0868,22.4896],[69.0868,22.4893],[69.0865,22.4893],[69.0865,22.489],[69.086,22.489],[69.086,22.4888],[69.0857,22.4888],[69.0857,22.4885],[69.0854,22.4885],[69.0854,22.4882],[69.0851,22.4882],[69.0851,22.4876],[69.0849,22.4876],[69.0849,22.4871],[69.0846,22.4871],[69.0846,22.486],[69.0843,22.486],[69.0843,22.4857],[69.084,22.4857],[69.084,22.4851],[69.0849,22.4851],[69.0849,22.4854],[69.0851,22.4854],[69.0851,22.4857],[69.0854,22.4857],[69.0854,22.486],[69.086,22.486],[69.086,22.4863],[69.0862,22.4863],[69.0862,22.4865],[69.0865,22.4865],[69.0865,22.4868],[69.0868,22.4868],[69.0868,22.4871],[69.0865,22.4871],[69.0865,22.4874],[69.0868,22.4874],[69.0868,22.4879],[69.0876,22.4879],[69.0876,22.4882],[69.0879,22.4882],[69.0879,22.4885],[69.0882,22.4885],[69.0882,22.4888],[69.0885,22.4888],[69.0885,22.4893],[69.0888,22.4893],[69.0888,22.4899],[69.089,22.4899],[69.089,22.4901],[69.0893,22.4901],[69.0893,22.4904],[69.089,22.4904]],[[69.3249,22.5274],[69.3512,22.5265],[69.3637,22.5124],[69.3501,22.504],[69.3351,22.5074],[69.3157,22.5199],[69.3174,22.5257],[69.3249,22.5274]],[[69.9449,22.5321],[69.9457,22.5321],[69.9457,22.5318],[69.9465,22.5318],[69.9465,22.5315],[69.9471,22.5315],[69.9471,22.5312],[69.9474,22.5312],[69.9474,22.531],[69.9476,22.531],[69.9476,22.5304],[69.9474,22.5304],[69.9474,22.5301],[69.9468,22.5301],[69.9468,22.5299],[69.9462,22.5299],[69.9462,22.5296],[69.9454,22.5296],[69.9454,22.5299],[69.9446,22.5299],[69.9446,22.5301],[69.944,22.5301],[69.944,22.5304],[69.9435,22.5304],[69.9435,22.5321],[69.9437,22.5321],[69.9437,22.5324],[69.9449,22.5324],[69.9449,22.5321]],[[69.4051,22.5321],[69.4051,22.5326],[69.4046,22.5326],[69.4037,22.5326],[69.4037,22.5324],[69.4035,22.5324],[69.4035,22.5321],[69.4032,22.5321],[69.4032,22.5312],[69.4029,22.5312],[69.4029,22.5304],[69.4026,22.5304],[69.4026,22.5299],[69.4024,22.5299],[69.4024,22.529],[69.4021,22.529],[69.4021,22.5282],[69.4018,22.5282],[69.4018,22.5263],[69.4021,22.5263],[69.4021,22.5254],[69.4024,22.5254],[69.4024,22.5251],[69.4026,22.5251],[69.4026,22.5249],[69.4029,22.5249],[69.4029,22.5246],[69.4032,22.5246],[69.4032,22.5243],[69.4043,22.5243],[69.4043,22.5246],[69.4046,22.5246],[69.4046,22.5249],[69.4049,22.5249],[69.4051,22.5249],[69.4051,22.5251],[69.4057,22.5251],[69.4057,22.5254],[69.406,22.5254],[69.406,22.5265],[69.4062,22.5265],[69.4062,22.5271],[69.4065,22.5271],[69.4065,22.5279],[69.4062,22.5279],[69.4062,22.5285],[69.406,22.5285],[69.406,22.529],[69.4057,22.529],[69.4057,22.531],[69.4054,22.531],[69.4054,22.5321],[69.4051,22.5321]],[[69.9574,22.5354],[69.9576,22.5354],[69.9576,22.5351],[69.9574,22.5351],[69.9574,22.5349],[69.9572,22.5349],[69.9571,22.5349],[69.9571,22.5343],[69.9568,22.5343],[69.9568,22.534],[69.9554,22.534],[69.9554,22.5337],[69.9551,22.5337],[69.9551,22.5335],[69.9543,22.5335],[69.9543,22.5332],[69.954,22.5332],[69.954,22.5329],[69.9537,22.5329],[69.9537,22.5326],[69.9524,22.5326],[69.9524,22.5329],[69.9526,22.5329],[69.9526,22.5335],[69.9529,22.5335],[69.9529,22.5337],[69.9532,22.5337],[69.9532,22.534],[69.9535,22.534],[69.9535,22.5346],[69.9537,22.5346],[69.9537,22.5349],[69.954,22.5349],[69.954,22.5351],[69.9546,22.5351],[69.9546,22.5354],[69.9549,22.5354],[69.9549,22.5357],[69.9551,22.5357],[69.9551,22.536],[69.9571,22.536],[69.9574,22.536],[69.9574,22.5354]],[[69.9604,22.5438],[69.954,22.536],[69.9635,22.5418],[69.9604,22.5438]],[[69.9521,22.5513],[69.9576,22.5451],[69.9532,22.5368],[69.9388,22.5385],[69.9418,22.5504],[69.9521,22.5513]],[[69.9187,22.5532],[69.9324,22.5446],[69.9343,22.534],[69.9296,22.5307],[69.936,22.5332],[69.9351,22.5251],[69.9371,22.5318],[69.9421,22.5287],[69.9415,22.5179],[69.9313,22.5201],[69.9157,22.5118],[69.8965,22.5118],[69.8624,22.5271],[69.8657,22.5312],[69.8951,22.5229],[69.9013,22.5276],[69.8982,22.5287],[69.9004,22.5462],[69.9101,22.5465],[69.9074,22.5515],[69.9187,22.5532]],[[70.0199,22.5479],[70.0115,22.5496],[70.0243,22.5532],[70.0199,22.5479]],[[70.0113,22.5535],[70.0113,22.5538],[70.0096,22.5538],[70.0096,22.5535],[70.0093,22.5535],[70.0093,22.5532],[70.009,22.5532],[70.009,22.5529],[70.0085,22.5529],[70.0085,22.5526],[70.0082,22.5526],[70.0082,22.5518],[70.0038,22.5518],[70.0038,22.5521],[70.0036,22.5521],[70.0021,22.5521],[70.0021,22.5524],[70.0007,22.5524],[70.0007,22.5521],[70.0004,22.5521],[70.0004,22.5518],[70.0001,22.5518],[69.9999,22.5518],[69.9999,22.5515],[69.9996,22.5515],[69.9996,22.5513],[69.999,22.5513],[69.999,22.551],[69.9987,22.551],[69.9987,22.5507],[69.9979,22.5507],[69.9979,22.5504],[69.9974,22.5504],[69.9974,22.5501],[69.9971,22.5501],[69.9971,22.5499],[69.9965,22.5499],[69.9965,22.5496],[69.9962,22.5496],[69.9962,22.5493],[69.996,22.5493],[69.996,22.5491],[69.996,22.5488],[69.9962,22.5488],[69.9962,22.5485],[69.9987,22.5485],[69.9987,22.5488],[69.9999,22.5488],[70.0004,22.5488],[70.0004,22.549],[70.0049,22.549],[70.0049,22.5493],[70.0057,22.5493],[70.0057,22.5496],[70.0062,22.5496],[70.0062,22.5499],[70.0071,22.5499],[70.0071,22.5501],[70.0082,22.5501],[70.0082,22.5504],[70.009,22.5504],[70.009,22.5507],[70.0096,22.5507],[70.0096,22.551],[70.0101,22.551],[70.0101,22.5513],[70.0104,22.5513],[70.0104,22.5515],[70.011,22.5515],[70.011,22.5518],[70.0115,22.5518],[70.0115,22.5521],[70.0121,22.5521],[70.0121,22.5524],[70.0126,22.5524],[70.0126,22.5526],[70.0124,22.5526],[70.0124,22.5529],[70.0118,22.5529],[70.0118,22.5532],[70.0115,22.5532],[70.0115,22.5535],[70.0113,22.5535]],[[70.0235,22.5585],[70.0246,22.5551],[70.0126,22.554],[70.0235,22.5585]],[[70.0396,22.5676],[70.0396,22.5679],[70.0393,22.5679],[70.0393,22.5674],[70.039,22.5674],[70.039,22.5671],[70.0388,22.5671],[70.0388,22.5668],[70.0385,22.5668],[70.0385,22.5646],[70.0388,22.5646],[70.0388,22.5643],[70.0392,22.5643],[70.0403,22.5643],[70.0404,22.5643],[70.0404,22.5646],[70.0407,22.5646],[70.0407,22.565],[70.0407,22.5651],[70.0408,22.5651],[70.041,22.5651],[70.041,22.5653],[70.041,22.5665],[70.0405,22.5665],[70.0404,22.5665],[70.0404,22.5668],[70.0401,22.5668],[70.0401,22.567],[70.0401,22.5674],[70.0399,22.5674],[70.0399,22.5676],[70.0396,22.5676]],[[70.0446,22.5721],[70.0446,22.5724],[70.044,22.5724],[70.044,22.5721],[70.0437,22.5721],[70.0437,22.5715],[70.0435,22.5715],[70.0435,22.5713],[70.0432,22.5713],[70.0432,22.571],[70.0429,22.571],[70.0429,22.5707],[70.0426,22.5707],[70.0426,22.5704],[70.0424,22.5704],[70.0424,22.5701],[70.0421,22.5701],[70.0421,22.5674],[70.0422,22.5674],[70.0433,22.5674],[70.0435,22.5674],[70.0435,22.5671],[70.0437,22.5671],[70.0437,22.5674],[70.044,22.5674],[70.044,22.5676],[70.0443,22.5676],[70.0443,22.5679],[70.0446,22.5679],[70.0446,22.5684],[70.0446,22.5685],[70.0447,22.5685],[70.0449,22.5685],[70.0449,22.5686],[70.0449,22.5688],[70.045,22.5688],[70.0451,22.5688],[70.0451,22.569],[70.0453,22.569],[70.0454,22.569],[70.0454,22.5692],[70.0454,22.5696],[70.0457,22.5696],[70.0457,22.5699],[70.0459,22.5699],[70.046,22.5699],[70.046,22.571],[70.046,22.5713],[70.0456,22.5713],[70.0454,22.5713],[70.0454,22.5715],[70.0451,22.5715],[70.0451,22.5718],[70.0449,22.5718],[70.0449,22.5721],[70.0446,22.5721]],[[70.1818,22.5835],[70.1821,22.5835],[70.1821,22.5832],[70.1824,22.5832],[70.1824,22.5829],[70.1826,22.5829],[70.1826,22.5826],[70.1832,22.5826],[70.1832,22.581],[70.181,22.581],[70.181,22.5813],[70.1807,22.5813],[70.1807,22.5815],[70.1801,22.5815],[70.1801,22.5826],[70.1804,22.5826],[70.1804,22.5829],[70.1807,22.5829],[70.1807,22.5835],[70.1813,22.5835],[70.1813,22.5837],[70.1818,22.5837],[70.1818,22.5835]],[[70.009,22.5931],[70.0249,22.5862],[70.0271,22.5679],[69.9926,22.5482],[69.9638,22.5454],[69.9579,22.5496],[69.9568,22.5607],[69.9651,22.5779],[70.009,22.5931]],[[70.1904,22.5996],[70.1907,22.5996],[70.1907,22.5995],[70.1907,22.5993],[70.191,22.5993],[70.191,22.599],[70.1912,22.599],[70.1912,22.5988],[70.1915,22.5988],[70.1915,22.5985],[70.1918,22.5985],[70.1918,22.5982],[70.1915,22.5982],[70.1915,22.5979],[70.1912,22.5979],[70.1912,22.5976],[70.1893,22.5976],[70.1893,22.5979],[70.189,22.5979],[70.189,22.5985],[70.1888,22.5985],[70.1888,22.5996],[70.1893,22.5996],[70.1893,22.5999],[70.1904,22.5999],[70.1904,22.5996]],[[69.9485,22.6063],[69.9638,22.599],[69.9532,22.5954],[69.9485,22.6063]],[[70.216,22.6465],[70.2162,22.6465],[70.2162,22.6463],[70.2171,22.6463],[70.2171,22.646],[70.2174,22.646],[70.2174,22.6463],[70.2179,22.6463],[70.2179,22.646],[70.2182,22.646],[70.2182,22.6454],[70.2185,22.6454],[70.2185,22.6449],[70.2187,22.6449],[70.2187,22.6446],[70.2196,22.6446],[70.2196,22.6443],[70.2199,22.6443],[70.2199,22.6437],[70.2201,22.6438],[70.2201,22.6435],[70.221,22.6435],[70.221,22.6432],[70.2193,22.6432],[70.2193,22.6429],[70.219,22.6429],[70.219,22.6424],[70.2193,22.6424],[70.2193,22.6421],[70.2196,22.6421],[70.2196,22.6413],[70.2199,22.6413],[70.2199,22.641],[70.2201,22.641],[70.2201,22.6407],[70.2204,22.6407],[70.2204,22.6401],[70.2201,22.6401],[70.2201,22.6404],[70.2199,22.6404],[70.2199,22.6407],[70.2179,22.6407],[70.2179,22.6418],[70.2182,22.6418],[70.2182,22.6426],[70.2174,22.6426],[70.2174,22.6424],[70.2171,22.6424],[70.2171,22.6421],[70.2168,22.6421],[70.2168,22.6432],[70.2171,22.6432],[70.2171,22.6451],[70.2168,22.6451],[70.2168,22.6454],[70.2154,22.6454],[70.2154,22.6457],[70.2157,22.6457],[70.2157,22.6468],[70.216,22.6468],[70.216,22.6465]],[[70.2357,22.6843],[70.2357,22.6846],[70.2349,22.6846],[70.2349,22.6843],[70.2346,22.6843],[70.2346,22.684],[70.2349,22.684],[70.2349,22.6832],[70.2351,22.6832],[70.2351,22.6824],[70.2354,22.6824],[70.2354,22.6826],[70.2374,22.6826],[70.2374,22.6824],[70.2376,22.6824],[70.2376,22.6821],[70.2382,22.6821],[70.2382,22.6824],[70.2385,22.6824],[70.2385,22.6832],[70.2371,22.6832],[70.2371,22.6835],[70.2365,22.6835],[70.2365,22.6838],[70.2357,22.6838],[70.2357,22.684],[70.236,22.684],[70.236,22.6843],[70.2357,22.6843]],[[70.2426,22.6843],[70.2438,22.6843],[70.2438,22.6832],[70.2435,22.6832],[70.2435,22.6824],[70.2429,22.6824],[70.2429,22.6829],[70.2432,22.6829],[70.2432,22.6835],[70.2429,22.6835],[70.2429,22.6838],[70.2423,22.6838],[70.2423,22.6829],[70.2418,22.6829],[70.2418,22.6821],[70.2412,22.6821],[70.2412,22.6824],[70.2401,22.6824],[70.2401,22.6821],[70.2399,22.6821],[70.2399,22.6818],[70.2393,22.6818],[70.2393,22.6821],[70.239,22.6821],[70.239,22.6832],[70.2387,22.6832],[70.2387,22.6835],[70.239,22.6835],[70.239,22.6838],[70.2396,22.6838],[70.2396,22.684],[70.2401,22.684],[70.2401,22.6838],[70.2404,22.6838],[70.2404,22.6835],[70.2407,22.6835],[70.2407,22.684],[70.241,22.684],[70.241,22.6843],[70.2421,22.6843],[70.2421,22.6846],[70.2426,22.6846],[70.2426,22.6843]],[[70.2468,22.6915],[70.2468,22.6918],[70.2462,22.6918],[70.2462,22.6913],[70.2465,22.6913],[70.2465,22.691],[70.2462,22.691],[70.2462,22.6904],[70.246,22.6904],[70.246,22.6907],[70.2457,22.6907],[70.2457,22.6908],[70.2457,22.6913],[70.2451,22.6913],[70.2451,22.6915],[70.2443,22.6915],[70.2443,22.6913],[70.2438,22.6913],[70.2438,22.6907],[70.2435,22.6907],[70.2435,22.6896],[70.2432,22.6896],[70.2432,22.6899],[70.2426,22.6899],[70.2426,22.6893],[70.2424,22.6893],[70.2424,22.6896],[70.2418,22.6896],[70.2418,22.6893],[70.2421,22.6893],[70.2421,22.6882],[70.2429,22.6882],[70.2429,22.6885],[70.2443,22.6885],[70.2443,22.6882],[70.244,22.6882],[70.244,22.6879],[70.2438,22.6879],[70.2438,22.6876],[70.2426,22.6876],[70.2426,22.6868],[70.2432,22.6868],[70.2432,22.6871],[70.2435,22.6871],[70.2435,22.6868],[70.244,22.6868],[70.244,22.6874],[70.2443,22.6874],[70.2443,22.6868],[70.2449,22.6868],[70.2449,22.6871],[70.2454,22.6871],[70.2454,22.6879],[70.2457,22.6879],[70.2457,22.6876],[70.246,22.6876],[70.246,22.6879],[70.2468,22.6879],[70.2468,22.6882],[70.2474,22.6882],[70.2474,22.6886],[70.2474,22.6888],[70.2468,22.6888],[70.2468,22.689],[70.2474,22.689],[70.2474,22.6893],[70.2479,22.6893],[70.2479,22.6899],[70.2476,22.6899],[70.2476,22.6913],[70.2474,22.6913],[70.2474,22.6915],[70.2468,22.6915]],[[70.244,22.719],[70.244,22.7201],[70.2432,22.7201],[70.2432,22.7193],[70.2435,22.7193],[70.2435,22.7168],[70.2438,22.7168],[70.2438,22.7132],[70.2435,22.7132],[70.2435,22.7124],[70.2451,22.7124],[70.2451,22.7118],[70.2454,22.7118],[70.2454,22.7121],[70.2457,22.7121],[70.2457,22.7126],[70.246,22.7126],[70.246,22.7129],[70.2462,22.7129],[70.2462,22.7132],[70.2465,22.7132],[70.2465,22.7146],[70.2462,22.7146],[70.2462,22.7149],[70.246,22.7149],[70.246,22.7151],[70.2457,22.7151],[70.2457,22.7157],[70.2451,22.7157],[70.2451,22.7165],[70.2449,22.7165],[70.2449,22.7171],[70.2446,22.7171],[70.2446,22.7176],[70.2443,22.7176],[70.2443,22.719],[70.244,22.719]],[[69.6426,22.7649],[69.6665,22.7507],[69.631,22.7613],[69.6426,22.7649]],[[69.6365,22.7796],[69.6368,22.7796],[69.6368,22.7793],[69.6371,22.7793],[69.6371,22.7787],[69.6374,22.7787],[69.6374,22.7765],[69.6376,22.7765],[69.6376,22.7757],[69.6363,22.7757],[69.6363,22.776],[69.636,22.776],[69.636,22.7765],[69.6357,22.7765],[69.6357,22.7771],[69.6354,22.7771],[69.6354,22.7779],[69.6351,22.7779],[69.6351,22.7793],[69.6354,22.7793],[69.6354,22.7796],[69.6363,22.7796],[69.6363,22.7799],[69.6365,22.7799],[69.6365,22.7796]],[[70.451,22.986],[70.4326,22.9788],[70.4551,22.9957],[70.451,22.986]],[[70.4146,23.0226],[70.4182,23.0349],[70.429,23.0465],[70.4415,23.0496],[70.4146,23.0226]],[[70.4343,23.0137],[70.4138,22.9899],[70.4104,22.9996],[70.4146,23.0193],[70.4485,23.0521],[70.4343,23.0137]],[[70.4533,23.0529],[70.4535,23.0529],[70.4535,23.0532],[70.4526,23.0532],[70.4526,23.0529],[70.4524,23.0529],[70.4524,23.0526],[70.4521,23.0526],[70.4521,23.0524],[70.4515,23.0524],[70.4515,23.052],[70.4515,23.0518],[70.4511,23.0518],[70.451,23.0518],[70.451,23.0515],[70.4507,23.0515],[70.4507,23.0513],[70.4504,23.0513],[70.4504,23.051],[70.4501,23.051],[70.4501,23.0501],[70.4504,23.0501],[70.4504,23.0504],[70.4512,23.0504],[70.4512,23.0507],[70.4515,23.0507],[70.4515,23.051],[70.4518,23.051],[70.4518,23.0515],[70.4521,23.0515],[70.4521,23.0521],[70.4524,23.0521],[70.4524,23.0524],[70.4529,23.0524],[70.4529,23.0526],[70.4532,23.0526],[70.4532,23.0529],[70.4533,23.0529]],[[70.4496,23.0432],[70.4574,23.0551],[70.4496,23.0526],[70.459,23.0576],[70.4496,23.0432]],[[70.4521,23.0604],[70.4521,23.0607],[70.4515,23.0607],[70.4515,23.0604],[70.451,23.0604],[70.451,23.0601],[70.4501,23.0601],[70.4501,23.0599],[70.449,23.0599],[70.449,23.0596],[70.4482,23.0596],[70.4482,23.0593],[70.4471,23.0593],[70.4471,23.059],[70.4468,23.059],[70.4468,23.0588],[70.4463,23.0588],[70.4463,23.0585],[70.446,23.0585],[70.446,23.0582],[70.4463,23.0582],[70.4463,23.0579],[70.449,23.0579],[70.449,23.0582],[70.4496,23.0582],[70.4496,23.0585],[70.4501,23.0585],[70.4501,23.0588],[70.4507,23.0588],[70.4507,23.059],[70.4512,23.059],[70.4512,23.0593],[70.4521,23.0593],[70.4521,23.0599],[70.4524,23.0599],[70.4524,23.0604],[70.4521,23.0604]],[[70.4696,23.061],[70.4696,23.0613],[70.4682,23.0613],[70.4682,23.061],[70.4676,23.061],[70.4676,23.0607],[70.4671,23.0607],[70.4671,23.0604],[70.4665,23.0604],[70.4665,23.0601],[70.466,23.0601],[70.466,23.0599],[70.4654,23.0599],[70.4654,23.0596],[70.4651,23.0596],[70.4651,23.0593],[70.4646,23.0593],[70.4646,23.059],[70.4638,23.059],[70.4638,23.0588],[70.4632,23.0588],[70.4632,23.0585],[70.4626,23.0585],[70.4626,23.0582],[70.4621,23.0582],[70.4621,23.0579],[70.4612,23.0579],[70.4612,23.0576],[70.461,23.0576],[70.461,23.0568],[70.4607,23.0568],[70.4607,23.0565],[70.4601,23.0565],[70.4601,23.0563],[70.4604,23.0563],[70.4604,23.0557],[70.4607,23.0557],[70.4607,23.0554],[70.461,23.0554],[70.461,23.0557],[70.4615,23.0557],[70.4615,23.056],[70.4621,23.056],[70.4621,23.0563],[70.4624,23.0563],[70.4624,23.0565],[70.4629,23.0565],[70.4629,23.0568],[70.4635,23.0568],[70.4635,23.057],[70.4635,23.0571],[70.4639,23.0571],[70.4643,23.0571],[70.4643,23.0572],[70.4643,23.0574],[70.4648,23.0574],[70.4649,23.0576],[70.4654,23.0576],[70.4654,23.0579],[70.466,23.0579],[70.466,23.0582],[70.4662,23.0582],[70.4662,23.0585],[70.4668,23.0585],[70.4668,23.0588],[70.4682,23.0588],[70.4682,23.0593],[70.4685,23.0593],[70.4685,23.0599],[70.469,23.0599],[70.469,23.0601],[70.4693,23.0601],[70.4693,23.0604],[70.4699,23.0604],[70.4699,23.0607],[70.4701,23.0607],[70.4701,23.061],[70.4696,23.061]],[[70.4779,23.0568],[70.4596,23.0443],[70.4518,23.0265],[70.4463,23.0251],[70.4582,23.0499],[70.4599,23.0465],[70.4632,23.0551],[70.4824,23.0654],[70.4779,23.0568]],[[68.609,23.2313],[68.6129,23.2213],[68.6035,23.2257],[68.604,23.2307],[68.609,23.2313]],[[68.5943,23.2618],[68.5943,23.2621],[68.5937,23.2621],[68.5937,23.2607],[68.594,23.2607],[68.594,23.2601],[68.5943,23.2601],[68.5943,23.2599],[68.5946,23.2599],[68.5946,23.2596],[68.5963,23.2596],[68.5963,23.2593],[68.5968,23.2593],[68.5968,23.2596],[68.5971,23.2596],[68.5971,23.2599],[68.5974,23.2599],[68.5974,23.2601],[68.5976,23.2601],[68.5976,23.2607],[68.5954,23.2607],[68.5954,23.2615],[68.5949,23.2615],[68.5949,23.2618],[68.5943,23.2618]],[[68.6585,23.271],[68.6588,23.271],[68.6588,23.2707],[68.659,23.2707],[68.659,23.2704],[68.6593,23.2704],[68.6593,23.2699],[68.659,23.2699],[68.659,23.2696],[68.6588,23.2696],[68.6588,23.2693],[68.6596,23.2693],[68.6596,23.269],[68.6601,23.269],[68.6601,23.2688],[68.6604,23.2688],[68.6604,23.2685],[68.6601,23.2685],[68.6601,23.2679],[68.6588,23.2679],[68.6588,23.2682],[68.6585,23.2682],[68.6585,23.2685],[68.6574,23.2685],[68.6574,23.2688],[68.6571,23.2688],[68.6571,23.2693],[68.6568,23.2693],[68.6568,23.2699],[68.6571,23.2699],[68.6571,23.2701],[68.6574,23.2701],[68.6574,23.2704],[68.6576,23.2704],[68.6576,23.2707],[68.6579,23.2707],[68.6579,23.271],[68.6582,23.271],[68.6582,23.2713],[68.6585,23.2713],[68.6585,23.271]],[[68.6287,23.2896],[68.6287,23.2901],[68.6282,23.2901],[68.6282,23.2893],[68.6279,23.2893],[68.6279,23.2865],[68.6282,23.2865],[68.6282,23.286],[68.6285,23.286],[68.6285,23.2854],[68.629,23.2854],[68.629,23.2871],[68.6293,23.2871],[68.6293,23.289],[68.629,23.289],[68.629,23.2896],[68.6287,23.2896]],[[68.5582,23.3138],[68.5532,23.2968],[68.5679,23.2812],[68.5651,23.2838],[68.5563,23.274],[68.541,23.2851],[68.5379,23.2729],[68.541,23.2657],[68.574,23.2451],[68.5729,23.2513],[68.5843,23.2537],[68.5718,23.2571],[68.5724,23.261],[68.5985,23.2682],[68.5999,23.2729],[68.6024,23.2682],[68.6071,23.269],[68.6062,23.2735],[68.6149,23.2715],[68.6121,23.2921],[68.6074,23.2949],[68.6121,23.2965],[68.5957,23.2996],[68.5821,23.3101],[68.5882,23.2954],[68.5724,23.3038],[68.574,23.2943],[68.5704,23.3004],[68.564,23.3007],[68.5582,23.3138]],[[68.6426,23.314],[68.6462,23.3074],[68.6332,23.3079],[68.6343,23.3138],[68.6426,23.314]],[[68.6326,23.3171],[68.6326,23.3176],[68.6315,23.3176],[68.6315,23.3157],[68.6312,23.3157],[68.6312,23.3143],[68.631,23.3143],[68.631,23.3138],[68.6307,23.3138],[68.6307,23.3132],[68.6304,23.3132],[68.6304,23.3129],[68.6307,23.3129],[68.6307,23.3124],[68.6312,23.3124],[68.6312,23.3121],[68.6318,23.3121],[68.6318,23.3124],[68.6321,23.3124],[68.6321,23.3126],[68.6326,23.3126],[68.6326,23.3129],[68.6329,23.3129],[68.6329,23.3132],[68.6332,23.3132],[68.6332,23.3135],[68.6335,23.3135],[68.6335,23.3138],[68.6337,23.3138],[68.6337,23.314],[68.634,23.314],[68.634,23.3157],[68.6337,23.3157],[68.6337,23.316],[68.6332,23.316],[68.6332,23.3163],[68.6329,23.3163],[68.6329,23.3171],[68.6326,23.3171]],[[68.6399,23.3182],[68.6401,23.3182],[68.6401,23.3179],[68.6404,23.3179],[68.6404,23.3174],[68.6407,23.3174],[68.6407,23.3171],[68.6413,23.3171],[68.6413,23.3174],[68.641,23.3174],[68.641,23.3182],[68.6415,23.3182],[68.6415,23.3174],[68.6418,23.3174],[68.6418,23.3168],[68.6426,23.3168],[68.6426,23.3176],[68.6429,23.3176],[68.6429,23.3182],[68.6435,23.3182],[68.6435,23.3179],[68.6438,23.3179],[68.6438,23.3174],[68.6435,23.3174],[68.6435,23.3168],[68.6432,23.3168],[68.6432,23.3165],[68.6429,23.3165],[68.6429,23.3163],[68.6432,23.3163],[68.6432,23.3154],[68.6418,23.3154],[68.6418,23.316],[68.6401,23.316],[68.6401,23.3163],[68.6396,23.3163],[68.6396,23.3165],[68.6393,23.3165],[68.6393,23.3185],[68.6399,23.3185],[68.6399,23.3182]],[[68.5885,23.319],[68.6079,23.3099],[68.6051,23.3149],[68.6093,23.3168],[68.6188,23.2993],[68.5985,23.3021],[68.5943,23.3096],[68.5829,23.3151],[68.5885,23.319]],[[68.6318,23.3201],[68.6321,23.3201],[68.6321,23.3193],[68.6324,23.3193],[68.6324,23.3188],[68.6315,23.3188],[68.6315,23.3196],[68.6312,23.3196],[68.6312,23.321],[68.6315,23.321],[68.6315,23.3213],[68.6318,23.3213],[68.6318,23.3201]],[[68.6271,23.3215],[68.6276,23.3215],[68.6276,23.3213],[68.6285,23.3213],[68.6285,23.321],[68.6287,23.321],[68.6287,23.3207],[68.629,23.3207],[68.629,23.3199],[68.6293,23.3199],[68.6293,23.3185],[68.6296,23.3185],[68.6296,23.3157],[68.6299,23.3157],[68.6299,23.3137],[68.629,23.3138],[68.629,23.3135],[68.6288,23.3135],[68.6288,23.3132],[68.6285,23.3132],[68.6285,23.3129],[68.6287,23.3129],[68.6287,23.3124],[68.6285,23.3124],[68.6285,23.3121],[68.6282,23.3121],[68.6282,23.3118],[68.6279,23.3118],[68.6279,23.3115],[68.6275,23.3115],[68.6274,23.3115],[68.6274,23.3126],[68.6268,23.3126],[68.6268,23.3124],[68.6265,23.3124],[68.6265,23.3121],[68.6257,23.3121],[68.6257,23.3129],[68.626,23.3129],[68.626,23.3132],[68.6263,23.3132],[68.6263,23.3138],[68.6265,23.3138],[68.6265,23.314],[68.6268,23.314],[68.6268,23.3143],[68.6271,23.3143],[68.6271,23.3149],[68.6274,23.3149],[68.6274,23.3151],[68.6276,23.3151],[68.6276,23.3157],[68.6274,23.3157],[68.6274,23.3163],[68.6271,23.3163],[68.6271,23.3182],[68.6274,23.3182],[68.6274,23.3188],[68.6271,23.3188],[68.6271,23.3193],[68.6268,23.3193],[68.6268,23.3196],[68.6265,23.3196],[68.6265,23.3199],[68.6263,23.3199],[68.6263,23.3213],[68.6265,23.3213],[68.6265,23.3215],[68.6268,23.3215],[68.6268,23.3218],[68.6271,23.3218],[68.6271,23.3215]],[[68.6268,23.3257],[68.6268,23.326],[68.6263,23.326],[68.6263,23.3257],[68.6254,23.3257],[68.6254,23.326],[68.6249,23.326],[68.6249,23.3249],[68.6251,23.3249],[68.6251,23.3243],[68.6254,23.3243],[68.6254,23.324],[68.626,23.324],[68.626,23.3238],[68.6263,23.3238],[68.6263,23.3243],[68.6271,23.3243],[68.6271,23.3238],[68.6274,23.3238],[68.6274,23.3235],[68.6276,23.3235],[68.6276,23.3229],[68.6279,23.3229],[68.6279,23.3226],[68.6282,23.3226],[68.6282,23.3224],[68.6285,23.3224],[68.6285,23.3221],[68.6288,23.3221],[68.6288,23.3215],[68.629,23.3215],[68.629,23.3224],[68.6293,23.3224],[68.6293,23.3232],[68.629,23.3232],[68.629,23.3238],[68.6287,23.3238],[68.6287,23.3243],[68.6285,23.3243],[68.6285,23.3249],[68.6282,23.3249],[68.6282,23.3251],[68.6279,23.3251],[68.6279,23.3254],[68.6276,23.3254],[68.6276,23.3257],[68.6268,23.3257]],[[68.5421,23.3413],[68.5424,23.3413],[68.5424,23.339],[68.5426,23.339],[68.5426,23.3393],[68.5443,23.3393],[68.5443,23.339],[68.5446,23.339],[68.5446,23.3385],[68.5443,23.3385],[68.5443,23.3382],[68.5421,23.3382],[68.5421,23.3374],[68.5418,23.3374],[68.5418,23.3371],[68.5415,23.3371],[68.5415,23.3374],[68.5413,23.3374],[68.5413,23.3382],[68.5415,23.3382],[68.5415,23.3385],[68.5413,23.3385],[68.5413,23.3388],[68.5415,23.3388],[68.5415,23.3393],[68.5413,23.3393],[68.5413,23.339],[68.541,23.339],[68.541,23.3388],[68.5407,23.3388],[68.5407,23.339],[68.5404,23.339],[68.5404,23.3393],[68.5407,23.3393],[68.5407,23.3399],[68.541,23.3399],[68.541,23.3401],[68.5413,23.3401],[68.5413,23.3404],[68.5415,23.3404],[68.5415,23.3413],[68.5418,23.3413],[68.5418,23.3415],[68.5421,23.3415],[68.5421,23.3413]],[[68.5501,23.3413],[68.5501,23.3415],[68.5499,23.3415],[68.5499,23.3413],[68.5496,23.3413],[68.5496,23.3407],[68.5499,23.3407],[68.5499,23.3401],[68.5485,23.3401],[68.5485,23.3399],[68.5476,23.3399],[68.5476,23.3396],[68.546,23.3396],[68.546,23.3399],[68.5462,23.3399],[68.5462,23.3401],[68.546,23.3401],[68.546,23.3404],[68.5454,23.3404],[68.5454,23.3401],[68.5451,23.3401],[68.5451,23.3388],[68.5454,23.3388],[68.5454,23.3385],[68.546,23.3385],[68.546,23.3388],[68.5479,23.3388],[68.5479,23.339],[68.5488,23.339],[68.5488,23.3393],[68.5507,23.3393],[68.5507,23.3396],[68.551,23.3396],[68.551,23.3401],[68.5507,23.3401],[68.5507,23.341],[68.5504,23.341],[68.5504,23.3413],[68.5501,23.3413]],[[68.5537,23.3418],[68.5548,23.3418],[68.5565,23.3418],[68.5568,23.3418],[68.5568,23.3417],[68.5568,23.3415],[68.5563,23.3415],[68.5563,23.3413],[68.5554,23.3413],[68.5554,23.339],[68.5551,23.339],[68.5551,23.3393],[68.554,23.3393],[68.554,23.3396],[68.5537,23.3396],[68.5537,23.3399],[68.5532,23.3399],[68.5532,23.3407],[68.5529,23.3407],[68.5529,23.341],[68.5532,23.341],[68.5532,23.3413],[68.5535,23.3413],[68.5535,23.3415],[68.5537,23.3415],[68.5537,23.3418]],[[68.506,23.3424],[68.5029,23.3329],[68.5065,23.3354],[68.5071,23.3315],[68.5024,23.3238],[68.5193,23.3171],[68.5376,23.3185],[68.5263,23.329],[68.5276,23.3371],[68.506,23.3424]],[[68.5251,23.344],[68.5212,23.3426],[68.5321,23.3393],[68.5251,23.344]],[[68.5643,23.3443],[68.5643,23.3446],[68.5638,23.3446],[68.5638,23.3449],[68.5632,23.3449],[68.5632,23.3446],[68.5626,23.3446],[68.5626,23.3443],[68.5624,23.3443],[68.5624,23.344],[68.5621,23.344],[68.5621,23.3438],[68.5618,23.3438],[68.5618,23.3435],[68.5615,23.3435],[68.5615,23.3432],[68.5612,23.3432],[68.5612,23.3429],[68.561,23.3429],[68.561,23.3421],[68.5612,23.3421],[68.5612,23.3418],[68.5626,23.3418],[68.5626,23.3421],[68.5635,23.3421],[68.5635,23.3424],[68.5646,23.3424],[68.5646,23.3426],[68.5651,23.3426],[68.5651,23.3429],[68.5649,23.3429],[68.5649,23.344],[68.5646,23.344],[68.5646,23.3443],[68.5643,23.3443]],[[68.6315,23.3518],[68.6343,23.3424],[68.6285,23.3488],[68.6315,23.3518]],[[68.4732,23.3565],[68.4735,23.3565],[68.4735,23.3563],[68.474,23.3563],[68.474,23.356],[68.4743,23.356],[68.4743,23.3557],[68.4751,23.3557],[68.4751,23.3549],[68.4754,23.3549],[68.4754,23.3551],[68.4757,23.3551],[68.4757,23.3554],[68.4765,23.3554],[68.4765,23.354],[68.4763,23.354],[68.4763,23.3535],[68.4749,23.3535],[68.4749,23.3538],[68.474,23.3538],[68.474,23.354],[68.4735,23.354],[68.4735,23.3546],[68.4737,23.3546],[68.4737,23.3551],[68.4721,23.3551],[68.4721,23.3554],[68.4718,23.3554],[68.4718,23.3557],[68.4715,23.3557],[68.4715,23.356],[68.471,23.356],[68.471,23.3563],[68.4713,23.3563],[68.4713,23.3568],[68.4732,23.3568],[68.4732,23.3565]],[[68.5735,23.3604],[68.5696,23.3587],[68.5757,23.3524],[68.5735,23.3604]],[[68.5979,23.3607],[68.599,23.3607],[68.599,23.3604],[68.5993,23.3604],[68.5993,23.3601],[68.5996,23.3601],[68.5996,23.3596],[68.5993,23.3596],[68.5993,23.3593],[68.5985,23.3593],[68.5985,23.3596],[68.5982,23.3596],[68.5982,23.3599],[68.5971,23.3599],[68.5971,23.3596],[68.5968,23.3596],[68.5968,23.3593],[68.5963,23.3593],[68.5963,23.3596],[68.596,23.3596],[68.596,23.3604],[68.5963,23.3604],[68.5963,23.3607],[68.5971,23.3607],[68.5971,23.361],[68.5979,23.361],[68.5979,23.3607]],[[68.589,23.3743],[68.5979,23.364],[68.5951,23.3587],[68.6107,23.3518],[68.6087,23.3643],[68.6179,23.354],[68.6174,23.3276],[68.6165,23.334],[68.6107,23.3326],[68.5999,23.3457],[68.5968,23.3468],[68.6074,23.3318],[68.591,23.3415],[68.584,23.3535],[68.5785,23.3515],[68.5793,23.3601],[68.574,23.361],[68.5679,23.3721],[68.5863,23.3735],[68.5879,23.3685],[68.589,23.3743]],[[68.5407,23.3774],[68.541,23.3774],[68.541,23.3771],[68.5407,23.3771],[68.5407,23.3768],[68.5404,23.3768],[68.5404,23.3763],[68.5401,23.3763],[68.5401,23.376],[68.5399,23.376],[68.5399,23.3754],[68.5396,23.3754],[68.5396,23.3751],[68.5393,23.3751],[68.5393,23.3749],[68.5382,23.3749],[68.5382,23.3751],[68.5379,23.3751],[68.5379,23.3754],[68.5382,23.3754],[68.5382,23.3757],[68.5385,23.3757],[68.5385,23.376],[68.5387,23.376],[68.5387,23.3765],[68.539,23.3765],[68.539,23.3771],[68.5396,23.3771],[68.5396,23.3774],[68.5401,23.3774],[68.5401,23.3776],[68.5407,23.3776],[68.5407,23.3774]],[[68.5029,23.3832],[68.5032,23.3832],[68.5032,23.3826],[68.5035,23.3826],[68.5035,23.3824],[68.5032,23.3824],[68.5032,23.3821],[68.5029,23.3821],[68.5029,23.381],[68.5032,23.381],[68.5032,23.3807],[68.5035,23.3807],[68.5035,23.3804],[68.5037,23.3804],[68.5037,23.3801],[68.5043,23.3801],[68.5043,23.3799],[68.5051,23.3799],[68.5051,23.379],[68.5054,23.379],[68.5054,23.3788],[68.5051,23.3788],[68.5051,23.378],[68.5051,23.3774],[68.5043,23.3774],[68.5043,23.3776],[68.5037,23.3776],[68.5037,23.3779],[68.5032,23.3779],[68.5032,23.3781],[68.5032,23.3782],[68.5029,23.3782],[68.5029,23.3785],[68.5026,23.3785],[68.5026,23.379],[68.5029,23.379],[68.5029,23.3793],[68.5026,23.3793],[68.5026,23.3799],[68.5024,23.3799],[68.5024,23.3804],[68.5021,23.3804],[68.5021,23.381],[68.5018,23.381],[68.5018,23.3821],[68.5024,23.3821],[68.5024,23.3824],[68.5026,23.3824],[68.5026,23.3835],[68.5029,23.3835],[68.5029,23.3832]],[[68.5051,23.3813],[68.5049,23.3813],[68.5049,23.381],[68.5043,23.381],[68.5043,23.3813],[68.5046,23.3813],[68.5046,23.3818],[68.5043,23.3818],[68.5043,23.3826],[68.5046,23.3826],[68.5046,23.3829],[68.5043,23.3829],[68.5043,23.3832],[68.5038,23.3832],[68.5038,23.3843],[68.5043,23.3843],[68.5043,23.3846],[68.5046,23.3846],[68.5046,23.3843],[68.5049,23.3843],[68.5049,23.3838],[68.5051,23.3838],[68.5051,23.3813]],[[68.5793,23.3851],[68.5801,23.3851],[68.5801,23.3849],[68.5807,23.3849],[68.5807,23.3846],[68.5813,23.3846],[68.5813,23.3843],[68.5815,23.3843],[68.5815,23.384],[68.5818,23.384],[68.5818,23.3838],[68.5821,23.3838],[68.5821,23.3835],[68.5824,23.3835],[68.5824,23.3832],[68.5826,23.3832],[68.5826,23.3829],[68.5832,23.3829],[68.5832,23.3826],[68.5835,23.3826],[68.5835,23.3824],[68.5837,23.3824],[68.5837,23.3821],[68.584,23.3821],[68.584,23.3815],[68.5843,23.3815],[68.5843,23.3813],[68.5849,23.3813],[68.5849,23.381],[68.5854,23.381],[68.5854,23.3804],[68.586,23.3804],[68.586,23.3801],[68.5863,23.3801],[68.5863,23.379],[68.5865,23.379],[68.5865,23.3788],[68.5868,23.3788],[68.5868,23.3785],[68.5871,23.3785],[68.5871,23.3779],[68.5874,23.3779],[68.5874,23.3763],[68.5871,23.3763],[68.5871,23.376],[68.5865,23.376],[68.5865,23.3757],[68.5863,23.3757],[68.5863,23.376],[68.5857,23.376],[68.5857,23.3771],[68.5854,23.3771],[68.5854,23.3776],[68.5849,23.3776],[68.5849,23.3779],[68.5846,23.3779],[68.5846,23.3782],[68.5843,23.3782],[68.5843,23.379],[68.5837,23.379],[68.5837,23.3788],[68.5832,23.3788],[68.5832,23.3793],[68.5829,23.3793],[68.5829,23.3799],[68.5832,23.3799],[68.5832,23.3801],[68.5837,23.3801],[68.5837,23.3804],[68.5835,23.3804],[68.5835,23.3807],[68.5832,23.3807],[68.5832,23.381],[68.5829,23.381],[68.5829,23.3813],[68.5824,23.3813],[68.5824,23.3815],[68.5821,23.3815],[68.5821,23.3818],[68.5813,23.3818],[68.5813,23.3821],[68.5807,23.3821],[68.5807,23.3824],[68.5804,23.3824],[68.5804,23.3826],[68.5801,23.3826],[68.5801,23.3829],[68.5799,23.3829],[68.5799,23.3832],[68.579,23.3832],[68.579,23.3835],[68.5785,23.3835],[68.5785,23.3838],[68.5782,23.3838],[68.5782,23.384],[68.5779,23.384],[68.5779,23.3851],[68.5782,23.3851],[68.5782,23.3854],[68.5793,23.3854],[68.5793,23.3851]],[[68.5362,23.3854],[68.5429,23.3801],[68.5354,23.3807],[68.5362,23.3854]],[[68.5343,23.3713],[68.5351,23.3876],[68.5304,23.3832],[68.5343,23.3713]],[[68.554,23.4038],[68.5565,23.4038],[68.5565,23.4032],[68.5568,23.4032],[68.5568,23.4026],[68.5543,23.4026],[68.5543,23.4024],[68.554,23.4024],[68.554,23.4021],[68.5529,23.4021],[68.5529,23.4024],[68.5526,23.4024],[68.5526,23.4035],[68.5529,23.4035],[68.5529,23.404],[68.554,23.404],[68.554,23.4038]],[[68.5374,23.4046],[68.5507,23.4024],[68.5593,23.3829],[68.554,23.3832],[68.5563,23.379],[68.5674,23.376],[68.5557,23.3604],[68.5501,23.3713],[68.5551,23.369],[68.5607,23.3754],[68.554,23.3771],[68.5462,23.3968],[68.5426,23.3951],[68.5437,23.3882],[68.5393,23.3935],[68.5443,23.3974],[68.5413,23.4013],[68.5335,23.3896],[68.5282,23.3907],[68.5393,23.4013],[68.5374,23.4046]],[[68.461,23.4049],[68.4612,23.4049],[68.4612,23.4046],[68.4621,23.4046],[68.4621,23.4043],[68.4624,23.4043],[68.4624,23.404],[68.4629,23.404],[68.4629,23.4038],[68.4638,23.4038],[68.4651,23.4038],[68.4651,23.4035],[68.4662,23.4035],[68.4662,23.4038],[68.4668,23.4038],[68.4668,23.404],[68.4674,23.404],[68.4674,23.4043],[68.4679,23.4043],[68.4679,23.404],[68.4685,23.404],[68.4685,23.4038],[68.469,23.4038],[68.469,23.4035],[68.4685,23.4035],[68.4685,23.4032],[68.4671,23.4032],[68.4671,23.4029],[68.4657,23.4029],[68.4657,23.4026],[68.4643,23.4026],[68.4643,23.4024],[68.4625,23.4024],[68.4621,23.4024],[68.4621,23.4026],[68.4615,23.4026],[68.4615,23.4029],[68.461,23.4029],[68.461,23.4035],[68.4607,23.4035],[68.4607,23.4043],[68.4604,23.4043],[68.4604,23.4051],[68.461,23.4051],[68.461,23.4049]],[[68.5235,23.4046],[68.5274,23.3862],[68.5204,23.394],[68.5235,23.4046]],[[68.471,23.4054],[68.4724,23.4054],[68.4724,23.4049],[68.4721,23.4049],[68.4721,23.4046],[68.4713,23.4046],[68.4713,23.4043],[68.4721,23.4043],[68.4729,23.4043],[68.4729,23.404],[68.474,23.404],[68.474,23.4038],[68.4749,23.4038],[68.4749,23.404],[68.4757,23.404],[68.4757,23.4035],[68.476,23.4035],[68.476,23.4029],[68.474,23.4029],[68.474,23.4032],[68.4729,23.4032],[68.4729,23.4035],[68.4724,23.4035],[68.4724,23.4038],[68.4718,23.4038],[68.4718,23.404],[68.471,23.404],[68.471,23.4043],[68.4704,23.4043],[68.4704,23.4046],[68.4699,23.4046],[68.4699,23.4051],[68.4696,23.4051],[68.4696,23.4057],[68.471,23.4057],[68.471,23.4054]],[[68.4299,23.4068],[68.4299,23.4071],[68.4293,23.4071],[68.4293,23.4068],[68.429,23.4068],[68.429,23.4065],[68.4293,23.4065],[68.4293,23.4063],[68.4296,23.4063],[68.4296,23.406],[68.4301,23.406],[68.4301,23.4057],[68.4304,23.4057],[68.4304,23.4054],[68.431,23.4054],[68.431,23.4051],[68.4313,23.4051],[68.4313,23.4049],[68.4324,23.4049],[68.4324,23.4057],[68.4318,23.4057],[68.4318,23.406],[68.4315,23.406],[68.4315,23.4063],[68.4313,23.4063],[68.4313,23.4065],[68.431,23.4065],[68.431,23.4068],[68.4299,23.4068]],[[68.4632,23.4068],[68.4632,23.409],[68.4626,23.409],[68.4626,23.4088],[68.4624,23.4088],[68.4624,23.4082],[68.4621,23.4082],[68.4621,23.4076],[68.4618,23.4076],[68.4618,23.4068],[68.4615,23.4068],[68.4615,23.4063],[68.4618,23.4063],[68.4618,23.406],[68.4621,23.406],[68.4621,23.4057],[68.4624,23.4057],[68.4624,23.4054],[68.4632,23.4054],[68.4632,23.4051],[68.4646,23.4051],[68.4646,23.4054],[68.4643,23.4054],[68.4643,23.4057],[68.464,23.4057],[68.464,23.406],[68.4638,23.406],[68.4638,23.4063],[68.4635,23.4063],[68.4635,23.4068],[68.4632,23.4068]],[[68.409,23.409],[68.4093,23.409],[68.4093,23.4085],[68.4096,23.4085],[68.4096,23.4079],[68.4099,23.4079],[68.4099,23.4057],[68.4096,23.4057],[68.4096,23.406],[68.4093,23.406],[68.4093,23.4063],[68.409,23.4063],[68.409,23.4079],[68.4088,23.4079],[68.4088,23.4093],[68.409,23.4093],[68.409,23.409]],[[68.5579,23.4088],[68.5576,23.4088],[68.5576,23.4082],[68.5574,23.4082],[68.5574,23.4076],[68.5571,23.4076],[68.5571,23.4071],[68.5568,23.4071],[68.5568,23.4068],[68.5565,23.4068],[68.5565,23.4065],[68.5563,23.4065],[68.5563,23.4063],[68.556,23.4063],[68.556,23.4057],[68.5557,23.4057],[68.5557,23.4054],[68.5554,23.4054],[68.5554,23.4051],[68.554,23.4051],[68.554,23.4049],[68.5537,23.4049],[68.5537,23.4046],[68.5532,23.4046],[68.5532,23.4043],[68.5512,23.4043],[68.5512,23.4049],[68.5515,23.4049],[68.5515,23.4051],[68.5524,23.4051],[68.5524,23.4054],[68.5529,23.4054],[68.5529,23.4057],[68.5532,23.4057],[68.5532,23.406],[68.5535,23.406],[68.5535,23.4063],[68.5537,23.4063],[68.5537,23.406],[68.5546,23.406],[68.5546,23.4065],[68.5551,23.4065],[68.5551,23.4068],[68.5554,23.4068],[68.5554,23.4071],[68.556,23.4071],[68.556,23.4074],[68.5563,23.4074],[68.5563,23.4076],[68.5565,23.4076],[68.5565,23.4082],[68.5568,23.4082],[68.5568,23.4085],[68.5571,23.4085],[68.5571,23.4088],[68.5574,23.4088],[68.5574,23.4093],[68.5579,23.4093],[68.5579,23.4088]],[[68.4146,23.4099],[68.4235,23.4007],[68.4132,23.4038],[68.4146,23.4099]],[[68.4607,23.4124],[68.4607,23.4126],[68.4602,23.4126],[68.459,23.4126],[68.459,23.4124],[68.4585,23.4124],[68.4585,23.4121],[68.4579,23.4121],[68.4579,23.4112],[68.459,23.4112],[68.459,23.4115],[68.4593,23.4115],[68.4593,23.4118],[68.46,23.4118],[68.4601,23.4118],[68.4601,23.4115],[68.4607,23.4115],[68.4607,23.4112],[68.4612,23.4112],[68.4612,23.411],[68.4629,23.411],[68.4629,23.4112],[68.4626,23.4112],[68.4626,23.4115],[68.4624,23.4115],[68.4624,23.4118],[68.4621,23.4118],[68.4621,23.4121],[68.4618,23.4121],[68.4618,23.4124],[68.4607,23.4124]],[[68.5496,23.4132],[68.5496,23.4137],[68.5499,23.4137],[68.5499,23.4149],[68.5496,23.4149],[68.5496,23.4143],[68.5493,23.4143],[68.5493,23.4137],[68.549,23.4137],[68.549,23.4135],[68.5488,23.4135],[68.5488,23.4132],[68.5482,23.4132],[68.5482,23.4129],[68.5479,23.4129],[68.5479,23.4126],[68.5476,23.4126],[68.5476,23.4121],[68.5474,23.4121],[68.5474,23.4115],[68.5471,23.4115],[68.5471,23.411],[68.5468,23.411],[68.5468,23.4107],[68.5465,23.4107],[68.5465,23.4104],[68.546,23.4104],[68.546,23.4101],[68.5457,23.4101],[68.5457,23.4099],[68.5451,23.4099],[68.5451,23.4096],[68.5449,23.4096],[68.5449,23.4093],[68.5446,23.4093],[68.5446,23.409],[68.5443,23.409],[68.5443,23.4088],[68.544,23.4088],[68.544,23.4085],[68.5437,23.4085],[68.5437,23.4082],[68.5435,23.4082],[68.5435,23.4079],[68.5432,23.4079],[68.5432,23.4076],[68.5429,23.4076],[68.5429,23.4074],[68.5426,23.4074],[68.5426,23.4071],[68.5424,23.4071],[68.5424,23.4068],[68.5421,23.4068],[68.5421,23.4065],[68.5418,23.4065],[68.5418,23.4063],[68.5415,23.4063],[68.5415,23.4054],[68.542,23.4054],[68.5424,23.4054],[68.5424,23.4057],[68.5426,23.4057],[68.5426,23.406],[68.5429,23.406],[68.5429,23.4063],[68.5432,23.4063],[68.5432,23.4065],[68.5435,23.4065],[68.5435,23.4068],[68.5437,23.4068],[68.5437,23.4071],[68.544,23.4071],[68.544,23.4074],[68.5443,23.4074],[68.5443,23.4076],[68.5446,23.4076],[68.5446,23.4079],[68.5449,23.4079],[68.5449,23.4082],[68.5451,23.4082],[68.5451,23.4085],[68.5454,23.4085],[68.5454,23.4088],[68.546,23.4088],[68.546,23.409],[68.5462,23.409],[68.5462,23.4093],[68.5465,23.4093],[68.5465,23.4096],[68.5468,23.4096],[68.5468,23.4099],[68.5474,23.4099],[68.5474,23.4101],[68.5476,23.4101],[68.5476,23.4104],[68.5478,23.4104],[68.5479,23.4104],[68.5479,23.411],[68.5482,23.411],[68.5482,23.4115],[68.5485,23.4115],[68.5485,23.4121],[68.5488,23.4121],[68.5488,23.4124],[68.549,23.4124],[68.549,23.4129],[68.5493,23.4129],[68.5493,23.4132],[68.5496,23.4132]],[[68.4007,23.4204],[68.401,23.4204],[68.401,23.4201],[68.4013,23.4201],[68.4013,23.4199],[68.4018,23.4199],[68.4018,23.4196],[68.4021,23.4196],[68.4021,23.4193],[68.4024,23.4193],[68.4024,23.4185],[68.4026,23.4185],[68.4026,23.4179],[68.4024,23.4179],[68.4024,23.4174],[68.4021,23.4174],[68.4021,23.4165],[68.4018,23.4165],[68.4018,23.416],[68.4004,23.416],[68.4004,23.4163],[68.4001,23.4163],[68.4001,23.4165],[68.3999,23.4165],[68.3999,23.4171],[68.3996,23.4171],[68.3996,23.4174],[68.3993,23.4174],[68.3993,23.4179],[68.399,23.4179],[68.399,23.4185],[68.3988,23.4185],[68.3988,23.419],[68.3985,23.419],[68.3985,23.4201],[68.3988,23.4201],[68.3988,23.4204],[68.399,23.4204],[68.399,23.421],[68.3999,23.421],[68.3999,23.4212],[68.4,23.4212],[68.4004,23.4212],[68.4004,23.421],[68.4007,23.421],[68.4007,23.4204]],[[68.4021,23.4226],[68.4021,23.4232],[68.4015,23.4232],[68.4015,23.4229],[68.4013,23.4229],[68.4013,23.421],[68.4015,23.421],[68.4015,23.4207],[68.4018,23.4207],[68.4018,23.4204],[68.4024,23.4204],[68.4024,23.4207],[68.4026,23.4207],[68.4026,23.4218],[68.4024,23.4218],[68.4024,23.4226],[68.4021,23.4226]],[[68.3999,23.4282],[68.3999,23.4285],[68.3998,23.4285],[68.3993,23.4285],[68.3993,23.4282],[68.399,23.4282],[68.399,23.4276],[68.3988,23.4276],[68.3988,23.4271],[68.3985,23.4271],[68.3985,23.426],[68.3988,23.426],[68.3988,23.4249],[68.3985,23.4249],[68.3985,23.424],[68.3982,23.424],[68.3982,23.4232],[68.3979,23.4232],[68.3979,23.4224],[68.3982,23.4224],[68.3982,23.4218],[68.3996,23.4218],[68.3996,23.4221],[68.4001,23.4221],[68.4007,23.4221],[68.4007,23.4226],[68.401,23.4226],[68.401,23.4232],[68.4013,23.4232],[68.4013,23.4254],[68.401,23.4254],[68.401,23.4268],[68.4007,23.4268],[68.4007,23.4274],[68.4004,23.4274],[68.4004,23.4279],[68.4001,23.4279],[68.4001,23.4282],[68.3999,23.4282]],[[68.5018,23.4313],[68.5015,23.4313],[68.5015,23.4307],[68.5012,23.4307],[68.5012,23.4301],[68.5004,23.4301],[68.5004,23.4313],[68.501,23.4313],[68.501,23.4315],[68.5012,23.4315],[68.5012,23.4321],[68.5015,23.4321],[68.5015,23.4324],[68.5021,23.4324],[68.5021,23.4321],[68.5018,23.4321],[68.5018,23.4313]],[[68.5168,23.4326],[68.5168,23.4329],[68.5146,23.4329],[68.5146,23.4326],[68.514,23.4326],[68.514,23.4321],[68.5137,23.4321],[68.5137,23.4315],[68.514,23.4315],[68.514,23.431],[68.5137,23.431],[68.5137,23.4304],[68.5143,23.4304],[68.5143,23.4307],[68.5154,23.4307],[68.5154,23.4304],[68.5157,23.4304],[68.5157,23.4301],[68.516,23.4301],[68.516,23.4299],[68.5163,23.4299],[68.5163,23.4304],[68.5165,23.4304],[68.5165,23.431],[68.5168,23.431],[68.5168,23.4315],[68.5171,23.4315],[68.5171,23.4326],[68.5168,23.4326]],[[68.5007,23.436],[68.5007,23.4363],[68.4987,23.4363],[68.4987,23.436],[68.4982,23.436],[68.4982,23.4357],[68.4979,23.4357],[68.4979,23.4354],[68.4974,23.4354],[68.4974,23.4349],[68.4968,23.4349],[68.4968,23.4346],[68.4979,23.4346],[68.4979,23.4343],[68.4982,23.4343],[68.4982,23.4346],[68.4987,23.4346],[68.4987,23.4349],[68.4993,23.4349],[68.4993,23.4351],[68.4996,23.4351],[68.4996,23.4354],[68.501,23.4354],[68.501,23.436],[68.5007,23.436]],[[68.5012,23.4435],[68.5012,23.4438],[68.501,23.4438],[68.501,23.4435],[68.5007,23.4435],[68.5007,23.4429],[68.5004,23.4429],[68.5004,23.4426],[68.5001,23.4426],[68.5001,23.4424],[68.4993,23.4424],[68.4993,23.4418],[68.4996,23.4418],[68.4996,23.4415],[68.5001,23.4415],[68.5001,23.441],[68.5004,23.441],[68.5004,23.4404],[68.5007,23.4404],[68.5007,23.439],[68.501,23.439],[68.501,23.4393],[68.5012,23.4393],[68.5012,23.4415],[68.5015,23.4415],[68.5015,23.4426],[68.5018,23.4426],[68.5018,23.4432],[68.5021,23.4432],[68.5021,23.4435],[68.5012,23.4435]],[[68.5012,23.4529],[68.5012,23.4535],[68.501,23.4535],[68.501,23.4529],[68.5007,23.4529],[68.5007,23.4526],[68.501,23.4526],[68.501,23.4521],[68.5007,23.4521],[68.5007,23.4518],[68.5001,23.4518],[68.5001,23.4515],[68.4999,23.4515],[68.4999,23.4513],[68.4993,23.4513],[68.4993,23.451],[68.4987,23.451],[68.4987,23.4507],[68.4982,23.4507],[68.4982,23.4504],[68.4976,23.4504],[68.4976,23.4501],[68.4971,23.4501],[68.4971,23.4496],[68.4968,23.4496],[68.4968,23.449],[68.4965,23.449],[68.4965,23.4488],[68.4962,23.4488],[68.4962,23.4485],[68.496,23.4485],[68.496,23.4476],[68.4957,23.4476],[68.4957,23.4465],[68.4971,23.4465],[68.4971,23.4457],[68.4968,23.4457],[68.4968,23.444],[68.4971,23.444],[68.4971,23.4443],[68.4982,23.4443],[68.4982,23.444],[68.499,23.444],[68.499,23.4446],[68.4999,23.4446],[68.4999,23.4451],[68.5001,23.4451],[68.5001,23.4457],[68.5004,23.4457],[68.5004,23.4465],[68.5007,23.4465],[68.5007,23.4476],[68.501,23.4476],[68.501,23.4485],[68.5012,23.4485],[68.5012,23.449],[68.5015,23.449],[68.5015,23.4496],[68.5024,23.4496],[68.5024,23.4501],[68.5021,23.4501],[68.5021,23.4513],[68.5018,23.4513],[68.5018,23.4524],[68.5015,23.4524],[68.5015,23.4529],[68.5012,23.4529]],[[68.5068,23.4565],[68.5032,23.456],[68.5068,23.4504],[68.5029,23.4479],[68.5029,23.4293],[68.5115,23.4304],[68.5099,23.4388],[68.5157,23.4335],[68.5171,23.4421],[68.521,23.4371],[68.5135,23.4479],[68.5229,23.4432],[68.5257,23.4363],[68.5251,23.4432],[68.5068,23.4565]],[[68.4062,23.4524],[68.4013,23.4538],[68.4079,23.4579],[68.4062,23.4524]],[[68.499,23.476],[68.5001,23.4551],[68.4951,23.474],[68.499,23.476]],[[68.4729,23.4804],[68.4571,23.4788],[68.4612,23.4763],[68.4601,23.4685],[68.4451,23.4679],[68.4449,23.4618],[68.4526,23.461],[68.4326,23.4501],[68.4349,23.4404],[68.4293,23.4401],[68.4249,23.4476],[68.4121,23.4435],[68.4127,23.4321],[68.4199,23.4293],[68.4213,23.4201],[68.429,23.4315],[68.4201,23.4335],[68.4182,23.4399],[68.4285,23.4374],[68.4304,23.4313],[68.4382,23.4354],[68.4401,23.4449],[68.4676,23.4588],[68.4704,23.454],[68.4746,23.4599],[68.4707,23.4532],[68.4618,23.4535],[68.4604,23.444],[68.4676,23.4421],[68.4587,23.434],[68.4646,23.4212],[68.4582,23.4179],[68.4665,23.4118],[68.4635,23.4071],[68.4846,23.4032],[68.4949,23.456],[68.4854,23.4754],[68.4729,23.4804]],[[68.496,23.4774],[68.4871,23.4735],[68.4821,23.4779],[68.4871,23.4857],[68.4985,23.489],[68.496,23.4774]],[[68.5074,23.4921],[68.5074,23.4924],[68.5065,23.4924],[68.5065,23.4927],[68.506,23.4927],[68.506,23.4921],[68.5062,23.4921],[68.5062,23.4912],[68.5065,23.4913],[68.5065,23.491],[68.5068,23.491],[68.5068,23.4904],[68.509,23.4904],[68.509,23.4907],[68.5088,23.4907],[68.5088,23.491],[68.5085,23.491],[68.5085,23.4913],[68.5082,23.4913],[68.5082,23.4915],[68.5079,23.4915],[68.5079,23.4918],[68.5076,23.4918],[68.5076,23.4921],[68.5074,23.4921]],[[68.4868,23.4951],[68.4868,23.4954],[68.4865,23.4954],[68.4865,23.4949],[68.4863,23.4949],[68.4863,23.494],[68.486,23.494],[68.486,23.4932],[68.4863,23.4932],[68.4863,23.4926],[68.4865,23.4927],[68.4865,23.491],[68.4863,23.491],[68.4863,23.4904],[68.486,23.4904],[68.486,23.489],[68.4863,23.489],[68.4863,23.4885],[68.4865,23.4885],[68.4865,23.4876],[68.4868,23.4876],[68.4868,23.4874],[68.4871,23.4874],[68.4871,23.4865],[68.4876,23.4865],[68.4876,23.4868],[68.4879,23.4868],[68.4879,23.4874],[68.4882,23.4874],[68.4882,23.4882],[68.4885,23.4882],[68.4885,23.4893],[68.4887,23.4893],[68.4887,23.4901],[68.489,23.4901],[68.489,23.491],[68.4893,23.491],[68.4893,23.4918],[68.4896,23.4918],[68.4896,23.4937],[68.4893,23.4937],[68.4893,23.4935],[68.489,23.4935],[68.489,23.4932],[68.4887,23.4932],[68.4887,23.4929],[68.4885,23.4929],[68.4885,23.4924],[68.4876,23.4924],[68.4876,23.4932],[68.4879,23.4932],[68.4879,23.494],[68.4876,23.494],[68.4876,23.4946],[68.4874,23.4946],[68.4874,23.4949],[68.4871,23.4949],[68.4871,23.4951],[68.4868,23.4951]],[[68.4665,23.4979],[68.4649,23.489],[68.4587,23.4874],[68.4596,23.4796],[68.4713,23.4804],[68.4729,23.491],[68.4665,23.4979]],[[68.4374,23.5001],[68.4374,23.5004],[68.4371,23.5004],[68.4371,23.5001],[68.4368,23.5001],[68.4368,23.4996],[68.4371,23.4996],[68.4371,23.4993],[68.4374,23.4993],[68.4374,23.499],[68.4379,23.499],[68.4379,23.4988],[68.4385,23.4988],[68.4385,23.4985],[68.4393,23.4985],[68.4393,23.4988],[68.4396,23.4988],[68.4396,23.4993],[68.4393,23.4993],[68.4393,23.4996],[68.4382,23.4996],[68.4382,23.4999],[68.4379,23.4999],[68.4379,23.5001],[68.4376,23.5001],[68.4374,23.5001]],[[68.4807,23.5013],[68.4868,23.486],[68.4796,23.4779],[68.4737,23.4818],[68.4763,23.4863],[68.4846,23.4851],[68.4843,23.4907],[68.4749,23.4865],[68.4729,23.494],[68.4815,23.4915],[68.4807,23.5013]],[[68.4679,23.524],[68.4704,23.5188],[68.4643,23.5154],[68.4679,23.524]],[[68.4715,23.5207],[68.4751,23.5288],[68.4687,23.5246],[68.4715,23.5207]],[[68.4735,23.5365],[68.4737,23.5365],[68.4737,23.5363],[68.474,23.5363],[68.474,23.536],[68.4743,23.536],[68.4743,23.5351],[68.4746,23.5351],[68.4746,23.5346],[68.4749,23.5346],[68.4749,23.5343],[68.4751,23.5343],[68.4751,23.534],[68.4749,23.534],[68.4749,23.5329],[68.4757,23.5329],[68.4757,23.5332],[68.4763,23.5332],[68.4763,23.5329],[68.4765,23.5329],[68.4765,23.5321],[68.4763,23.5321],[68.4763,23.5318],[68.476,23.5318],[68.476,23.5315],[68.4757,23.5315],[68.4757,23.531],[68.4751,23.531],[68.4751,23.5307],[68.4749,23.5307],[68.4749,23.5304],[68.4732,23.5304],[68.4732,23.5307],[68.4729,23.5307],[68.4729,23.531],[68.4721,23.531],[68.4721,23.5313],[68.4724,23.5313],[68.4724,23.5318],[68.4726,23.5318],[68.4726,23.5324],[68.4732,23.5324],[68.4732,23.5326],[68.4735,23.5326],[68.4735,23.5329],[68.4732,23.5329],[68.4732,23.5332],[68.4721,23.5332],[68.4721,23.5338],[68.4718,23.5338],[68.4718,23.5346],[68.4721,23.5346],[68.4721,23.5357],[68.4718,23.5357],[68.4718,23.5363],[68.4726,23.5363],[68.4726,23.5365],[68.4729,23.5365],[68.4729,23.5371],[68.4735,23.5371],[68.4735,23.5365]],[[68.4824,23.5499],[68.4824,23.5504],[68.4821,23.5504],[68.4821,23.5496],[68.4818,23.5496],[68.4818,23.5487],[68.4815,23.5487],[68.4815,23.5482],[68.4818,23.5482],[68.4818,23.5474],[68.4821,23.5474],[68.4821,23.5471],[68.4826,23.5471],[68.4826,23.5474],[68.4829,23.5474],[68.4829,23.5487],[68.4832,23.5487],[68.4832,23.5493],[68.4829,23.5493],[68.4829,23.5496],[68.4826,23.5496],[68.4826,23.5499],[68.4824,23.5499]],[[68.4757,23.5388],[68.4796,23.5549],[68.4704,23.5535],[68.4696,23.5485],[68.4574,23.5426],[68.4535,23.5368],[68.4618,23.5338],[68.4532,23.5287],[68.4757,23.5388]],[[68.2235,23.586],[68.2257,23.586],[68.2257,23.5857],[68.2265,23.5857],[68.2265,23.5854],[68.2274,23.5854],[68.2274,23.5851],[68.2279,23.5851],[68.2279,23.5849],[68.2282,23.5849],[68.2282,23.5843],[68.2279,23.5843],[68.2279,23.584],[68.2268,23.584],[68.2268,23.5838],[68.2251,23.5838],[68.2251,23.584],[68.224,23.584],[68.224,23.5843],[68.2237,23.5843],[68.2237,23.5846],[68.2232,23.5846],[68.2232,23.5849],[68.2229,23.5849],[68.2229,23.5851],[68.2226,23.5851],[68.2226,23.5854],[68.2224,23.5854],[68.2224,23.586],[68.2226,23.586],[68.2226,23.5863],[68.2235,23.5863],[68.2235,23.586]],[[68.2551,23.5901],[68.2579,23.5851],[68.2535,23.5821],[68.2507,23.5874],[68.2449,23.5871],[68.2551,23.5901]],[[68.2162,23.5907],[68.2162,23.5912],[68.2162,23.5913],[68.2151,23.5913],[68.2151,23.591],[68.2151,23.5907],[68.2149,23.5907],[68.2149,23.5893],[68.2151,23.5893],[68.2151,23.5882],[68.2154,23.5882],[68.2154,23.5874],[68.2151,23.5874],[68.2151,23.5871],[68.2154,23.5871],[68.2154,23.5868],[68.216,23.5868],[68.216,23.5865],[68.2165,23.5865],[68.2165,23.5863],[68.2171,23.5863],[68.2171,23.5865],[68.2174,23.5865],[68.2174,23.5868],[68.2176,23.5868],[68.2176,23.5871],[68.2174,23.5871],[68.2174,23.5876],[68.2171,23.5876],[68.2171,23.5882],[68.2168,23.5882],[68.2168,23.5901],[68.2165,23.5901],[68.2165,23.5907],[68.2162,23.5907]],[[68.4821,23.5968],[68.4854,23.5751],[68.4799,23.5679],[68.4812,23.5613],[68.4735,23.5629],[68.4682,23.5529],[68.4635,23.5507],[68.4618,23.554],[68.4607,23.5487],[68.446,23.5401],[68.4382,23.5238],[68.4335,23.5232],[68.4304,23.5077],[68.4301,23.5429],[68.4354,23.5468],[68.4354,23.5571],[68.4482,23.5657],[68.4532,23.5613],[68.4557,23.5724],[68.4729,23.5782],[68.4696,23.5829],[68.4624,23.5815],[68.4679,23.5915],[68.4796,23.5899],[68.4821,23.5968]],[[68.4585,23.6004],[68.4657,23.5985],[68.4676,23.5918],[68.4621,23.5768],[68.4512,23.5732],[68.4443,23.5782],[68.4532,23.5779],[68.4571,23.5876],[68.4526,23.5885],[68.4524,23.5954],[68.4585,23.6004]],[[68.481,23.6065],[68.4801,23.5982],[68.4865,23.6032],[68.481,23.6065]],[[68.4563,23.6249],[68.466,23.6215],[68.4665,23.601],[68.4518,23.6029],[68.4457,23.5885],[68.4404,23.5865],[68.441,23.6035],[68.4346,23.6163],[68.4563,23.6249]],[[68.4832,23.6215],[68.4846,23.6279],[68.4796,23.6201],[68.4696,23.6163],[68.4682,23.5926],[68.4799,23.591],[68.4788,23.6065],[68.491,23.6043],[68.4904,23.6243],[68.4832,23.6215]],[[68.4779,23.7224],[68.4821,23.7199],[68.4726,23.7146],[68.4779,23.7224]],[[68.4496,23.7315],[68.4499,23.7315],[68.4499,23.7318],[68.4501,23.7318],[68.4501,23.7321],[68.4507,23.7321],[68.4507,23.7313],[68.4504,23.7313],[68.4504,23.731],[68.4501,23.731],[68.4501,23.7304],[68.4488,23.7304],[68.4488,23.7306],[68.4488,23.7307],[68.4485,23.7307],[68.4485,23.731],[68.4479,23.731],[68.4479,23.7313],[68.4476,23.7313],[68.4476,23.7318],[68.4474,23.7318],[68.4474,23.7324],[68.4476,23.7324],[68.4476,23.7326],[68.4485,23.7326],[68.4485,23.7324],[68.4496,23.7323],[68.4496,23.7315]],[[68.4674,23.7399],[68.4876,23.729],[68.4593,23.7249],[68.4571,23.7337],[68.4674,23.7399]],[[68.4868,23.7451],[68.4868,23.746],[68.4865,23.746],[68.4865,23.7457],[68.4863,23.7457],[68.4863,23.7451],[68.486,23.7451],[68.486,23.7449],[68.4851,23.7449],[68.4851,23.7446],[68.4849,23.7446],[68.4849,23.744],[68.4846,23.744],[68.4846,23.7435],[68.4843,23.7435],[68.4843,23.7432],[68.484,23.7432],[68.484,23.7426],[68.4837,23.7426],[68.4837,23.7424],[68.4835,23.7424],[68.4835,23.7418],[68.4832,23.7418],[68.4832,23.7413],[68.4829,23.7413],[68.4829,23.7407],[68.4826,23.7407],[68.4826,23.7401],[68.4824,23.7401],[68.4824,23.7396],[68.4821,23.7396],[68.4821,23.739],[68.4818,23.739],[68.4818,23.7382],[68.4815,23.7382],[68.4815,23.7376],[68.4812,23.7376],[68.4812,23.7371],[68.4815,23.7371],[68.4815,23.7365],[68.4818,23.7365],[68.4818,23.7362],[68.4824,23.7362],[68.4824,23.736],[68.4832,23.736],[68.4832,23.7362],[68.4835,23.7362],[68.4835,23.7365],[68.4837,23.7365],[68.4837,23.7368],[68.484,23.7368],[68.484,23.7371],[68.4843,23.7371],[68.4843,23.7374],[68.4846,23.7374],[68.4846,23.7376],[68.4849,23.7376],[68.4849,23.7382],[68.4851,23.7382],[68.4851,23.7388],[68.4854,23.7388],[68.4854,23.7393],[68.4857,23.7393],[68.4857,23.7401],[68.486,23.7401],[68.486,23.7413],[68.4863,23.7412],[68.4863,23.7432],[68.4865,23.7432],[68.4865,23.7451],[68.4868,23.7451]],[[68.2165,23.7793],[68.2176,23.7557],[68.224,23.764],[68.2165,23.7793]],[[68.3468,23.7801],[68.3404,23.7771],[68.3418,23.7893],[68.3493,23.8001],[68.3468,23.7801]],[[68.3585,23.8051],[68.3771,23.7918],[68.3979,23.7849],[68.4143,23.7946],[68.4262,23.7949],[68.4182,23.7626],[68.3993,23.751],[68.4174,23.7604],[68.4185,23.7243],[68.3904,23.6543],[68.3754,23.6432],[68.3896,23.686],[68.3746,23.6393],[68.3479,23.616],[68.3512,23.6049],[68.3468,23.5982],[68.3304,23.589],[68.3146,23.5899],[68.3149,23.5832],[68.3085,23.5829],[68.3043,23.5965],[68.2996,23.5879],[68.3076,23.584],[68.2949,23.5788],[68.2807,23.5824],[68.2743,23.5918],[68.279,23.5971],[68.2801,23.5888],[68.2832,23.6007],[68.2926,23.6001],[68.2812,23.6063],[68.2882,23.606],[68.2857,23.611],[68.2812,23.614],[68.2779,23.6099],[68.2729,23.6179],[68.2779,23.6313],[68.2865,23.6274],[68.3046,23.6301],[68.3138,23.6224],[68.3068,23.6307],[68.2882,23.6287],[68.2771,23.6326],[68.2671,23.6201],[68.2696,23.6099],[68.264,23.6024],[68.2557,23.6004],[68.2421,23.6063],[68.2399,23.5999],[68.2487,23.5938],[68.2562,23.5957],[68.2501,23.5907],[68.2368,23.5957],[68.2332,23.5871],[68.2213,23.5899],[68.226,23.6068],[68.2165,23.6063],[68.2146,23.6007],[68.2054,23.6021],[68.2035,23.5946],[68.1971,23.5971],[68.194,23.6068],[68.1874,23.611],[68.1862,23.6243],[68.2046,23.6476],[68.2101,23.6404],[68.2232,23.6471],[68.2337,23.6413],[68.256,23.6451],[68.2601,23.6399],[68.2582,23.6449],[68.3118,23.6501],[68.2899,23.6482],[68.2804,23.6521],[68.2312,23.6429],[68.2382,23.6479],[68.2696,23.6496],[68.2821,23.6707],[68.2924,23.6785],[68.3063,23.6812],[68.3015,23.6796],[68.2974,23.684],[68.3099,23.6979],[68.3185,23.7182],[68.3296,23.7238],[68.334,23.711],[68.3304,23.7224],[68.3379,23.7296],[68.3393,23.7426],[68.3499,23.7318],[68.3471,23.741],[68.3518,23.7429],[68.341,23.7449],[68.3432,23.7524],[68.3379,23.7521],[68.3349,23.7588],[68.3487,23.7815],[68.3504,23.8007],[68.3585,23.8051]],[[68.6051,23.8096],[68.6079,23.8057],[68.6018,23.7962],[68.5951,23.7968],[68.5935,23.8035],[68.6051,23.8096]],[[68.5965,23.8121],[68.5965,23.8126],[68.5951,23.8126],[68.5951,23.8124],[68.594,23.8124],[68.594,23.8121],[68.5935,23.8121],[68.5935,23.8115],[68.5937,23.8115],[68.5937,23.8113],[68.594,23.8113],[68.594,23.8107],[68.5943,23.8107],[68.5943,23.8101],[68.5954,23.8101],[68.5954,23.8107],[68.5957,23.8107],[68.5957,23.8115],[68.596,23.8115],[68.596,23.8118],[68.5963,23.8118],[68.5963,23.8121],[68.5965,23.8121]],[[68.3079,23.8237],[68.3224,23.8049],[68.3138,23.7868],[68.3243,23.7343],[68.2913,23.7276],[68.2862,23.7337],[68.2946,23.7413],[68.2857,23.7546],[68.2932,23.7404],[68.2849,23.7321],[68.2946,23.7232],[68.2832,23.7099],[68.2721,23.7076],[68.274,23.7013],[68.2574,23.716],[68.266,23.7296],[68.2676,23.7724],[68.2754,23.7951],[68.2982,23.8038],[68.2971,23.8121],[68.2901,23.8168],[68.3079,23.8237]],[[68.4979,23.8307],[68.5199,23.8179],[68.5229,23.8024],[68.5124,23.7887],[68.4985,23.7946],[68.5126,23.7874],[68.5224,23.7754],[68.5168,23.7546],[68.5101,23.751],[68.4896,23.7596],[68.5074,23.7485],[68.4949,23.7374],[68.4876,23.7371],[68.4882,23.7485],[68.4715,23.7551],[68.4654,23.7754],[68.464,23.7663],[68.4707,23.7524],[68.4785,23.7476],[68.4768,23.7407],[68.4587,23.7435],[68.4374,23.7393],[68.4565,23.774],[68.4479,23.8065],[68.4554,23.8074],[68.4582,23.8177],[68.4979,23.8307]],[[68.7071,23.8512],[68.7104,23.8488],[68.7026,23.8504],[68.7071,23.8512]],[[68.6993,23.8529],[68.6993,23.8532],[68.6979,23.8532],[68.6979,23.8529],[68.6976,23.8529],[68.6976,23.8526],[68.6971,23.8526],[68.6971,23.8524],[68.6968,23.8524],[68.6968,23.8521],[68.6963,23.8521],[68.6963,23.8518],[68.696,23.8518],[68.696,23.8515],[68.6951,23.8515],[68.6951,23.8504],[68.6949,23.8504],[68.6949,23.8493],[68.6954,23.8493],[68.6954,23.849],[68.6968,23.849],[68.6968,23.8493],[68.6971,23.8493],[68.6971,23.8496],[68.6976,23.8496],[68.6976,23.8499],[68.6979,23.8499],[68.6979,23.8501],[68.6985,23.8501],[68.6985,23.8504],[68.6988,23.8504],[68.6988,23.8507],[68.6993,23.8507],[68.6993,23.851],[68.6996,23.851],[68.6996,23.8512],[68.6999,23.8512],[68.6999,23.8515],[68.7004,23.8515],[68.7004,23.8518],[68.7007,23.8518],[68.7007,23.8524],[68.7004,23.8524],[68.7004,23.8526],[68.7001,23.8526],[68.7001,23.8529],[68.6993,23.8529]],[[68.5332,23.8738],[68.524,23.8585],[68.5349,23.8649],[68.5332,23.8738]],[[68.3957,23.8782],[68.3779,23.8743],[68.3737,23.8601],[68.3771,23.8579],[68.3443,23.8393],[68.3474,23.8196],[68.3251,23.7979],[68.3301,23.7874],[68.3385,23.801],[68.3551,23.811],[68.3696,23.8096],[68.3788,23.7954],[68.4015,23.7904],[68.3901,23.8096],[68.3893,23.8304],[68.3796,23.8382],[68.3899,23.8321],[68.3918,23.809],[68.4054,23.7932],[68.416,23.8021],[68.4065,23.8118],[68.4115,23.821],[68.4101,23.809],[68.4179,23.8051],[68.4265,23.8104],[68.4393,23.839],[68.4287,23.846],[68.4207,23.8685],[68.3957,23.8782]],[[68.2482,23.8804],[68.216,23.8668],[68.216,23.8476],[68.234,23.8429],[68.239,23.8529],[68.2518,23.8624],[68.2549,23.8751],[68.2482,23.8804]],[[68.4493,23.9385],[68.4274,23.9335],[68.4201,23.921],[68.4051,23.9124],[68.3529,23.9007],[68.3532,23.8837],[68.3585,23.894],[68.3676,23.8907],[68.356,23.8901],[68.3565,23.8632],[68.3499,23.8463],[68.3724,23.8596],[68.3774,23.8765],[68.3885,23.876],[68.3935,23.8804],[68.4171,23.8724],[68.4179,23.8768],[68.4085,23.8851],[68.4224,23.8949],[68.4293,23.896],[68.4107,23.8854],[68.4207,23.8771],[68.4196,23.871],[68.426,23.8646],[68.4421,23.8704],[68.4437,23.8785],[68.4521,23.8818],[68.4468,23.8988],[68.4504,23.9046],[68.4429,23.9082],[68.4504,23.9054],[68.4515,23.9135],[68.4443,23.9132],[68.4518,23.916],[68.444,23.9193],[68.4587,23.9307],[68.4493,23.9385]],[[68.5354,23.946],[68.5424,23.9338],[68.5582,23.931],[68.5585,23.9232],[68.5826,23.9229],[68.5888,23.9168],[68.5671,23.9035],[68.5646,23.8938],[68.5468,23.8729],[68.5371,23.8674],[68.5368,23.8754],[68.5326,23.8763],[68.5221,23.8563],[68.5171,23.8565],[68.5004,23.8665],[68.5021,23.8754],[68.4971,23.8671],[68.491,23.8663],[68.486,23.8899],[68.5121,23.9032],[68.5257,23.8926],[68.514,23.9046],[68.5287,23.9151],[68.5318,23.9235],[68.5376,23.9176],[68.5254,23.9401],[68.5354,23.946]],[[68.5229,23.9454],[68.5146,23.9493],[68.5257,23.9495],[68.5229,23.9454]],[[68.4976,23.9675],[68.4996,23.9487],[68.5188,23.9407],[68.5057,23.9418],[68.5185,23.9357],[68.5185,23.9243],[68.5132,23.9198],[68.5101,23.9235],[68.511,23.9168],[68.5049,23.9088],[68.4879,23.9015],[68.4804,23.8904],[68.4674,23.8946],[68.4796,23.889],[68.4718,23.8615],[68.444,23.8485],[68.4324,23.8521],[68.4282,23.8618],[68.4399,23.8665],[68.4532,23.8799],[68.4504,23.8935],[68.4582,23.9146],[68.4543,23.9121],[68.4512,23.9199],[68.4557,23.9288],[68.4629,23.9318],[68.4488,23.9401],[68.4282,23.9365],[68.4368,23.9574],[68.4415,23.9626],[68.449,23.9596],[68.4426,23.964],[68.4437,23.9683],[68.4976,23.9675]],[[68.3585,23.975],[68.3752,23.9675],[68.434,23.966],[68.4115,23.926],[68.3871,23.9143],[68.3771,23.9151],[68.3763,23.9204],[68.3765,23.9149],[68.3579,23.9121],[68.3465,23.904],[68.3424,23.8899],[68.3487,23.8651],[68.3362,23.8388],[68.3376,23.8193],[68.321,23.8071],[68.3146,23.824],[68.3037,23.8246],[68.2888,23.8174],[68.2957,23.811],[68.2957,23.8043],[68.2743,23.7974],[68.2704,23.7857],[68.2657,23.7929],[68.2699,23.7818],[68.2621,23.7601],[68.266,23.7463],[68.2613,23.739],[68.2615,23.7265],[68.254,23.7188],[68.2668,23.6918],[68.256,23.6796],[68.2385,23.681],[68.2268,23.6901],[68.2293,23.7029],[68.2199,23.6996],[68.2076,23.7068],[68.1926,23.731],[68.2118,23.7635],[68.2138,23.7554],[68.2196,23.7549],[68.226,23.7626],[68.2246,23.7718],[68.2343,23.7749],[68.2326,23.7821],[68.2312,23.7757],[68.2243,23.7735],[68.2179,23.7813],[68.2093,23.811],[68.2129,23.8346],[68.2346,23.836],[68.2454,23.8538],[68.2496,23.8465],[68.2571,23.8446],[68.2604,23.8249],[68.261,23.8374],[68.2774,23.8343],[68.2874,23.8393],[68.2635,23.8379],[68.2496,23.8487],[68.2579,23.8707],[68.2804,23.8679],[68.2932,23.8729],[68.3051,23.8657],[68.3112,23.8776],[68.3176,23.8804],[68.3096,23.879],[68.3024,23.8671],[68.2932,23.8751],[68.2818,23.8701],[68.259,23.8751],[68.2613,23.8865],[68.2785,23.9024],[68.2771,23.9149],[68.2835,23.9204],[68.3249,23.9143],[68.3382,23.9204],[68.346,23.9326],[68.3462,23.9604],[68.3585,23.975]],[[74.6956,13.3267],[74.6969,13.3278],[74.6973,13.329],[74.6973,13.33],[74.6967,13.3312],[74.6945,13.3324],[74.6929,13.3322],[74.6923,13.3318],[74.6918,13.33],[74.6922,13.3284],[74.6938,13.3268],[74.6956,13.3267]],[[74.6899,13.3354],[74.6912,13.3365],[74.6915,13.3377],[74.6916,13.3387],[74.6909,13.3399],[74.6887,13.3411],[74.6871,13.3409],[74.6865,13.3405],[74.6861,13.3387],[74.6865,13.3371],[74.688,13.3355],[74.6899,13.3354]],[[74.6838,13.344],[74.682,13.3442],[74.6805,13.3458],[74.68,13.3474],[74.6805,13.3492],[74.6811,13.3496],[74.6827,13.3498],[74.6849,13.3486],[74.6856,13.3474],[74.6855,13.3464],[74.6852,13.3452],[74.6838,13.344]],[[74.6684,13.3783],[74.6684,13.3857],[74.675,13.3764],[74.6684,13.3783]],[[74.7288,13.6427],[74.7425,13.6433],[74.7429,13.6397],[74.7288,13.6427]],[[74.679,13.6539],[74.688,13.6528],[74.6904,13.6608],[74.6777,13.6668],[74.679,13.6539]],[[74.4761,14.0148],[74.4832,14.0155],[74.4848,14.0109],[74.4761,14.0148]],[[74.3251,14.0168],[74.3261,14.0224],[74.3322,14.0152],[74.3251,14.0168]],[[74.4849,14.0236],[74.4896,14.0238],[74.4877,14.0298],[74.4841,14.0291],[74.4849,14.0236]],[[74.469,14.0852],[74.469,14.0902],[74.4749,14.089],[74.4743,14.0849],[74.469,14.0852]],[[74.4703,14.276],[74.4585,14.2721],[74.482,14.2653],[74.4789,14.276],[74.4703,14.276]],[[74.394,14.3129],[74.4016,14.3112],[74.4004,14.3181],[74.3953,14.3177],[74.394,14.3129]],[[74.3924,14.4629],[74.3918,14.477],[74.4019,14.4717],[74.3991,14.4613],[74.3924,14.4629]],[[74.0798,14.7904],[74.0828,14.7962],[74.0875,14.7897],[74.0798,14.7904]],[[74.0568,14.8121],[74.0583,14.8157],[74.0554,14.82],[74.051,14.815],[74.0568,14.8121]],[[74.0926,14.828],[74.094,14.8316],[74.0912,14.836],[74.0867,14.8309],[74.0926,14.828]],[[74.0916,14.8407],[74.0916,14.8444],[74.0981,14.8452],[74.1004,14.8384],[74.0916,14.8407]],[[74.0954,14.8686],[74.0896,14.8715],[74.094,14.8765],[74.0969,14.8722],[74.0954,14.8686]],[[74.1866,14.8726],[74.1952,14.8711],[74.1981,14.8767],[74.1866,14.8726]],[[74.0821,11.203],[74.1013,11.2043],[74.1188,11.2185],[74.1228,11.2392],[74.1127,11.2668],[74.09,11.2978],[74.0619,11.3233],[74.0121,11.3485],[73.9914,11.3521],[73.9727,11.3437],[73.9637,11.3285],[73.9651,11.306],[74.0007,11.2502],[74.0557,11.2112],[74.0821,11.203]],[[71.8449,11.8355],[71.8452,11.8241],[71.8401,11.8215],[71.8149,11.8313],[71.7837,11.8344],[71.761,11.8723],[71.7518,11.9279],[71.7376,11.9404],[71.7315,11.9544],[71.7734,12.0035],[71.7839,12.0038],[71.7949,11.9865],[71.8085,11.94],[71.8307,11.893],[71.8449,11.8355]],[[72.2444,10.0063],[72.2359,10.0148],[72.2436,10.0542],[72.2693,10.0773],[72.2763,10.0931],[72.3296,10.1391],[72.3421,10.1014],[72.3343,10.0788],[72.3057,10.0339],[72.2649,10.0113],[72.2444,10.0063]],[[72.1614,11.4932],[72.1788,11.4913],[72.1915,11.4935],[72.1971,11.4992],[72.1901,11.5517],[72.1953,11.5883],[72.1906,11.5999],[72.1744,11.6067],[72.1514,11.5795],[72.1376,11.5541],[72.1374,11.5431],[72.1387,11.5238],[72.1486,11.5013],[72.1614,11.4932]],[[72.0797,11.1356],[72.0956,11.1924],[72.1021,11.2109],[72.1001,11.2221],[72.0828,11.202],[72.0671,11.1929],[72.0282,11.1874],[72.0009,11.1939],[72.0431,11.1282],[72.0546,11.1214],[72.0693,11.1253],[72.0797,11.1356]],[[71.8922,12.2873],[71.8893,12.2954],[71.891,12.3158],[71.883,12.3373],[71.8795,12.3894],[71.882,12.3971],[71.8967,12.4032],[71.9204,12.3878],[71.9266,12.3739],[71.9198,12.3164],[71.9009,12.2853],[71.8922,12.2873]],[[73.0627,8.329],[73.0852,8.3274],[73.0684,8.2983],[73.0692,8.2821],[73.0472,8.2606],[73.0233,8.2635],[73.0105,8.2701],[73.0066,8.2812],[73.0103,8.3025],[73.049,8.3274],[73.0627,8.329]],[[73.6215,10.0751],[73.6459,10.0534],[73.6546,10.1099],[73.6659,10.138],[73.6602,10.155],[73.62,10.1019],[73.6215,10.0751]],[[72.6471,10.5778],[72.6386,10.5823],[72.6326,10.5783],[72.6153,10.5525],[72.6175,10.539],[72.6514,10.5616],[72.6526,10.5702],[72.6471,10.5778]],[[73.67,10.8169],[73.6998,10.8165],[73.7039,10.8115],[73.6796,10.8009],[73.663,10.8016],[73.6588,10.8142],[73.67,10.8169]],[[72.1626,10.8118],[72.17,10.8087],[72.2045,10.8661],[72.2066,10.8778],[72.1951,10.8704],[72.1779,10.8271],[72.1626,10.8118]],[[72.7781,11.2141],[72.7912,11.2591],[72.7795,11.2404],[72.7624,11.1807],[72.7781,11.2141]],[[73.0003,11.4779],[72.9973,11.4918],[73.0007,11.4974],[73.0109,11.4878],[73.0132,11.4717],[73.0094,11.467],[73.0003,11.4779]],[[72.7091,11.6792],[72.7189,11.6952],[72.7174,11.7035],[72.7079,11.7003],[72.7005,11.6837],[72.7091,11.6792]],[[72.7169,11.1175],[72.7219,11.1115],[72.7331,11.1246],[72.7352,11.1353],[72.7189,11.1261],[72.7169,11.1175]],[[72.2915,10.9451],[72.2955,10.9448],[72.2908,10.9427],[72.2937,10.9354],[72.2858,10.9345],[72.2876,10.9454],[72.2915,10.9451]],[[72.3155,10.9418],[72.3169,10.9481],[72.3272,10.9491],[72.3155,10.9418]],[[72.531,10.7798],[72.5344,10.7797],[72.5373,10.7831],[72.531,10.7798]],[[72.3341,10.9506],[72.3342,10.9508],[72.3343,10.951],[72.3343,10.9513],[72.3343,10.9514],[72.3342,10.9516],[72.334,10.9516],[72.3338,10.9517],[72.3336,10.9517],[72.3334,10.9516],[72.3332,10.9515],[72.333,10.9514],[72.3328,10.9513],[72.3327,10.9512],[72.3324,10.951],[72.3321,10.9508],[72.3319,10.9507],[72.3317,10.9506],[72.3314,10.9506],[72.3313,10.9506],[72.331,10.9506],[72.3308,10.9506],[72.3306,10.9506],[72.3303,10.9506],[72.3301,10.9506],[72.3299,10.9506],[72.3297,10.9506],[72.3294,10.9506],[72.3293,10.9506],[72.3292,10.9506],[72.3291,10.9506],[72.329,10.9506],[72.3289,10.9506],[72.3288,10.9506],[72.3287,10.9506],[72.3285,10.9505],[72.3284,10.9505],[72.3283,10.9504],[72.3283,10.9503],[72.3284,10.9502],[72.3285,10.9501],[72.3286,10.9501],[72.3288,10.95],[72.329,10.95],[72.3292,10.95],[72.3294,10.95],[72.3297,10.95],[72.3299,10.95],[72.3301,10.95],[72.3304,10.95],[72.3306,10.95],[72.3308,10.9498],[72.331,10.9497],[72.3312,10.9496],[72.3313,10.9495],[72.3314,10.9493],[72.3316,10.9492],[72.3319,10.949],[72.3321,10.949],[72.3323,10.949],[72.3324,10.9491],[72.3325,10.9493],[72.3326,10.9494],[72.3327,10.9496],[72.3329,10.9498],[72.3331,10.9499],[72.3332,10.9501],[72.3334,10.9502],[72.3336,10.9503],[72.3339,10.9504],[72.334,10.9505],[72.3341,10.9506]],[[72.3348,10.9545],[72.335,10.9546],[72.3351,10.9546],[72.3353,10.9546],[72.3355,10.9546],[72.3356,10.9546],[72.3358,10.9548],[72.336,10.9549],[72.3361,10.955],[72.3361,10.9551],[72.3361,10.9552],[72.3362,10.9556],[72.3362,10.9559],[72.3361,10.9562],[72.3361,10.9563],[72.3361,10.9564],[72.3361,10.9565],[72.3361,10.9566],[72.3361,10.9568],[72.336,10.9569],[72.3359,10.957],[72.3357,10.9572],[72.3355,10.9572],[72.3354,10.9573],[72.3353,10.9575],[72.3352,10.9576],[72.3351,10.9577],[72.335,10.9578],[72.335,10.9579],[72.3349,10.9579],[72.3348,10.9579],[72.3347,10.9578],[72.3346,10.9577],[72.3345,10.9576],[72.3345,10.9574],[72.3345,10.9573],[72.3346,10.9572],[72.3346,10.9571],[72.3346,10.957],[72.3346,10.9569],[72.3346,10.9567],[72.3346,10.9566],[72.3346,10.9564],[72.3346,10.9563],[72.3346,10.9562],[72.3345,10.956],[72.3345,10.9559],[72.3345,10.9558],[72.3345,10.9557],[72.3344,10.9555],[72.3344,10.9554],[72.3343,10.9553],[72.3342,10.9551],[72.3342,10.955],[72.3342,10.9548],[72.3343,10.9547],[72.3343,10.9546],[72.3345,10.9545],[72.3346,10.9545],[72.3348,10.9545]],[[72.3347,10.9536],[72.3347,10.9537],[72.3347,10.9538],[72.3346,10.9538],[72.3346,10.9539],[72.3346,10.954],[72.3344,10.954],[72.3342,10.9541],[72.334,10.9541],[72.3338,10.954],[72.3337,10.9539],[72.3336,10.9538],[72.3334,10.9537],[72.3334,10.9536],[72.3333,10.9535],[72.3331,10.9534],[72.3329,10.9533],[72.3327,10.9532],[72.3327,10.9531],[72.3325,10.953],[72.3325,10.9529],[72.3325,10.9528],[72.3325,10.9526],[72.3325,10.9525],[72.3327,10.9524],[72.3328,10.9524],[72.3331,10.9525],[72.3332,10.9525],[72.3335,10.9526],[72.3336,10.9526],[72.3338,10.9527],[72.3339,10.9527],[72.334,10.9527],[72.3341,10.9527],[72.3343,10.9526],[72.3344,10.9525],[72.3344,10.9524],[72.3344,10.9523],[72.3344,10.9521],[72.3343,10.952],[72.3343,10.9519],[72.3343,10.9518],[72.3344,10.9517],[72.3344,10.9516],[72.3346,10.9516],[72.3347,10.9516],[72.3348,10.9517],[72.335,10.9518],[72.3351,10.952],[72.3352,10.9523],[72.3353,10.9525],[72.3354,10.9528],[72.3354,10.953],[72.3355,10.9533],[72.3355,10.9534],[72.3355,10.9536],[72.3355,10.9537],[72.3355,10.9538],[72.3355,10.9539],[72.3354,10.9539],[72.3353,10.9539],[72.3352,10.9539],[72.335,10.9538],[72.3349,10.9537],[72.3349,10.9536],[72.3348,10.9536],[72.3347,10.9536]],[[73.4565,16.0378],[73.4627,16.0371],[73.4608,16.0464],[73.4562,16.0475],[73.4565,16.0378]],[[73.3824,16.6174],[73.3841,16.6213],[73.3884,16.6201],[73.387,16.6159],[73.3824,16.6174]],[[72.7296,19.4643],[72.7306,19.4552],[72.7354,19.4527],[72.7343,19.462],[72.7296,19.4643]],[[78.1866,8.7325],[78.1919,8.7273],[78.193,8.7361],[78.1866,8.7325]],[[78.2094,8.8317],[78.2169,8.8307],[78.2181,8.8354],[78.2103,8.8383],[78.2094,8.8317]],[[78.2285,8.8595],[78.2333,8.8608],[78.2341,8.8667],[78.2281,8.8681],[78.2285,8.8595]],[[78.251,8.9471],[78.2549,8.9445],[78.26,8.949],[78.2567,8.9534],[78.251,8.9471]],[[78.4954,9.0816],[78.4887,9.0865],[78.4881,9.0931],[78.4949,9.0933],[78.4967,9.0847],[78.4954,9.0816]],[[78.5337,9.1009],[78.5394,9.1014],[78.5367,9.1106],[78.5337,9.1009]],[[78.5672,9.0992],[78.5674,9.1024],[78.582,9.112],[78.5839,9.1052],[78.5766,9.0992],[78.5672,9.0992]],[[79.4827,9.1145],[79.487,9.1103],[79.4905,9.1178],[79.4827,9.1145]],[[79.4725,9.1204],[79.4771,9.1143],[79.4796,9.1236],[79.4725,9.1204]],[[79.4569,9.1263],[79.4572,9.1311],[79.467,9.1333],[79.4671,9.1251],[79.4569,9.1263]],[[78.6948,9.146],[78.6989,9.1463],[78.6947,9.1519],[78.6948,9.146]],[[79.4305,9.148],[79.4369,9.1466],[79.4391,9.1544],[79.4294,9.1532],[79.4305,9.148]],[[78.727,9.1505],[78.7329,9.1497],[78.7344,9.1542],[78.7274,9.1541],[78.727,9.1505]],[[78.7554,9.1555],[78.7622,9.1563],[78.7617,9.1613],[78.7557,9.1614],[78.7554,9.1555]],[[78.6993,9.1591],[78.7054,9.1558],[78.7063,9.1627],[78.7007,9.1626],[78.6993,9.1591]],[[78.8243,9.1618],[78.8183,9.1624],[78.82,9.169],[78.8291,9.171],[78.8243,9.1618]],[[78.704,9.1764],[78.7096,9.1738],[78.712,9.18],[78.7059,9.182],[78.704,9.1764]],[[78.9385,9.1817],[78.9186,9.1756],[78.9045,9.1781],[78.9129,9.1853],[78.9393,9.1874],[78.9385,9.1817]],[[78.9621,9.1858],[78.9684,9.181],[78.9733,9.1832],[78.9689,9.1909],[78.9621,9.1858]],[[79.0812,9.1918],[79.0623,9.2024],[79.0711,9.2062],[79.0884,9.1979],[79.0873,9.1928],[79.0812,9.1918]],[[79.1222,9.2134],[79.1335,9.2102],[79.1347,9.2155],[79.1222,9.217],[79.1222,9.2134]],[[79.1958,9.2344],[79.2,9.2373],[79.1991,9.2294],[79.1958,9.2344]],[[79.184,9.2342],[79.1875,9.231],[79.1905,9.2365],[79.1868,9.2389],[79.184,9.2342]],[[79.177,9.2438],[79.1821,9.2478],[79.1807,9.2406],[79.177,9.2438]],[[79.207,9.2457],[79.212,9.2432],[79.2187,9.2476],[79.207,9.2457]],[[79.316,9.2786],[79.3272,9.2965],[79.3336,9.303],[79.3332,9.3129],[79.3168,9.3249],[79.2899,9.3163],[79.2798,9.2991],[79.2707,9.2935],[79.2242,9.2933],[79.2087,9.2883],[79.2056,9.278],[79.2146,9.2736],[79.2198,9.2583],[79.2624,9.2611],[79.326,9.2343],[79.3883,9.1905],[79.4173,9.1758],[79.4243,9.1668],[79.426,9.1725],[79.4166,9.1837],[79.3362,9.249],[79.316,9.2786]],[[80.3207,13.3909],[80.3212,13.392],[80.3215,13.3936],[80.3223,13.3975],[80.3221,13.3983],[80.3212,13.4009],[80.3181,13.4028],[80.3168,13.4003],[80.3173,13.3972],[80.3179,13.3949],[80.319,13.391],[80.3193,13.3912],[80.3207,13.3909]],[[80.3052,13.4215],[80.3014,13.4207],[80.302,13.4138],[80.3093,13.4099],[80.3052,13.4215]],[[80.3137,13.415],[80.3193,13.4139],[80.3173,13.4256],[80.3134,13.4241],[80.3137,13.415]],[[80.3165,13.4402],[80.3196,13.4432],[80.3202,13.4382],[80.3165,13.4402]],[[88.0186,21.5728],[88.0158,21.5817],[88.0205,21.5667],[88.0186,21.5728]],[[88.4977,21.5998],[88.4861,21.5883],[88.4817,21.5547],[88.5042,21.5445],[88.5097,21.5579],[88.5031,21.5653],[88.5117,21.5581],[88.5061,21.5411],[88.5314,21.5425],[88.5289,21.555],[88.5344,21.5661],[88.5317,21.5636],[88.5303,21.5681],[88.5339,21.5781],[88.4977,21.5998]],[[88.1778,21.6011],[88.1794,21.5889],[88.1889,21.5819],[88.1867,21.56],[88.1744,21.5667],[88.1678,21.5917],[88.17,21.6],[88.1778,21.6011]],[[88.8347,21.6072],[88.8464,21.5994],[88.8761,21.5922],[88.8936,21.5783],[88.9036,21.5558],[88.8953,21.5503],[88.8753,21.5489],[88.8428,21.5539],[88.8283,21.5769],[88.8308,21.6042],[88.8347,21.6072]],[[88.7289,21.6371],[88.7208,21.6383],[88.7131,21.6253],[88.7072,21.5942],[88.7144,21.5783],[88.7358,21.5717],[88.7469,21.5775],[88.7481,21.591],[88.7572,21.599],[88.7356,21.6111],[88.7289,21.6371]],[[88.5372,21.6386],[88.5717,21.6231],[88.5875,21.6019],[88.5864,21.5879],[88.5755,21.5742],[88.55,21.5636],[88.5436,21.5667],[88.537,21.587],[88.5564,21.5991],[88.5567,21.6044],[88.5369,21.5884],[88.51,21.6022],[88.5242,21.6261],[88.5203,21.6435],[88.5244,21.6532],[88.5372,21.6386]],[[88.8924,21.6521],[88.8939,21.6492],[88.889,21.6546],[88.8924,21.6521]],[[88.7705,21.6347],[88.7742,21.6483],[88.7687,21.6555],[88.7296,21.64],[88.7361,21.6124],[88.7582,21.6],[88.7489,21.5892],[88.7519,21.5767],[88.7878,21.5806],[88.7981,21.5917],[88.7943,21.5998],[88.7822,21.5961],[88.7908,21.6019],[88.7739,21.6197],[88.7705,21.6347]],[[88.9658,21.6415],[88.9914,21.6436],[88.9951,21.6264],[88.9925,21.6167],[88.9757,21.6132],[88.9559,21.6176],[88.9586,21.6225],[88.9397,21.6467],[88.9552,21.6771],[88.9658,21.6415]],[[88.6303,21.6492],[88.6297,21.6653],[88.6404,21.6786],[88.6344,21.6567],[88.6303,21.6492]],[[88.5769,21.6917],[88.5858,21.6581],[88.5938,21.6536],[88.6057,21.6244],[88.6022,21.6206],[88.5911,21.6183],[88.554,21.6395],[88.5548,21.6474],[88.5708,21.666],[88.5675,21.6905],[88.5769,21.6917]],[[88.5919,21.6942],[88.6063,21.68],[88.6044,21.6711],[88.5885,21.6573],[88.5804,21.683],[88.5919,21.6906],[88.5878,21.7014],[88.5919,21.6942]],[[88.9845,21.7057],[88.9897,21.7008],[88.9939,21.6736],[88.9873,21.6648],[88.9879,21.653],[88.9964,21.649],[89.0228,21.654],[89.0223,21.6361],[89.0375,21.6181],[89.0288,21.6048],[89.0,21.6017],[88.9924,21.6441],[88.9684,21.6417],[88.964,21.6457],[88.9633,21.663],[88.9544,21.6794],[88.9508,21.7007],[88.9732,21.6974],[88.9845,21.7057]],[[88.8067,21.7067],[88.8103,21.6936],[88.8072,21.6658],[88.7969,21.6553],[88.7872,21.6592],[88.7942,21.6644],[88.7847,21.66],[88.7705,21.6656],[88.7594,21.6631],[88.7306,21.6847],[88.7411,21.6894],[88.745,21.6822],[88.7583,21.6825],[88.7647,21.6931],[88.8067,21.7067]],[[88.3111,21.7064],[88.3286,21.7053],[88.3461,21.6886],[88.3511,21.6781],[88.3464,21.6533],[88.3581,21.6475],[88.35,21.6433],[88.3384,21.6218],[88.3253,21.6175],[88.3153,21.6081],[88.3081,21.6111],[88.3058,21.6291],[88.3161,21.6613],[88.3158,21.6776],[88.3004,21.704],[88.3111,21.7064]],[[88.454,21.7093],[88.4369,21.7063],[88.4196,21.6898],[88.4186,21.6826],[88.4206,21.6514],[88.4375,21.6335],[88.4422,21.615],[88.4539,21.6242],[88.4656,21.6758],[88.4661,21.6675],[88.4707,21.673],[88.454,21.7093]],[[88.6971,21.7129],[88.687,21.6833],[88.7013,21.6657],[88.7097,21.6631],[88.7229,21.6386],[88.7514,21.6487],[88.7074,21.6812],[88.7003,21.6925],[88.6971,21.7129]],[[88.2045,21.7212],[88.2166,21.7005],[88.1983,21.6944],[88.1956,21.6819],[88.2041,21.6725],[88.2263,21.6702],[88.2317,21.6436],[88.2117,21.6208],[88.2119,21.6017],[88.1947,21.6327],[88.1814,21.6861],[88.1883,21.7081],[88.2045,21.7212]],[[89.0591,21.722],[89.0241,21.7167],[89.022,21.7101],[89.0098,21.7049],[89.022,21.7004],[89.0247,21.6949],[89.0209,21.6624],[89.033,21.6547],[89.0264,21.6581],[89.0285,21.6353],[89.0325,21.6338],[89.0376,21.6406],[89.0348,21.6331],[89.0516,21.6175],[89.0817,21.6274],[89.0828,21.6335],[89.0846,21.63],[89.0906,21.6339],[89.095,21.644],[89.0923,21.6657],[89.0849,21.6778],[89.0727,21.6897],[89.0649,21.6893],[89.0706,21.7018],[89.0591,21.722]],[[88.978,21.7269],[88.9706,21.7208],[88.9928,21.7],[88.9958,21.6725],[88.9898,21.6646],[88.9901,21.6541],[89.0078,21.6522],[89.0178,21.6612],[89.0242,21.6877],[89.0197,21.6994],[89.0092,21.7017],[89.0078,21.7071],[89.0205,21.7136],[89.0151,21.7177],[88.9997,21.7153],[88.9922,21.7228],[88.978,21.7269]],[[88.5457,21.7361],[88.5355,21.7327],[88.5292,21.7198],[88.5172,21.7108],[88.5333,21.6686],[88.5296,21.6527],[88.541,21.6397],[88.5509,21.6365],[88.5528,21.6486],[88.5692,21.6694],[88.5651,21.7029],[88.5528,21.7028],[88.5627,21.7064],[88.5673,21.6932],[88.5742,21.694],[88.5683,21.7098],[88.559,21.7126],[88.5526,21.723],[88.5453,21.7203],[88.543,21.7239],[88.5528,21.724],[88.5598,21.7133],[88.5699,21.7106],[88.5706,21.7007],[88.5802,21.6847],[88.5907,21.6906],[88.5861,21.6994],[88.5874,21.7093],[88.5753,21.7209],[88.5708,21.7325],[88.56,21.7294],[88.5457,21.7361]],[[88.195,21.7242],[88.1956,21.7245],[88.196,21.7247],[88.1963,21.7249],[88.1965,21.725],[88.1967,21.7252],[88.197,21.7253],[88.1972,21.7255],[88.1975,21.7258],[88.1977,21.7261],[88.198,21.7264],[88.1983,21.7266],[88.1986,21.7268],[88.199,21.727],[88.1989,21.7272],[88.1994,21.7278],[88.1994,21.7281],[88.1997,21.7283],[88.1997,21.7286],[88.2,21.7289],[88.2,21.7294],[88.2003,21.7297],[88.2003,21.7303],[88.2006,21.7306],[88.2005,21.7308],[88.2011,21.7314],[88.2011,21.7328],[88.2014,21.7331],[88.2014,21.7333],[88.2017,21.7336],[88.2017,21.7347],[88.2019,21.735],[88.2019,21.7358],[88.2014,21.7364],[88.2014,21.7367],[88.2011,21.7367],[88.2011,21.7365],[88.201,21.7364],[88.2008,21.7364],[88.2006,21.7363],[88.2003,21.7361],[88.2001,21.7358],[88.1999,21.7355],[88.1997,21.7352],[88.1994,21.7349],[88.1992,21.7345],[88.1989,21.7341],[88.1987,21.7337],[88.1985,21.7334],[88.1983,21.7331],[88.198,21.7328],[88.1978,21.7325],[88.1975,21.7322],[88.1972,21.7319],[88.197,21.7316],[88.1967,21.7314],[88.1966,21.731],[88.1963,21.7308],[88.1961,21.7306],[88.196,21.7303],[88.1959,21.7301],[88.1958,21.7297],[88.1956,21.7294],[88.1956,21.7286],[88.1958,21.7283],[88.1958,21.7275],[88.1956,21.7272],[88.1956,21.7269],[88.1953,21.7267],[88.1953,21.7264],[88.195,21.7261],[88.195,21.7258],[88.1947,21.7256],[88.1947,21.7245],[88.195,21.7242]],[[88.8831,21.7453],[88.9122,21.7275],[88.9194,21.7108],[88.9403,21.6953],[88.9361,21.6672],[88.9208,21.6322],[88.9046,21.6496],[88.8878,21.6581],[88.8828,21.6819],[88.8731,21.6944],[88.8725,21.7206],[88.8831,21.7453]],[[88.4123,21.7313],[88.4286,21.702],[88.4133,21.6911],[88.4112,21.6587],[88.4319,21.6274],[88.4247,21.6194],[88.4133,21.6228],[88.4072,21.6156],[88.4075,21.5995],[88.3986,21.5956],[88.3874,21.6115],[88.3906,21.6219],[88.3834,21.6303],[88.3878,21.6469],[88.3797,21.6808],[88.399,21.6988],[88.4039,21.7152],[88.3951,21.7249],[88.3713,21.7236],[88.3686,21.7273],[88.3867,21.7339],[88.395,21.755],[88.4009,21.7508],[88.4018,21.7378],[88.4123,21.7313]],[[88.2209,21.7622],[88.272,21.7544],[88.2621,21.7302],[88.2767,21.7256],[88.2842,21.7072],[88.3103,21.6764],[88.2997,21.6494],[88.2939,21.6486],[88.2986,21.6472],[88.2883,21.6231],[88.2886,21.5978],[88.3061,21.5833],[88.2917,21.5631],[88.2886,21.5672],[88.2858,21.5617],[88.2689,21.5578],[88.2483,21.5639],[88.2405,21.5736],[88.2453,21.5825],[88.2428,21.5967],[88.2331,21.6081],[88.2164,21.6164],[88.2347,21.6354],[88.2333,21.6681],[88.2263,21.6751],[88.2051,21.6756],[88.1978,21.6892],[88.2204,21.7],[88.2109,21.7264],[88.2145,21.7548],[88.2209,21.7622]],[[88.9271,21.762],[88.9222,21.7613],[88.9311,21.7358],[88.9228,21.7197],[88.9502,21.7023],[88.9731,21.6986],[88.9833,21.7058],[88.9694,21.7228],[88.9875,21.7447],[88.9689,21.7392],[88.9632,21.7528],[88.9271,21.762]],[[88.3654,21.7642],[88.3521,21.764],[88.3428,21.7544],[88.3489,21.7256],[88.3375,21.7108],[88.3503,21.6922],[88.3606,21.6864],[88.3883,21.7025],[88.3981,21.7133],[88.3925,21.7181],[88.3728,21.7178],[88.3653,21.7222],[88.3597,21.7349],[88.3602,21.7474],[88.3708,21.7608],[88.3654,21.7642]],[[89.0051,21.765],[89.0254,21.757],[89.0368,21.74],[89.0593,21.7259],[89.0338,21.7213],[89.0295,21.7244],[89.0306,21.7208],[89.0174,21.7178],[89.0164,21.7324],[89.0016,21.75],[88.9996,21.7634],[89.0051,21.765]],[[88.8317,21.7661],[88.8089,21.7483],[88.7908,21.7492],[88.7867,21.7406],[88.7933,21.7367],[88.7805,21.7311],[88.7816,21.716],[88.7625,21.7014],[88.77,21.6999],[88.7872,21.7119],[88.8036,21.7166],[88.815,21.71],[88.8194,21.7019],[88.8228,21.665],[88.8089,21.6388],[88.816,21.629],[88.8458,21.62],[88.8422,21.6433],[88.8286,21.6506],[88.8428,21.6453],[88.8442,21.627],[88.8483,21.63],[88.8516,21.6267],[88.86,21.6372],[88.8422,21.6811],[88.8392,21.7069],[88.8458,21.7314],[88.8653,21.7586],[88.8317,21.7661]],[[88.3849,21.7644],[88.3903,21.7586],[88.3867,21.7407],[88.3624,21.7323],[88.3615,21.7477],[88.3728,21.7636],[88.3849,21.7644]],[[88.2005,21.7686],[88.1939,21.7633],[88.1964,21.7575],[88.2022,21.7614],[88.2005,21.7686]],[[88.2825,21.765],[88.2825,21.7653],[88.2806,21.7672],[88.2808,21.7675],[88.2808,21.7681],[88.2792,21.7697],[88.2806,21.7697],[88.2811,21.7694],[88.2819,21.7686],[88.2817,21.7683],[88.2825,21.7675],[88.2825,21.7672],[88.2822,21.7669],[88.2828,21.7664],[88.2828,21.7661],[88.2831,21.7658],[88.2831,21.7656],[88.2828,21.7653],[88.2828,21.765],[88.2825,21.765]],[[87.9344,21.7436],[87.9452,21.7451],[87.9598,21.7557],[87.9596,21.7707],[87.9476,21.7639],[87.9344,21.7436]],[[87.879,21.7445],[87.884,21.7445],[87.9042,21.7715],[87.883,21.7567],[87.879,21.7445]],[[88.5822,21.7778],[88.569,21.7692],[88.5836,21.7484],[88.5797,21.7258],[88.5928,21.7187],[88.6164,21.7276],[88.6198,21.7383],[88.5856,21.7539],[88.5822,21.7778]],[[88.3022,21.7098],[88.2973,21.7056],[88.278,21.7282],[88.2889,21.7785],[88.3029,21.7556],[88.3058,21.7332],[88.3025,21.7246],[88.3022,21.7098]],[[88.501,21.7818],[88.5064,21.7883],[88.5053,21.783],[88.501,21.7818]],[[88.9997,21.7855],[89.0116,21.7802],[88.9977,21.7714],[88.9967,21.7658],[89.0014,21.746],[89.0154,21.7257],[89.0149,21.7188],[89.0043,21.7161],[88.9767,21.7286],[88.9887,21.7398],[88.9879,21.7466],[88.9687,21.7407],[88.9653,21.7527],[88.9511,21.7578],[88.9892,21.7886],[88.9997,21.7855]],[[88.6097,21.7903],[88.5912,21.7833],[88.5863,21.7566],[88.6165,21.7444],[88.6231,21.7367],[88.6194,21.7256],[88.5988,21.7155],[88.6089,21.7081],[88.6193,21.7173],[88.6308,21.7425],[88.6204,21.7802],[88.6097,21.7903]],[[88.274,21.7908],[88.2874,21.7844],[88.2833,21.7694],[88.2636,21.7924],[88.274,21.7908]],[[88.1792,21.79],[88.1833,21.7875],[88.1808,21.7958],[88.1792,21.79]],[[88.4586,21.7887],[88.4694,21.794],[88.475,21.7914],[88.4672,21.7372],[88.4619,21.7272],[88.4569,21.7264],[88.4559,21.7114],[88.4331,21.7045],[88.4265,21.7171],[88.4297,21.7264],[88.4234,21.7418],[88.4269,21.7523],[88.4234,21.7677],[88.4388,21.7803],[88.446,21.798],[88.4586,21.7887]],[[88.7162,21.8074],[88.7272,21.7918],[88.7281,21.7778],[88.7458,21.7717],[88.7503,21.7633],[88.7593,21.7592],[88.7522,21.7486],[88.7528,21.7316],[88.7767,21.7211],[88.7483,21.7071],[88.7416,21.7183],[88.7359,21.7193],[88.7463,21.7062],[88.7586,21.7097],[88.7569,21.7003],[88.7628,21.6929],[88.7578,21.6837],[88.7455,21.6837],[88.7412,21.6908],[88.7293,21.6868],[88.755,21.6656],[88.748,21.6583],[88.7111,21.6902],[88.695,21.7439],[88.7119,21.7875],[88.7111,21.806],[88.7162,21.8074]],[[88.1711,21.8086],[88.1653,21.8003],[88.1692,21.7906],[88.1741,21.7997],[88.1711,21.8086]],[[88.5446,21.8103],[88.5195,21.7936],[88.5042,21.7708],[88.5044,21.7625],[88.5211,21.7714],[88.5353,21.792],[88.5255,21.7737],[88.5044,21.7574],[88.5194,21.7192],[88.5265,21.7192],[88.5417,21.7377],[88.554,21.7364],[88.5605,21.73],[88.5725,21.7356],[88.5619,21.77],[88.5722,21.7878],[88.5607,21.8027],[88.5446,21.8103]],[[88.4218,21.8111],[88.3827,21.7791],[88.4019,21.7519],[88.403,21.7388],[88.4228,21.7198],[88.4208,21.7441],[88.4253,21.7527],[88.4209,21.7672],[88.4375,21.784],[88.4427,21.7997],[88.4296,21.7996],[88.4218,21.8111]],[[88.9996,21.8117],[88.9946,21.8118],[88.9902,21.79],[89.0128,21.7798],[88.9988,21.7669],[89.014,21.766],[89.0237,21.7591],[89.0139,21.7897],[89.0165,21.812],[88.9996,21.8117]],[[88.7506,21.7954],[88.7555,21.7803],[88.7461,21.7722],[88.7283,21.7797],[88.7275,21.7936],[88.7377,21.7981],[88.7506,21.8142],[88.7506,21.7954]],[[88.8207,21.787],[88.8281,21.804],[88.8307,21.8099],[88.8217,21.8229],[88.7842,21.7663],[88.7908,21.75],[88.8104,21.7503],[88.8303,21.7667],[88.8207,21.787]],[[88.7836,21.7406],[88.7869,21.7369],[88.7767,21.7308],[88.7567,21.7334],[88.7547,21.745],[88.7644,21.7605],[88.7498,21.7696],[88.7664,21.7868],[88.7821,21.8252],[88.7936,21.8097],[88.7938,21.8006],[88.7873,21.7958],[88.7958,21.7872],[88.7822,21.7669],[88.7875,21.745],[88.7836,21.7406]],[[88.9158,21.8258],[88.935,21.8225],[88.9372,21.8167],[88.9178,21.7917],[88.9233,21.7881],[88.9194,21.77],[88.9114,21.7617],[88.9128,21.7553],[88.8978,21.7519],[88.8947,21.7556],[88.9008,21.777],[88.8981,21.7867],[88.9069,21.7942],[88.8958,21.7881],[88.8831,21.8081],[88.9158,21.8258]],[[88.1819,21.8258],[88.1856,21.8192],[88.1778,21.8247],[88.1819,21.8258]],[[88.5599,21.8268],[88.56,21.8269],[88.56,21.8272],[88.5603,21.8275],[88.5603,21.8281],[88.5606,21.8283],[88.5603,21.8286],[88.5603,21.8292],[88.56,21.8294],[88.5597,21.8294],[88.5594,21.8297],[88.5592,21.8297],[88.5592,21.8294],[88.5589,21.8292],[88.5589,21.8289],[88.5586,21.8286],[88.5586,21.8283],[88.5579,21.8276],[88.5578,21.8275],[88.5575,21.8275],[88.5569,21.8269],[88.5567,21.8269],[88.5561,21.8264],[88.5561,21.8261],[88.5558,21.8258],[88.5558,21.8255],[88.556,21.8252],[88.5562,21.8249],[88.5563,21.8246],[88.5565,21.8242],[88.5566,21.824],[88.5568,21.8239],[88.5572,21.8238],[88.5576,21.824],[88.5578,21.8243],[88.558,21.8246],[88.5581,21.8247],[88.5586,21.8253],[88.5586,21.8256],[88.5592,21.8261],[88.5599,21.8268]],[[88.4849,21.8347],[88.4771,21.8344],[88.4706,21.8247],[88.4503,21.8151],[88.4531,21.8057],[88.4601,21.8006],[88.4858,21.7986],[88.4961,21.8078],[88.5003,21.8125],[88.498,21.822],[88.4893,21.8352],[88.4849,21.8347]],[[88.9414,21.8472],[88.9539,21.8253],[88.9767,21.8206],[88.97,21.8028],[88.9542,21.8081],[88.9403,21.7931],[88.9404,21.7824],[88.9597,21.7756],[88.9589,21.7708],[88.9475,21.7639],[88.9214,21.7661],[88.9142,21.7556],[88.9128,21.7611],[88.9214,21.7711],[88.9244,21.7875],[88.9197,21.7919],[88.9389,21.8167],[88.935,21.8244],[88.9264,21.8239],[88.9244,21.8358],[88.9328,21.8369],[88.9353,21.8456],[88.9414,21.8472]],[[88.5922,21.85],[88.5829,21.8428],[88.576,21.817],[88.5895,21.7983],[88.6142,21.7981],[88.6072,21.8158],[88.6181,21.8292],[88.6058,21.8347],[88.6028,21.845],[88.5922,21.85]],[[88.52,21.8546],[88.5172,21.8497],[88.5222,21.8458],[88.5158,21.8394],[88.5242,21.835],[88.5275,21.8433],[88.52,21.8546]],[[88.5371,21.8532],[88.5366,21.8533],[88.5365,21.8537],[88.5381,21.8546],[88.5389,21.8549],[88.5393,21.8556],[88.5402,21.856],[88.5406,21.8564],[88.5413,21.8568],[88.5416,21.8574],[88.5418,21.8571],[88.5419,21.857],[88.5417,21.8565],[88.5414,21.8561],[88.5408,21.8551],[88.5398,21.8543],[88.5386,21.8538],[88.538,21.8536],[88.5371,21.8532]],[[88.3311,21.8607],[88.3117,21.8539],[88.3154,21.8447],[88.307,21.8297],[88.2742,21.8187],[88.2598,21.8042],[88.2642,21.7939],[88.286,21.7891],[88.296,21.7741],[88.2992,21.7836],[88.3097,21.7839],[88.3103,21.7935],[88.2939,21.8028],[88.3109,21.7956],[88.3111,21.7831],[88.3003,21.7824],[88.2983,21.7772],[88.3097,21.7338],[88.3062,21.7154],[88.3171,21.7089],[88.3322,21.7104],[88.345,21.7217],[88.3403,21.7405],[88.3429,21.7596],[88.3571,21.7669],[88.377,21.7675],[88.38,21.7873],[88.3608,21.7968],[88.3606,21.8067],[88.3504,21.8264],[88.3527,21.8542],[88.3311,21.8607]],[[88.8561,21.8653],[88.8575,21.8556],[88.8772,21.8517],[88.8822,21.7972],[88.8981,21.7786],[88.8914,21.7536],[88.8983,21.7469],[88.9161,21.7478],[88.9214,21.7436],[88.9133,21.7278],[88.8803,21.7481],[88.8763,21.7672],[88.8644,21.7792],[88.835,21.7817],[88.8414,21.8075],[88.8372,21.8431],[88.8561,21.8653]],[[88.5825,21.8655],[88.5827,21.8656],[88.5833,21.866],[88.5836,21.8667],[88.5836,21.8672],[88.5839,21.8678],[88.5842,21.8683],[88.5844,21.8687],[88.5847,21.8691],[88.5848,21.8695],[88.5849,21.8699],[88.5849,21.8702],[88.5851,21.8705],[88.5853,21.8709],[88.5853,21.8713],[88.5853,21.8719],[88.5853,21.8723],[88.5854,21.8731],[88.5854,21.8735],[88.5858,21.874],[88.5858,21.8746],[88.5858,21.8751],[88.5856,21.8755],[88.5854,21.876],[88.585,21.8764],[88.5848,21.8765],[88.5847,21.8766],[88.5842,21.8766],[88.5837,21.8762],[88.5833,21.8759],[88.5829,21.8756],[88.5825,21.8752],[88.5822,21.8748],[88.5819,21.8744],[88.5817,21.8739],[88.5814,21.8735],[88.5813,21.873],[88.5811,21.8725],[88.5811,21.872],[88.5811,21.8715],[88.5811,21.871],[88.5813,21.8706],[88.5814,21.8701],[88.5814,21.8696],[88.5814,21.8691],[88.5814,21.8686],[88.5814,21.8682],[88.5814,21.8677],[88.5814,21.8672],[88.5814,21.8666],[88.5817,21.8661],[88.5819,21.8656],[88.5822,21.8655],[88.5825,21.8655]],[[88.1369,21.875],[88.1534,21.8363],[88.1725,21.812],[88.1636,21.7995],[88.1705,21.7723],[88.1707,21.7424],[88.1561,21.705],[88.1548,21.6851],[88.1434,21.6796],[88.1553,21.6814],[88.1547,21.65],[88.1422,21.6325],[88.1092,21.6258],[88.09,21.6292],[88.0825,21.635],[88.0706,21.6339],[88.0417,21.6492],[88.0367,21.675],[88.0442,21.7177],[88.0614,21.7344],[88.0729,21.7802],[88.122,21.8657],[88.1343,21.8772],[88.1369,21.875]],[[88.7892,21.8786],[88.7769,21.867],[88.7822,21.8597],[88.7714,21.8533],[88.7658,21.8289],[88.7897,21.8214],[88.7956,21.8017],[88.7889,21.7958],[88.795,21.7914],[88.8211,21.825],[88.8186,21.8408],[88.8225,21.8492],[88.8189,21.8517],[88.8236,21.8503],[88.8211,21.8397],[88.8297,21.8622],[88.8217,21.8711],[88.8014,21.8681],[88.8006,21.8778],[88.7878,21.8636],[88.7861,21.8683],[88.7925,21.8739],[88.7892,21.8786]],[[88.9791,21.8935],[89.0289,21.8658],[89.0306,21.8552],[89.0248,21.8492],[89.0093,21.8532],[88.9981,21.8711],[88.9892,21.8681],[88.9967,21.8703],[89.0068,21.8535],[89.0275,21.8463],[89.03,21.8345],[89.0174,21.8159],[89.0091,21.823],[89.0143,21.8149],[88.9942,21.8142],[88.9853,21.7878],[88.9705,21.7751],[88.9428,21.7865],[88.9539,21.8033],[88.9683,21.7995],[88.9766,21.8051],[88.9779,21.8235],[88.9565,21.8269],[88.9503,21.8381],[88.9654,21.8593],[88.9791,21.8674],[88.9693,21.8902],[88.9791,21.8935]],[[88.6217,21.8978],[88.6053,21.8794],[88.5947,21.8544],[88.6064,21.8464],[88.6097,21.8364],[88.6211,21.8314],[88.6203,21.8242],[88.6119,21.8167],[88.6232,21.792],[88.6389,21.7847],[88.6431,21.7889],[88.6423,21.8069],[88.6535,21.8677],[88.6333,21.8697],[88.6346,21.878],[88.6217,21.8978]],[[88.1366,21.8944],[88.136,21.8945],[88.1359,21.8953],[88.1364,21.8959],[88.1368,21.8968],[88.1376,21.8977],[88.1377,21.8978],[88.138,21.898],[88.1384,21.8982],[88.1385,21.8981],[88.1386,21.8981],[88.1385,21.8979],[88.1378,21.8962],[88.1373,21.8951],[88.1366,21.8944]],[[88.8169,21.9011],[88.8314,21.8972],[88.8408,21.8869],[88.8394,21.8775],[88.8294,21.8647],[88.8214,21.8725],[88.8064,21.8678],[88.8003,21.8706],[88.8169,21.9011]],[[88.5623,21.8975],[88.571,21.901],[88.5764,21.8886],[88.5727,21.8584],[88.5631,21.8309],[88.555,21.8274],[88.55,21.8317],[88.5544,21.8239],[88.551,21.8173],[88.5339,21.8338],[88.5306,21.8492],[88.5425,21.8556],[88.5405,21.8704],[88.5503,21.881],[88.5489,21.8922],[88.5412,21.9026],[88.5456,21.9046],[88.5623,21.8975]],[[88.4244,21.9058],[88.424,21.906],[88.4228,21.9061],[88.4225,21.9058],[88.4219,21.9058],[88.4214,21.9053],[88.4212,21.905],[88.4211,21.9048],[88.4209,21.9046],[88.4207,21.904],[88.4207,21.9039],[88.4214,21.9037],[88.4217,21.9036],[88.4223,21.9037],[88.4226,21.9039],[88.4228,21.9039],[88.4231,21.9036],[88.425,21.9036],[88.4251,21.9036],[88.4255,21.9038],[88.4255,21.9041],[88.4255,21.9047],[88.4253,21.9049],[88.425,21.9053],[88.4249,21.9054],[88.4247,21.9058],[88.4244,21.9058]],[[88.4465,21.9049],[88.452,21.9048],[88.4591,21.8942],[88.4821,21.8878],[88.4902,21.8564],[88.4885,21.8378],[88.4768,21.8372],[88.4481,21.8153],[88.4497,21.8044],[88.4644,21.795],[88.4615,21.7898],[88.4449,21.8019],[88.4306,21.8005],[88.424,21.8124],[88.4015,21.798],[88.3925,21.8326],[88.4007,21.8568],[88.4,21.8725],[88.4188,21.8893],[88.419,21.9024],[88.4465,21.9049]],[[88.7181,21.9072],[88.6969,21.8486],[88.7031,21.8575],[88.7175,21.8556],[88.7033,21.8561],[88.6967,21.8381],[88.7025,21.8242],[88.7044,21.8294],[88.7153,21.8269],[88.7281,21.8375],[88.7167,21.8261],[88.705,21.8278],[88.7075,21.8114],[88.7183,21.8081],[88.7258,21.7944],[88.7358,21.7981],[88.7517,21.8153],[88.7525,21.7894],[88.7578,21.7811],[88.775,21.81],[88.7772,21.8217],[88.7639,21.8286],[88.7686,21.8525],[88.7806,21.8594],[88.7714,21.8764],[88.7561,21.8803],[88.7483,21.8961],[88.7267,21.8992],[88.7181,21.9072]],[[88.1081,21.8933],[88.1119,21.8889],[88.1093,21.8839],[88.1044,21.8978],[88.1128,21.9106],[88.1053,21.8975],[88.1081,21.8933]],[[88.505,21.9125],[88.4886,21.9103],[88.4769,21.8983],[88.4903,21.8894],[88.5086,21.9097],[88.505,21.9125]],[[88.4423,21.9088],[88.4525,21.9063],[88.4565,21.9138],[88.4423,21.9088]],[[88.64,21.9217],[88.6675,21.9117],[88.6528,21.8733],[88.6345,21.8706],[88.6363,21.8781],[88.6301,21.8832],[88.6234,21.9014],[88.64,21.9217]],[[88.1348,21.9267],[88.1446,21.9153],[88.1294,21.8989],[88.1161,21.9183],[88.1242,21.9256],[88.1348,21.9267]],[[88.8366,21.9179],[88.8196,21.9282],[88.8236,21.9156],[88.8394,21.9064],[88.8542,21.8894],[88.8542,21.8697],[88.8611,21.865],[88.8572,21.8586],[88.8781,21.8539],[88.8803,21.8211],[88.888,21.8122],[88.9136,21.8272],[88.9231,21.8244],[88.9228,21.8356],[88.9322,21.8383],[88.9392,21.85],[88.9217,21.8539],[88.9144,21.8614],[88.9139,21.8792],[88.9069,21.8789],[88.915,21.8808],[88.9178,21.8606],[88.9269,21.8522],[88.9392,21.8536],[88.9472,21.8406],[88.9528,21.8514],[88.9503,21.8642],[88.9569,21.8697],[88.9494,21.8842],[88.9433,21.8847],[88.9494,21.8867],[88.9589,21.8697],[88.9519,21.8642],[88.9556,21.8539],[88.9767,21.8675],[88.9661,21.8903],[88.9739,21.8978],[88.9152,21.9282],[88.8901,21.9147],[88.8755,21.9175],[88.8569,21.9107],[88.8366,21.9179]],[[88.7236,21.9319],[88.7361,21.9181],[88.7558,21.9269],[88.775,21.9245],[88.7869,21.9175],[88.7994,21.9197],[88.8142,21.9028],[88.8081,21.8844],[88.7967,21.8767],[88.7897,21.8647],[88.7872,21.8669],[88.7936,21.8742],[88.7908,21.8792],[88.7761,21.8697],[88.7719,21.8781],[88.7583,21.88],[88.7489,21.8972],[88.7292,21.8997],[88.7189,21.9092],[88.7175,21.9219],[88.7236,21.9319]],[[88.1633,21.9372],[88.1714,21.9322],[88.1653,21.9161],[88.1597,21.9286],[88.1633,21.9372]],[[88.7454,21.9797],[88.7547,21.9747],[88.7507,21.9549],[88.7758,21.9414],[88.7865,21.9527],[88.7889,21.9407],[88.8058,21.9365],[88.7994,21.9259],[88.7891,21.9203],[88.7593,21.9308],[88.7409,21.922],[88.7333,21.9247],[88.7222,21.943],[88.7237,21.9738],[88.726,21.9792],[88.7454,21.9797]],[[88.7528,21.9883],[88.7592,21.9986],[88.7583,22.0071],[88.742,21.9896],[88.7428,21.9834],[88.7528,21.9883]],[[88.66,22.0192],[88.6529,22.0191],[88.6346,21.9954],[88.6286,21.958],[88.6344,21.9511],[88.6572,21.9541],[88.6782,21.9429],[88.6881,21.9528],[88.6678,21.9533],[88.6908,21.9556],[88.6947,21.9614],[88.6848,21.9741],[88.6914,21.9839],[88.6867,21.9911],[88.6929,21.9841],[88.6864,21.9735],[88.6931,21.9698],[88.7158,22.0006],[88.7005,22.004],[88.6743,22.0192],[88.66,22.0192]],[[88.1414,22.0264],[88.1433,22.0206],[88.0918,21.9455],[88.0875,21.9328],[88.0567,21.9131],[88.0472,21.9117],[88.052,21.9476],[88.0733,21.9953],[88.0939,22.0114],[88.1414,22.0264]],[[88.8128,22.0194],[88.8014,22.0297],[88.7803,22.0161],[88.7617,22.0149],[88.7616,22.0078],[88.7725,22.0122],[88.7615,22.0063],[88.7536,21.9881],[88.763,21.9861],[88.7767,21.9908],[88.7898,21.9853],[88.7822,21.9743],[88.8003,21.9705],[88.782,21.9727],[88.7833,21.9824],[88.7744,21.9897],[88.7644,21.9844],[88.7533,21.9853],[88.7497,21.9819],[88.7569,21.9725],[88.7525,21.9561],[88.7756,21.9433],[88.7872,21.955],[88.7906,21.9417],[88.8248,21.9398],[88.8411,21.9247],[88.8566,21.9191],[88.8946,21.9219],[88.9073,21.9295],[88.9025,22.0117],[88.8753,22.0122],[88.8664,22.0244],[88.8483,22.0175],[88.8128,22.0194]],[[88.7314,22.0452],[88.7309,22.0453],[88.7309,22.0436],[88.7315,22.0431],[88.7323,22.043],[88.7323,22.0428],[88.7329,22.0425],[88.7334,22.0422],[88.734,22.0423],[88.734,22.0428],[88.7334,22.0431],[88.7334,22.0436],[88.7328,22.0436],[88.7314,22.0452]],[[88.7638,22.0517],[88.7757,22.0497],[88.78,22.0456],[88.7789,22.0372],[88.791,22.0294],[88.7781,22.0197],[88.7617,22.0214],[88.7514,22.0503],[88.7638,22.0517]],[[88.9017,22.0189],[88.8917,22.0147],[88.877,22.0148],[88.8709,22.0275],[88.864,22.0287],[88.852,22.0412],[88.8902,22.0458],[88.8864,22.0578],[88.903,22.0501],[88.9028,22.0453],[88.9017,22.0189]],[[88.0314,22.0594],[88.0311,22.0592],[88.0308,22.0592],[88.0306,22.0589],[88.0292,22.0589],[88.0289,22.0592],[88.0286,22.0592],[88.0283,22.0594],[88.0281,22.0594],[88.0275,22.06],[88.0275,22.0606],[88.0278,22.0608],[88.0278,22.0611],[88.0275,22.0614],[88.0275,22.0619],[88.0278,22.0622],[88.0281,22.0622],[88.0283,22.0625],[88.0294,22.0625],[88.0314,22.0606],[88.0314,22.0594]],[[89.0162,22.0509],[89.0157,22.0629],[89.0083,22.0508],[89.0017,22.0594],[88.9849,22.0549],[88.9855,22.0459],[88.9681,22.0155],[88.9792,22.0047],[88.9745,21.9936],[88.9826,21.9937],[88.9994,22.0071],[88.9756,21.9914],[88.9897,21.9857],[88.9924,21.9736],[89.0062,21.989],[89.0325,22.0021],[89.0298,21.9965],[89.0054,21.9865],[89.0153,21.9838],[89.0181,21.9755],[88.9996,21.9495],[89.0308,21.9263],[89.0494,21.9297],[89.0415,21.9326],[89.041,21.951],[89.0422,21.934],[89.0598,21.932],[89.0703,21.9544],[89.0694,21.9847],[89.0724,21.9693],[89.0777,21.9815],[89.0736,22.0042],[89.0408,22.0489],[89.0162,22.0509]],[[88.6294,22.0525],[88.6358,22.0508],[88.6286,22.062],[88.6294,22.0525]],[[88.8119,22.0608],[88.8184,22.0613],[88.8314,22.0502],[88.8322,22.0272],[88.8131,22.0251],[88.8058,22.0333],[88.7944,22.0309],[88.7802,22.0378],[88.7876,22.0596],[88.7945,22.0542],[88.8045,22.0641],[88.8119,22.0608]],[[88.8702,22.0631],[88.8706,22.0789],[88.8529,22.0788],[88.836,22.0728],[88.8344,22.0639],[88.8286,22.0702],[88.82,22.0642],[88.8325,22.0517],[88.8456,22.0617],[88.8413,22.0553],[88.845,22.0536],[88.8323,22.0468],[88.836,22.0255],[88.8455,22.0219],[88.8592,22.0256],[88.85,22.041],[88.854,22.0446],[88.8903,22.0478],[88.8834,22.0569],[88.8702,22.0631]],[[88.6899,22.08],[88.6901,22.08],[88.6904,22.0805],[88.6904,22.0811],[88.6895,22.0819],[88.689,22.0819],[88.689,22.0811],[88.6895,22.0808],[88.6895,22.0803],[88.6899,22.08]],[[88.8939,22.075],[88.8909,22.0604],[88.871,22.0644],[88.8702,22.0869],[88.8814,22.0839],[88.8972,22.0892],[88.9041,22.0842],[88.8939,22.075]],[[88.6929,22.0781],[88.7223,22.0991],[88.692,22.0855],[88.6929,22.0781]],[[88.8035,22.0853],[88.815,22.0806],[88.8278,22.086],[88.8362,22.0663],[88.8288,22.0715],[88.8134,22.062],[88.8052,22.0657],[88.7942,22.0557],[88.7874,22.0626],[88.7872,22.0722],[88.7812,22.0484],[88.7719,22.0547],[88.7484,22.0574],[88.757,22.0783],[88.7715,22.0851],[88.7838,22.1069],[88.7989,22.1084],[88.8035,22.0853]],[[88.8179,22.123],[88.8064,22.1252],[88.7987,22.1109],[88.8059,22.0848],[88.8147,22.082],[88.8253,22.0873],[88.8192,22.1044],[88.8221,22.0927],[88.8381,22.0731],[88.8675,22.0825],[88.8384,22.0902],[88.8437,22.0981],[88.8414,22.0902],[88.8679,22.085],[88.8492,22.104],[88.8457,22.1194],[88.8306,22.1247],[88.8179,22.123]],[[88.7293,22.1136],[88.7299,22.1235],[88.7363,22.1288],[88.7293,22.1136]],[[88.8651,22.167],[88.8861,22.1648],[88.8999,22.1481],[88.9061,22.1298],[88.923,22.1081],[88.9157,22.0903],[88.9081,22.087],[88.8964,22.0908],[88.8905,22.101],[88.8922,22.1144],[88.8895,22.1015],[88.895,22.0912],[88.8823,22.0856],[88.8723,22.0878],[88.8529,22.1024],[88.8459,22.122],[88.8307,22.1271],[88.8602,22.1424],[88.8488,22.1689],[88.8651,22.167]],[[88.95,22.1892],[88.9609,22.1891],[88.9694,22.1651],[88.9849,22.1485],[88.9805,22.1329],[88.9698,22.1429],[88.97,22.1563],[88.9528,22.1585],[88.9691,22.1555],[88.9689,22.1419],[88.9794,22.131],[88.9852,22.1381],[88.9849,22.1271],[88.9689,22.0826],[88.9505,22.1042],[88.963,22.0913],[88.9669,22.0786],[88.9367,22.0725],[88.9246,22.0646],[88.9239,22.0242],[88.9311,22.0],[88.9461,22.0],[88.9353,22.0258],[88.9349,22.0551],[88.9407,22.0622],[88.9636,22.057],[88.9615,22.049],[88.9771,22.0384],[88.9622,22.0172],[88.9757,22.0043],[88.9725,21.9878],[88.9875,21.9838],[88.9872,21.9753],[88.9922,21.97],[89.0084,21.9817],[89.0135,21.9791],[88.9909,21.9519],[88.9946,21.942],[89.0116,21.9339],[89.0213,21.9217],[89.0126,21.902],[88.9947,21.9058],[88.9688,21.9211],[88.972,21.9287],[88.9647,21.9348],[88.9762,21.939],[88.9764,21.9461],[88.975,21.9397],[88.9625,21.935],[88.9705,21.9287],[88.9661,21.9229],[88.9359,21.9365],[88.9127,21.9944],[88.9161,22.0106],[88.9078,22.0348],[88.911,22.0448],[88.9014,22.0653],[88.9084,22.0783],[88.9307,22.0981],[88.9232,22.1229],[88.9403,22.128],[88.9306,22.137],[88.9365,22.1428],[88.9294,22.1364],[88.9383,22.1269],[88.9272,22.1236],[88.9132,22.13],[88.8939,22.1697],[88.9197,22.1611],[88.9259,22.1671],[88.9256,22.1756],[88.9327,22.1745],[88.9453,22.1824],[88.9426,22.1903],[88.95,22.1892]],[[89.0019,22.1992],[89.0141,22.1943],[89.0144,22.1644],[89.0222,22.1486],[89.0505,22.1306],[89.0353,22.1105],[89.0163,22.1142],[89.0301,22.1229],[89.0146,22.114],[89.0355,22.1093],[89.0311,22.0933],[89.0382,22.0534],[89.0277,22.0535],[89.0288,22.0771],[89.0234,22.0788],[89.0277,22.0774],[89.026,22.0529],[89.0174,22.052],[89.0147,22.0644],[89.008,22.0525],[89.0017,22.0603],[88.9853,22.057],[88.9844,22.0461],[88.9779,22.0399],[88.9631,22.0497],[88.966,22.056],[88.9624,22.0605],[88.9804,22.0793],[88.9969,22.138],[88.9908,22.1541],[88.9764,22.1696],[88.9727,22.1934],[89.0019,22.1992]],[[88.6952,22.2086],[88.6839,22.2072],[88.6856,22.1987],[88.6808,22.1875],[88.6529,22.1634],[88.6342,22.1062],[88.6535,22.0781],[88.6616,22.0522],[88.6638,22.0238],[88.6781,22.0219],[88.7037,22.0067],[88.7144,22.0108],[88.721,22.0053],[88.7397,22.0177],[88.7357,22.0316],[88.6911,22.0571],[88.6843,22.0669],[88.6831,22.0808],[88.6916,22.0924],[88.7229,22.1128],[88.7381,22.1345],[88.7544,22.1452],[88.7664,22.1461],[88.7892,22.1694],[88.7689,22.18],[88.765,22.1922],[88.7405,22.1972],[88.7319,22.194],[88.6952,22.2086]],[[88.8447,22.1892],[88.8389,22.1936],[88.8355,22.2067],[88.8281,22.208],[88.8268,22.1984],[88.8405,22.1749],[88.8383,22.167],[88.8301,22.1651],[88.8092,22.1794],[88.7755,22.1457],[88.7492,22.135],[88.7346,22.104],[88.7029,22.0788],[88.7047,22.065],[88.7158,22.0583],[88.7392,22.057],[88.7496,22.0811],[88.7696,22.0923],[88.7719,22.1064],[88.7776,22.1112],[88.7946,22.1142],[88.8046,22.1305],[88.8211,22.1267],[88.8293,22.1344],[88.8559,22.1445],[88.8458,22.1478],[88.8514,22.1557],[88.8433,22.1672],[88.8508,22.1736],[88.8683,22.1712],[88.8605,22.2033],[88.8532,22.2043],[88.8503,22.1922],[88.8447,22.1892]],[[87.9897,22.2175],[87.9903,22.2169],[87.9906,22.2169],[87.9908,22.2167],[87.9914,22.2167],[87.9917,22.2164],[87.9919,22.2164],[87.9922,22.2161],[87.9928,22.2161],[87.9931,22.2158],[87.9933,22.2158],[87.9936,22.2156],[87.9939,22.2156],[87.995,22.2145],[87.9953,22.2145],[87.9967,22.2131],[87.9967,22.2128],[87.9956,22.2117],[87.9953,22.2119],[87.9936,22.2119],[87.9933,22.2122],[87.9928,22.2122],[87.9922,22.2128],[87.9919,22.2128],[87.9911,22.2136],[87.9908,22.2136],[87.9894,22.215],[87.9881,22.2164],[87.9881,22.2167],[87.9878,22.2169],[87.9878,22.2175],[87.9881,22.2178],[87.9881,22.2181],[87.9883,22.2183],[87.9883,22.2186],[87.9889,22.2186],[87.9892,22.2183],[87.9897,22.2178],[87.9897,22.2175]],[[88.9324,22.225],[88.9542,22.2216],[88.9616,22.1972],[88.9578,22.1917],[88.9414,22.1922],[88.9446,22.1843],[88.9315,22.177],[88.9233,22.1796],[88.9081,22.1963],[88.9167,22.2083],[88.9188,22.2308],[88.9324,22.225]],[[88.9829,22.3713],[88.9848,22.3824],[88.9889,22.3916],[88.9674,22.4077],[88.9742,22.395],[88.9678,22.3886],[88.9646,22.3674],[88.9539,22.3597],[88.9533,22.2794],[88.9472,22.2556],[88.9617,22.2422],[88.9725,22.2097],[88.9863,22.2056],[89.0,22.2119],[89.0197,22.2056],[89.0272,22.1877],[89.023,22.1663],[89.0352,22.1529],[89.055,22.143],[89.0622,22.1284],[89.0908,22.146],[89.0963,22.155],[89.092,22.1575],[89.0769,22.1448],[89.0686,22.1474],[89.0608,22.1673],[89.0691,22.1899],[89.0669,22.1983],[89.037,22.2267],[89.0324,22.2573],[89.0145,22.2516],[89.0114,22.2583],[89.0172,22.2688],[88.9939,22.2861],[88.994,22.2931],[89.0,22.2981],[89.0235,22.297],[89.0014,22.3219],[88.9836,22.3253],[88.9886,22.3639],[88.9829,22.3713]],[[87.9381,22.3967],[87.9378,22.3967],[87.9375,22.3969],[87.9375,22.3975],[87.9372,22.3978],[87.9372,22.3983],[87.9369,22.3986],[87.9369,22.3989],[87.9367,22.3992],[87.9367,22.3994],[87.9364,22.3997],[87.9364,22.4],[87.9361,22.4003],[87.9361,22.4008],[87.9358,22.4011],[87.9358,22.4025],[87.9355,22.4028],[87.9355,22.4036],[87.9353,22.4039],[87.9353,22.405],[87.935,22.4053],[87.935,22.4058],[87.9347,22.4061],[87.9347,22.4064],[87.9344,22.4067],[87.9344,22.4069],[87.9339,22.4075],[87.9339,22.4078],[87.9328,22.4089],[87.9328,22.4092],[87.9333,22.4097],[87.935,22.4081],[87.935,22.4078],[87.9358,22.4069],[87.9358,22.4067],[87.9361,22.4064],[87.9361,22.4058],[87.9364,22.4056],[87.9364,22.405],[87.9367,22.4047],[87.9367,22.4044],[87.9369,22.4042],[87.9369,22.4039],[87.9372,22.4036],[87.9372,22.4031],[87.9375,22.4028],[87.9375,22.402],[87.9378,22.4017],[87.9378,22.4006],[87.9381,22.4003],[87.9381,22.3997],[87.9383,22.3994],[87.9383,22.3981],[87.9386,22.3978],[87.9386,22.3972],[87.9381,22.3967]],[[88.8619,22.3989],[88.8617,22.4106],[88.8553,22.3876],[88.8608,22.3708],[88.8774,22.3611],[88.8986,22.3367],[88.9032,22.3454],[88.8994,22.3575],[88.8947,22.3561],[88.8978,22.3642],[88.8838,22.372],[88.8748,22.3868],[88.8806,22.4032],[88.8753,22.3981],[88.8722,22.4003],[88.8742,22.3886],[88.8683,22.39],[88.8655,22.3856],[88.8667,22.3969],[88.8619,22.3989]],[[88.8678,22.4108],[88.8661,22.4108],[88.8661,22.4103],[88.8664,22.41],[88.8667,22.41],[88.8672,22.4094],[88.8675,22.4094],[88.8678,22.4092],[88.8681,22.4092],[88.8689,22.4083],[88.87,22.4083],[88.8708,22.4075],[88.8708,22.4072],[88.8711,22.4069],[88.8711,22.4067],[88.8714,22.4064],[88.8714,22.4058],[88.8719,22.4053],[88.8725,22.4053],[88.8728,22.405],[88.873,22.4053],[88.8742,22.4053],[88.8744,22.4056],[88.8744,22.4058],[88.8742,22.4061],[88.8742,22.4064],[88.8739,22.4067],[88.8736,22.4067],[88.8731,22.4072],[88.8728,22.4072],[88.8717,22.4083],[88.8714,22.4083],[88.8697,22.41],[88.8694,22.41],[88.8689,22.4106],[88.8681,22.4106],[88.8678,22.4108]],[[88.9189,22.4253],[88.9189,22.4265],[88.9187,22.4274],[88.9183,22.4279],[88.918,22.4283],[88.9177,22.4286],[88.9174,22.4289],[88.9173,22.4289],[88.9172,22.429],[88.9168,22.4287],[88.9165,22.428],[88.9161,22.4275],[88.9161,22.4271],[88.916,22.4267],[88.9156,22.4265],[88.9149,22.4263],[88.9142,22.4265],[88.9135,22.4267],[88.9133,22.4265],[88.9131,22.4262],[88.9128,22.4259],[88.9124,22.4258],[88.912,22.4256],[88.9117,22.4252],[88.9115,22.4247],[88.9114,22.4242],[88.9114,22.4237],[88.9116,22.4234],[88.912,22.4232],[88.9123,22.4231],[88.9126,22.4229],[88.913,22.4228],[88.9132,22.4228],[88.9134,22.4228],[88.9139,22.423],[88.9145,22.4231],[88.915,22.4231],[88.9154,22.4233],[88.9158,22.4233],[88.9162,22.4234],[88.9164,22.4236],[88.9172,22.4236],[88.9175,22.4239],[88.9178,22.4239],[88.9186,22.4247],[88.9186,22.425],[88.9189,22.4253]],[[87.9254,22.4247],[87.924,22.4256],[87.9227,22.4266],[87.9219,22.4276],[87.9206,22.4283],[87.9198,22.4287],[87.9192,22.4291],[87.9194,22.4295],[87.9198,22.4298],[87.9208,22.4292],[87.9212,22.429],[87.9222,22.4283],[87.9234,22.4279],[87.924,22.4274],[87.9248,22.4268],[87.9254,22.4262],[87.9257,22.4248],[87.9254,22.4247]],[[87.9119,22.4322],[87.9081,22.4308],[87.9183,22.43],[87.9119,22.4322]],[[88.8561,22.4589],[88.8592,22.4694],[88.8569,22.4725],[88.8561,22.4589]],[[88.7814,22.5006],[88.7806,22.4942],[88.7915,22.4827],[88.8008,22.4611],[88.804,22.4445],[88.8192,22.4323],[88.8348,22.4338],[88.8217,22.4348],[88.8273,22.4468],[88.8123,22.4542],[88.8098,22.4812],[88.7984,22.4875],[88.7929,22.4981],[88.7814,22.5006]],[[88.8977,22.5489],[88.8949,22.5542],[88.8906,22.5478],[88.8883,22.5539],[88.87,22.5306],[88.8718,22.5414],[88.869,22.5405],[88.8679,22.5223],[88.86,22.5189],[88.8567,22.51],[88.8436,22.5068],[88.8457,22.5017],[88.8602,22.5003],[88.8677,22.4879],[88.8584,22.4818],[88.8568,22.4555],[88.861,22.4455],[88.8548,22.4379],[88.8561,22.4228],[88.8619,22.4128],[88.8822,22.4036],[88.8766,22.3869],[88.8864,22.3725],[88.8858,22.3765],[88.8898,22.3762],[88.8896,22.3717],[88.8981,22.3667],[88.8964,22.3736],[88.888,22.3783],[88.8944,22.3778],[88.8978,22.3863],[88.9217,22.4014],[88.9028,22.4147],[88.908,22.4342],[88.8923,22.4654],[88.8966,22.4749],[88.8928,22.4861],[88.9053,22.4984],[88.895,22.5008],[88.8983,22.5086],[88.9033,22.5044],[88.9058,22.5211],[88.8977,22.5489]],[[88.9336,22.5578],[88.9342,22.564],[88.93,22.5631],[88.9336,22.5578]],[[88.9202,22.5653],[88.895,22.5596],[88.9019,22.5464],[88.9042,22.5263],[88.9103,22.5236],[88.9064,22.5192],[88.9106,22.52],[88.9144,22.5111],[88.9058,22.5081],[88.9097,22.5056],[88.9056,22.4934],[88.8967,22.4858],[88.8947,22.4661],[88.9019,22.459],[88.9042,22.4453],[88.9205,22.4267],[88.9078,22.4158],[88.9258,22.4062],[88.9277,22.3972],[88.9217,22.3919],[88.93,22.3903],[88.9222,22.3839],[88.9231,22.3892],[88.9153,22.3919],[88.8964,22.3798],[88.9073,22.3358],[88.9287,22.3133],[88.9419,22.3099],[88.9535,22.3655],[88.9447,22.3704],[88.9449,22.3804],[88.9342,22.3959],[88.9402,22.4014],[88.9394,22.419],[88.9466,22.4206],[88.9402,22.4185],[88.942,22.4003],[88.9353,22.3958],[88.9467,22.3814],[88.9456,22.3714],[88.9578,22.3647],[88.9644,22.3739],[88.9647,22.3897],[88.9703,22.3939],[88.9642,22.4092],[88.9986,22.4303],[88.9881,22.4456],[88.995,22.4678],[88.9783,22.4825],[88.96,22.5486],[88.9335,22.5561],[88.9202,22.5653]],[[89.602,25.9607],[89.6156,25.9518],[89.6126,25.9434],[89.6032,25.943],[89.5989,25.9358],[89.593,25.9388],[89.584,25.9347],[89.5844,25.948],[89.5761,25.9513],[89.5889,25.9554],[89.5967,25.9636],[89.602,25.9607]],[[88.7989,26.2067],[88.8035,26.2035],[88.8022,26.1925],[88.7882,26.1741],[88.794,26.1445],[88.7889,26.1307],[88.7711,26.1313],[88.7628,26.1519],[88.7693,26.1523],[88.7779,26.1627],[88.7642,26.1632],[88.7627,26.172],[88.7772,26.1765],[88.7762,26.1856],[88.7817,26.1946],[88.7658,26.2197],[88.7683,26.2342],[88.7803,26.2385],[88.7961,26.2288],[88.8026,26.2178],[88.7989,26.2067]],[[88.6898,26.247],[88.679,26.2542],[88.6712,26.2506],[88.6718,26.2458],[88.682,26.2434],[88.6803,26.2316],[88.6882,26.2131],[88.7117,26.2044],[88.7083,26.1817],[88.7196,26.1764],[88.7194,26.1836],[88.7321,26.1884],[88.7316,26.1945],[88.7228,26.1979],[88.7194,26.2116],[88.7219,26.2327],[88.7123,26.2329],[88.7107,26.2227],[88.6999,26.2247],[88.6898,26.247]],[[88.6459,26.2534],[88.6615,26.2677],[88.6464,26.285],[88.6413,26.2846],[88.6442,26.27],[88.6386,26.2633],[88.6459,26.2534]],[[86.3805,19.968],[86.3843,19.9786],[86.4263,20.0104],[86.4267,20.002],[86.3936,19.9769],[86.3894,19.9635],[86.3805,19.968]],[[86.424,20.0218],[86.4322,20.0232],[86.4334,20.0384],[86.424,20.0218]],[[86.7889,20.3669],[86.7907,20.3587],[86.7972,20.3656],[86.7961,20.3736],[86.7889,20.3669]],[[86.8008,20.3904],[86.8074,20.3695],[86.8116,20.3806],[86.8081,20.398],[86.8008,20.3904]],[[86.7901,20.3965],[86.7881,20.4151],[86.8001,20.4435],[86.8007,20.4686],[86.7941,20.48],[86.7955,20.4893],[86.8002,20.4911],[86.8099,20.4707],[86.8116,20.4454],[86.7951,20.3963],[86.7901,20.3965]],[[87.0526,20.7334],[87.0531,20.7397],[87.0608,20.7387],[87.0581,20.7334],[87.0526,20.7334]],[[87.0758,20.747],[87.072,20.7346],[87.0753,20.7305],[87.0809,20.7398],[87.0758,20.747]],[[87.0873,20.7571],[87.095,20.7575],[87.0942,20.765],[87.0878,20.7628],[87.0873,20.7571]],[[86.9905,20.7765],[86.9859,20.7831],[86.9916,20.7835],[86.9928,20.7787],[86.9905,20.7765]],[[86.8897,20.7867],[86.9111,20.7826],[86.9396,20.7842],[86.955,20.7772],[86.9297,20.7743],[86.8807,20.7803],[86.8809,20.785],[86.8897,20.7867]],[[87.0712,20.7758],[87.076,20.7749],[87.0792,20.7858],[87.0763,20.7943],[87.0693,20.7846],[87.0712,20.7758]],[[86.9959,20.7922],[86.9905,20.7965],[86.9957,20.8072],[87.0016,20.805],[86.9993,20.7951],[86.9959,20.7922]],[[86.9906,20.8482],[86.9954,20.8476],[86.9941,20.8648],[86.9875,20.8579],[86.9906,20.8482]]]}}]}