{"type":"FeatureCollection","features":[{"type":"Feature","properties":{"ST_NM":"Andaman & Nicobar Island"},"geometry":{"type":"MultiPolygon","coordinates":[[[[93.7198,7.2071],[93.7128,7.2083],[93.7092,7.2304],[93.7212,7.2133],[93.7198,7.2071]]],[[[93.8486,7.2405],[93.8427,7.2278],[93.8468,7.218],[93.8533,7.2146],[93.8686,7.2171],[93.8826,7.2037],[93.8801,7.1756],[93.8882,7.1518],[93.8848,7.1299],[93.891,7.1224],[93.8857,7.1059],[93.8872,7.0871],[93.9019,7.0785],[93.9063,7.0629],[93.9144,7.0552],[93.9166,7.0257],[93.9293,7.0269],[93.941,7.0166],[93.948,7.0023],[93.9436,6.9936],[93.9248,7.0118],[93.9137,7.0002],[93.9277,6.9879],[93.9291,6.9734],[93.9456,6.9562],[93.9425,6.952],[93.9304,6.956],[93.9235,6.952],[93.9162,6.9344],[93.9096,6.93],[93.9165,6.9139],[93.9117,6.9075],[93.9011,6.9079],[93.8969,6.9032],[93.902,6.8803],[93.9013,6.8733],[93.8931,6.8667],[93.8938,6.8469],[93.9104,6.8362],[93.9014,6.8204],[93.9028,6.8147],[93.8821,6.7947],[93.8693,6.8162],[93.8518,6.8152],[93.8458,6.8015],[93.8489,6.7916],[93.8458,6.778],[93.8355,6.7575],[93.8284,6.756],[93.8051,6.7663],[93.8135,6.779],[93.8079,6.7865],[93.8125,6.7942],[93.8086,6.8072],[93.816,6.8112],[93.816,6.8172],[93.8029,6.8138],[93.7874,6.8308],[93.7885,6.8434],[93.7952,6.8515],[93.7858,6.8495],[93.7906,6.8562],[93.7793,6.859],[93.7721,6.8768],[93.7796,6.8812],[93.7753,6.8871],[93.7816,6.8918],[93.7665,6.8975],[93.7657,6.9164],[93.7532,6.9084],[93.7428,6.9239],[93.7426,6.9289],[93.7523,6.9308],[93.7468,6.9619],[93.736,6.9601],[93.7284,6.9865],[93.7187,6.9937],[93.705,6.9918],[93.7066,7.0015],[93.6941,7.0155],[93.6819,7.018],[93.674,7.0036],[93.6635,7.0055],[93.6742,7.0233],[93.6693,7.0288],[93.6728,7.0371],[93.6647,7.043],[93.6687,7.066],[93.6626,7.0681],[93.6697,7.084],[93.6603,7.0858],[93.6578,7.0988],[93.6748,7.1136],[93.6675,7.1172],[93.6589,7.1123],[93.6561,7.126],[93.6642,7.1299],[93.6683,7.1398],[93.6765,7.1408],[93.6788,7.1551],[93.674,7.1756],[93.6865,7.1894],[93.7142,7.1918],[93.7289,7.1845],[93.7511,7.2033],[93.748,7.1974],[93.7562,7.1985],[93.7516,7.2069],[93.7604,7.2144],[93.7667,7.214],[93.7649,7.2087],[93.7708,7.2067],[93.7854,7.2156],[93.7869,7.2106],[93.7932,7.2131],[93.8047,7.2031],[93.8038,7.212],[93.8135,7.2133],[93.8069,7.2172],[93.8122,7.2203],[93.8061,7.2325],[93.8378,7.2394],[93.8379,7.2425],[93.8454,7.2407],[93.8478,7.2449],[93.8486,7.2405]]],[[[93.8431,7.2899],[93.8431,7.289],[93.8427,7.2885],[93.8423,7.2881],[93.8418,7.2879],[93.8415,7.287],[93.8414,7.2866],[93.8407,7.286],[93.8407,7.286],[93.8403,7.286],[93.8401,7.2869],[93.8397,7.2869],[93.8396,7.2873],[93.8396,7.2876],[93.8399,7.2883],[93.8407,7.2888],[93.8412,7.289],[93.8417,7.289],[93.8425,7.2894],[93.8431,7.2899]]],[[[93.7702,7.3945],[93.7632,7.3973],[93.7666,7.403],[93.772,7.3991],[93.7702,7.3945]]],[[[93.6899,7.3962],[93.6841,7.4031],[93.6887,7.4094],[93.6963,7.3998],[93.6899,7.3962]]],[[[93.7129,7.4437],[93.7204,7.4298],[93.723,7.3999],[93.7565,7.3745],[93.757,7.3579],[93.7392,7.3423],[93.7362,7.3273],[93.7242,7.3082],[93.6997,7.3028],[93.6786,7.2816],[93.6798,7.2752],[93.6717,7.2686],[93.6688,7.2582],[93.6472,7.2439],[93.6297,7.265],[93.635,7.2861],[93.6299,7.3024],[93.6212,7.3093],[93.6365,7.3211],[93.6329,7.371],[93.6413,7.3736],[93.6497,7.3683],[93.6635,7.3814],[93.6743,7.3732],[93.6844,7.3873],[93.7088,7.3944],[93.7091,7.4002],[93.7037,7.4017],[93.7099,7.4236],[93.7051,7.4425],[93.7129,7.4437]]],[[[93.6528,7.4716],[93.6439,7.4739],[93.6496,7.4765],[93.6528,7.4716]]],[[[93.6343,7.4763],[93.6306,7.4794],[93.6358,7.4793],[93.6343,7.4763]]],[[[93.5455,7.5116],[93.5414,7.5141],[93.5425,7.5245],[93.5496,7.5186],[93.5455,7.5116]]],[[[93.3826,8.0229],[93.3969,8.0181],[93.4091,8.0064],[93.4033,7.9988],[93.4044,7.9823],[93.4024,7.9747],[93.3968,7.9735],[93.3975,7.9679],[93.4175,7.959],[93.4321,7.9664],[93.4361,7.9564],[93.4629,7.9344],[93.4749,7.8931],[93.4616,7.873],[93.4528,7.8762],[93.4437,7.8978],[93.4248,7.9073],[93.3973,7.9024],[93.3792,7.8835],[93.3578,7.8895],[93.3454,7.9025],[93.3428,7.919],[93.3517,7.9325],[93.3466,7.9273],[93.3449,7.931],[93.3573,7.9419],[93.3481,7.9397],[93.3433,7.9317],[93.3335,7.9359],[93.3313,7.9245],[93.3195,7.9323],[93.311,7.9621],[93.3244,7.9754],[93.3232,7.991],[93.3293,8.0048],[93.3475,8.0164],[93.3512,8.0084],[93.3581,8.0087],[93.3708,8.0221],[93.3826,8.0229]]],[[[93.5478,8.0261],[93.5635,8.0248],[93.5824,7.9922],[93.5774,7.9294],[93.5081,7.9849],[93.507,7.9972],[93.5136,7.9989],[93.5197,7.9937],[93.5322,8.0063],[93.5285,8.0193],[93.5318,8.025],[93.5367,8.0165],[93.543,8.0151],[93.5427,8.0073],[93.5513,7.996],[93.5509,8.0138],[93.544,8.0253],[93.5478,8.0261]]],[[[93.5804,8.1238],[93.5904,8.1014],[93.5909,8.0674],[93.6007,8.05],[93.5939,8.0386],[93.5735,8.0634],[93.5742,8.0727],[93.5835,8.0731],[93.582,8.0808],[93.5707,8.0911],[93.5738,8.1079],[93.5622,8.1179],[93.5804,8.1238]]],[[[93.526,8.2317],[93.5435,8.2248],[93.5452,8.2006],[93.5343,8.1802],[93.5243,8.1727],[93.5334,8.1842],[93.5107,8.1686],[93.5118,8.1583],[93.5032,8.1479],[93.52,8.1278],[93.5336,8.0972],[93.5478,8.0889],[93.5525,8.0648],[93.5448,8.049],[93.5498,8.0361],[93.5305,8.0494],[93.5261,8.0332],[93.5207,8.0375],[93.5083,8.0342],[93.5064,8.0233],[93.5116,8.0169],[93.5053,8.0172],[93.5089,8.0099],[93.5015,7.9979],[93.4926,8.0007],[93.4866,8.0158],[93.4858,8.0445],[93.4901,8.0463],[93.4999,8.0394],[93.5043,8.048],[93.5088,8.0374],[93.5097,8.0513],[93.5039,8.0566],[93.5091,8.0576],[93.512,8.0681],[93.5139,8.0489],[93.5184,8.0471],[93.5256,8.0528],[93.5242,8.0636],[93.5316,8.0686],[93.5256,8.0673],[93.5247,8.0746],[93.5308,8.0792],[93.5143,8.0844],[93.5127,8.0744],[93.4914,8.0635],[93.4924,8.0516],[93.4855,8.052],[93.4809,8.0869],[93.4899,8.0909],[93.4819,8.0964],[93.4782,8.091],[93.4661,8.1088],[93.4647,8.1161],[93.4685,8.1188],[93.4611,8.12],[93.4589,8.1329],[93.4655,8.1396],[93.4566,8.1445],[93.4538,8.1686],[93.4595,8.1796],[93.476,8.184],[93.4909,8.1995],[93.4943,8.2227],[93.5212,8.2338],[93.526,8.2317]]],[[[93.235,8.2645],[93.2512,8.2306],[93.2395,8.2219],[93.2202,8.2457],[93.2223,8.2574],[93.235,8.2645]]],[[[93.1273,8.3556],[93.143,8.3431],[93.1323,8.3139],[93.1262,8.276],[93.1532,8.2435],[93.2032,8.2168],[93.1997,8.1957],[93.1881,8.1942],[93.1621,8.2022],[93.1208,8.2241],[93.0872,8.271],[93.0857,8.3067],[93.0948,8.3236],[93.0955,8.3395],[93.1062,8.3492],[93.1135,8.3471],[93.1273,8.3556]]],[[[93.6431,8.3937],[93.6428,8.3935],[93.6426,8.3935],[93.6423,8.3935],[93.642,8.3935],[93.6417,8.3935],[93.6414,8.3937],[93.6413,8.3938],[93.6412,8.394],[93.6415,8.3943],[93.6417,8.3943],[93.642,8.3943],[93.6423,8.3942],[93.6425,8.3941],[93.6427,8.3941],[93.6429,8.394],[93.6431,8.3939],[93.6431,8.3937]]],[[[93.6455,8.3943],[93.6457,8.3943],[93.6459,8.3944],[93.6464,8.3944],[93.6467,8.3944],[93.647,8.3942],[93.6473,8.3943],[93.6475,8.3943],[93.648,8.3943],[93.6482,8.3941],[93.6484,8.3942],[93.6485,8.3943],[93.6487,8.3944],[93.649,8.3945],[93.6492,8.3944],[93.6494,8.394],[93.6497,8.3939],[93.6502,8.3939],[93.6506,8.3939],[93.651,8.3939],[93.6513,8.3939],[93.6518,8.3942],[93.652,8.3943],[93.6523,8.3944],[93.6527,8.3943],[93.6528,8.3943],[93.653,8.3941],[93.653,8.3939],[93.653,8.3936],[93.6532,8.3933],[93.6534,8.3929],[93.6536,8.3928],[93.6539,8.3923],[93.6541,8.392],[93.6543,8.3918],[93.6547,8.3916],[93.6549,8.3915],[93.6552,8.3912],[93.6554,8.3909],[93.6555,8.3907],[93.6558,8.3907],[93.6562,8.3905],[93.6563,8.3903],[93.6562,8.3902],[93.6558,8.3902],[93.6554,8.3903],[93.6552,8.3903],[93.6548,8.3901],[93.6546,8.39],[93.6543,8.3898],[93.6541,8.3895],[93.6538,8.3891],[93.6535,8.389],[93.6531,8.3892],[93.653,8.3895],[93.6528,8.3897],[93.6526,8.39],[93.6522,8.3902],[93.6519,8.3903],[93.6516,8.3905],[93.6514,8.3906],[93.6511,8.3906],[93.6507,8.3906],[93.6503,8.3906],[93.6501,8.3908],[93.6498,8.3909],[93.6495,8.391],[93.6493,8.391],[93.649,8.391],[93.6489,8.3909],[93.6487,8.3907],[93.6485,8.3907],[93.6482,8.3906],[93.6479,8.3907],[93.6477,8.3909],[93.6476,8.3911],[93.6475,8.3914],[93.6472,8.3919],[93.6471,8.3921],[93.6469,8.3924],[93.6469,8.3927],[93.6469,8.393],[93.6469,8.3932],[93.6468,8.3933],[93.6465,8.3934],[93.6462,8.3936],[93.646,8.3937],[93.6457,8.3937],[93.6455,8.3937],[93.6451,8.3937],[93.6449,8.3937],[93.6446,8.3937],[93.6445,8.394],[93.6445,8.3942],[93.6445,8.3943],[93.6445,8.3947],[93.6446,8.3948],[93.6449,8.3948],[93.645,8.3947],[93.6452,8.3946],[93.6453,8.3944],[93.6455,8.3943]]],[[[93.6345,8.397],[93.6347,8.397],[93.6349,8.3971],[93.6352,8.3971],[93.6353,8.397],[93.6355,8.3968],[93.6356,8.3965],[93.6357,8.3963],[93.6357,8.3961],[93.6357,8.3958],[93.6355,8.3956],[93.6353,8.3955],[93.6348,8.3957],[93.6346,8.3959],[93.6346,8.3961],[93.6346,8.3964],[93.6345,8.3967],[93.6344,8.3968],[93.6342,8.3969],[93.6338,8.3972],[93.6337,8.3973],[93.6337,8.3973],[93.6336,8.3974],[93.6336,8.3975],[93.6337,8.3977],[93.6337,8.398],[93.6338,8.398],[93.6341,8.398],[93.6343,8.398],[93.6344,8.3978],[93.6344,8.3975],[93.6344,8.3973],[93.6345,8.397]]],[[[93.0442,8.4712],[93.0563,8.4609],[93.0575,8.4405],[93.0445,8.4416],[93.0365,8.4497],[93.0367,8.4599],[93.0442,8.4712]]],[[[93.6143,8.5753],[93.6203,8.5647],[93.6222,8.5317],[93.6358,8.5225],[93.6335,8.5174],[93.6374,8.5115],[93.6318,8.5056],[93.6424,8.4683],[93.6394,8.4658],[93.633,8.4711],[93.6269,8.4677],[93.6226,8.4491],[93.6282,8.4394],[93.6229,8.4232],[93.6176,8.4435],[93.6234,8.463],[93.6194,8.4805],[93.6291,8.4888],[93.6243,8.498],[93.6225,8.5256],[93.6112,8.5445],[93.6143,8.5753]]],[[[93.6089,8.5817],[93.6089,8.5816],[93.6087,8.5814],[93.6086,8.5811],[93.6086,8.5809],[93.6089,8.5805],[93.609,8.5802],[93.6088,8.58],[93.6086,8.5798],[93.6086,8.5794],[93.6084,8.5793],[93.6081,8.5794],[93.608,8.5796],[93.6079,8.5797],[93.6079,8.5799],[93.6078,8.5801],[93.6077,8.5802],[93.6075,8.5803],[93.6073,8.5805],[93.6073,8.5807],[93.6073,8.5809],[93.6071,8.581],[93.6069,8.5813],[93.6069,8.5815],[93.6071,8.5818],[93.6073,8.5818],[93.6076,8.5817],[93.6077,8.5816],[93.6078,8.5816],[93.608,8.5816],[93.6082,8.5816],[93.6083,8.5817],[93.6083,8.5818],[93.6084,8.582],[93.6086,8.5821],[93.6088,8.582],[93.6089,8.5818],[93.6089,8.5817]]],[[[92.7946,9.2391],[92.8201,9.2108],[92.8318,9.1636],[92.8297,9.138],[92.8171,9.1347],[92.8126,9.1254],[92.7989,9.119],[92.7844,9.1186],[92.7692,9.1287],[92.7301,9.1245],[92.7187,9.1575],[92.7234,9.2173],[92.7429,9.217],[92.7466,9.2123],[92.7663,9.2154],[92.7788,9.2428],[92.7758,9.2569],[92.7946,9.2391]]],[[[92.5184,10.8975],[92.5295,10.8874],[92.5305,10.877],[92.5302,10.8843],[92.5346,10.8843],[92.5582,10.863],[92.5562,10.8447],[92.563,10.8286],[92.5631,10.8042],[92.5725,10.8023],[92.5871,10.7876],[92.5822,10.7437],[92.5974,10.7037],[92.597,10.6803],[92.5781,10.6742],[92.5754,10.668],[92.5818,10.6576],[92.5539,10.6394],[92.5399,10.6147],[92.5445,10.5922],[92.5623,10.5868],[92.5682,10.5762],[92.5455,10.552],[92.5309,10.518],[92.5132,10.5118],[92.4992,10.5109],[92.482,10.5179],[92.4573,10.5393],[92.4331,10.5484],[92.4191,10.5479],[92.4019,10.5314],[92.3862,10.5317],[92.3822,10.5401],[92.3943,10.553],[92.3955,10.5631],[92.4102,10.5831],[92.4137,10.606],[92.4209,10.6156],[92.4018,10.6584],[92.3944,10.6663],[92.3826,10.6679],[92.3829,10.7217],[92.3782,10.7399],[92.3818,10.7626],[92.377,10.783],[92.3849,10.7911],[92.3857,10.7842],[92.3954,10.7779],[92.4085,10.7842],[92.4198,10.7968],[92.4271,10.8232],[92.4335,10.8214],[92.4469,10.8364],[92.4575,10.8389],[92.4606,10.8501],[92.4571,10.8615],[92.4706,10.8704],[92.4788,10.8705],[92.493,10.8894],[92.5068,10.8897],[92.5184,10.8975]]],[[[92.6102,10.9384],[92.6204,10.9299],[92.6097,10.931],[92.6062,10.9364],[92.6102,10.9384]]],[[[92.2272,10.9819],[92.2231,10.974],[92.2151,10.9779],[92.2272,10.9819]]],[[[92.6641,10.9828],[92.6593,10.9888],[92.666,10.9928],[92.6695,10.9873],[92.6641,10.9828]]],[[[92.7244,11.1414],[92.7242,11.1414],[92.724,11.1414],[92.7237,11.1416],[92.7234,11.1418],[92.7233,11.1423],[92.7233,11.1424],[92.723,11.1429],[92.723,11.143],[92.7231,11.1434],[92.7232,11.1437],[92.7234,11.1439],[92.7236,11.1441],[92.724,11.1442],[92.7244,11.1442],[92.7249,11.1442],[92.7253,11.1441],[92.7255,11.144],[92.7256,11.144],[92.7257,11.1438],[92.7258,11.1437],[92.7258,11.1436],[92.7258,11.1434],[92.7257,11.1427],[92.7253,11.1425],[92.725,11.1423],[92.7246,11.1417],[92.7244,11.1414]]],[[[92.7335,11.148],[92.734,11.1478],[92.734,11.1478],[92.734,11.1476],[92.734,11.1476],[92.7343,11.1471],[92.7343,11.1465],[92.7343,11.1462],[92.7345,11.146],[92.7346,11.1457],[92.7344,11.1455],[92.7341,11.1455],[92.7338,11.1456],[92.7335,11.1456],[92.7331,11.1452],[92.7328,11.1449],[92.7327,11.1445],[92.7327,11.1442],[92.7325,11.1439],[92.7323,11.1435],[92.7318,11.1432],[92.7316,11.1429],[92.731,11.1426],[92.7307,11.1425],[92.7303,11.1426],[92.73,11.1428],[92.7296,11.143],[92.7293,11.1431],[92.729,11.1432],[92.7287,11.1433],[92.7284,11.1436],[92.7284,11.1438],[92.7283,11.1442],[92.7283,11.1442],[92.7283,11.1445],[92.7283,11.1448],[92.7281,11.145],[92.7281,11.145],[92.7279,11.1453],[92.7278,11.1456],[92.7278,11.146],[92.7278,11.1462],[92.728,11.1466],[92.7281,11.1466],[92.7282,11.1468],[92.7283,11.1469],[92.7285,11.1471],[92.7287,11.1473],[92.729,11.1476],[92.7294,11.148],[92.7299,11.1483],[92.7301,11.1485],[92.7306,11.1487],[92.731,11.1489],[92.7314,11.1491],[92.7315,11.1492],[92.7315,11.1492],[92.7319,11.1493],[92.7323,11.1493],[92.7327,11.149],[92.733,11.1487],[92.7332,11.1482],[92.7335,11.148]]],[[[92.6777,11.1831],[92.681,11.1814],[92.6772,11.1779],[92.6752,11.1898],[92.6777,11.1831]]],[[[92.7064,11.2886],[92.7059,11.2638],[92.6882,11.2424],[92.6973,11.2619],[92.6932,11.2809],[92.7064,11.2886]]],[[[92.7242,11.332],[92.7238,11.3176],[92.7174,11.3163],[92.7103,11.3019],[92.6985,11.3091],[92.7114,11.3093],[92.7186,11.3299],[92.7242,11.332]]],[[[92.5495,11.3976],[92.5498,11.3975],[92.5501,11.3975],[92.5504,11.3976],[92.5508,11.3975],[92.5511,11.397],[92.5511,11.397],[92.5511,11.3969],[92.5511,11.3967],[92.5513,11.3965],[92.5514,11.3964],[92.5514,11.3964],[92.5514,11.3961],[92.5513,11.396],[92.5513,11.3959],[92.5512,11.3957],[92.5511,11.3956],[92.5508,11.3954],[92.5505,11.3951],[92.5503,11.3949],[92.5499,11.3946],[92.5494,11.3943],[92.549,11.3941],[92.5485,11.3939],[92.5479,11.394],[92.5474,11.394],[92.5471,11.3942],[92.5469,11.3944],[92.5465,11.3947],[92.5463,11.3949],[92.5462,11.3949],[92.5462,11.3951],[92.5462,11.3953],[92.5462,11.3957],[92.5462,11.3959],[92.5462,11.396],[92.5464,11.3961],[92.5464,11.3962],[92.5466,11.3963],[92.5467,11.3965],[92.5468,11.3966],[92.5469,11.3968],[92.5471,11.3969],[92.5473,11.397],[92.5475,11.3971],[92.5478,11.3972],[92.5481,11.3973],[92.5484,11.3974],[92.5487,11.3975],[92.5491,11.3976],[92.5491,11.3976],[92.5495,11.3976]]],[[[92.5624,11.3977],[92.5627,11.3974],[92.5629,11.3972],[92.5631,11.3969],[92.5633,11.3966],[92.5633,11.3962],[92.5633,11.3958],[92.5633,11.3954],[92.563,11.395],[92.5627,11.3946],[92.5624,11.3942],[92.5619,11.3937],[92.5617,11.3935],[92.5617,11.3935],[92.5612,11.3931],[92.5599,11.3926],[92.5599,11.3926],[92.5597,11.3925],[92.5592,11.3923],[92.5587,11.3922],[92.5582,11.3919],[92.5577,11.3917],[92.5577,11.3916],[92.5576,11.3915],[92.5574,11.3912],[92.5573,11.391],[92.557,11.391],[92.5567,11.391],[92.5567,11.3911],[92.5565,11.391],[92.556,11.3912],[92.5559,11.3915],[92.5558,11.3916],[92.5558,11.3921],[92.556,11.3924],[92.556,11.3924],[92.556,11.3925],[92.556,11.3927],[92.5561,11.3931],[92.5563,11.3932],[92.5565,11.3932],[92.5567,11.3933],[92.5566,11.3935],[92.5566,11.3937],[92.5567,11.3938],[92.5568,11.394],[92.5568,11.3941],[92.5567,11.3944],[92.5566,11.3947],[92.5566,11.3951],[92.5568,11.3953],[92.557,11.3954],[92.557,11.3955],[92.5572,11.3957],[92.5574,11.396],[92.5576,11.3963],[92.5579,11.3965],[92.5583,11.3968],[92.5587,11.397],[92.559,11.3972],[92.5592,11.3974],[92.5593,11.3974],[92.5594,11.3975],[92.5595,11.3974],[92.5596,11.3975],[92.5602,11.3975],[92.5605,11.3975],[92.561,11.3975],[92.5615,11.3975],[92.5617,11.3977],[92.5618,11.3977],[92.5618,11.3977],[92.5621,11.3978],[92.5622,11.3978],[92.5624,11.3977]]],[[[92.6156,11.5103],[92.6153,11.51],[92.615,11.5097],[92.6147,11.5094],[92.6144,11.5091],[92.6138,11.5086],[92.6135,11.5083],[92.6131,11.508],[92.6128,11.5079],[92.6128,11.5079],[92.6121,11.5071],[92.6116,11.5064],[92.6116,11.5056],[92.6113,11.5054],[92.6113,11.5052],[92.6111,11.505],[92.6109,11.5048],[92.6107,11.5045],[92.6104,11.5042],[92.61,11.5041],[92.6097,11.5043],[92.6095,11.5044],[92.6094,11.5048],[92.6093,11.5052],[92.6093,11.5055],[92.6093,11.5059],[92.6093,11.5066],[92.6096,11.5068],[92.6098,11.507],[92.6101,11.5075],[92.6103,11.5077],[92.6106,11.5079],[92.6109,11.5082],[92.6111,11.5084],[92.6115,11.5086],[92.6121,11.5091],[92.6125,11.5095],[92.613,11.5099],[92.6133,11.5102],[92.6134,11.5103],[92.6136,11.5103],[92.6137,11.5103],[92.6138,11.5102],[92.6143,11.5104],[92.6146,11.5106],[92.6149,11.5108],[92.6149,11.5109],[92.615,11.511],[92.6153,11.5112],[92.6155,11.5114],[92.6157,11.5115],[92.6159,11.5114],[92.616,11.5111],[92.616,11.5109],[92.6158,11.5106],[92.6156,11.5103]]],[[[92.6419,11.5102],[92.6453,11.512],[92.6445,11.5013],[92.6552,11.4916],[92.6691,11.4899],[92.6857,11.4362],[92.6811,11.4312],[92.6842,11.4271],[92.6721,11.4272],[92.6713,11.4159],[92.6486,11.4071],[92.6602,11.4066],[92.6649,11.3948],[92.675,11.3996],[92.6777,11.3931],[92.6935,11.3877],[92.6908,11.3708],[92.6692,11.3632],[92.6641,11.3543],[92.6488,11.3571],[92.6382,11.3472],[92.5982,11.3478],[92.5815,11.3678],[92.5928,11.3801],[92.5872,11.4009],[92.6148,11.4007],[92.6233,11.4061],[92.6248,11.4268],[92.6197,11.4311],[92.6243,11.4416],[92.6115,11.4586],[92.6136,11.4729],[92.6208,11.4979],[92.6321,11.5148],[92.6365,11.5174],[92.6419,11.5102]]],[[[92.6044,11.5351],[92.6062,11.5218],[92.6007,11.53],[92.6027,11.5381],[92.6044,11.5351]]],[[[92.5603,11.5381],[92.5689,11.5277],[92.5664,11.5177],[92.5618,11.5175],[92.5527,11.5312],[92.5527,11.5387],[92.5591,11.5416],[92.5603,11.5381]]],[[[92.6279,11.5422],[92.6277,11.5422],[92.6274,11.5422],[92.6272,11.5423],[92.627,11.5426],[92.6271,11.5427],[92.6271,11.5428],[92.6272,11.5431],[92.6272,11.5433],[92.6271,11.5434],[92.627,11.5436],[92.6269,11.5438],[92.6268,11.5438],[92.6268,11.5447],[92.6269,11.5454],[92.627,11.5455],[92.6271,11.5455],[92.6272,11.5456],[92.6273,11.5459],[92.6273,11.5461],[92.6274,11.5463],[92.6274,11.5465],[92.6273,11.5467],[92.6273,11.5468],[92.6274,11.547],[92.6274,11.5473],[92.6274,11.5474],[92.6274,11.5476],[92.6273,11.5478],[92.6273,11.548],[92.6273,11.5482],[92.6273,11.5484],[92.6273,11.5484],[92.6273,11.5486],[92.6274,11.5487],[92.6275,11.5489],[92.6275,11.549],[92.6277,11.5491],[92.6278,11.5493],[92.6279,11.5493],[92.6287,11.5494],[92.6294,11.5489],[92.6295,11.5487],[92.6297,11.5485],[92.6297,11.5484],[92.6297,11.5482],[92.6297,11.5481],[92.6297,11.5478],[92.6297,11.5475],[92.6297,11.5472],[92.6296,11.5469],[92.6296,11.5466],[92.6294,11.5463],[92.6294,11.546],[92.6293,11.5457],[92.6294,11.5455],[92.6294,11.5452],[92.6293,11.545],[92.6292,11.5447],[92.6293,11.5445],[92.6294,11.5443],[92.6294,11.5441],[92.6294,11.5439],[92.6293,11.5437],[92.6292,11.5436],[92.6291,11.5434],[92.629,11.5432],[92.6288,11.5431],[92.6287,11.543],[92.6285,11.5428],[92.6284,11.5426],[92.6282,11.5425],[92.6281,11.5423],[92.6279,11.5422]]],[[[92.6101,11.5585],[92.6189,11.5599],[92.6204,11.5552],[92.6178,11.537],[92.6105,11.5314],[92.6018,11.5543],[92.6093,11.5535],[92.6075,11.5633],[92.6101,11.5585]]],[[[92.5742,11.5624],[92.5741,11.5624],[92.574,11.5624],[92.5738,11.5625],[92.5736,11.5625],[92.5735,11.5625],[92.5734,11.5626],[92.5732,11.5627],[92.573,11.5629],[92.573,11.5631],[92.573,11.5632],[92.5729,11.5634],[92.5729,11.5636],[92.5728,11.5637],[92.5728,11.5638],[92.5727,11.5643],[92.5727,11.5645],[92.5727,11.5647],[92.5727,11.565],[92.5728,11.5653],[92.5728,11.5655],[92.573,11.5657],[92.5731,11.5659],[92.5732,11.5661],[92.5733,11.5662],[92.5734,11.5663],[92.5735,11.5665],[92.5735,11.5666],[92.5735,11.5668],[92.5736,11.5669],[92.5737,11.5671],[92.5738,11.5673],[92.574,11.5676],[92.5742,11.5678],[92.5742,11.5678],[92.5743,11.5679],[92.5744,11.5679],[92.5746,11.568],[92.5747,11.5681],[92.5748,11.5681],[92.5749,11.5682],[92.5749,11.5682],[92.575,11.5683],[92.5752,11.5684],[92.5754,11.5686],[92.5755,11.5689],[92.5755,11.5689],[92.5755,11.569],[92.5755,11.5692],[92.5755,11.5694],[92.5755,11.5695],[92.5756,11.5697],[92.5756,11.5698],[92.5757,11.5699],[92.5758,11.57],[92.5758,11.57],[92.576,11.5701],[92.5761,11.5703],[92.5761,11.5705],[92.5761,11.5706],[92.5761,11.5707],[92.5762,11.5707],[92.5763,11.5708],[92.5763,11.5709],[92.5765,11.5709],[92.5766,11.5709],[92.5766,11.5709],[92.5767,11.5709],[92.5767,11.5708],[92.5767,11.5707],[92.5767,11.5707],[92.5766,11.5706],[92.5766,11.5705],[92.5766,11.5704],[92.5766,11.5703],[92.5767,11.5702],[92.5768,11.5701],[92.5768,11.5701],[92.5768,11.57],[92.5768,11.5699],[92.5768,11.5698],[92.5768,11.5698],[92.5768,11.5697],[92.5768,11.5696],[92.5768,11.5695],[92.5768,11.5694],[92.5768,11.5694],[92.5768,11.5693],[92.5768,11.5692],[92.5768,11.5691],[92.5768,11.569],[92.5768,11.569],[92.5768,11.5689],[92.5768,11.5689],[92.5768,11.5688],[92.5768,11.5686],[92.5768,11.5686],[92.5768,11.5685],[92.5768,11.5684],[92.5767,11.5683],[92.5767,11.5682],[92.5766,11.568],[92.5765,11.5679],[92.5765,11.5679],[92.5764,11.5678],[92.5763,11.5677],[92.5762,11.5676],[92.5761,11.5675],[92.5761,11.5674],[92.576,11.5673],[92.576,11.5672],[92.5759,11.5672],[92.5759,11.5671],[92.5758,11.5671],[92.5758,11.5669],[92.5757,11.5667],[92.5757,11.5666],[92.5757,11.5664],[92.5757,11.5664],[92.5757,11.5663],[92.5758,11.5661],[92.5757,11.5659],[92.5757,11.5658],[92.5757,11.5655],[92.5757,11.5654],[92.5757,11.5652],[92.5757,11.5651],[92.5757,11.5649],[92.5756,11.5648],[92.5754,11.5646],[92.5754,11.5645],[92.5754,11.5644],[92.5754,11.5643],[92.5753,11.5642],[92.5752,11.5641],[92.5752,11.5639],[92.5751,11.5637],[92.5751,11.5635],[92.575,11.5632],[92.5749,11.5631],[92.5746,11.5627],[92.5745,11.5626],[92.5744,11.5624],[92.5742,11.5624],[92.5742,11.5624]]],[[[92.5673,11.5709],[92.5674,11.5708],[92.5676,11.5707],[92.5676,11.5706],[92.5676,11.5705],[92.5676,11.5703],[92.5676,11.5702],[92.5676,11.5701],[92.5676,11.57],[92.5675,11.5699],[92.5674,11.5698],[92.5673,11.5697],[92.5672,11.5696],[92.5671,11.5695],[92.567,11.5694],[92.5671,11.5693],[92.5671,11.5692],[92.567,11.5691],[92.567,11.569],[92.567,11.5689],[92.567,11.5689],[92.5669,11.5688],[92.5668,11.5687],[92.5666,11.5686],[92.5665,11.5685],[92.5664,11.5683],[92.5664,11.5683],[92.5664,11.5682],[92.5664,11.5681],[92.5664,11.568],[92.5663,11.5679],[92.5663,11.5678],[92.5663,11.5678],[92.5662,11.5677],[92.5661,11.5676],[92.566,11.5675],[92.5658,11.5676],[92.5656,11.5676],[92.5655,11.5677],[92.5654,11.5678],[92.5652,11.5679],[92.5651,11.5679],[92.565,11.568],[92.5649,11.5681],[92.5648,11.5683],[92.5648,11.5683],[92.5648,11.5684],[92.5647,11.5686],[92.5647,11.5687],[92.5647,11.5688],[92.5647,11.5688],[92.5648,11.569],[92.5649,11.5691],[92.5649,11.5692],[92.565,11.5692],[92.5651,11.5694],[92.5652,11.5695],[92.5652,11.5695],[92.5652,11.5696],[92.5652,11.5697],[92.5652,11.5698],[92.5653,11.5698],[92.5654,11.57],[92.5655,11.5702],[92.5656,11.5703],[92.5657,11.5704],[92.5658,11.5706],[92.5659,11.5707],[92.566,11.5708],[92.5662,11.5709],[92.5663,11.5709],[92.5664,11.5709],[92.5665,11.5708],[92.5666,11.5708],[92.5668,11.5709],[92.5668,11.5709],[92.5669,11.571],[92.567,11.571],[92.5672,11.571],[92.5673,11.5709]]],[[[92.5971,11.5422],[92.5957,11.5332],[92.5926,11.5367],[92.5882,11.5338],[92.5872,11.541],[92.5836,11.5352],[92.5926,11.5779],[92.5971,11.5422]]],[[[92.5789,11.5848],[92.5789,11.5848],[92.5789,11.5848],[92.5791,11.5846],[92.5792,11.5845],[92.5793,11.5842],[92.5794,11.584],[92.5795,11.5839],[92.5796,11.5837],[92.5796,11.5836],[92.5796,11.5834],[92.5796,11.5833],[92.5795,11.5832],[92.5792,11.5827],[92.5791,11.5827],[92.579,11.5826],[92.5789,11.5826],[92.5788,11.5826],[92.5787,11.5825],[92.5786,11.5824],[92.5785,11.5823],[92.5784,11.5823],[92.5783,11.5822],[92.5783,11.5822],[92.5782,11.5822],[92.578,11.5822],[92.5779,11.5823],[92.5778,11.5823],[92.5777,11.5823],[92.5776,11.5824],[92.5776,11.5824],[92.5775,11.5826],[92.5774,11.5827],[92.5774,11.5828],[92.5773,11.5829],[92.5773,11.583],[92.5773,11.5832],[92.5772,11.5833],[92.5772,11.5835],[92.5771,11.5836],[92.5772,11.5836],[92.5772,11.5836],[92.5771,11.5837],[92.5771,11.5838],[92.5771,11.584],[92.5771,11.5841],[92.5771,11.5841],[92.5771,11.5842],[92.5771,11.5843],[92.577,11.5844],[92.577,11.5846],[92.577,11.5847],[92.577,11.5847],[92.5771,11.5848],[92.5771,11.5849],[92.5772,11.5849],[92.5773,11.585],[92.5773,11.585],[92.5774,11.585],[92.5775,11.585],[92.5776,11.585],[92.5777,11.585],[92.5778,11.585],[92.5779,11.5849],[92.5779,11.5849],[92.578,11.5849],[92.5781,11.5848],[92.5782,11.5848],[92.5782,11.5849],[92.5783,11.5849],[92.5783,11.585],[92.5784,11.585],[92.5786,11.585],[92.5787,11.585],[92.5788,11.585],[92.5789,11.5848]]],[[[92.6117,11.5882],[92.6192,11.5771],[92.6149,11.5623],[92.6094,11.5694],[92.6014,11.5672],[92.6003,11.5706],[92.6012,11.5859],[92.6117,11.5882]]],[[[92.5938,11.5903],[92.5939,11.5903],[92.5939,11.5903],[92.594,11.5903],[92.5941,11.5902],[92.5943,11.5901],[92.5943,11.59],[92.5944,11.5899],[92.5945,11.5898],[92.5946,11.5897],[92.5946,11.5897],[92.5947,11.5896],[92.5947,11.5895],[92.5947,11.5894],[92.5947,11.5893],[92.5945,11.5893],[92.5944,11.5893],[92.5943,11.5893],[92.5942,11.5892],[92.5941,11.5892],[92.5941,11.5892],[92.5939,11.5892],[92.5938,11.5892],[92.5937,11.5892],[92.5936,11.5892],[92.5935,11.5892],[92.5934,11.5893],[92.5933,11.5893],[92.5933,11.5893],[92.5932,11.5894],[92.5931,11.5895],[92.5931,11.5896],[92.5931,11.5896],[92.5931,11.5896],[92.5931,11.5898],[92.5931,11.5899],[92.5931,11.59],[92.5931,11.5901],[92.5932,11.5903],[92.5933,11.5904],[92.5933,11.5904],[92.5934,11.5904],[92.5934,11.5904],[92.5935,11.5904],[92.5936,11.5904],[92.5937,11.5903],[92.5938,11.5903]]],[[[92.2296,11.5876],[92.2428,11.5923],[92.2704,11.5847],[92.2684,11.56],[92.2746,11.5358],[92.2701,11.5234],[92.2613,11.518],[92.2506,11.5264],[92.2235,11.5305],[92.2191,11.5264],[92.2145,11.53],[92.2077,11.5496],[92.2152,11.5734],[92.2078,11.5855],[92.2153,11.5888],[92.216,11.5947],[92.2296,11.5876]]],[[[92.541,11.6034],[92.5482,11.6003],[92.5467,11.5915],[92.5667,11.5929],[92.5695,11.5884],[92.5625,11.5855],[92.5657,11.5737],[92.5541,11.5624],[92.5385,11.5628],[92.5303,11.5547],[92.5358,11.565],[92.5325,11.5956],[92.5362,11.6057],[92.541,11.6034]]],[[[92.6987,11.6641],[92.7012,11.6603],[92.6929,11.6611],[92.6987,11.6641]]],[[[92.7657,11.6777],[92.7614,11.6702],[92.7602,11.6778],[92.766,11.6815],[92.7657,11.6777]]],[[[93.0853,11.7897],[93.0832,11.7806],[93.0784,11.7798],[93.0853,11.7897]]],[[[93.0315,11.8368],[93.0603,11.845],[93.0695,11.842],[93.0716,11.835],[93.0631,11.8192],[93.0502,11.8132],[93.0216,11.8304],[93.0153,11.8286],[93.0131,11.85],[93.0315,11.8368]]],[[[92.6021,11.9177],[92.5956,11.9056],[92.5953,11.9156],[92.6021,11.9177]]],[[[92.5652,11.9502],[92.5654,11.9499],[92.5656,11.9499],[92.5663,11.9498],[92.5668,11.9499],[92.5672,11.9501],[92.5678,11.9503],[92.568,11.95],[92.5681,11.9496],[92.5682,11.9493],[92.5683,11.9488],[92.5685,11.9486],[92.5688,11.9482],[92.5694,11.9477],[92.5696,11.9472],[92.5697,11.9467],[92.5698,11.9461],[92.5697,11.9455],[92.569,11.9449],[92.5689,11.9449],[92.5682,11.9447],[92.5673,11.9447],[92.567,11.9457],[92.5665,11.9461],[92.5653,11.9466],[92.5653,11.947],[92.5652,11.947],[92.5651,11.9473],[92.5644,11.9478],[92.564,11.9477],[92.5636,11.9478],[92.5635,11.9482],[92.5637,11.9486],[92.5638,11.9487],[92.5637,11.9488],[92.5636,11.9491],[92.5635,11.9495],[92.5635,11.9497],[92.5638,11.9501],[92.564,11.9504],[92.5645,11.9506],[92.565,11.9505],[92.5652,11.9502]]],[[[92.7325,11.9548],[92.729,11.9497],[92.732,11.9446],[92.726,11.9417],[92.7263,11.9523],[92.7229,11.9527],[92.7336,11.9597],[92.7325,11.9548]]],[[[92.7435,11.9651],[92.742,11.9651],[92.7418,11.9654],[92.7418,11.9663],[92.7423,11.9669],[92.743,11.9674],[92.744,11.9676],[92.7446,11.967],[92.7442,11.9655],[92.7435,11.9651]]],[[[92.7557,11.9673],[92.7656,11.9658],[92.765,11.9523],[92.7457,11.9454],[92.7364,11.9523],[92.7397,11.9621],[92.7557,11.9673]]],[[[92.5948,11.977],[92.6029,11.9666],[92.6093,11.9422],[92.5987,11.9279],[92.5964,11.9602],[92.5888,11.9727],[92.5889,11.9765],[92.5948,11.977]]],[[[92.5844,11.9821],[92.5845,11.9817],[92.5845,11.9812],[92.5846,11.9806],[92.5846,11.98],[92.5846,11.9795],[92.5848,11.9791],[92.5849,11.9786],[92.5849,11.9783],[92.5849,11.9778],[92.5849,11.9772],[92.5845,11.9773],[92.5839,11.977],[92.5838,11.9769],[92.5836,11.9767],[92.583,11.9766],[92.5826,11.9767],[92.5824,11.977],[92.5823,11.977],[92.5823,11.977],[92.5819,11.977],[92.5816,11.9773],[92.5816,11.9776],[92.5816,11.9781],[92.5815,11.9783],[92.5818,11.9795],[92.5819,11.9795],[92.5819,11.9796],[92.582,11.9802],[92.5823,11.9808],[92.5828,11.9815],[92.5829,11.9816],[92.583,11.9819],[92.5831,11.9819],[92.5831,11.9819],[92.5833,11.9822],[92.5838,11.9824],[92.5842,11.9824],[92.5844,11.9821]]],[[[92.7761,12.018],[92.7724,12.0138],[92.7714,12.0174],[92.7761,12.018]]],[[[92.9746,12.0429],[92.9985,12.0337],[93.0098,12.0168],[93.0068,12.001],[93.0254,11.9661],[93.0276,11.9518],[93.0369,11.9474],[93.0533,11.9041],[93.0533,11.8961],[93.045,11.8845],[93.0351,11.8826],[93.0257,11.8894],[93.0158,11.9133],[92.9949,11.9412],[93.0022,11.9486],[92.9908,11.9515],[92.9847,11.946],[92.9738,11.9494],[92.96,11.9818],[92.9346,11.9854],[92.9254,11.9979],[92.9322,12.006],[92.9513,12.0135],[92.9649,12.0387],[92.9631,12.0428],[92.9698,12.0328],[92.9746,12.0429]]],[[[92.97,12.0638],[92.9698,12.0638],[92.9696,12.0639],[92.9694,12.064],[92.9695,12.0644],[92.9694,12.0646],[92.9696,12.0648],[92.9698,12.065],[92.97,12.0651],[92.9702,12.0652],[92.9708,12.0652],[92.9711,12.0652],[92.9714,12.0651],[92.9715,12.0648],[92.9716,12.0645],[92.9714,12.0641],[92.9711,12.064],[92.9707,12.064],[92.9704,12.064],[92.97,12.0638]]],[[[92.9915,12.109],[93.0058,12.1004],[92.9978,12.066],[93.0009,12.0515],[92.9945,12.0443],[92.9805,12.0509],[92.9764,12.0611],[92.9733,12.0595],[92.976,12.0667],[92.9648,12.0684],[92.9605,12.0788],[92.9715,12.0882],[92.9704,12.0918],[92.9655,12.0899],[92.966,12.0948],[92.9609,12.0939],[92.9599,12.1077],[92.9663,12.1094],[92.9736,12.1023],[92.9915,12.109]]],[[[92.7393,12.1073],[92.7389,12.107],[92.7384,12.107],[92.7383,12.1071],[92.7383,12.1076],[92.7384,12.1078],[92.7383,12.108],[92.7384,12.1083],[92.7386,12.1088],[92.7389,12.1093],[92.739,12.1098],[92.7395,12.1108],[92.7398,12.1114],[92.74,12.1119],[92.7404,12.1124],[92.7406,12.1128],[92.7408,12.1131],[92.741,12.1136],[92.7413,12.114],[92.7415,12.1142],[92.7419,12.1145],[92.7419,12.1145],[92.742,12.1146],[92.7423,12.1148],[92.7426,12.115],[92.7429,12.1151],[92.7432,12.1152],[92.7434,12.115],[92.7434,12.1147],[92.7434,12.1141],[92.7431,12.1136],[92.7429,12.1132],[92.7428,12.1129],[92.7427,12.1126],[92.7426,12.1124],[92.7426,12.1122],[92.7424,12.1118],[92.7416,12.111],[92.7413,12.1104],[92.741,12.11],[92.7408,12.1097],[92.7407,12.1094],[92.7405,12.1091],[92.7405,12.1091],[92.7403,12.1087],[92.74,12.1083],[92.7397,12.108],[92.7397,12.1079],[92.7395,12.1076],[92.7393,12.1073]]],[[[92.9565,12.0957],[92.9509,12.0908],[92.9514,12.0846],[92.9481,12.1163],[92.9576,12.1022],[92.9565,12.0957]]],[[[93.003,12.1141],[92.9981,12.1136],[93.0021,12.1179],[93.003,12.1141]]],[[[93.0984,12.1367],[93.0986,12.1367],[93.0988,12.1368],[93.0991,12.1369],[93.0993,12.1368],[93.0994,12.1366],[93.0994,12.1364],[93.0992,12.1361],[93.0989,12.1359],[93.0988,12.1358],[93.0987,12.1356],[93.0988,12.1354],[93.0988,12.1352],[93.0987,12.1351],[93.0985,12.1349],[93.0984,12.1349],[93.0985,12.1348],[93.0985,12.1345],[93.0984,12.1343],[93.0983,12.1341],[93.0981,12.1339],[93.0979,12.1337],[93.0978,12.1335],[93.0975,12.1335],[93.0974,12.1335],[93.0973,12.1334],[93.0971,12.1334],[93.0971,12.1334],[93.097,12.1334],[93.0969,12.1335],[93.0968,12.1336],[93.0967,12.1337],[93.0965,12.1338],[93.0965,12.1339],[93.0964,12.134],[93.0963,12.1342],[93.0963,12.1342],[93.0962,12.1343],[93.0962,12.1345],[93.0962,12.1345],[93.0962,12.1345],[93.0961,12.1346],[93.096,12.1348],[93.096,12.1349],[93.096,12.1351],[93.096,12.1353],[93.096,12.1354],[93.096,12.1356],[93.096,12.1357],[93.0961,12.136],[93.0961,12.1361],[93.0961,12.1363],[93.0962,12.1364],[93.0962,12.1366],[93.0963,12.1368],[93.0965,12.1369],[93.0967,12.137],[93.0968,12.1371],[93.097,12.1372],[93.0971,12.1372],[93.0971,12.1372],[93.0971,12.1372],[93.0971,12.1372],[93.0974,12.1373],[93.0976,12.1373],[93.0978,12.1372],[93.098,12.1371],[93.0981,12.137],[93.0982,12.1368],[93.0984,12.1367]]],[[[93.1204,12.1483],[93.1237,12.1403],[93.1153,12.1302],[93.1101,12.1429],[93.1204,12.1483]]],[[[92.9637,12.1508],[92.9922,12.1441],[93.0009,12.1216],[92.9978,12.1144],[92.9808,12.1116],[92.9631,12.1229],[92.9556,12.1427],[92.9566,12.148],[92.9637,12.1508]]],[[[92.8458,12.148],[92.8451,12.148],[92.8445,12.1483],[92.8439,12.1488],[92.8439,12.1497],[92.8441,12.1498],[92.8448,12.15],[92.8451,12.1507],[92.8455,12.1513],[92.8462,12.1514],[92.8467,12.1509],[92.8465,12.1504],[92.8461,12.15],[92.8461,12.1496],[92.8461,12.1489],[92.8458,12.148]]],[[[93.0289,12.1659],[93.0288,12.1441],[93.0251,12.1419],[93.0355,12.1249],[93.0308,12.1158],[93.0341,12.1003],[93.0541,12.076],[93.0505,12.0738],[93.0532,12.0603],[93.0453,12.0457],[93.0252,12.0705],[93.0078,12.0756],[93.0086,12.1041],[93.0002,12.108],[93.0052,12.1151],[93.0017,12.1338],[93.0072,12.1471],[93.0289,12.1659]]],[[[92.7588,12.1815],[92.7638,12.1789],[92.7592,12.1665],[92.7588,12.1815]]],[[[92.7306,12.1852],[92.7251,12.1861],[92.7304,12.1899],[92.7306,12.1852]]],[[[93.0745,12.2104],[93.0877,12.1928],[93.0905,12.1764],[93.0847,12.1561],[93.095,12.1424],[93.0877,12.1296],[93.0882,12.1238],[93.0931,12.1223],[93.0904,12.0984],[93.0854,12.0894],[93.0741,12.0838],[93.0501,12.1145],[93.0555,12.1232],[93.0493,12.1202],[93.0368,12.1333],[93.0568,12.1928],[93.0664,12.2107],[93.0745,12.2104]]],[[[92.6833,12.2164],[92.6798,12.219],[92.6823,12.2244],[92.6833,12.2164]]],[[[92.9352,12.2246],[92.9411,12.2173],[92.9342,12.2112],[92.9328,12.1961],[92.9253,12.2163],[92.9271,12.2223],[92.9352,12.2246]]],[[[92.6974,12.2399],[92.7065,12.2286],[92.7105,12.2109],[92.7063,12.1984],[92.7129,12.1907],[92.7055,12.1799],[92.7039,12.1643],[92.7132,12.1761],[92.7113,12.1614],[92.7206,12.1825],[92.7231,12.1786],[92.7366,12.1826],[92.7579,12.1773],[92.7556,12.153],[92.7357,12.1044],[92.7351,12.0742],[92.7381,12.079],[92.7393,12.0706],[92.7418,12.0745],[92.7568,12.0673],[92.7577,12.0623],[92.7505,12.0557],[92.7606,12.0556],[92.7658,12.0471],[92.7795,12.0508],[92.7835,12.0465],[92.7759,12.041],[92.7789,12.0249],[92.7649,12.0266],[92.7623,12.0213],[92.7538,12.0277],[92.753,12.0345],[92.7499,12.0319],[92.7483,12.0374],[92.7447,12.0345],[92.7417,12.0424],[92.7384,12.0416],[92.7411,12.034],[92.7375,12.0362],[92.7351,12.0311],[92.7417,12.0294],[92.7339,12.0239],[92.7334,12.0205],[92.7406,12.0195],[92.7363,12.016],[92.74,12.0128],[92.7469,12.017],[92.753,12.0026],[92.7668,12.0117],[92.7689,11.9992],[92.7432,11.9948],[92.7433,11.9886],[92.753,11.993],[92.7576,11.989],[92.7488,11.9781],[92.7456,11.9835],[92.7342,11.9776],[92.7389,11.9975],[92.7284,11.9952],[92.7314,11.9936],[92.7239,11.976],[92.7303,11.976],[92.7331,11.969],[92.7182,11.9637],[92.7187,11.9391],[92.7145,11.9332],[92.7216,11.9345],[92.7257,11.927],[92.7223,11.9032],[92.7271,11.9002],[92.7232,11.8918],[92.7272,11.8643],[92.7247,11.8509],[92.7072,11.8165],[92.6935,11.8173],[92.6963,11.8133],[92.6782,11.8202],[92.6935,11.8124],[92.6806,11.7994],[92.6988,11.8131],[92.7099,11.8148],[92.7193,11.8267],[92.7321,11.8574],[92.7331,11.9051],[92.7463,11.9322],[92.7531,11.9317],[92.7642,11.9404],[92.7838,11.9369],[92.7882,11.919],[92.7835,11.9052],[92.7882,11.9003],[92.7791,11.8925],[92.7885,11.8845],[92.7861,11.8547],[92.7806,11.851],[92.7761,11.8338],[92.7689,11.7737],[92.7646,11.767],[92.7658,11.7521],[92.7548,11.7182],[92.7554,11.7022],[92.7429,11.7133],[92.7453,11.6922],[92.7393,11.6907],[92.7319,11.6987],[92.7283,11.6951],[92.7221,11.698],[92.7181,11.7062],[92.7117,11.6952],[92.7018,11.7079],[92.7056,11.7027],[92.6958,11.7008],[92.7073,11.6997],[92.7015,11.6928],[92.7012,11.6746],[92.7093,11.6706],[92.6981,11.666],[92.6934,11.6691],[92.6865,11.6639],[92.6835,11.651],[92.6653,11.6536],[92.6745,11.6247],[92.6821,11.6381],[92.686,11.6296],[92.6877,11.641],[92.6956,11.6216],[92.693,11.6378],[92.7009,11.6415],[92.6947,11.6535],[92.702,11.6548],[92.7075,11.6439],[92.7116,11.6439],[92.7107,11.6526],[92.7301,11.6593],[92.7164,11.6652],[92.7157,11.6786],[92.7236,11.6846],[92.7224,11.6895],[92.7265,11.6889],[92.7241,11.6827],[92.7309,11.6801],[92.7314,11.6738],[92.7371,11.6781],[92.7481,11.6769],[92.7484,11.669],[92.7569,11.6649],[92.757,11.6491],[92.7461,11.6409],[92.7521,11.6347],[92.7539,11.6136],[92.741,11.5929],[92.7448,11.5891],[92.7415,11.5784],[92.7379,11.5801],[92.7396,11.5705],[92.7302,11.5596],[92.735,11.5529],[92.7235,11.5299],[92.7274,11.5166],[92.7177,11.5028],[92.7117,11.4776],[92.7069,11.4855],[92.7097,11.4908],[92.7048,11.4928],[92.6996,11.5072],[92.6786,11.5119],[92.6746,11.505],[92.6667,11.5042],[92.646,11.5236],[92.6441,11.5415],[92.6509,11.5515],[92.6423,11.5607],[92.6471,11.5725],[92.6331,11.5803],[92.6319,11.5719],[92.6176,11.5626],[92.6192,11.5834],[92.6072,11.5942],[92.6086,11.621],[92.6248,11.618],[92.6277,11.6265],[92.63,11.6178],[92.6358,11.6158],[92.6443,11.6249],[92.6445,11.6367],[92.6424,11.6395],[92.6347,11.6351],[92.638,11.646],[92.6316,11.652],[92.6319,11.6288],[92.6079,11.6341],[92.5994,11.6508],[92.6012,11.6564],[92.5912,11.6687],[92.5978,11.6774],[92.5997,11.6908],[92.5929,11.7033],[92.5975,11.7102],[92.5881,11.7169],[92.589,11.7247],[92.5867,11.7139],[92.5752,11.7166],[92.5728,11.6991],[92.5622,11.694],[92.552,11.7198],[92.5517,11.757],[92.5593,11.7733],[92.5523,11.7845],[92.549,11.8171],[92.5405,11.8203],[92.5467,11.8355],[92.5423,11.8285],[92.5417,11.836],[92.5364,11.8391],[92.5215,11.8268],[92.5136,11.8487],[92.5251,11.8713],[92.5263,11.8962],[92.5378,11.9045],[92.5344,11.9126],[92.5431,11.924],[92.5555,11.9258],[92.5625,11.9469],[92.5718,11.9291],[92.5804,11.9249],[92.5873,11.8872],[92.5923,11.8873],[92.5941,11.8997],[92.6021,11.8968],[92.6004,11.8663],[92.6063,11.8579],[92.6033,11.8661],[92.6108,11.8712],[92.6121,11.9148],[92.6058,11.9184],[92.6058,11.9238],[92.6112,11.9402],[92.6082,11.9486],[92.613,11.9588],[92.612,11.9833],[92.6173,11.9919],[92.6121,12.0091],[92.6163,12.0248],[92.622,12.0283],[92.6201,12.0415],[92.6271,12.0447],[92.6217,12.0506],[92.6248,12.0621],[92.6191,12.0664],[92.6226,12.0961],[92.6295,12.1165],[92.6321,12.1135],[92.6302,12.1189],[92.6357,12.1196],[92.6314,12.1236],[92.6443,12.1766],[92.6616,12.2158],[92.6659,12.2174],[92.6548,12.1816],[92.6741,12.2182],[92.6779,12.2167],[92.6771,12.2037],[92.6803,12.2144],[92.6848,12.2084],[92.6882,12.2334],[92.6974,12.2399]]],[[[92.7315,12.2423],[92.735,12.2392],[92.7303,12.2261],[92.7329,12.2106],[92.7389,12.2236],[92.7441,12.2204],[92.7433,12.2151],[92.7448,12.2189],[92.7378,12.2279],[92.7399,12.2364],[92.7456,12.2271],[92.7473,12.2309],[92.7626,12.2297],[92.7631,12.2085],[92.7684,12.2011],[92.7635,12.1817],[92.7468,12.1805],[92.7331,12.1847],[92.731,12.1925],[92.7247,12.1882],[92.7208,12.1906],[92.7248,12.2213],[92.7221,12.2334],[92.7315,12.2423]]],[[[92.8812,12.2463],[92.8807,12.2453],[92.8802,12.2468],[92.8801,12.2474],[92.8796,12.2481],[92.8795,12.2487],[92.8795,12.2492],[92.8798,12.2499],[92.8802,12.2505],[92.8807,12.2499],[92.8812,12.2494],[92.8818,12.2489],[92.8818,12.2483],[92.8814,12.2475],[92.8814,12.2468],[92.8812,12.2463]]],[[[92.6989,12.2493],[92.6993,12.2439],[92.6955,12.2471],[92.6989,12.2493]]],[[[92.8668,12.2359],[92.8615,12.2432],[92.8651,12.251],[92.8699,12.249],[92.8668,12.2359]]],[[[92.9008,12.2552],[92.9142,12.2322],[92.9123,12.2222],[92.9086,12.233],[92.9001,12.2291],[92.8913,12.234],[92.8809,12.2238],[92.8781,12.21],[92.8695,12.2382],[92.8713,12.2457],[92.8781,12.2483],[92.8837,12.2381],[92.8872,12.2515],[92.9008,12.2552]]],[[[93.0793,12.2596],[93.0836,12.2585],[93.0846,12.2389],[93.0885,12.2373],[93.0996,12.2494],[93.1003,12.2594],[93.1057,12.2603],[93.1006,12.2044],[93.0923,12.2124],[93.0927,12.2252],[93.0831,12.2227],[93.0632,12.2299],[93.0712,12.2582],[93.0793,12.2596]]],[[[92.9019,12.2598],[92.9017,12.2595],[92.9015,12.2596],[92.9014,12.2595],[92.9013,12.2593],[92.9011,12.2591],[92.9009,12.2588],[92.9008,12.2587],[92.9007,12.2584],[92.9003,12.2584],[92.8999,12.2587],[92.8997,12.2591],[92.8997,12.2591],[92.8995,12.2593],[92.8995,12.2594],[92.8994,12.2597],[92.8994,12.26],[92.8995,12.2602],[92.8995,12.2602],[92.8995,12.2604],[92.8994,12.2606],[92.8995,12.2609],[92.8996,12.2612],[92.8998,12.2614],[92.8997,12.2615],[92.8997,12.2618],[92.8999,12.2624],[92.9002,12.2627],[92.9006,12.2629],[92.9009,12.2629],[92.9011,12.2629],[92.9013,12.2627],[92.9013,12.2627],[92.9014,12.2626],[92.9015,12.2626],[92.9016,12.2625],[92.9016,12.2625],[92.9016,12.2622],[92.9017,12.262],[92.9017,12.2617],[92.9017,12.2615],[92.9017,12.2613],[92.9017,12.2611],[92.9017,12.2609],[92.9018,12.2606],[92.902,12.2605],[92.902,12.2605],[92.9021,12.2601],[92.9019,12.2598]]],[[[92.7384,12.2761],[92.7387,12.2759],[92.7389,12.2759],[92.7391,12.2757],[92.7393,12.2754],[92.7393,12.2751],[92.7392,12.2748],[92.7391,12.2744],[92.739,12.274],[92.739,12.2736],[92.7388,12.2733],[92.7386,12.273],[92.7386,12.2727],[92.7385,12.2724],[92.7384,12.272],[92.7383,12.2717],[92.7381,12.2716],[92.738,12.2715],[92.7376,12.2707],[92.7376,12.2707],[92.7373,12.2703],[92.7371,12.2699],[92.7369,12.2696],[92.7367,12.2692],[92.7364,12.2691],[92.7363,12.269],[92.7359,12.2689],[92.7354,12.269],[92.735,12.2693],[92.7348,12.2697],[92.7347,12.2701],[92.7349,12.2704],[92.735,12.2705],[92.7352,12.2708],[92.7355,12.2712],[92.7357,12.2715],[92.736,12.2719],[92.7362,12.2722],[92.7363,12.2725],[92.7365,12.2726],[92.7365,12.2727],[92.7366,12.2726],[92.7368,12.2728],[92.737,12.2731],[92.7369,12.2736],[92.7369,12.2737],[92.7369,12.274],[92.737,12.2745],[92.7372,12.2751],[92.7375,12.2756],[92.7377,12.276],[92.7381,12.2762],[92.7384,12.2761]]],[[[93.0298,12.2781],[93.0296,12.278],[93.0296,12.278],[93.0296,12.2779],[93.029,12.2779],[93.0289,12.2778],[93.0289,12.2778],[93.029,12.2774],[93.029,12.2769],[93.0288,12.2764],[93.0285,12.2759],[93.0283,12.2756],[93.0282,12.2755],[93.0281,12.2752],[93.0279,12.2748],[93.0275,12.2745],[93.0271,12.2741],[93.0266,12.2738],[93.0259,12.2738],[93.0254,12.2738],[93.025,12.2741],[93.0249,12.2741],[93.0247,12.2741],[93.0242,12.2742],[93.0236,12.2742],[93.0231,12.2744],[93.0227,12.2745],[93.0223,12.2745],[93.0221,12.2747],[93.0221,12.275],[93.0222,12.2754],[93.0222,12.2754],[93.0222,12.2757],[93.0226,12.2763],[93.0233,12.2767],[93.0236,12.2771],[93.0239,12.2774],[93.0243,12.2778],[93.0245,12.2781],[93.0255,12.2784],[93.0265,12.2789],[93.0265,12.2789],[93.0266,12.2789],[93.027,12.2792],[93.0274,12.2795],[93.0276,12.2797],[93.028,12.2799],[93.0283,12.28],[93.0284,12.2801],[93.0287,12.28],[93.0292,12.28],[93.0296,12.2799],[93.0299,12.2796],[93.03,12.2791],[93.03,12.2787],[93.03,12.2783],[93.0298,12.2781]]],[[[92.7493,12.2886],[92.7429,12.2555],[92.7345,12.2479],[92.7396,12.2825],[92.7416,12.2794],[92.7493,12.2886]]],[[[92.738,12.2924],[92.738,12.2924],[92.738,12.2924],[92.738,12.2913],[92.738,12.2903],[92.7379,12.2892],[92.7377,12.2881],[92.7374,12.2862],[92.7373,12.2847],[92.7371,12.2828],[92.7364,12.2817],[92.7364,12.2817],[92.7364,12.2816],[92.736,12.2813],[92.7356,12.2813],[92.7353,12.2816],[92.7353,12.2822],[92.7354,12.2827],[92.7356,12.283],[92.7356,12.2835],[92.7359,12.2838],[92.736,12.2842],[92.7359,12.2845],[92.7357,12.285],[92.7356,12.2855],[92.7356,12.2861],[92.7357,12.2861],[92.7357,12.2862],[92.7354,12.2864],[92.7353,12.2869],[92.7353,12.2875],[92.7352,12.2881],[92.7355,12.2887],[92.7359,12.2892],[92.7361,12.2897],[92.7361,12.29],[92.7362,12.2906],[92.7365,12.291],[92.7367,12.2913],[92.7367,12.2913],[92.7368,12.2918],[92.7369,12.2922],[92.7372,12.2925],[92.7376,12.2928],[92.7379,12.2928],[92.738,12.2927],[92.738,12.2924]]],[[[92.7674,12.2739],[92.7635,12.2656],[92.7532,12.2769],[92.7624,12.2942],[92.768,12.2856],[92.7674,12.2739]]],[[[92.7527,12.2924],[92.7524,12.2924],[92.7521,12.2925],[92.752,12.2927],[92.752,12.293],[92.752,12.2932],[92.7521,12.2933],[92.7521,12.2933],[92.7523,12.2937],[92.7525,12.294],[92.7526,12.2942],[92.7527,12.2945],[92.7529,12.2947],[92.753,12.2947],[92.7532,12.2948],[92.7537,12.2948],[92.7542,12.2948],[92.7547,12.2947],[92.755,12.2945],[92.7551,12.2944],[92.7551,12.2943],[92.755,12.2941],[92.755,12.2939],[92.755,12.2936],[92.7549,12.2935],[92.7548,12.2933],[92.7544,12.2931],[92.7542,12.2931],[92.754,12.2929],[92.7537,12.2927],[92.7534,12.2925],[92.7531,12.2925],[92.7529,12.2925],[92.7527,12.2924]]],[[[93.867,12.2953],[93.8743,12.2883],[93.8763,12.2732],[93.8723,12.2682],[93.8548,12.2657],[93.8464,12.2723],[93.8491,12.2887],[93.867,12.2953]]],[[[92.769,12.2884],[92.7687,12.2883],[92.7683,12.2883],[92.768,12.2884],[92.7676,12.2887],[92.7672,12.2889],[92.7667,12.2889],[92.7664,12.2893],[92.7664,12.2898],[92.7666,12.2902],[92.767,12.2906],[92.767,12.2906],[92.7674,12.291],[92.7678,12.2914],[92.7678,12.2915],[92.7679,12.2918],[92.7682,12.2923],[92.7685,12.2929],[92.7688,12.2934],[92.769,12.2938],[92.7693,12.2942],[92.7696,12.2945],[92.7699,12.295],[92.7701,12.2951],[92.7702,12.2953],[92.7706,12.2953],[92.7709,12.2953],[92.7714,12.2951],[92.7716,12.2948],[92.7717,12.2945],[92.7718,12.2941],[92.7719,12.2938],[92.7719,12.2934],[92.7717,12.293],[92.7713,12.2924],[92.771,12.292],[92.7709,12.2917],[92.7706,12.291],[92.7705,12.2908],[92.7703,12.2904],[92.7701,12.2903],[92.77,12.2901],[92.7698,12.2897],[92.7696,12.2893],[92.7693,12.2889],[92.7693,12.2888],[92.7692,12.2886],[92.769,12.2884]]],[[[92.8807,12.2979],[92.8807,12.2975],[92.8807,12.2971],[92.8807,12.2964],[92.8807,12.2961],[92.8807,12.2959],[92.8806,12.2958],[92.8805,12.2958],[92.8803,12.2957],[92.8802,12.2956],[92.8802,12.2956],[92.8803,12.2955],[92.8802,12.2952],[92.8797,12.295],[92.8794,12.295],[92.879,12.2948],[92.8788,12.2946],[92.8784,12.2943],[92.8782,12.2941],[92.8781,12.2939],[92.8779,12.2938],[92.8777,12.2937],[92.8776,12.2937],[92.8775,12.2937],[92.8773,12.2937],[92.8771,12.2938],[92.8769,12.2939],[92.8768,12.294],[92.8767,12.2944],[92.8766,12.2944],[92.8765,12.2946],[92.8765,12.2949],[92.8765,12.2952],[92.8766,12.2955],[92.8768,12.2958],[92.877,12.2962],[92.8773,12.2965],[92.8775,12.2967],[92.8776,12.2968],[92.8777,12.2971],[92.8778,12.297],[92.878,12.2971],[92.8782,12.2972],[92.8783,12.2973],[92.8784,12.2975],[92.8785,12.2977],[92.8787,12.2979],[92.8789,12.298],[92.8791,12.298],[92.8792,12.298],[92.8794,12.2979],[92.8796,12.2979],[92.88,12.2981],[92.8802,12.2981],[92.8807,12.2979]]],[[[92.7661,12.2979],[92.7656,12.297],[92.7654,12.297],[92.7653,12.2969],[92.765,12.2966],[92.7645,12.2965],[92.764,12.2966],[92.764,12.2966],[92.7638,12.2966],[92.7635,12.2966],[92.7634,12.2968],[92.7632,12.2972],[92.7632,12.2976],[92.7634,12.2979],[92.7635,12.2982],[92.7637,12.2985],[92.7639,12.2987],[92.7641,12.299],[92.7645,12.2992],[92.7649,12.2993],[92.7651,12.2994],[92.7652,12.2996],[92.7656,12.2996],[92.7657,12.2995],[92.7658,12.2995],[92.7659,12.2994],[92.7661,12.2992],[92.7661,12.299],[92.7661,12.2988],[92.7661,12.2988],[92.7661,12.2979]]],[[[92.7129,12.2965],[92.7235,12.296],[92.7239,12.2911],[92.7108,12.2301],[92.6999,12.2757],[92.7043,12.2995],[92.7129,12.2965]]],[[[92.9344,12.3082],[92.9334,12.2891],[92.9423,12.2757],[92.9285,12.2559],[92.929,12.2392],[92.9232,12.2307],[92.919,12.2389],[92.9209,12.2663],[92.9123,12.263],[92.9143,12.2734],[92.9006,12.2719],[92.9042,12.2779],[92.9017,12.2879],[92.9137,12.2933],[92.9195,12.2823],[92.9233,12.2847],[92.9279,12.2809],[92.9296,12.3048],[92.9344,12.3082]]],[[[92.8257,12.3042],[92.8348,12.3001],[92.8392,12.3041],[92.8489,12.3011],[92.8666,12.3061],[92.8659,12.3014],[92.8741,12.302],[92.869,12.2903],[92.8871,12.2868],[92.8796,12.2778],[92.8828,12.2635],[92.8893,12.2666],[92.8882,12.2591],[92.8766,12.2508],[92.8655,12.2522],[92.8592,12.2451],[92.8727,12.2258],[92.8743,12.2049],[92.8821,12.1981],[92.8752,12.1931],[92.8542,12.2043],[92.8458,12.1999],[92.8465,12.1899],[92.8553,12.1892],[92.8507,12.1774],[92.8551,12.1707],[92.8483,12.162],[92.8508,12.1575],[92.8362,12.1679],[92.8288,12.1635],[92.8226,12.1657],[92.8189,12.1578],[92.8258,12.1537],[92.815,12.133],[92.8026,12.1302],[92.81,12.1218],[92.8127,12.108],[92.799,12.109],[92.7878,12.1027],[92.7953,12.0959],[92.7926,12.0806],[92.7818,12.0809],[92.7649,12.0637],[92.7568,12.0755],[92.7419,12.0779],[92.7395,12.0992],[92.7652,12.1757],[92.7695,12.1997],[92.764,12.2107],[92.7708,12.2312],[92.7694,12.2387],[92.7622,12.2319],[92.7605,12.2364],[92.7525,12.2324],[92.7479,12.235],[92.7489,12.2426],[92.7422,12.245],[92.7434,12.251],[92.7508,12.2748],[92.7648,12.2642],[92.7818,12.2851],[92.7746,12.2931],[92.7755,12.3016],[92.7673,12.2972],[92.7714,12.3131],[92.7962,12.3041],[92.8099,12.3136],[92.8257,12.3042]]],[[[93.072,12.3185],[93.0723,12.3182],[93.0723,12.3182],[93.0726,12.318],[93.0729,12.3178],[93.073,12.3177],[93.0731,12.3175],[93.0732,12.3174],[93.0734,12.317],[93.0734,12.3168],[93.0733,12.3167],[93.0731,12.3166],[93.0731,12.3164],[93.073,12.3161],[93.0728,12.3159],[93.0726,12.3159],[93.0723,12.3159],[93.072,12.316],[93.0717,12.3161],[93.0715,12.3163],[93.0713,12.3164],[93.071,12.3164],[93.0708,12.3163],[93.0703,12.3162],[93.0701,12.3162],[93.0697,12.3162],[93.0695,12.3163],[93.0693,12.3164],[93.069,12.3165],[93.069,12.3165],[93.0686,12.3165],[93.0685,12.3165],[93.0683,12.3164],[93.0679,12.3163],[93.0675,12.3163],[93.0672,12.3163],[93.0669,12.3164],[93.0665,12.3164],[93.0661,12.3164],[93.0656,12.3164],[93.0653,12.3164],[93.0649,12.3164],[93.0645,12.3164],[93.0641,12.3163],[93.0638,12.3162],[93.0635,12.3159],[93.0632,12.3157],[93.0629,12.3156],[93.0627,12.3157],[93.0626,12.3158],[93.0626,12.316],[93.0628,12.3162],[93.0629,12.3162],[93.0629,12.3163],[93.063,12.3165],[93.064,12.317],[93.0649,12.3172],[93.0652,12.3173],[93.0655,12.3174],[93.0659,12.3175],[93.0663,12.3178],[93.0669,12.3181],[93.067,12.3182],[93.067,12.3182],[93.0671,12.3184],[93.0673,12.3186],[93.0673,12.3186],[93.0673,12.3187],[93.0674,12.3187],[93.0676,12.3187],[93.0679,12.3188],[93.0681,12.3187],[93.0684,12.3187],[93.0687,12.3187],[93.0687,12.3187],[93.0688,12.3187],[93.0689,12.3186],[93.069,12.3186],[93.0693,12.3185],[93.0695,12.3184],[93.0695,12.3184],[93.0699,12.3183],[93.0703,12.3183],[93.0706,12.3185],[93.0707,12.3186],[93.0708,12.3187],[93.0708,12.3187],[93.0717,12.3188],[93.072,12.3185]]],[[[92.9127,12.3317],[92.9125,12.3317],[92.9123,12.3317],[92.9121,12.3319],[92.9119,12.3319],[92.9118,12.3321],[92.9116,12.3323],[92.9115,12.3325],[92.9113,12.3328],[92.9112,12.333],[92.9111,12.3333],[92.911,12.3335],[92.911,12.3339],[92.9109,12.3342],[92.911,12.3344],[92.9111,12.3346],[92.9112,12.3347],[92.9112,12.3348],[92.9112,12.335],[92.9113,12.3352],[92.9114,12.3354],[92.9115,12.3355],[92.9116,12.3355],[92.9118,12.3355],[92.912,12.3355],[92.9121,12.3354],[92.9121,12.3353],[92.9121,12.3352],[92.9121,12.335],[92.9121,12.3348],[92.9124,12.3345],[92.9126,12.3342],[92.9128,12.334],[92.9129,12.3338],[92.913,12.3335],[92.913,12.3333],[92.913,12.3331],[92.913,12.3328],[92.913,12.3325],[92.913,12.3323],[92.9129,12.332],[92.9128,12.3319],[92.9127,12.3317]]],[[[92.9056,12.3383],[92.9055,12.3382],[92.9055,12.3383],[92.9052,12.3383],[92.9049,12.3383],[92.9048,12.3384],[92.9048,12.3386],[92.9049,12.3387],[92.905,12.3389],[92.9051,12.339],[92.9051,12.3392],[92.9051,12.3393],[92.905,12.3395],[92.905,12.3397],[92.9048,12.3398],[92.9046,12.34],[92.9044,12.3402],[92.9043,12.3404],[92.9043,12.3407],[92.9045,12.341],[92.9045,12.3411],[92.9046,12.3411],[92.9048,12.3411],[92.9051,12.3411],[92.9052,12.3411],[92.9056,12.3411],[92.9059,12.341],[92.9061,12.3408],[92.9062,12.3407],[92.9062,12.3405],[92.9064,12.3403],[92.9065,12.3401],[92.9066,12.3398],[92.9066,12.3398],[92.9066,12.3397],[92.9066,12.3394],[92.9066,12.3391],[92.9065,12.3389],[92.9064,12.3386],[92.9063,12.3385],[92.9059,12.3384],[92.9056,12.3383]]],[[[92.9154,12.3555],[92.9181,12.3494],[92.9107,12.3379],[92.9099,12.3505],[92.9154,12.3555]]],[[[92.8968,12.3922],[92.8965,12.3922],[92.8962,12.3922],[92.8959,12.3923],[92.8958,12.3925],[92.8957,12.3927],[92.8955,12.393],[92.8954,12.3933],[92.8953,12.3936],[92.8952,12.3938],[92.8953,12.394],[92.8953,12.3943],[92.8954,12.3944],[92.8954,12.3945],[92.8955,12.3945],[92.8955,12.3946],[92.8955,12.3947],[92.8955,12.3948],[92.8955,12.3949],[92.8955,12.3949],[92.8955,12.3951],[92.8957,12.3953],[92.8959,12.3953],[92.8959,12.3954],[92.8962,12.3954],[92.8964,12.3954],[92.8966,12.3954],[92.8968,12.3953],[92.8969,12.3951],[92.897,12.395],[92.8972,12.3948],[92.8973,12.3947],[92.8974,12.3946],[92.8973,12.3944],[92.8973,12.3944],[92.8974,12.3943],[92.8974,12.3941],[92.8974,12.394],[92.8974,12.3938],[92.8974,12.3936],[92.8974,12.3934],[92.8974,12.3932],[92.8974,12.393],[92.8974,12.3929],[92.8974,12.3927],[92.8973,12.3926],[92.8973,12.3926],[92.8972,12.3925],[92.8972,12.3925],[92.8972,12.3924],[92.8971,12.3923],[92.8968,12.3922]]],[[[92.8596,12.4066],[92.8733,12.4059],[92.8814,12.3983],[92.8893,12.4074],[92.8939,12.3985],[92.8833,12.3878],[92.8844,12.3748],[92.8798,12.3839],[92.8731,12.3846],[92.8669,12.3779],[92.8611,12.381],[92.8605,12.3889],[92.8444,12.3953],[92.8459,12.4061],[92.8596,12.4066]]],[[[92.8983,12.412],[92.8984,12.4119],[92.8985,12.4119],[92.8986,12.4118],[92.8987,12.4118],[92.8989,12.4117],[92.899,12.4115],[92.8992,12.4114],[92.8992,12.4111],[92.8992,12.4108],[92.8992,12.4105],[92.8992,12.4103],[92.899,12.41],[92.899,12.4097],[92.8991,12.4094],[92.8993,12.4091],[92.8993,12.4089],[92.8994,12.4087],[92.8993,12.4085],[92.8992,12.4082],[92.8993,12.408],[92.8992,12.4078],[92.8991,12.4077],[92.8989,12.4077],[92.8989,12.4075],[92.8986,12.4074],[92.8984,12.4075],[92.8981,12.4077],[92.898,12.4078],[92.898,12.4078],[92.8979,12.4078],[92.8976,12.408],[92.8975,12.4083],[92.8974,12.4087],[92.8973,12.4091],[92.8972,12.4094],[92.8971,12.4097],[92.897,12.4101],[92.897,12.4105],[92.8972,12.4109],[92.8972,12.411],[92.8972,12.4111],[92.8974,12.4114],[92.8976,12.4116],[92.8978,12.4119],[92.8981,12.412],[92.8983,12.412]]],[[[92.8893,12.4128],[92.889,12.4128],[92.8889,12.4128],[92.8887,12.413],[92.8886,12.4131],[92.8884,12.4133],[92.8884,12.4135],[92.8884,12.4137],[92.8884,12.414],[92.8885,12.4142],[92.8887,12.4144],[92.8892,12.4144],[92.8893,12.4144],[92.8895,12.4143],[92.8896,12.4141],[92.8897,12.414],[92.8898,12.4139],[92.8898,12.4137],[92.8898,12.4135],[92.8896,12.4133],[92.8895,12.4132],[92.8895,12.4131],[92.8894,12.4129],[92.8893,12.4128]]],[[[92.8663,12.421],[92.8696,12.4144],[92.8597,12.4144],[92.8663,12.421]]],[[[92.9043,12.4213],[92.8992,12.4213],[92.8998,12.4261],[92.9043,12.4213]]],[[[92.8429,12.4201],[92.8464,12.415],[92.8363,12.4159],[92.8292,12.4255],[92.8429,12.4201]]],[[[92.9558,12.4299],[92.9606,12.4192],[92.9443,12.4042],[92.9423,12.3825],[92.9309,12.3585],[92.9173,12.369],[92.9278,12.3872],[92.9261,12.4048],[92.9372,12.4214],[92.9479,12.4149],[92.9491,12.4292],[92.9554,12.4356],[92.9558,12.4299]]],[[[92.6746,12.5421],[92.6846,12.5396],[92.6787,12.5224],[92.6687,12.5324],[92.6746,12.5421]]],[[[92.7028,12.6384],[92.7023,12.6382],[92.7022,12.6382],[92.702,12.6382],[92.7019,12.6382],[92.7017,12.6382],[92.7013,12.6383],[92.7013,12.6383],[92.7011,12.6387],[92.701,12.6389],[92.701,12.6389],[92.7009,12.6391],[92.7009,12.6393],[92.7009,12.6396],[92.7009,12.6397],[92.7009,12.6398],[92.701,12.6401],[92.7012,12.6404],[92.7014,12.6406],[92.7015,12.6407],[92.7015,12.6408],[92.7017,12.641],[92.702,12.6412],[92.7021,12.6412],[92.7022,12.6413],[92.7024,12.6412],[92.7027,12.6411],[92.7029,12.6411],[92.7031,12.641],[92.7032,12.6408],[92.7032,12.6407],[92.7033,12.6406],[92.7033,12.6405],[92.7034,12.6404],[92.7034,12.6403],[92.7034,12.6403],[92.7034,12.64],[92.7034,12.6397],[92.7034,12.6393],[92.7033,12.639],[92.7028,12.6384]]],[[[92.7241,12.7369],[92.7246,12.7365],[92.7254,12.7366],[92.7262,12.7368],[92.7268,12.7362],[92.7274,12.7352],[92.728,12.7341],[92.7281,12.734],[92.7286,12.7324],[92.729,12.7315],[92.729,12.7315],[92.7295,12.7304],[92.7297,12.7294],[92.7291,12.7287],[92.7287,12.7278],[92.728,12.7269],[92.7269,12.7272],[92.7262,12.7279],[92.7263,12.7289],[92.7259,12.7303],[92.7255,12.731],[92.7252,12.7314],[92.7249,12.7318],[92.7247,12.733],[92.7246,12.7332],[92.7243,12.7339],[92.7235,12.7349],[92.7229,12.7358],[92.7227,12.7367],[92.7235,12.7373],[92.7241,12.7369]]],[[[92.7267,12.7518],[92.7265,12.7518],[92.7261,12.752],[92.7258,12.7523],[92.7256,12.7525],[92.7256,12.7528],[92.7256,12.7529],[92.7257,12.7534],[92.7257,12.7537],[92.726,12.7538],[92.7263,12.7539],[92.7266,12.7539],[92.7268,12.7536],[92.7268,12.7534],[92.7268,12.7529],[92.7268,12.7525],[92.7268,12.7522],[92.7267,12.7518]]],[[[92.7173,12.7735],[92.717,12.7735],[92.7168,12.7736],[92.7167,12.7739],[92.7167,12.774],[92.7168,12.7744],[92.7169,12.7745],[92.7171,12.7746],[92.7174,12.7746],[92.7176,12.7745],[92.7178,12.7743],[92.7179,12.7741],[92.7179,12.7739],[92.7178,12.7737],[92.7177,12.7736],[92.7175,12.7735],[92.7173,12.7735]]],[[[92.7164,12.7771],[92.7166,12.777],[92.7169,12.777],[92.7172,12.7769],[92.7174,12.7768],[92.7176,12.7765],[92.7176,12.7762],[92.7175,12.776],[92.7173,12.7758],[92.7173,12.7756],[92.7174,12.7755],[92.7175,12.7753],[92.7175,12.7751],[92.7173,12.775],[92.717,12.775],[92.7166,12.775],[92.7164,12.7752],[92.716,12.7754],[92.7158,12.7757],[92.7157,12.7759],[92.7156,12.7761],[92.7156,12.7764],[92.7156,12.7767],[92.7159,12.777],[92.7159,12.7771],[92.7161,12.7772],[92.7164,12.7771]]],[[[92.7164,12.7827],[92.7161,12.7827],[92.7159,12.7828],[92.7158,12.7829],[92.7158,12.7831],[92.7158,12.7832],[92.7158,12.7834],[92.7158,12.7835],[92.7159,12.7838],[92.7162,12.7838],[92.7164,12.7838],[92.7166,12.7837],[92.7168,12.7835],[92.7168,12.7833],[92.7168,12.7831],[92.7166,12.7828],[92.7164,12.7827]]],[[[92.7211,12.7814],[92.7249,12.7618],[92.7176,12.7717],[92.7194,12.7778],[92.7146,12.7789],[92.7168,12.7878],[92.7211,12.7814]]],[[[92.7156,12.7953],[92.7153,12.7946],[92.715,12.795],[92.7151,12.7956],[92.7151,12.7962],[92.7154,12.7969],[92.7158,12.7977],[92.7162,12.7974],[92.7165,12.7967],[92.7165,12.7959],[92.7156,12.7953]]],[[[92.7171,12.7992],[92.7168,12.7988],[92.7163,12.7989],[92.7155,12.8],[92.7155,12.8007],[92.7162,12.8014],[92.7168,12.8013],[92.7169,12.8011],[92.717,12.8004],[92.7171,12.7999],[92.7171,12.7992]]],[[[92.7172,12.8029],[92.7168,12.8026],[92.7163,12.8026],[92.7161,12.8038],[92.7162,12.8044],[92.7165,12.8046],[92.7169,12.8046],[92.7173,12.8045],[92.7176,12.8044],[92.7174,12.8034],[92.7172,12.8029]]],[[[92.7104,12.8291],[92.7154,12.8283],[92.7122,12.7773],[92.7254,12.749],[92.7233,12.7424],[92.7193,12.7529],[92.7184,12.7192],[92.7119,12.7206],[92.709,12.7284],[92.713,12.7373],[92.7096,12.7736],[92.6946,12.796],[92.6963,12.8016],[92.7003,12.8006],[92.7011,12.8137],[92.7104,12.8291]]],[[[92.726,12.8324],[92.7257,12.8322],[92.7254,12.8323],[92.7251,12.8324],[92.7249,12.8325],[92.7248,12.8328],[92.7247,12.833],[92.7247,12.8333],[92.7247,12.8335],[92.7248,12.8339],[92.7248,12.8342],[92.725,12.8345],[92.725,12.8345],[92.7251,12.8348],[92.7251,12.8351],[92.7252,12.8354],[92.7253,12.8357],[92.7254,12.8359],[92.7254,12.836],[92.7255,12.8361],[92.7256,12.8364],[92.7256,12.8366],[92.7258,12.837],[92.7259,12.8372],[92.7261,12.8374],[92.7262,12.8377],[92.7264,12.838],[92.7265,12.8381],[92.7266,12.8382],[92.7266,12.8383],[92.7267,12.8384],[92.7269,12.8384],[92.727,12.8385],[92.7272,12.8385],[92.7274,12.8385],[92.7277,12.8385],[92.7278,12.8383],[92.728,12.8382],[92.728,12.838],[92.7281,12.8378],[92.7281,12.8372],[92.728,12.8369],[92.7278,12.8365],[92.7278,12.8362],[92.7278,12.836],[92.7278,12.8355],[92.7277,12.8353],[92.7276,12.835],[92.7274,12.8347],[92.7273,12.8344],[92.7271,12.834],[92.727,12.8337],[92.7268,12.8334],[92.7267,12.8332],[92.7265,12.8331],[92.7264,12.833],[92.7263,12.8328],[92.7262,12.8326],[92.726,12.8324]]],[[[92.7645,12.8543],[92.7646,12.8542],[92.7648,12.8542],[92.765,12.8541],[92.7652,12.8537],[92.7652,12.8536],[92.7652,12.8535],[92.7652,12.8532],[92.7652,12.8529],[92.7651,12.8529],[92.7651,12.8529],[92.7649,12.8527],[92.7648,12.8526],[92.7644,12.8527],[92.7643,12.8529],[92.764,12.8531],[92.7639,12.8533],[92.7638,12.8536],[92.7638,12.8537],[92.7638,12.8539],[92.7639,12.854],[92.764,12.8542],[92.7641,12.8543],[92.7643,12.8543],[92.7645,12.8543]]],[[[92.7306,12.8548],[92.7302,12.8547],[92.7299,12.8548],[92.7296,12.855],[92.7293,12.8552],[92.7292,12.8554],[92.7292,12.8554],[92.7292,12.8554],[92.7292,12.8555],[92.7292,12.8558],[92.7292,12.856],[92.7293,12.8562],[92.7295,12.8565],[92.7297,12.8567],[92.73,12.8568],[92.7302,12.8568],[92.7302,12.8568],[92.7307,12.8568],[92.731,12.8568],[92.7314,12.8568],[92.7317,12.8567],[92.7318,12.8565],[92.7318,12.8563],[92.7318,12.8563],[92.7318,12.8563],[92.7318,12.856],[92.7317,12.8557],[92.7315,12.8555],[92.7311,12.8552],[92.7308,12.855],[92.7306,12.8548]]],[[[92.7292,12.8643],[92.7185,12.8354],[92.7096,12.8337],[92.7074,12.8375],[92.7199,12.8649],[92.7292,12.8643]]],[[[92.7785,12.8652],[92.7785,12.8651],[92.7784,12.8651],[92.7784,12.8651],[92.7783,12.8651],[92.7782,12.865],[92.778,12.865],[92.7778,12.865],[92.7777,12.865],[92.7777,12.865],[92.7775,12.865],[92.7774,12.865],[92.7772,12.865],[92.7767,12.865],[92.7765,12.8651],[92.7763,12.8652],[92.7762,12.8653],[92.7761,12.8654],[92.776,12.8655],[92.776,12.8657],[92.776,12.8658],[92.776,12.866],[92.776,12.8661],[92.776,12.8661],[92.776,12.8662],[92.776,12.8664],[92.7761,12.8665],[92.7762,12.8666],[92.7763,12.8667],[92.7765,12.8667],[92.7766,12.8667],[92.7768,12.8667],[92.777,12.8667],[92.777,12.8667],[92.7771,12.8668],[92.7771,12.8668],[92.7771,12.8668],[92.7772,12.8668],[92.7773,12.8668],[92.7774,12.8668],[92.7775,12.8668],[92.7776,12.8668],[92.7777,12.8668],[92.7779,12.8668],[92.7782,12.8667],[92.7783,12.8664],[92.7784,12.8663],[92.7784,12.8661],[92.7784,12.866],[92.7785,12.8658],[92.7785,12.8657],[92.7785,12.8655],[92.7785,12.8653],[92.7785,12.8652]]],[[[92.7665,12.87],[92.7661,12.8549],[92.761,12.8679],[92.7655,12.8729],[92.7665,12.87]]],[[[92.7584,12.8783],[92.7585,12.8782],[92.7587,12.8782],[92.7594,12.8782],[92.7595,12.8781],[92.7596,12.8782],[92.76,12.8782],[92.7601,12.8783],[92.7604,12.8782],[92.7605,12.878],[92.7605,12.8778],[92.7605,12.8777],[92.7605,12.8774],[92.7603,12.8773],[92.7602,12.8773],[92.7602,12.8773],[92.76,12.8771],[92.7597,12.877],[92.7595,12.8769],[92.7594,12.8768],[92.7592,12.8766],[92.7589,12.8763],[92.7587,12.8761],[92.7584,12.8761],[92.7581,12.8762],[92.758,12.8763],[92.7578,12.8762],[92.7577,12.8762],[92.7576,12.8761],[92.7574,12.8761],[92.7572,12.8762],[92.757,12.8762],[92.7569,12.8763],[92.7569,12.8764],[92.7569,12.8764],[92.7569,12.8768],[92.7569,12.8771],[92.757,12.8774],[92.7572,12.8776],[92.7572,12.8777],[92.7572,12.8777],[92.757,12.8782],[92.757,12.8785],[92.7571,12.8787],[92.7573,12.8789],[92.758,12.8786],[92.7582,12.8785],[92.7584,12.8783]]],[[[92.7884,12.8935],[92.7904,12.8846],[92.7843,12.8824],[92.7819,12.8919],[92.7884,12.8935]]],[[[92.8931,12.8978],[92.8925,12.8978],[92.8921,12.8978],[92.8919,12.8981],[92.8917,12.8985],[92.8917,12.8988],[92.8918,12.8993],[92.8919,12.8994],[92.8919,12.8995],[92.8921,12.8998],[92.8922,12.8998],[92.8924,12.8999],[92.8928,12.8999],[92.8931,12.8998],[92.8935,12.8995],[92.8936,12.8992],[92.8937,12.899],[92.8938,12.8988],[92.8939,12.8985],[92.8939,12.8984],[92.8939,12.8983],[92.8937,12.8983],[92.8937,12.8981],[92.8934,12.8979],[92.8931,12.8978]]],[[[92.7573,12.9014],[92.7557,12.8915],[92.7501,12.8907],[92.7494,12.8971],[92.7535,12.8933],[92.7552,12.8987],[92.7542,12.9138],[92.7573,12.9014]]],[[[92.7577,12.9122],[92.7575,12.9122],[92.7572,12.9123],[92.7571,12.9124],[92.757,12.9125],[92.757,12.9127],[92.7571,12.9129],[92.7571,12.913],[92.7572,12.9131],[92.7573,12.9132],[92.7573,12.9132],[92.7574,12.9134],[92.7575,12.9134],[92.7576,12.9136],[92.7576,12.9136],[92.7576,12.9137],[92.7577,12.9139],[92.7578,12.914],[92.758,12.9141],[92.7582,12.9141],[92.7583,12.914],[92.7584,12.9138],[92.7585,12.9135],[92.7585,12.9134],[92.7584,12.9132],[92.7583,12.9129],[92.7582,12.9127],[92.758,12.9125],[92.758,12.9124],[92.7579,12.9122],[92.7577,12.9122]]],[[[92.8651,12.9127],[92.8648,12.9125],[92.8642,12.9128],[92.8638,12.9135],[92.8632,12.9138],[92.8631,12.9146],[92.8636,12.9151],[92.8642,12.9151],[92.8648,12.9146],[92.8649,12.9142],[92.8653,12.9136],[92.8651,12.9127]]],[[[92.7937,12.9126],[92.8006,12.8977],[92.7926,12.892],[92.7825,12.896],[92.7887,12.9054],[92.7803,12.902],[92.7741,12.9115],[92.7895,12.9126],[92.7914,12.9168],[92.7937,12.9126]]],[[[92.7682,12.9164],[92.768,12.9163],[92.7679,12.9164],[92.7679,12.9164],[92.7677,12.9163],[92.7675,12.9164],[92.7673,12.9166],[92.7673,12.9168],[92.7673,12.9169],[92.767,12.9172],[92.7668,12.9172],[92.7667,12.9174],[92.7667,12.9176],[92.7667,12.9178],[92.7668,12.9178],[92.7667,12.9179],[92.767,12.9182],[92.7672,12.9183],[92.7673,12.9182],[92.7675,12.9182],[92.7676,12.9182],[92.7677,12.9181],[92.7678,12.9181],[92.7678,12.9181],[92.768,12.9179],[92.7681,12.9178],[92.7682,12.9176],[92.7682,12.9174],[92.7683,12.9172],[92.7683,12.917],[92.7683,12.9168],[92.7683,12.9166],[92.7682,12.9164]]],[[[92.9352,12.9139],[92.9317,12.919],[92.9367,12.9171],[92.9352,12.9139]]],[[[92.7674,12.9225],[92.7638,12.9181],[92.7625,12.9223],[92.7674,12.9225]]],[[[92.899,12.9159],[92.9113,12.9088],[92.9221,12.913],[92.9094,12.9031],[92.9045,12.8862],[92.9095,12.8829],[92.9197,12.888],[92.9282,12.884],[92.9293,12.8592],[92.9414,12.8554],[92.9403,12.8366],[92.948,12.8368],[92.9441,12.8258],[92.9539,12.8074],[92.9489,12.7926],[92.9338,12.7814],[92.9339,12.7737],[92.9391,12.7669],[92.9497,12.7703],[92.9491,12.7619],[92.962,12.7533],[92.9685,12.74],[92.9651,12.7238],[92.9769,12.718],[92.9801,12.7101],[92.9724,12.7124],[92.9647,12.7046],[92.9575,12.6253],[92.9488,12.6288],[92.9586,12.6195],[92.9571,12.5933],[92.9755,12.5429],[92.9656,12.5101],[92.9682,12.497],[92.9592,12.4869],[92.9466,12.4995],[92.941,12.4851],[92.9303,12.4801],[92.9348,12.4692],[92.9228,12.4652],[92.9434,12.4676],[92.951,12.4762],[92.9587,12.4731],[92.9572,12.4671],[92.9434,12.4611],[92.9459,12.4574],[92.9411,12.4494],[92.9151,12.4438],[92.9239,12.4355],[92.9148,12.4063],[92.907,12.4067],[92.9099,12.4205],[92.8923,12.4364],[92.8772,12.4468],[92.8691,12.4461],[92.8562,12.4568],[92.854,12.4543],[92.8663,12.4446],[92.8901,12.4323],[92.8993,12.4164],[92.8861,12.4244],[92.8752,12.4134],[92.8649,12.4265],[92.8463,12.4235],[92.8375,12.43],[92.8076,12.4373],[92.8309,12.4277],[92.8283,12.4189],[92.8346,12.4104],[92.8265,12.4093],[92.8406,12.4075],[92.8359,12.3972],[92.8601,12.3712],[92.8587,12.3636],[92.869,12.3617],[92.8732,12.3529],[92.8784,12.3578],[92.8839,12.3561],[92.8961,12.3365],[92.8816,12.3449],[92.8791,12.3337],[92.8837,12.3332],[92.8678,12.3316],[92.8875,12.332],[92.8879,12.3257],[92.8983,12.3259],[92.8952,12.3202],[92.8853,12.3236],[92.878,12.3138],[92.8728,12.3183],[92.8686,12.314],[92.8531,12.3137],[92.8321,12.3025],[92.8098,12.3149],[92.7949,12.3061],[92.791,12.3118],[92.7715,12.3196],[92.7653,12.3024],[92.7637,12.3128],[92.7548,12.296],[92.7346,12.3032],[92.7196,12.3004],[92.7151,12.3126],[92.7098,12.3103],[92.7084,12.3289],[92.6989,12.3278],[92.6996,12.367],[92.7059,12.3711],[92.7028,12.3785],[92.6982,12.3776],[92.6974,12.4258],[92.7013,12.4496],[92.7068,12.4513],[92.6974,12.4688],[92.7088,12.4934],[92.7014,12.5005],[92.7012,12.5115],[92.6942,12.5154],[92.6999,12.5265],[92.7005,12.5439],[92.7086,12.5567],[92.7048,12.5666],[92.7089,12.5762],[92.7038,12.5885],[92.7075,12.5952],[92.6861,12.6019],[92.6846,12.6089],[92.6865,12.6143],[92.6927,12.6075],[92.7023,12.6131],[92.7039,12.6068],[92.7101,12.6159],[92.7149,12.6433],[92.7196,12.6437],[92.7241,12.6259],[92.7282,12.6359],[92.7362,12.6399],[92.7343,12.6568],[92.7436,12.6678],[92.7513,12.6657],[92.7522,12.6712],[92.7749,12.6698],[92.7791,12.6574],[92.7774,12.6387],[92.7814,12.6353],[92.7806,12.6533],[92.7891,12.6751],[92.7857,12.6982],[92.7676,12.6715],[92.7328,12.6744],[92.7362,12.6835],[92.7277,12.6929],[92.7299,12.6978],[92.7432,12.6995],[92.7395,12.7145],[92.746,12.7228],[92.7379,12.7332],[92.7386,12.7393],[92.7306,12.7436],[92.7315,12.754],[92.7209,12.7881],[92.7235,12.8269],[92.7318,12.8353],[92.7384,12.8106],[92.7401,12.8366],[92.7434,12.8242],[92.7441,12.8394],[92.7535,12.8482],[92.758,12.8471],[92.7601,12.8594],[92.7701,12.8459],[92.7705,12.8636],[92.7782,12.8642],[92.7818,12.8586],[92.7938,12.8629],[92.7911,12.8892],[92.803,12.8972],[92.8238,12.8959],[92.831,12.8847],[92.8417,12.8915],[92.8418,12.8756],[92.8588,12.8778],[92.8744,12.8816],[92.8731,12.8933],[92.896,12.8986],[92.8979,12.9274],[92.899,12.9159]]],[[[92.8869,12.9294],[92.887,12.9293],[92.887,12.9293],[92.8878,12.9293],[92.8882,12.9293],[92.8882,12.9291],[92.8883,12.929],[92.8883,12.9288],[92.8883,12.9286],[92.8882,12.9283],[92.8881,12.9281],[92.8879,12.9282],[92.8879,12.9281],[92.8874,12.928],[92.8874,12.9279],[92.8871,12.928],[92.8868,12.9281],[92.8865,12.9284],[92.8864,12.9287],[92.8864,12.929],[92.8868,12.9294],[92.8869,12.9294]]],[[[92.7744,12.9313],[92.7727,12.9177],[92.7696,12.9289],[92.7744,12.9313]]],[[[92.892,12.933],[92.8921,12.9328],[92.8923,12.9328],[92.8924,12.9327],[92.8925,12.9324],[92.8924,12.9321],[92.8922,12.9319],[92.892,12.9318],[92.8916,12.9318],[92.8916,12.9317],[92.8913,12.9317],[92.8911,12.9318],[92.891,12.9321],[92.891,12.9322],[92.8911,12.9325],[92.8913,12.9326],[92.8915,12.9328],[92.8917,12.933],[92.892,12.933],[92.892,12.933]]],[[[92.8766,12.9324],[92.8862,12.924],[92.8807,12.9208],[92.8749,12.9271],[92.8736,12.9166],[92.8653,12.9167],[92.8598,12.9328],[92.8766,12.9324]]],[[[92.7648,12.9337],[92.7633,12.926],[92.7609,12.9313],[92.7648,12.9337]]],[[[92.8915,12.9378],[92.8917,12.9377],[92.892,12.9377],[92.8925,12.9377],[92.8928,12.9376],[92.8929,12.9376],[92.8932,12.9372],[92.8931,12.9368],[92.8926,12.9365],[92.8925,12.9364],[92.8921,12.9365],[92.8919,12.9364],[92.8909,12.9361],[92.8908,12.936],[92.8905,12.9357],[92.8903,12.9355],[92.8901,12.9353],[92.8899,12.9351],[92.8897,12.9351],[92.8896,12.9351],[92.8895,12.9351],[92.8895,12.9351],[92.8894,12.9352],[92.8894,12.9354],[92.8894,12.9354],[92.8893,12.9357],[92.8893,12.9361],[92.8893,12.9365],[92.8894,12.9366],[92.8896,12.9368],[92.8899,12.937],[92.8901,12.9372],[92.8902,12.9375],[92.8902,12.9379],[92.8904,12.9381],[92.8909,12.9381],[92.8914,12.9378],[92.8915,12.9378]]],[[[92.9009,12.9421],[92.9013,12.942],[92.9013,12.942],[92.9017,12.9418],[92.9025,12.9407],[92.9028,12.9401],[92.9029,12.9396],[92.9031,12.9395],[92.9032,12.9392],[92.9032,12.9389],[92.9032,12.9387],[92.9032,12.9387],[92.9031,12.9386],[92.9028,12.9385],[92.9026,12.9387],[92.9023,12.9389],[92.9023,12.9389],[92.9021,12.939],[92.9017,12.9395],[92.9014,12.9398],[92.9013,12.9402],[92.9013,12.9402],[92.9012,12.9405],[92.9009,12.9407],[92.9005,12.9409],[92.9004,12.941],[92.9002,12.941],[92.8999,12.941],[92.8997,12.9412],[92.8997,12.9416],[92.8998,12.9418],[92.8999,12.942],[92.8999,12.942],[92.8999,12.942],[92.9004,12.9422],[92.9004,12.9422],[92.9007,12.9421],[92.9009,12.9421]]],[[[92.6963,12.9915],[92.7075,12.9865],[92.7094,12.9895],[92.7203,12.9789],[92.7148,12.9433],[92.7214,12.9468],[92.7211,12.9247],[92.7164,12.9228],[92.7228,12.9018],[92.7194,12.8816],[92.7114,12.8833],[92.7196,12.8743],[92.7031,12.8518],[92.7001,12.8401],[92.6892,12.8344],[92.6762,12.8359],[92.6767,12.8247],[92.6848,12.8298],[92.6893,12.8173],[92.6828,12.809],[92.6752,12.8076],[92.6682,12.7827],[92.6676,12.7905],[92.6591,12.7959],[92.6647,12.7988],[92.6657,12.8117],[92.6481,12.8617],[92.6651,12.8822],[92.6654,12.903],[92.6707,12.9058],[92.6705,12.923],[92.6797,12.9426],[92.6799,12.9482],[92.6675,12.9509],[92.6695,12.963],[92.6844,12.9877],[92.6963,12.9915]]],[[[93.0063,12.9971],[92.9802,12.9667],[92.9804,12.9603],[92.9882,12.9565],[92.98,12.9481],[92.9812,12.9329],[92.9699,12.937],[92.9727,12.9404],[92.9688,12.9443],[92.9521,12.9409],[92.9605,12.9497],[92.9738,12.9465],[92.9725,12.9552],[92.9594,12.9558],[92.9539,12.9627],[92.954,12.9682],[92.9602,12.9652],[92.9629,12.9691],[92.9525,12.9801],[92.9594,12.9889],[92.9693,12.9824],[92.9649,12.9782],[92.9723,12.9698],[92.9882,12.9848],[92.9859,12.9935],[92.994,12.9915],[93.0063,12.9971]]],[[[92.9895,13.0007],[92.9896,13.0006],[92.9896,13.0003],[92.9896,13.0003],[92.9896,13.0],[92.9896,12.9998],[92.9896,12.9996],[92.9894,12.9994],[92.9893,12.9992],[92.9891,12.9991],[92.9889,12.999],[92.9888,12.9988],[92.9887,12.9988],[92.9887,12.9988],[92.9884,12.9984],[92.9882,12.9983],[92.9879,12.9982],[92.9876,12.9982],[92.9874,12.9982],[92.987,12.9983],[92.9868,12.9985],[92.9865,12.9988],[92.9865,12.9991],[92.9865,12.9993],[92.9865,12.9995],[92.9866,12.9998],[92.9866,13.0001],[92.9868,13.0003],[92.9869,13.0003],[92.9869,13.0005],[92.9874,13.0006],[92.9876,13.0007],[92.9877,13.0006],[92.9879,13.0006],[92.9882,13.0006],[92.9884,13.0008],[92.9884,13.0008],[92.9886,13.0009],[92.9889,13.0011],[92.9891,13.0011],[92.9894,13.0009],[92.9895,13.0007]]],[[[92.9124,13.0025],[92.9122,13.0024],[92.9119,13.0024],[92.9116,13.0028],[92.9113,13.003],[92.911,13.0033],[92.9107,13.0037],[92.9105,13.0039],[92.9103,13.0041],[92.9103,13.0043],[92.9106,13.0047],[92.9108,13.0049],[92.9109,13.005],[92.9112,13.005],[92.9114,13.005],[92.9116,13.0048],[92.9119,13.0044],[92.9123,13.0041],[92.9127,13.0036],[92.9128,13.0033],[92.9128,13.0031],[92.9127,13.0028],[92.9124,13.0025]]],[[[92.9103,13.007],[92.9102,13.0069],[92.9101,13.0069],[92.9099,13.0069],[92.9098,13.0069],[92.9098,13.0069],[92.9097,13.0069],[92.9096,13.007],[92.9095,13.007],[92.9094,13.0071],[92.9093,13.0072],[92.9093,13.0074],[92.9093,13.0076],[92.9093,13.0077],[92.9093,13.0078],[92.9094,13.0079],[92.9094,13.0079],[92.9094,13.008],[92.9096,13.008],[92.9097,13.008],[92.9099,13.008],[92.91,13.0079],[92.9102,13.0079],[92.9103,13.0077],[92.9103,13.0075],[92.9103,13.0074],[92.9103,13.0072],[92.9103,13.0071],[92.9103,13.007]]],[[[92.9493,13.0246],[92.9483,13.0209],[92.9451,13.0253],[92.9493,13.0246]]],[[[92.9266,13.0237],[92.94,13.0251],[92.9419,12.9955],[92.9209,13.0005],[92.9155,13.0147],[92.9225,13.0218],[92.9219,13.0287],[92.9266,13.0237]]],[[[92.9191,13.0404],[92.9144,13.0425],[92.9166,13.0477],[92.9191,13.0404]]],[[[92.9329,13.0495],[92.9327,13.0495],[92.9326,13.0497],[92.9326,13.0498],[92.9326,13.0501],[92.9325,13.0504],[92.9323,13.0505],[92.9323,13.0505],[92.932,13.0507],[92.9319,13.0509],[92.9317,13.0512],[92.9317,13.0515],[92.9318,13.0518],[92.9317,13.0518],[92.9319,13.0525],[92.932,13.0531],[92.9332,13.0533],[92.9336,13.0533],[92.9341,13.0525],[92.9341,13.0523],[92.9342,13.0522],[92.9342,13.0519],[92.9342,13.0516],[92.9342,13.0513],[92.934,13.051],[92.9339,13.0507],[92.9337,13.0506],[92.9337,13.0502],[92.9335,13.05],[92.9332,13.0498],[92.9329,13.0495]]],[[[92.9171,13.0618],[92.9168,13.0579],[92.9137,13.0669],[92.9171,13.0618]]],[[[92.729,13.0908],[92.7287,13.0907],[92.7284,13.0907],[92.7282,13.0907],[92.7281,13.0909],[92.728,13.091],[92.728,13.0912],[92.728,13.0913],[92.7281,13.0914],[92.7281,13.0915],[92.7281,13.0915],[92.7282,13.0915],[92.7282,13.0917],[92.7283,13.0919],[92.7283,13.092],[92.7283,13.0922],[92.7283,13.0923],[92.7284,13.0925],[92.7284,13.0926],[92.7285,13.0929],[92.7285,13.0931],[92.7285,13.0932],[92.7286,13.0933],[92.7287,13.0935],[92.729,13.094],[92.7292,13.0941],[92.7293,13.0943],[92.7294,13.0945],[92.7294,13.0947],[92.7295,13.0948],[92.7295,13.0948],[92.7295,13.0948],[92.7296,13.0948],[92.7298,13.0949],[92.7299,13.095],[92.7301,13.0951],[92.7303,13.0953],[92.7303,13.0953],[92.7304,13.0953],[92.7304,13.0954],[92.7307,13.0954],[92.731,13.0953],[92.7312,13.0951],[92.7313,13.0949],[92.7314,13.0948],[92.7313,13.0945],[92.7312,13.0943],[92.731,13.094],[92.7308,13.0938],[92.7307,13.0936],[92.7306,13.0934],[92.7304,13.0932],[92.7303,13.093],[92.7302,13.0929],[92.73,13.0927],[92.7299,13.0925],[92.7298,13.0923],[92.7298,13.0923],[92.7298,13.0922],[92.7298,13.092],[92.7297,13.0919],[92.7297,13.0917],[92.7296,13.0915],[92.7295,13.0913],[92.7294,13.0911],[92.7293,13.0909],[92.7292,13.0909],[92.729,13.0908]]],[[[92.7168,13.0979],[92.7201,13.0956],[92.708,13.0869],[92.7035,13.0796],[92.7064,13.0716],[92.7018,13.071],[92.6961,13.0954],[92.7168,13.0979]]],[[[92.7955,13.1712],[92.7956,13.1712],[92.7957,13.1712],[92.796,13.1711],[92.7961,13.171],[92.7964,13.1709],[92.7965,13.1708],[92.7967,13.1707],[92.7969,13.1705],[92.7971,13.1703],[92.7971,13.1701],[92.7971,13.17],[92.797,13.1698],[92.797,13.1697],[92.797,13.1694],[92.7972,13.1691],[92.7972,13.169],[92.7972,13.1689],[92.7972,13.1689],[92.7972,13.1689],[92.7972,13.1689],[92.7972,13.1687],[92.7973,13.1685],[92.7973,13.1683],[92.7972,13.1681],[92.797,13.168],[92.7967,13.168],[92.7964,13.1681],[92.7962,13.168],[92.7961,13.1678],[92.796,13.1677],[92.7958,13.1677],[92.7956,13.1677],[92.7956,13.1676],[92.7953,13.1676],[92.795,13.1676],[92.7947,13.1677],[92.7944,13.1678],[92.7941,13.168],[92.794,13.1681],[92.7939,13.1683],[92.7939,13.1684],[92.7938,13.1685],[92.7936,13.1689],[92.7935,13.1691],[92.7934,13.1693],[92.7932,13.1696],[92.7932,13.1696],[92.7932,13.1698],[92.7933,13.17],[92.7933,13.1702],[92.7934,13.1703],[92.7936,13.1704],[92.7939,13.1706],[92.7942,13.1709],[92.7944,13.1711],[92.7945,13.1712],[92.7946,13.1712],[92.7949,13.1712],[92.795,13.1712],[92.7953,13.1712],[92.7955,13.1712]]],[[[93.0612,13.2207],[93.0608,13.2207],[93.06,13.2211],[93.0594,13.2217],[93.0589,13.2226],[93.0585,13.2233],[93.0582,13.2237],[93.058,13.2245],[93.058,13.2249],[93.058,13.2256],[93.0576,13.226],[93.0577,13.2265],[93.0581,13.2265],[93.0589,13.2268],[93.0591,13.2264],[93.0593,13.226],[93.0593,13.2256],[93.0596,13.225],[93.0602,13.2244],[93.0602,13.2236],[93.0603,13.2229],[93.0606,13.222],[93.0612,13.2214],[93.0612,13.2207]]],[[[93.0166,13.2846],[93.0165,13.2846],[93.0165,13.2846],[93.0163,13.2844],[93.0163,13.2844],[93.0162,13.2841],[93.0159,13.2839],[93.0156,13.2837],[93.0154,13.2836],[93.0153,13.2836],[93.015,13.2836],[93.0149,13.2837],[93.0147,13.2837],[93.0145,13.2838],[93.0144,13.2841],[93.0146,13.2844],[93.0147,13.2846],[93.0148,13.2847],[93.0148,13.2848],[93.0148,13.2848],[93.0152,13.285],[93.0155,13.2852],[93.0158,13.2852],[93.0162,13.2852],[93.0165,13.2851],[93.0166,13.2848],[93.0166,13.2848],[93.0166,13.2846]]],[[[93.0731,13.2984],[93.0741,13.3031],[93.0787,13.3015],[93.0731,13.2984]]],[[[93.0253,13.3263],[93.0215,13.3013],[93.0149,13.3087],[93.0162,13.3241],[93.0177,13.3293],[93.0253,13.3263]]],[[[93.0076,13.3356],[93.0073,13.3356],[93.0071,13.3358],[93.0071,13.3359],[93.0072,13.3361],[93.0072,13.3364],[93.0075,13.3365],[93.0075,13.3366],[93.0076,13.3367],[93.0079,13.3369],[93.0082,13.337],[93.0084,13.3372],[93.0086,13.3373],[93.0089,13.3373],[93.0091,13.3373],[93.0093,13.3372],[93.0094,13.3371],[93.0094,13.337],[93.0095,13.3369],[93.0095,13.3368],[93.0093,13.3365],[93.0091,13.3364],[93.0088,13.3363],[93.0087,13.3362],[93.0086,13.336],[93.0085,13.336],[93.0083,13.3359],[93.0081,13.3357],[93.0079,13.3356],[93.0076,13.3356]]],[[[92.9682,13.3331],[92.9654,13.336],[92.97,13.3387],[92.9682,13.3331]]],[[[93.015,13.3392],[93.015,13.3392],[93.015,13.3392],[93.0155,13.3391],[93.0155,13.3391],[93.0156,13.3391],[93.0158,13.3389],[93.0158,13.3387],[93.0158,13.3385],[93.0156,13.3383],[93.0154,13.3381],[93.0152,13.3379],[93.0152,13.3377],[93.015,13.3375],[93.0149,13.3374],[93.0149,13.3374],[93.0146,13.3373],[93.0144,13.3373],[93.0141,13.3373],[93.014,13.3374],[93.0138,13.3374],[93.0137,13.3374],[93.0136,13.3374],[93.0134,13.3377],[93.0134,13.338],[93.0137,13.3385],[93.0139,13.3387],[93.0141,13.3389],[93.0144,13.3391],[93.0148,13.3392],[93.015,13.3392]]],[[[93.0372,13.3406],[93.0372,13.3405],[93.037,13.3406],[93.0369,13.3406],[93.0368,13.3407],[93.0368,13.3407],[93.0367,13.3407],[93.0367,13.3407],[93.0365,13.3409],[93.0365,13.341],[93.0364,13.3412],[93.0364,13.3413],[93.0363,13.3416],[93.0363,13.3418],[93.0363,13.342],[93.0363,13.3422],[93.0363,13.3424],[93.0364,13.3425],[93.0365,13.3427],[93.0366,13.3428],[93.0367,13.3431],[93.0369,13.3433],[93.037,13.3433],[93.037,13.3435],[93.0372,13.3436],[93.0373,13.3437],[93.0375,13.3438],[93.0377,13.3439],[93.038,13.344],[93.0382,13.344],[93.0385,13.344],[93.0386,13.3439],[93.0387,13.3437],[93.0387,13.3436],[93.0388,13.3434],[93.0388,13.3431],[93.0388,13.3428],[93.0386,13.3426],[93.0385,13.3425],[93.0384,13.3424],[93.0383,13.3423],[93.0383,13.3422],[93.0383,13.3421],[93.0382,13.3421],[93.0381,13.3418],[93.0379,13.3415],[93.0378,13.3414],[93.0377,13.3413],[93.0376,13.3412],[93.0376,13.3411],[93.0376,13.3411],[93.0376,13.3411],[93.0375,13.3411],[93.0375,13.341],[93.0375,13.3408],[93.0374,13.3407],[93.0373,13.3406],[93.0373,13.3406],[93.0373,13.3406],[93.0373,13.3406],[93.0372,13.3406]]],[[[93.0202,13.3383],[93.0163,13.341],[93.0189,13.346],[93.0202,13.3383]]],[[[93.0773,13.3647],[93.0778,13.3645],[93.0782,13.3644],[93.0785,13.3641],[93.0783,13.3638],[93.0779,13.3638],[93.0778,13.3638],[93.0777,13.3637],[93.0776,13.3636],[93.0776,13.3635],[93.0777,13.3632],[93.0776,13.3629],[93.0773,13.3629],[93.0772,13.363],[93.0765,13.3632],[93.076,13.3635],[93.0758,13.3639],[93.0757,13.3641],[93.0755,13.3641],[93.0754,13.3643],[93.0752,13.3644],[93.075,13.3644],[93.0746,13.3644],[93.0743,13.3645],[93.0741,13.3646],[93.0741,13.3647],[93.074,13.3647],[93.0739,13.3647],[93.0738,13.3652],[93.074,13.3655],[93.0746,13.3657],[93.075,13.3657],[93.0751,13.3659],[93.0751,13.366],[93.0752,13.3661],[93.0752,13.3663],[93.0754,13.3665],[93.0757,13.3665],[93.0758,13.3665],[93.0759,13.3663],[93.0759,13.3662],[93.076,13.3662],[93.0762,13.3658],[93.0763,13.3655],[93.0766,13.3652],[93.077,13.365],[93.0773,13.3647]]],[[[93.0828,13.3689],[93.083,13.3687],[93.0833,13.3686],[93.0833,13.3684],[93.0832,13.3681],[93.0831,13.368],[93.083,13.3679],[93.0824,13.3674],[93.0822,13.3674],[93.0822,13.3672],[93.0822,13.3671],[93.082,13.367],[93.0817,13.3671],[93.0816,13.3674],[93.0816,13.3674],[93.0815,13.3675],[93.0814,13.3677],[93.0811,13.3679],[93.0808,13.368],[93.0808,13.368],[93.0806,13.3682],[93.0805,13.3684],[93.0807,13.3686],[93.0809,13.3687],[93.081,13.3689],[93.081,13.3689],[93.0814,13.369],[93.0816,13.3692],[93.0817,13.3695],[93.0817,13.3696],[93.0818,13.3696],[93.0819,13.3697],[93.0822,13.3697],[93.0825,13.3695],[93.0825,13.3693],[93.0825,13.3691],[93.0826,13.369],[93.0826,13.369],[93.0828,13.3689]]],[[[93.0641,13.3857],[93.064,13.3854],[93.0639,13.3854],[93.0637,13.3851],[93.0635,13.385],[93.0635,13.385],[93.0632,13.3846],[93.0632,13.3845],[93.0632,13.3842],[93.0629,13.3838],[93.0629,13.3837],[93.0626,13.3837],[93.0624,13.3835],[93.0623,13.3833],[93.0623,13.3832],[93.0623,13.383],[93.062,13.3829],[93.0617,13.3829],[93.0617,13.3829],[93.0616,13.3829],[93.0616,13.3829],[93.0615,13.3829],[93.0613,13.383],[93.0611,13.3833],[93.061,13.3837],[93.0611,13.3839],[93.0613,13.3843],[93.0613,13.3846],[93.0612,13.3849],[93.0609,13.3851],[93.0606,13.3853],[93.0606,13.3856],[93.0608,13.3856],[93.0612,13.3855],[93.0615,13.3854],[93.0616,13.3854],[93.0617,13.3856],[93.062,13.3859],[93.0621,13.3861],[93.0622,13.3864],[93.0625,13.3867],[93.0628,13.3869],[93.0632,13.3869],[93.0635,13.3869],[93.064,13.3863],[93.0641,13.3859],[93.0641,13.3857]]],[[[92.8671,13.4119],[92.8666,13.4118],[92.8661,13.4118],[92.8658,13.4119],[92.8655,13.4118],[92.865,13.412],[92.8648,13.4124],[92.8646,13.4126],[92.8646,13.413],[92.865,13.4133],[92.8651,13.4134],[92.8655,13.4135],[92.8658,13.4135],[92.8661,13.4135],[92.8664,13.4133],[92.8667,13.413],[92.867,13.4128],[92.8671,13.4121],[92.8671,13.4119]]],[[[92.8156,13.4179],[92.8187,13.4162],[92.8145,13.4035],[92.8119,13.4182],[92.8156,13.4179]]],[[[93.094,13.4182],[93.0892,13.41],[93.0873,13.4156],[93.094,13.4182]]],[[[93.0714,13.4133],[93.0672,13.4222],[93.0725,13.4312],[93.0714,13.4133]]],[[[93.1001,13.4353],[93.1036,13.4302],[93.0962,13.4343],[93.1001,13.4353]]],[[[92.8433,13.4404],[92.846,13.4312],[92.8423,13.4262],[92.8317,13.4185],[92.8221,13.4215],[92.8217,13.436],[92.8433,13.4404]]],[[[94.2711,13.4431],[94.2598,13.4357],[94.252,13.4358],[94.2464,13.4428],[94.253,13.4616],[94.2597,13.4668],[94.2758,13.4686],[94.2757,13.4497],[94.2711,13.4431]]],[[[92.8738,13.505],[92.8709,13.5022],[92.8668,13.5072],[92.8702,13.5132],[92.8738,13.505]]],[[[92.9202,13.5157],[92.9221,13.513],[92.9145,13.5068],[92.9155,13.5142],[92.9202,13.5157]]],[[[92.9085,13.5369],[92.9121,13.5339],[92.906,13.5306],[92.9085,13.5369]]],[[[92.8769,13.537],[92.8765,13.5365],[92.8762,13.5356],[92.8756,13.5355],[92.8754,13.5358],[92.8752,13.5362],[92.8752,13.5365],[92.8749,13.5366],[92.8743,13.5366],[92.8743,13.5372],[92.8745,13.5376],[92.8746,13.5378],[92.8747,13.5381],[92.8749,13.5386],[92.8749,13.5392],[92.875,13.5397],[92.8752,13.5403],[92.8758,13.5399],[92.8763,13.5395],[92.8769,13.5391],[92.8775,13.5386],[92.8778,13.5381],[92.8778,13.5376],[92.8774,13.5372],[92.8769,13.537]]],[[[93.0073,13.5555],[93.0067,13.5554],[93.0061,13.5556],[93.0057,13.5562],[93.0054,13.5571],[93.0054,13.5577],[93.0055,13.5578],[93.0052,13.5579],[93.0049,13.5583],[93.0049,13.5587],[93.0052,13.559],[93.0056,13.559],[93.0057,13.559],[93.006,13.5591],[93.0058,13.5594],[93.0057,13.5597],[93.0056,13.5599],[93.0055,13.5602],[93.0055,13.5606],[93.0056,13.5607],[93.0056,13.5607],[93.0056,13.561],[93.006,13.5608],[93.0062,13.5605],[93.0064,13.5602],[93.0065,13.5599],[93.0066,13.5596],[93.0068,13.5592],[93.007,13.5586],[93.007,13.5583],[93.007,13.5577],[93.007,13.5573],[93.0071,13.557],[93.0074,13.5565],[93.0076,13.5561],[93.0073,13.5555]]],[[[93.0569,13.5663],[93.0536,13.5604],[93.052,13.5645],[93.0569,13.5663]]],[[[93.0302,13.5711],[93.0446,13.5288],[93.0432,13.5046],[93.0332,13.4657],[93.016,13.4646],[93.0329,13.4565],[93.0345,13.4358],[93.0162,13.4325],[93.034,13.4256],[93.041,13.4278],[93.0365,13.4171],[93.0425,13.4156],[93.047,13.4051],[93.0617,13.4212],[93.0599,13.3981],[93.0704,13.4063],[93.0633,13.392],[93.052,13.3916],[93.0485,13.3749],[93.0447,13.3778],[93.0255,13.373],[93.049,13.3738],[93.0555,13.3821],[93.071,13.3476],[93.0784,13.3483],[93.0784,13.3412],[93.0878,13.3436],[93.09,13.336],[93.0751,13.3286],[93.0701,13.3074],[93.0652,13.3043],[93.0606,13.3288],[93.0401,13.3221],[93.0461,13.346],[93.0392,13.3611],[93.0417,13.3677],[93.0348,13.3616],[93.041,13.3522],[93.0322,13.3453],[93.003,13.3541],[92.9893,13.3422],[92.9871,13.3291],[92.9796,13.3353],[92.9757,13.3504],[92.9713,13.3483],[92.9705,13.3604],[92.9602,13.3576],[92.9552,13.3444],[92.9501,13.3435],[92.9594,13.3258],[92.9775,13.3243],[92.9983,13.3148],[92.9949,13.301],[92.9859,13.2989],[92.9919,13.2925],[92.996,13.2916],[92.9876,13.2998],[92.9958,13.3001],[93.009,13.3209],[93.0064,13.3086],[93.0112,13.3091],[93.0119,13.3004],[93.0224,13.2941],[93.0108,13.2967],[93.0167,13.2894],[93.0103,13.2824],[93.0118,13.2768],[93.0198,13.2765],[93.0258,13.2824],[93.0328,13.2757],[93.0463,13.2818],[93.0403,13.2703],[93.045,13.2588],[93.0657,13.2723],[93.0567,13.2565],[93.0556,13.2326],[93.0421,13.2227],[93.0451,13.2102],[93.0318,13.1787],[93.0367,13.1709],[93.0335,13.1588],[93.0371,13.1399],[93.0304,13.1268],[93.0346,13.0826],[93.0268,13.0769],[93.0266,13.062],[93.0196,13.0507],[93.0123,13.048],[93.0029,13.0286],[92.9955,13.0354],[92.9901,13.0269],[92.9824,13.0246],[92.9653,13.0365],[92.9692,13.0166],[92.9758,13.015],[92.9716,13.0132],[92.9549,13.0186],[92.9512,13.0293],[92.9347,13.0427],[92.9359,13.052],[92.9441,13.0549],[92.9362,13.0872],[92.9351,13.0618],[92.9261,13.0619],[92.9235,13.0566],[92.9133,13.0762],[92.9042,13.0799],[92.9131,13.0705],[92.911,13.0613],[92.8973,13.0591],[92.8877,13.0449],[92.8982,13.0583],[92.9161,13.0545],[92.9015,13.0221],[92.9084,13.0],[92.9152,13.0011],[92.9187,12.9865],[92.9333,12.9892],[92.9306,12.9803],[92.9374,12.981],[92.9385,12.9717],[92.9301,12.9664],[92.9276,12.958],[92.9186,12.9602],[92.9125,12.9468],[92.908,12.9513],[92.9073,12.9859],[92.8982,12.9866],[92.897,12.9956],[92.8875,12.9825],[92.8813,12.9822],[92.8814,12.9687],[92.875,12.965],[92.8774,12.9581],[92.8719,12.9502],[92.8771,12.9443],[92.8687,12.9344],[92.8545,12.9398],[92.8579,12.9315],[92.8532,12.9151],[92.8596,12.9124],[92.8584,12.9033],[92.8661,12.9014],[92.8686,12.908],[92.8758,12.9086],[92.8696,12.8901],[92.8735,12.8835],[92.842,12.8765],[92.8422,12.8922],[92.8296,12.8865],[92.8246,12.8966],[92.8025,12.8993],[92.7944,12.914],[92.7938,12.9312],[92.7995,12.9306],[92.8017,12.94],[92.801,12.9488],[92.7925,12.9523],[92.7922,12.9661],[92.7971,12.964],[92.7984,12.9702],[92.7933,12.9794],[92.7949,12.9873],[92.8001,12.9917],[92.8059,12.9833],[92.8185,12.9862],[92.8085,12.9979],[92.8167,12.9987],[92.8254,13.0135],[92.8064,13.0066],[92.8059,13.0126],[92.7921,13.0119],[92.7878,13.0196],[92.7965,13.0402],[92.7931,13.0582],[92.7969,13.0898],[92.8021,13.0878],[92.8029,13.0772],[92.81,13.0742],[92.812,13.08],[92.8069,13.0795],[92.8093,13.0833],[92.8051,13.087],[92.8075,13.0995],[92.8132,13.104],[92.8223,13.0957],[92.8196,13.1027],[92.8255,13.1154],[92.8159,13.1155],[92.8098,13.1267],[92.8189,13.1275],[92.8239,13.1338],[92.8259,13.129],[92.83,13.1323],[92.8314,13.1243],[92.8351,13.1305],[92.8424,13.1272],[92.8438,13.1353],[92.8394,13.1366],[92.8478,13.1406],[92.8429,13.1465],[92.8218,13.1461],[92.8097,13.153],[92.8153,13.1748],[92.8337,13.1705],[92.8354,13.1736],[92.819,13.1843],[92.8245,13.1915],[92.8187,13.1948],[92.8206,13.2012],[92.8325,13.2143],[92.8238,13.217],[92.8294,13.2232],[92.8259,13.224],[92.8277,13.2371],[92.8371,13.2434],[92.8437,13.2358],[92.8505,13.2394],[92.8539,13.2363],[92.8499,13.2421],[92.8548,13.2561],[92.8513,13.2626],[92.8386,13.26],[92.822,13.2791],[92.824,13.2884],[92.8342,13.2845],[92.8387,13.2874],[92.8355,13.2948],[92.8418,13.3009],[92.8392,13.3065],[92.8217,13.3106],[92.8316,13.3151],[92.8267,13.3277],[92.8347,13.3377],[92.8336,13.3529],[92.8397,13.3754],[92.8448,13.3769],[92.8516,13.3694],[92.8546,13.3782],[92.8668,13.3816],[92.8663,13.3904],[92.8595,13.3856],[92.8523,13.3874],[92.8422,13.3995],[92.8491,13.4116],[92.8681,13.4025],[92.8696,13.4093],[92.8742,13.4104],[92.8686,13.4167],[92.8701,13.4249],[92.8751,13.4233],[92.8839,13.4296],[92.8808,13.4451],[92.8743,13.4478],[92.8762,13.4604],[92.8711,13.4648],[92.8721,13.472],[92.8871,13.478],[92.8988,13.4766],[92.9045,13.4973],[92.9189,13.5008],[92.9216,13.4941],[92.9297,13.5019],[92.9229,13.5127],[92.9275,13.5148],[92.9276,13.5216],[92.9173,13.5222],[92.9149,13.5339],[92.9316,13.5392],[92.9471,13.5372],[92.9542,13.5436],[92.9684,13.5414],[92.9752,13.5275],[92.99,13.5272],[92.9919,13.5368],[92.9809,13.5531],[92.9853,13.555],[92.9882,13.5733],[93.0022,13.5607],[93.0096,13.5425],[93.0149,13.5438],[93.0167,13.5712],[93.023,13.5715],[93.0274,13.5793],[93.0302,13.5711]]],[[[92.9024,13.6005],[92.9033,13.5961],[92.885,13.5746],[92.8821,13.5814],[92.8885,13.5952],[92.9024,13.6005]]],[[[93.0634,13.6541],[93.0664,13.6497],[93.0552,13.6439],[93.0467,13.6211],[93.0431,13.6376],[93.0562,13.6539],[93.0634,13.6541]]],[[[93.0167,13.6751],[93.0318,13.6337],[93.0257,13.6272],[93.0176,13.6337],[93.0152,13.6441],[93.0014,13.6496],[92.986,13.6427],[92.9769,13.655],[92.9823,13.6653],[93.0038,13.6707],[93.0055,13.6668],[93.0093,13.674],[93.0167,13.6751]]]]}},{"type":"Feature","properties":{"ST_NM":"Andhra Pradesh"},"geometry":{"type":"MultiPolygon","coordinates":[[[[81.3937,16.3338],[81.2713,16.2793],[81.2705,16.286],[81.2804,16.2921],[81.2678,16.3113],[81.277,16.3164],[81.2863,16.3119],[81.3305,16.3202],[81.3118,16.3077],[81.3519,16.3233],[81.3643,16.3327],[81.3937,16.3338]]],[[[84.6804,19.1656],[84.6885,19.1585],[84.7123,19.1578],[84.7135,19.1524],[84.701,19.1304],[84.7046,19.1177],[84.7686,19.08],[84.7554,19.0548],[84.7404,19.0582],[84.728,19.0513],[84.7231,19.0381],[84.725,19.03],[84.7325,19.031],[84.7427,19.0499],[84.7461,19.045],[84.7434,19.035],[84.7109,19.0018],[84.6864,18.963],[84.6224,18.9061],[84.5978,18.8747],[84.5918,18.8714],[84.5575,18.8741],[84.5588,18.8698],[84.5802,18.8677],[84.5831,18.8571],[84.5798,18.843],[84.5713,18.8365],[84.5566,18.8017],[84.5536,18.7833],[84.4933,18.7339],[84.4455,18.6736],[84.4349,18.6785],[84.4286,18.6697],[84.4117,18.6669],[84.4243,18.6614],[84.437,18.6643],[84.4434,18.6586],[84.4369,18.6502],[84.4123,18.6364],[84.3873,18.61],[84.3572,18.5639],[84.3485,18.5652],[84.3481,18.5831],[84.3336,18.5734],[84.333,18.5573],[84.3215,18.5619],[84.3139,18.5597],[84.3107,18.5437],[84.2743,18.5187],[84.2742,18.5116],[84.2991,18.53],[84.3253,18.5381],[84.3478,18.5552],[84.3491,18.5484],[84.2215,18.4418],[84.1492,18.3687],[84.1366,18.3506],[84.1042,18.349],[84.0785,18.3376],[84.0611,18.3359],[83.9927,18.3583],[83.993,18.3497],[84.0288,18.3399],[84.0586,18.3252],[84.0728,18.3263],[84.0952,18.3372],[84.1194,18.339],[84.1274,18.3286],[84.1261,18.313],[84.1184,18.301],[84.0752,18.2786],[84.0579,18.2634],[83.9769,18.2304],[83.9543,18.2136],[83.927,18.225],[83.9254,18.2195],[83.9327,18.2082],[83.8865,18.1913],[83.8694,18.1709],[83.7767,18.139],[83.703,18.1017],[83.6798,18.0842],[83.6608,18.0841],[83.6573,18.0816],[83.6679,18.0725],[83.6188,18.0443],[83.5827,18.012],[83.556,18.0194],[83.566,18.0021],[83.561,17.973],[83.5543,17.9626],[83.4747,17.9105],[83.446,17.9204],[83.4548,17.892],[83.4534,17.8802],[83.4143,17.8415],[83.4072,17.846],[83.4037,17.8436],[83.4194,17.8251],[83.4163,17.8074],[83.3781,17.7676],[83.3558,17.753],[83.3403,17.7142],[83.3044,17.6957],[83.2899,17.6619],[83.2413,17.6253],[83.2278,17.6287],[83.2155,17.6466],[83.1982,17.6381],[83.1972,17.6267],[83.2016,17.6228],[83.2311,17.6158],[83.2304,17.6035],[83.2189,17.591],[83.147,17.549],[83.1059,17.5389],[83.1109,17.5511],[83.1031,17.549],[83.0857,17.5303],[83.0445,17.5166],[83.0141,17.5005],[83.0059,17.493],[83.0047,17.4823],[82.991,17.4698],[82.945,17.4529],[82.84,17.3996],[82.7531,17.3662],[82.623,17.295],[82.5486,17.2478],[82.4455,17.1641],[82.3059,17.0296],[82.2836,16.9956],[82.2697,16.9334],[82.2529,16.9313],[82.2495,16.8909],[82.2623,16.8835],[82.2697,16.8671],[82.2796,16.869],[82.2827,16.8614],[82.3097,16.853],[82.3159,16.8399],[82.3208,16.8394],[82.3253,16.8507],[82.3521,16.8493],[82.3571,16.8418],[82.3544,16.8311],[82.3584,16.8152],[82.363,16.8185],[82.366,16.928],[82.3543,16.9552],[82.3355,16.9732],[82.3333,16.9815],[82.3368,16.9835],[82.3512,16.9727],[82.3679,16.9397],[82.3755,16.8795],[82.3756,16.8425],[82.3487,16.7506],[82.3505,16.7215],[82.3303,16.7286],[82.3202,16.7246],[82.3214,16.7198],[82.3425,16.7098],[82.3399,16.6886],[82.3477,16.6871],[82.3564,16.6923],[82.3586,16.7052],[82.3679,16.7018],[82.3238,16.6508],[82.3361,16.6167],[82.3323,16.5798],[82.3247,16.5733],[82.3132,16.5859],[82.328,16.5839],[82.3273,16.6114],[82.3225,16.6238],[82.3147,16.6257],[82.3084,16.6042],[82.2898,16.6204],[82.289,16.611],[82.3046,16.5914],[82.2982,16.5705],[82.2701,16.5639],[82.2635,16.5582],[82.2861,16.5546],[82.3162,16.5593],[82.3132,16.5548],[82.2488,16.5422],[82.1493,16.4872],[82.1671,16.5068],[82.1691,16.5207],[82.2,16.5585],[82.1976,16.5648],[82.1802,16.5611],[82.1643,16.5498],[82.1432,16.5174],[82.1407,16.4844],[82.0217,16.4305],[81.9675,16.3962],[81.9625,16.4078],[81.9693,16.436],[81.9649,16.4374],[81.9568,16.4259],[81.9503,16.3984],[81.9451,16.3943],[81.8546,16.3705],[81.7258,16.3074],[81.7229,16.3129],[81.735,16.3489],[81.7347,16.3565],[81.7248,16.3557],[81.7244,16.332],[81.7088,16.3028],[81.7016,16.305],[81.6971,16.322],[81.6608,16.336],[81.5928,16.3418],[81.5728,16.348],[81.5651,16.356],[81.5805,16.3602],[81.5665,16.3679],[81.5495,16.3903],[81.5545,16.3601],[81.5286,16.3508],[81.4032,16.3369],[81.4032,16.346],[81.3908,16.3532],[81.399,16.3601],[81.4093,16.356],[81.4078,16.3712],[81.4138,16.3755],[81.4086,16.3814],[81.3838,16.36],[81.3681,16.356],[81.3434,16.3664],[81.3128,16.3602],[81.3132,16.3525],[81.304,16.3487],[81.3028,16.3435],[81.3212,16.3424],[81.2913,16.3255],[81.2583,16.319],[81.2461,16.3044],[81.2664,16.29],[81.2632,16.2789],[81.2414,16.2607],[81.2671,16.2707],[81.2226,16.2269],[81.2115,16.2049],[81.1849,16.0844],[81.161,16.0502],[81.1476,16.0192],[81.1465,15.9992],[81.1529,15.9748],[81.1446,15.974],[81.1294,15.9824],[81.1088,16.0051],[81.0988,16.008],[81.0838,16.0019],[81.1092,15.9963],[81.1406,15.9622],[81.0453,15.8972],[81.01,15.8492],[80.996,15.8243],[81.0001,15.8],[81.0116,15.7756],[81.0071,15.7625],[80.9568,15.8069],[80.9492,15.8113],[80.94,15.8072],[80.9595,15.794],[80.9894,15.7606],[80.9601,15.7358],[80.9455,15.7282],[80.9369,15.7297],[80.8998,15.766],[80.8743,15.807],[80.8704,15.8226],[80.8629,15.8221],[80.8609,15.8122],[80.8761,15.7939],[80.8916,15.7609],[80.9168,15.7308],[80.915,15.7273],[80.8695,15.7206],[80.8506,15.7077],[80.8387,15.7066],[80.804,15.7162],[80.8048,15.7501],[80.8103,15.7506],[80.8171,15.7414],[80.8197,15.7443],[80.8123,15.7702],[80.8159,15.8094],[80.8077,15.8355],[80.7857,15.8598],[80.7559,15.8802],[80.7305,15.8862],[80.6407,15.8784],[80.6055,15.8676],[80.5791,15.8665],[80.5342,15.8501],[80.5558,15.8653],[80.4982,15.8571],[80.4959,15.8549],[80.52,15.8525],[80.5212,15.8459],[80.4196,15.7978],[80.3597,15.7638],[80.2775,15.6821],[80.2396,15.6141],[80.2223,15.545],[80.2068,15.5474],[80.1755,15.5733],[80.1693,15.5705],[80.1676,15.5594],[80.1357,15.5585],[80.1403,15.5501],[80.1698,15.5523],[80.1785,15.5602],[80.1856,15.5597],[80.2135,15.5312],[80.2065,15.5091],[80.184,15.4907],[80.1963,15.4908],[80.2086,15.5024],[80.2101,15.4951],[80.2024,15.4847],[80.1967,15.4625],[80.1305,15.3805],[80.1027,15.3342],[80.0805,15.267],[80.0873,15.2159],[80.0838,15.1953],[80.0713,15.1933],[80.0476,15.2132],[80.0303,15.2091],[80.0503,15.2018],[80.0628,15.1861],[80.0737,15.1819],[80.051,15.1127],[80.0457,15.0496],[80.051,15.0072],[80.0663,14.9747],[80.0932,14.8332],[80.0933,14.8269],[80.0857,14.8251],[80.0888,14.8143],[80.0752,14.8172],[80.0746,14.8137],[80.0908,14.8007],[80.114,14.7332],[80.1323,14.7092],[80.1337,14.6954],[80.1204,14.6902],[80.1214,14.6832],[80.1291,14.6818],[80.1392,14.6939],[80.1454,14.6912],[80.1541,14.6711],[80.1643,14.6208],[80.1839,14.5898],[80.1803,14.5831],[80.1472,14.568],[80.0935,14.5344],[80.1156,14.5299],[80.1432,14.5555],[80.1706,14.5667],[80.1946,14.5639],[80.1793,14.4569],[80.173,14.3466],[80.1467,14.2838],[80.1459,14.2543],[80.1237,14.2425],[80.1375,14.2373],[80.1288,14.1843],[80.1289,14.1491],[80.1537,14.0243],[80.1442,14.0221],[80.1441,14.0175],[80.159,13.993],[80.1643,13.993],[80.1657,13.9989],[80.1694,13.9924],[80.2383,13.8289],[80.2379,13.8094],[80.245,13.8052],[80.2495,13.7884],[80.2362,13.6915],[80.2368,13.6558],[80.2444,13.619],[80.2697,13.5632],[80.2649,13.5604],[80.2418,13.468],[80.2156,13.4875],[80.2109,13.4844],[80.1477,13.4944],[80.1469,13.5036],[80.1262,13.5073],[80.1133,13.5081],[80.1108,13.4919],[80.0805,13.4911],[80.08,13.5257],[80.0896,13.537],[80.0819,13.5506],[80.0635,13.5435],[80.0579,13.535],[80.03,13.5381],[80.0202,13.5453],[80.0066,13.5425],[80.0021,13.5396],[80.0026,13.523],[80.0187,13.528],[80.0261,13.5169],[80.0453,13.5149],[80.0495,13.5124],[80.0486,13.4975],[80.0184,13.5007],[79.986,13.4805],[79.982,13.4697],[79.9744,13.4642],[79.9758,13.4309],[79.9634,13.4211],[79.9485,13.4225],[79.9451,13.4173],[79.9482,13.3978],[79.9629,13.395],[79.9662,13.3871],[79.9607,13.3802],[79.9524,13.3821],[79.9527,13.3711],[79.9382,13.349],[79.9233,13.3567],[79.9045,13.3376],[79.8832,13.3247],[79.8715,13.3266],[79.8638,13.3163],[79.8129,13.3171],[79.7999,13.2974],[79.7924,13.2949],[79.7666,13.3155],[79.7587,13.2927],[79.7339,13.2849],[79.7344,13.2784],[79.7654,13.2565],[79.7881,13.247],[79.7976,13.2364],[79.796,13.2308],[79.7863,13.2304],[79.7645,13.2176],[79.7571,13.2077],[79.751,13.2111],[79.7452,13.2277],[79.7355,13.2346],[79.7312,13.2353],[79.7284,13.2271],[79.7123,13.2154],[79.7014,13.2201],[79.7086,13.2466],[79.7045,13.2512],[79.6933,13.241],[79.6859,13.2421],[79.6863,13.2596],[79.6969,13.2693],[79.681,13.2945],[79.6751,13.2807],[79.6659,13.2871],[79.6509,13.2887],[79.645,13.286],[79.642,13.2734],[79.6332,13.2714],[79.6136,13.2802],[79.6011,13.2728],[79.5979,13.2595],[79.5927,13.2578],[79.5778,13.2618],[79.5611,13.2794],[79.5538,13.2912],[79.5481,13.3233],[79.4668,13.3363],[79.4294,13.3339],[79.4135,13.3277],[79.3867,13.3149],[79.4176,13.2974],[79.4339,13.2987],[79.4372,13.2934],[79.4305,13.2866],[79.4312,13.2784],[79.4209,13.2588],[79.4231,13.2242],[79.4293,13.2243],[79.4305,13.2306],[79.4484,13.2419],[79.4548,13.2413],[79.4578,13.2289],[79.4339,13.2207],[79.4361,13.1996],[79.3907,13.1945],[79.3813,13.1883],[79.3831,13.1806],[79.3735,13.1681],[79.36,13.175],[79.3591,13.1469],[79.3669,13.1418],[79.3567,13.1356],[79.3476,13.1395],[79.343,13.1333],[79.329,13.1314],[79.3203,13.1089],[79.3098,13.1094],[79.3111,13.1268],[79.2972,13.1348],[79.2861,13.1328],[79.2796,13.1531],[79.2687,13.1484],[79.2594,13.1599],[79.2555,13.1452],[79.2489,13.1386],[79.2304,13.1473],[79.2268,13.1394],[79.2346,13.1278],[79.2305,13.1157],[79.2196,13.1032],[79.2055,13.1015],[79.2011,13.0964],[79.1913,13.0719],[79.1816,13.0648],[79.1869,13.0615],[79.1845,13.0555],[79.1888,13.0501],[79.1854,13.0311],[79.165,13.0191],[79.1314,13.0343],[79.1165,13.0359],[79.0949,13.0241],[79.0812,13.0257],[79.0661,13.0397],[79.0653,13.0495],[79.0379,13.061],[79.0348,13.0678],[79.0123,13.0693],[78.9914,13.0878],[78.9577,13.0748],[78.9484,13.0812],[78.9419,13.0772],[78.9262,13.079],[78.9205,13.0617],[78.9127,13.0633],[78.9053,13.0463],[78.9292,13.0438],[78.9405,13.0327],[78.9365,13.0299],[78.9278,13.0343],[78.8937,13.031],[78.8952,13.0931],[78.8877,13.0973],[78.8764,13.0958],[78.87,13.0821],[78.8439,13.0806],[78.8197,13.0889],[78.7891,13.0641],[78.7575,13.0563],[78.7139,13.0669],[78.7053,13.0152],[78.6625,13.0286],[78.6487,13.0075],[78.625,12.9895],[78.6494,12.9651],[78.6405,12.9638],[78.6583,12.9298],[78.649,12.9267],[78.6372,12.9299],[78.6175,12.8845],[78.616,12.8682],[78.6032,12.8493],[78.6093,12.8219],[78.5999,12.8156],[78.6014,12.8033],[78.5942,12.7961],[78.5936,12.7816],[78.5774,12.7698],[78.5786,12.7629],[78.5572,12.7547],[78.562,12.7495],[78.5574,12.7394],[78.5657,12.7369],[78.5572,12.7182],[78.564,12.7079],[78.5569,12.7034],[78.5595,12.6964],[78.5361,12.6905],[78.5303,12.7031],[78.5326,12.7079],[78.5373,12.7055],[78.5381,12.712],[78.524,12.7187],[78.5226,12.7324],[78.5191,12.7238],[78.5152,12.7241],[78.5059,12.741],[78.4959,12.7454],[78.4912,12.7407],[78.496,12.7337],[78.5053,12.7219],[78.5207,12.7156],[78.5215,12.7095],[78.5156,12.704],[78.5051,12.7142],[78.5047,12.7044],[78.498,12.7012],[78.5088,12.6872],[78.5003,12.6741],[78.4858,12.6699],[78.4693,12.6729],[78.4747,12.6461],[78.4665,12.6227],[78.4592,12.6272],[78.4366,12.6255],[78.43,12.6312],[78.4114,12.6239],[78.3799,12.6223],[78.3408,12.6488],[78.3338,12.6476],[78.3201,12.6603],[78.3018,12.6632],[78.2756,12.702],[78.2438,12.7039],[78.2386,12.6994],[78.2392,12.684],[78.2112,12.6857],[78.2009,12.6914],[78.2104,12.7],[78.2071,12.7067],[78.2314,12.7134],[78.24,12.7303],[78.2303,12.7571],[78.2405,12.7721],[78.2512,12.8132],[78.252,12.8574],[78.2735,12.8666],[78.2866,12.8592],[78.3141,12.8573],[78.3151,12.8759],[78.3326,12.873],[78.3385,12.8842],[78.3219,12.8839],[78.3244,12.8987],[78.3274,12.9027],[78.3382,12.8994],[78.3564,12.9382],[78.3894,12.9054],[78.3962,12.9065],[78.3995,12.9158],[78.4141,12.9016],[78.4285,12.8994],[78.4358,12.9037],[78.4376,12.9124],[78.447,12.911],[78.4497,12.8901],[78.4639,12.8759],[78.4655,12.8636],[78.4674,12.9032],[78.4281,12.9305],[78.4187,12.9184],[78.4121,12.943],[78.4217,12.948],[78.4202,12.9571],[78.4275,12.9546],[78.4384,12.9608],[78.4337,12.9789],[78.469,12.9736],[78.4725,12.9894],[78.4633,13.014],[78.4626,13.0418],[78.4721,13.0423],[78.4821,13.0541],[78.5156,13.0631],[78.5096,13.0801],[78.5129,13.092],[78.5248,13.095],[78.5258,13.1014],[78.539,13.1077],[78.5221,13.1166],[78.5197,13.1299],[78.5324,13.1393],[78.5464,13.1411],[78.5437,13.1524],[78.5497,13.1619],[78.5801,13.1668],[78.5743,13.1877],[78.5534,13.1904],[78.5519,13.1975],[78.5693,13.2025],[78.5796,13.2146],[78.5681,13.2223],[78.5697,13.2374],[78.5883,13.2723],[78.578,13.282],[78.5664,13.3096],[78.5614,13.2862],[78.5579,13.2828],[78.5395,13.286],[78.5315,13.2657],[78.5227,13.2701],[78.5118,13.2873],[78.4831,13.3011],[78.4823,13.3179],[78.4769,13.3201],[78.4465,13.3083],[78.4395,13.327],[78.4349,13.329],[78.4017,13.3135],[78.3895,13.3266],[78.3773,13.3298],[78.3816,13.3422],[78.3879,13.3411],[78.3857,13.3362],[78.3988,13.3282],[78.4016,13.3335],[78.4056,13.3324],[78.4077,13.3421],[78.3851,13.3561],[78.3667,13.3564],[78.3654,13.3647],[78.3815,13.4007],[78.3727,13.4617],[78.3774,13.4764],[78.3773,13.5047],[78.4077,13.5757],[78.4007,13.5876],[78.3902,13.5908],[78.3535,13.5872],[78.3223,13.5928],[78.2593,13.5835],[78.2373,13.5964],[78.2322,13.5862],[78.2181,13.591],[78.2054,13.5698],[78.1928,13.5655],[78.189,13.588],[78.2032,13.604],[78.2034,13.6252],[78.1953,13.6302],[78.1699,13.6324],[78.1651,13.6576],[78.1166,13.6559],[78.1031,13.6491],[78.0998,13.6418],[78.0899,13.6441],[78.0892,13.6592],[78.0674,13.6757],[78.0732,13.6833],[78.0731,13.6969],[78.0943,13.6894],[78.1145,13.6932],[78.1185,13.719],[78.094,13.7422],[78.1044,13.759],[78.1201,13.7705],[78.1273,13.7856],[78.1167,13.8123],[78.1262,13.8304],[78.1149,13.8621],[78.0837,13.8635],[78.0797,13.8805],[78.0498,13.8952],[78.0517,13.8722],[78.0466,13.8613],[78.0243,13.8628],[78.0134,13.8701],[77.9938,13.87],[77.9744,13.8285],[77.9532,13.8283],[77.9566,13.8377],[77.951,13.8885],[77.9866,13.9017],[77.9819,13.9281],[77.9871,13.9559],[77.9697,13.9582],[77.9592,13.9361],[77.9473,13.9328],[77.9282,13.9069],[77.92,13.9054],[77.898,13.9195],[77.8953,13.9393],[77.8383,13.9351],[77.8264,13.9428],[77.8166,13.9305],[77.8145,13.9166],[77.8192,13.9027],[77.8292,13.8973],[77.8332,13.8879],[77.8355,13.8796],[77.8274,13.8741],[77.836,13.8687],[77.819,13.8601],[77.811,13.8487],[77.7842,13.8439],[77.7867,13.8209],[77.7365,13.8097],[77.7209,13.7984],[77.7216,13.7541],[77.7169,13.7407],[77.7103,13.739],[77.7036,13.7693],[77.6717,13.7601],[77.6798,13.778],[77.6782,13.7854],[77.657,13.7837],[77.6183,13.7632],[77.6205,13.7547],[77.6417,13.7491],[77.6447,13.7431],[77.6365,13.7378],[77.6236,13.7362],[77.6121,13.7503],[77.6034,13.7513],[77.5814,13.7344],[77.5744,13.7371],[77.5639,13.7242],[77.5559,13.7281],[77.5472,13.7514],[77.5273,13.7515],[77.5228,13.7446],[77.5352,13.7267],[77.5293,13.6956],[77.52,13.6933],[77.5104,13.712],[77.495,13.7144],[77.4873,13.7108],[77.4928,13.6943],[77.4906,13.6873],[77.4573,13.6834],[77.4523,13.7033],[77.4644,13.7202],[77.4701,13.7511],[77.4582,13.793],[77.4648,13.8045],[77.4479,13.8097],[77.436,13.7954],[77.4242,13.7983],[77.4265,13.8071],[77.4159,13.8066],[77.4335,13.8371],[77.4318,13.8425],[77.38,13.8385],[77.3802,13.8454],[77.3665,13.8529],[77.3342,13.832],[77.327,13.8329],[77.3138,13.8644],[77.2965,13.8571],[77.2898,13.8481],[77.2572,13.8465],[77.2598,13.8631],[77.2474,13.8729],[77.2482,13.8958],[77.2467,13.901],[77.2405,13.9019],[77.2321,13.9024],[77.2181,13.8684],[77.2147,13.8673],[77.2154,13.8854],[77.2115,13.8881],[77.2035,13.8664],[77.1993,13.8631],[77.1853,13.8667],[77.1816,13.8683],[77.1887,13.9081],[77.1835,13.9242],[77.1659,13.9153],[77.1623,13.9066],[77.1714,13.8731],[77.169,13.8638],[77.1458,13.8659],[77.1303,13.8562],[77.1317,13.8498],[77.1522,13.8418],[77.1544,13.8357],[77.1688,13.8276],[77.1606,13.8075],[77.1651,13.794],[77.178,13.779],[77.1732,13.7616],[77.1441,13.7626],[77.13,13.7578],[77.1017,13.7677],[77.0868,13.7602],[77.087,13.7442],[77.0664,13.7457],[77.0414,13.776],[77.0326,13.7782],[77.026,13.7766],[77.0176,13.7394],[76.9987,13.7492],[76.9873,13.7924],[76.9918,13.7996],[76.9897,13.8108],[76.9748,13.8168],[76.9744,13.821],[76.99,13.8343],[76.9922,13.8458],[77.0001,13.8455],[77.012,13.8567],[77.0233,13.8999],[77.0473,13.904],[77.0418,13.9322],[76.9948,13.9632],[77.0002,13.9879],[76.9809,14.003],[76.9542,14.0131],[76.9464,14.0269],[76.9366,14.029],[76.9435,14.0539],[76.9772,14.0587],[76.9806,14.0716],[76.9737,14.086],[76.9518,14.0915],[76.9537,14.1028],[76.9484,14.1181],[76.9324,14.1334],[76.9278,14.1352],[76.9179,14.1283],[76.8889,14.1371],[76.8967,14.1651],[76.902,14.168],[76.9225,14.1638],[76.9283,14.1695],[76.9424,14.1721],[76.947,14.1955],[76.9639,14.1817],[77.0254,14.179],[77.0195,14.1337],[77.0259,14.1287],[77.0223,14.1124],[77.014,14.1045],[77.0297,14.0898],[77.026,14.0678],[77.0295,14.0597],[77.075,14.0537],[77.0755,14.046],[77.0824,14.0446],[77.1272,14.0488],[77.1402,14.0163],[77.1405,14.0048],[77.1536,13.9983],[77.1607,13.9973],[77.1691,14.0045],[77.1679,14.013],[77.1777,14.0153],[77.2009,14.0096],[77.2253,14.0147],[77.2491,14.0131],[77.2623,14.0278],[77.2781,14.035],[77.2792,14.0149],[77.2851,14.0138],[77.3102,14.0337],[77.3202,14.0318],[77.3371,13.9974],[77.3606,13.9894],[77.3506,13.958],[77.3695,13.9494],[77.3495,13.9194],[77.3553,13.9037],[77.3975,13.9049],[77.3989,13.8871],[77.4328,13.9093],[77.4346,13.9165],[77.4173,13.9218],[77.4148,13.9433],[77.4358,13.9506],[77.4377,13.976],[77.4275,13.9841],[77.3826,13.9762],[77.3801,13.9888],[77.3903,14.0144],[77.3329,14.0299],[77.3447,14.0608],[77.3569,14.0604],[77.3653,14.0659],[77.3681,14.0729],[77.3791,14.0789],[77.3864,14.0974],[77.4022,14.1104],[77.4032,14.1176],[77.3965,14.1256],[77.3656,14.1157],[77.3512,14.1029],[77.3544,14.1312],[77.3834,14.1365],[77.3893,14.1547],[77.3963,14.1605],[77.3964,14.1722],[77.4164,14.1767],[77.4302,14.1721],[77.4702,14.1713],[77.5074,14.1581],[77.5173,14.1791],[77.4969,14.2347],[77.5057,14.2566],[77.5031,14.2787],[77.4912,14.2822],[77.4861,14.2917],[77.4614,14.2791],[77.4503,14.2844],[77.449,14.3166],[77.4341,14.3117],[77.4324,14.3276],[77.4013,14.3359],[77.3853,14.3238],[77.3815,14.3019],[77.3909,14.2724],[77.4076,14.2672],[77.4224,14.2189],[77.4216,14.2101],[77.3979,14.1978],[77.3904,14.1987],[77.3882,14.217],[77.3832,14.2236],[77.3619,14.2368],[77.3657,14.2761],[77.2858,14.2827],[77.2873,14.3377],[77.2639,14.3322],[77.2512,14.321],[77.238,14.3176],[77.2289,14.3215],[77.2023,14.3207],[77.1656,14.3426],[77.1413,14.3403],[77.1315,14.3079],[77.1177,14.2938],[77.1127,14.2681],[77.1213,14.2632],[77.1158,14.2279],[77.1109,14.2197],[77.101,14.2159],[77.0811,14.2157],[77.0552,14.2458],[77.0386,14.2467],[77.0096,14.2378],[76.9879,14.2443],[76.9488,14.2424],[76.9431,14.2462],[76.93,14.2782],[76.949,14.2877],[76.9554,14.3001],[76.9481,14.3114],[76.904,14.3252],[76.884,14.3523],[76.888,14.3961],[76.9016,14.4003],[76.9181,14.4194],[76.9467,14.4055],[76.9488,14.451],[76.9637,14.4513],[76.9694,14.4577],[76.9793,14.4763],[76.9785,14.4842],[76.9114,14.4899],[76.875,14.4742],[76.8589,14.5046],[76.8321,14.5287],[76.8243,14.5259],[76.8042,14.5333],[76.7906,14.5586],[76.7806,14.5958],[76.777,14.5927],[76.7652,14.6017],[76.7755,14.6792],[76.8023,14.7399],[76.7845,14.7845],[76.8152,14.7868],[76.825,14.7919],[76.838,14.7903],[76.8415,14.8095],[76.853,14.8094],[76.8539,14.8172],[76.8443,14.8354],[76.8537,14.844],[76.8584,14.8667],[76.848,14.8917],[76.8503,14.8956],[76.8645,14.8965],[76.8697,14.9428],[76.8686,14.9692],[76.8453,14.9663],[76.832,14.9562],[76.8195,14.9689],[76.8008,14.968],[76.7676,14.9749],[76.7608,14.988],[76.769,14.9941],[76.7734,15.0056],[76.7836,15.0109],[76.7884,15.0217],[76.7749,15.0591],[76.778,15.0763],[76.7877,15.0806],[76.786,15.0838],[76.8008,15.0957],[76.8646,15.0618],[76.8808,15.0338],[76.9004,15.0371],[76.9471,15.0323],[76.9712,15.0185],[76.9862,15.0157],[76.988,15.0257],[77.0052,15.0349],[77.0515,15.0346],[77.0534,15.0293],[77.0457,15.0109],[77.0836,15.0055],[77.0868,15.0277],[77.0955,15.0332],[77.1144,15.0341],[77.1303,15.0737],[77.1324,15.0991],[77.1525,15.1128],[77.1589,15.126],[77.1576,15.1371],[77.1401,15.1414],[77.1368,15.1481],[77.1417,15.1546],[77.1625,15.1544],[77.1693,15.1739],[77.1629,15.1992],[77.1461,15.2234],[77.1255,15.2265],[77.1281,15.2386],[77.1373,15.2399],[77.1449,15.2568],[77.17,15.2563],[77.1689,15.2644],[77.1498,15.2713],[77.1526,15.2909],[77.12,15.295],[77.1142,15.3324],[77.0735,15.3246],[77.0659,15.3269],[77.0672,15.343],[77.0423,15.3638],[77.0481,15.3887],[77.0327,15.4062],[77.0352,15.4233],[77.0315,15.4401],[77.0102,15.4531],[77.0,15.4723],[76.9743,15.4957],[76.9758,15.5111],[77.0,15.5045],[77.0307,15.5048],[77.0329,15.5299],[77.0277,15.5811],[77.0329,15.603],[77.0332,15.6385],[77.0729,15.6456],[77.0855,15.6576],[77.1204,15.6299],[77.1251,15.642],[77.1292,15.6638],[77.1049,15.6836],[77.08,15.6955],[77.0857,15.7],[77.0884,15.7136],[77.0803,15.715],[77.0803,15.726],[77.051,15.7296],[77.0512,15.7377],[77.0471,15.739],[77.0506,15.7559],[77.0556,15.7547],[77.0536,15.7686],[77.0576,15.7682],[77.0664,15.7829],[77.0712,15.8006],[77.0654,15.8024],[77.0678,15.8276],[77.0453,15.8261],[77.026,15.8362],[77.0369,15.8575],[77.0806,15.9141],[77.1612,15.9489],[77.1847,15.9545],[77.2403,15.9573],[77.2532,15.9623],[77.2868,15.952],[77.3046,15.9551],[77.3192,15.9498],[77.3582,15.9484],[77.3808,15.938],[77.4123,15.9405],[77.4312,15.9471],[77.4718,15.9325],[77.5022,15.9313],[77.5368,15.9211],[77.5936,15.9121],[77.6116,15.9169],[77.631,15.9043],[77.6449,15.8883],[77.6643,15.8818],[77.6979,15.8806],[77.7216,15.8919],[77.8049,15.8708],[77.8396,15.881],[77.8559,15.8794],[77.8728,15.8979],[77.8936,15.9015],[77.9343,15.8822],[77.979,15.8798],[78.008,15.865],[78.0231,15.9009],[78.035,15.9085],[78.046,15.9039],[78.0469,15.878],[78.0551,15.8766],[78.07,15.8505],[78.116,15.8332],[78.1333,15.8409],[78.1323,15.8549],[78.1712,15.855],[78.188,15.8937],[78.1865,15.9064],[78.2119,15.9231],[78.2445,15.9351],[78.2663,16.0007],[78.2579,16.0316],[78.2632,16.0372],[78.2747,16.0407],[78.2988,16.0345],[78.3229,16.0352],[78.3471,16.0588],[78.3768,16.0659],[78.391,16.0779],[78.4124,16.087],[78.4579,16.0872],[78.5662,16.0627],[78.6106,16.1028],[78.6242,16.1053],[78.6437,16.0979],[78.6823,16.0556],[78.721,16.0333],[78.7464,16.0278],[78.7826,16.0304],[78.8213,16.059],[78.844,16.0941],[78.8478,16.1096],[78.838,16.1488],[78.8453,16.1634],[78.8639,16.1653],[78.8705,16.1598],[78.8802,16.117],[78.8967,16.1054],[78.9088,16.1045],[78.9181,16.1121],[78.9295,16.1287],[78.9285,16.1405],[78.9132,16.1717],[78.913,16.1886],[78.9156,16.1978],[78.9331,16.2091],[79.0001,16.2351],[79.0178,16.2473],[79.0386,16.2526],[79.0764,16.245],[79.141,16.2434],[79.1591,16.2317],[79.1845,16.2242],[79.2267,16.2468],[79.233,16.2572],[79.2378,16.3073],[79.2357,16.3438],[79.2311,16.3573],[79.2193,16.3697],[79.2204,16.4006],[79.2268,16.445],[79.2341,16.4594],[79.244,16.4654],[79.2429,16.4775],[79.2319,16.4989],[79.233,16.5149],[79.2382,16.526],[79.2685,16.5531],[79.2738,16.5682],[79.3411,16.5853],[79.4345,16.5894],[79.4511,16.6006],[79.4585,16.6161],[79.5052,16.6375],[79.562,16.6416],[79.608,16.6703],[79.6562,16.6691],[79.6768,16.6911],[79.6912,16.6975],[79.7309,16.6998],[79.742,16.7052],[79.7587,16.7273],[79.7831,16.7367],[79.7916,16.7321],[79.8186,16.6978],[79.8702,16.7056],[79.8817,16.6962],[79.8993,16.6571],[79.9105,16.6454],[79.9321,16.6384],[79.9511,16.6403],[79.9667,16.6497],[80.0,16.7002],[80.0252,16.7195],[80.0564,16.7528],[80.0601,16.7789],[80.0781,16.8212],[80.0503,16.8335],[80.0415,16.8599],[80.0222,16.8603],[80.0,16.8706],[80.0179,16.9145],[80.0454,16.9437],[80.0542,16.9725],[80.0926,16.9705],[80.096,16.9947],[80.1141,16.9886],[80.1285,16.9941],[80.1422,16.9927],[80.1508,17.0088],[80.1756,17.0309],[80.1905,17.0522],[80.2026,17.0498],[80.204,17.0254],[80.2097,17.0205],[80.2263,17.027],[80.2442,17.0098],[80.2706,17.0181],[80.3099,16.9635],[80.3164,16.9315],[80.324,16.9201],[80.3279,16.8788],[80.346,16.875],[80.3436,16.8636],[80.3673,16.8628],[80.3817,16.8191],[80.4079,16.8396],[80.4084,16.8577],[80.4274,16.8504],[80.4316,16.8374],[80.4614,16.8234],[80.4652,16.7982],[80.4799,16.7965],[80.4984,16.7841],[80.5199,16.7783],[80.5717,16.7712],[80.5782,16.7792],[80.613,16.7962],[80.5948,16.815],[80.5649,16.8267],[80.5635,16.8331],[80.5728,16.8508],[80.5738,16.8773],[80.5956,16.8822],[80.59,16.905],[80.5991,16.9198],[80.593,16.9347],[80.5783,16.935],[80.5405,16.9582],[80.5294,16.9444],[80.5,16.9561],[80.4943,16.935],[80.4965,16.9255],[80.4512,16.9528],[80.3668,16.9783],[80.3783,16.9907],[80.3798,17.0035],[80.3951,17.0106],[80.3973,17.0218],[80.3864,17.031],[80.3869,17.0418],[80.3755,17.0641],[80.4036,17.0851],[80.4094,17.0618],[80.4229,17.0495],[80.4291,17.0326],[80.4549,17.0248],[80.4615,17.0448],[80.4804,17.0459],[80.4908,17.058],[80.4954,17.0906],[80.5047,17.1155],[80.528,17.1159],[80.5577,17.1314],[80.5688,17.1458],[80.5821,17.143],[80.6125,17.1233],[80.6384,17.1179],[80.6339,17.1096],[80.6654,17.0957],[80.6465,17.0799],[80.6427,17.0669],[80.6483,17.0631],[80.6844,17.0693],[80.6927,17.0768],[80.7345,17.0727],[80.7554,17.0631],[80.8321,17.0461],[80.8414,17.0341],[80.8537,17.0412],[80.8677,17.0592],[80.8653,17.0768],[80.873,17.1041],[80.8639,17.1196],[80.8756,17.1328],[80.8791,17.1545],[80.905,17.149],[80.9221,17.1542],[80.9237,17.1781],[80.9173,17.1862],[80.9141,17.2094],[80.9394,17.2132],[80.9648,17.1965],[81.0001,17.188],[81.035,17.195],[81.0527,17.2129],[81.0554,17.2222],[81.071,17.2125],[81.127,17.233],[81.1717,17.2411],[81.1894,17.2631],[81.18,17.2751],[81.1794,17.3048],[81.1904,17.3305],[81.1991,17.3357],[81.276,17.3285],[81.298,17.346],[81.3335,17.3991],[81.3462,17.3984],[81.3587,17.377],[81.3807,17.3657],[81.3941,17.3637],[81.4245,17.3702],[81.429,17.3808],[81.4504,17.3903],[81.5023,17.4574],[81.5082,17.5399],[81.5325,17.5781],[81.5117,17.5982],[81.5206,17.6181],[81.5429,17.6387],[81.5689,17.6848],[81.5798,17.6961],[81.5853,17.7342],[81.6178,17.7518],[81.6317,17.7709],[81.6934,17.7787],[81.7069,17.7927],[81.7126,17.8077],[81.7382,17.8275],[81.7616,17.8265],[81.7726,17.8381],[81.791,17.8402],[81.803,17.8523],[81.8014,17.8607],[81.79,17.8788],[81.7774,17.8868],[81.7669,17.9014],[81.791,17.9178],[81.8096,17.9441],[81.8419,17.9591],[81.8554,17.9589],[81.9078,17.9767],[81.9222,17.988],[81.9603,18.0002],[81.9944,18.0224],[81.9974,18.0285],[82.0102,18.0318],[82.0133,18.0424],[82.0101,18.0529],[82.0332,18.066],[82.0537,18.0537],[82.0682,18.0533],[82.0742,18.0571],[82.0675,18.0666],[82.0784,18.0686],[82.0807,18.0738],[82.1009,18.061],[82.1218,18.066],[82.1278,18.0594],[82.1356,18.0592],[82.1409,18.0439],[82.1508,18.0518],[82.1558,18.0487],[82.1689,18.0519],[82.1855,18.0293],[82.186,18.019],[82.2055,18.0171],[82.2267,18.0027],[82.2455,18.0005],[82.2503,17.9883],[82.2758,17.995],[82.2794,18.0192],[82.2667,18.0433],[82.2731,18.0475],[82.2755,18.0567],[82.3064,18.0704],[82.3013,18.0628],[82.305,18.0546],[82.3149,18.0535],[82.3141,18.0463],[82.3217,18.0433],[82.3255,18.0445],[82.3215,18.0537],[82.3258,18.057],[82.3304,18.0587],[82.3383,18.0489],[82.3449,18.0558],[82.3521,18.0835],[82.349,18.0955],[82.3407,18.1026],[82.3418,18.1507],[82.3661,18.1335],[82.3736,18.148],[82.3572,18.1701],[82.3415,18.1717],[82.3187,18.1828],[82.3145,18.2038],[82.3282,18.2092],[82.3412,18.224],[82.3297,18.2306],[82.3394,18.2415],[82.3453,18.2743],[82.352,18.2797],[82.3803,18.2822],[82.3938,18.2972],[82.4014,18.3145],[82.3927,18.3267],[82.3736,18.3245],[82.3663,18.3163],[82.3571,18.3142],[82.3428,18.3251],[82.3538,18.3298],[82.3685,18.3517],[82.3847,18.3612],[82.3928,18.3771],[82.3836,18.391],[82.3808,18.406],[82.3696,18.4177],[82.3859,18.4298],[82.4056,18.4594],[82.4351,18.4848],[82.4454,18.5051],[82.4822,18.5446],[82.4898,18.5462],[82.4935,18.5414],[82.484,18.5371],[82.4897,18.5228],[82.5074,18.5096],[82.5157,18.5159],[82.5314,18.5118],[82.5327,18.4977],[82.5278,18.4904],[82.5358,18.4856],[82.5293,18.4803],[82.5358,18.4761],[82.5244,18.4638],[82.5315,18.4607],[82.5295,18.4551],[82.535,18.4553],[82.5384,18.4423],[82.5473,18.4461],[82.5466,18.4512],[82.562,18.4457],[82.5534,18.4253],[82.548,18.4249],[82.5442,18.4164],[82.5489,18.4115],[82.5409,18.4049],[82.5435,18.3977],[82.5578,18.3916],[82.5643,18.3966],[82.5856,18.3855],[82.5975,18.3853],[82.602,18.3787],[82.6073,18.3798],[82.6069,18.3623],[82.6196,18.3547],[82.6162,18.35],[82.6048,18.3491],[82.6105,18.3256],[82.598,18.3278],[82.5848,18.3151],[82.5881,18.3094],[82.5962,18.3104],[82.5993,18.3003],[82.594,18.2893],[82.5968,18.2834],[82.5891,18.2785],[82.5956,18.2742],[82.5976,18.2652],[82.6179,18.2577],[82.6218,18.2479],[82.64,18.2371],[82.656,18.2533],[82.6532,18.2656],[82.6672,18.2951],[82.7064,18.3048],[82.7109,18.3169],[82.7192,18.3213],[82.7427,18.3217],[82.7411,18.3264],[82.7547,18.3283],[82.7594,18.3368],[82.7754,18.3396],[82.7925,18.3626],[82.7862,18.3794],[82.7959,18.3866],[82.7958,18.3986],[82.8016,18.4034],[82.7895,18.4078],[82.7845,18.428],[82.8074,18.4477],[82.8266,18.4469],[82.827,18.4417],[82.844,18.4326],[82.8452,18.4227],[82.8532,18.4182],[82.8569,18.4234],[82.8783,18.4147],[82.8876,18.4231],[82.8929,18.4212],[82.8992,18.4007],[82.8932,18.3872],[82.911,18.3645],[82.9359,18.3696],[82.941,18.36],[82.9538,18.3591],[82.9681,18.3659],[82.9847,18.3636],[83.0002,18.3837],[83.0199,18.3869],[83.0254,18.3932],[83.0452,18.3786],[83.0644,18.386],[83.0747,18.401],[83.064,18.4131],[83.0703,18.4295],[83.068,18.4373],[83.0457,18.4276],[83.0415,18.432],[83.0464,18.4353],[83.0455,18.4434],[83.033,18.4453],[83.0236,18.453],[83.06,18.486],[83.0634,18.4966],[83.0966,18.5412],[83.0952,18.5495],[83.0796,18.5509],[83.0593,18.5433],[83.0406,18.5563],[83.0418,18.5666],[83.0336,18.5726],[83.035,18.5763],[83.0621,18.5948],[83.0602,18.6014],[83.0492,18.605],[83.0578,18.6221],[83.0722,18.6226],[83.079,18.6102],[83.0839,18.6118],[83.0941,18.6302],[83.0867,18.6478],[83.0921,18.664],[83.1251,18.6598],[83.147,18.669],[83.1549,18.7009],[83.1646,18.7046],[83.1732,18.7009],[83.1757,18.71],[83.1719,18.7218],[83.192,18.7337],[83.2057,18.7328],[83.2131,18.7241],[83.2205,18.7427],[83.2303,18.7532],[83.2253,18.7671],[83.2274,18.774],[83.2475,18.767],[83.2741,18.7652],[83.2797,18.7714],[83.2779,18.7835],[83.2874,18.7978],[83.3122,18.807],[83.331,18.8065],[83.333,18.816],[83.358,18.8298],[83.3668,18.8402],[83.3807,18.8294],[83.4042,18.8389],[83.4057,18.8608],[83.4186,18.8649],[83.4137,18.8735],[83.3957,18.8791],[83.3818,18.894],[83.3803,18.8979],[83.3918,18.9077],[83.3684,18.9092],[83.358,18.9239],[83.3569,18.9418],[83.3706,18.938],[83.3789,18.9251],[83.3881,18.9313],[83.3718,18.9459],[83.3689,18.9613],[83.3529,18.9642],[83.3469,18.9242],[83.3369,18.9249],[83.3278,18.9338],[83.3264,18.9415],[83.339,18.9456],[83.3403,18.9513],[83.3339,18.958],[83.3348,18.9652],[83.3212,18.9745],[83.3131,18.9975],[83.337,18.996],[83.3428,19.0145],[83.3542,19.0177],[83.3628,19.0172],[83.3702,19.0026],[83.3966,19.0079],[83.4124,19.0011],[83.4167,19.0041],[83.4166,18.9878],[83.4407,18.9694],[83.4505,18.9558],[83.4633,18.9536],[83.4701,18.9672],[83.4681,18.9888],[83.458,18.9904],[83.4563,19.0076],[83.4824,19.0083],[83.4857,19.0291],[83.4732,19.0441],[83.471,19.0604],[83.4645,19.0639],[83.4672,19.0775],[83.478,19.0781],[83.481,19.0855],[83.5014,19.0609],[83.5131,19.0726],[83.5214,19.0327],[83.5159,19.0299],[83.5013,19.0347],[83.5032,19.019],[83.5231,19.0129],[83.5391,19.0134],[83.5426,19.0366],[83.56,19.0551],[83.5526,19.07],[83.5542,19.0817],[83.5627,19.086],[83.5684,19.0741],[83.5654,19.0593],[83.5865,19.0577],[83.5921,19.0876],[83.6121,19.0961],[83.602,19.1282],[83.6218,19.1416],[83.6304,19.1525],[83.6309,19.1614],[83.6378,19.1526],[83.6375,19.1348],[83.6571,19.1298],[83.6574,19.1227],[83.6524,19.1212],[83.6652,19.0957],[83.6645,19.0829],[83.6921,19.052],[83.7047,19.0246],[83.7309,19.0201],[83.7275,19.0125],[83.7127,19.0076],[83.7134,18.9935],[83.734,18.9838],[83.7535,18.9266],[83.7639,18.9251],[83.7752,18.9108],[83.7878,18.9162],[83.7692,18.953],[83.7581,18.9527],[83.7472,18.9867],[83.7589,19.0015],[83.7752,19.0067],[83.7833,19.0172],[83.796,19.0161],[83.7988,19.0006],[83.8102,18.9901],[83.8224,18.9616],[83.8211,18.942],[83.8288,18.9304],[83.8246,18.9179],[83.8307,18.914],[83.8454,18.9171],[83.85,18.8968],[83.8448,18.8733],[83.8514,18.86],[83.872,18.8477],[83.8779,18.8272],[83.8909,18.8284],[83.8946,18.8142],[83.9032,18.8236],[83.9154,18.8252],[83.9413,18.8157],[83.9475,18.8054],[83.9717,18.813],[83.99,18.8089],[83.9992,18.8135],[84.015,18.8131],[84.0273,18.8065],[84.0347,18.8111],[84.0419,18.7991],[84.0556,18.7925],[84.0568,18.7797],[84.0662,18.7771],[84.0734,18.7608],[84.0894,18.7537],[84.0993,18.7543],[84.1152,18.7639],[84.1305,18.7574],[84.1371,18.762],[84.1389,18.7739],[84.1589,18.7848],[84.1669,18.7841],[84.1657,18.7783],[84.1874,18.7781],[84.1891,18.7866],[84.1941,18.7887],[84.1979,18.7859],[84.2345,18.7963],[84.2387,18.7893],[84.2597,18.7817],[84.2807,18.7917],[84.286,18.7989],[84.3163,18.7877],[84.3232,18.7954],[84.3397,18.8012],[84.3368,18.8182],[84.3515,18.8211],[84.3482,18.8274],[84.3526,18.8359],[84.3434,18.8505],[84.3434,18.8758],[84.3518,18.8718],[84.3589,18.86],[84.3698,18.8602],[84.379,18.8763],[84.3613,18.8841],[84.3589,18.8922],[84.3906,18.8784],[84.395,18.8868],[84.3935,18.8921],[84.3751,18.8984],[84.3727,18.9053],[84.4052,18.8952],[84.4195,18.903],[84.4135,18.9152],[84.4169,18.9172],[84.4253,18.9097],[84.4367,18.9227],[84.4229,18.947],[84.4276,18.9583],[84.448,18.9759],[84.4337,18.9929],[84.4224,19.0227],[84.4371,19.01],[84.4789,18.9902],[84.4851,19.0168],[84.4967,19.0298],[84.5172,19.0463],[84.5608,19.0563],[84.5733,19.0739],[84.5757,19.0695],[84.5853,19.071],[84.5825,19.0361],[84.5853,19.0279],[84.5973,19.0224],[84.6147,19.0543],[84.6213,19.0557],[84.6199,19.0637],[84.6304,19.0646],[84.6372,19.0585],[84.644,19.0661],[84.6617,19.0613],[84.6717,19.0752],[84.6559,19.0931],[84.6419,19.0876],[84.6386,19.0815],[84.627,19.0854],[84.6239,19.0988],[84.6101,19.1054],[84.599,19.1326],[84.6165,19.1262],[84.6488,19.1336],[84.6544,19.1292],[84.6683,19.1307],[84.673,19.144],[84.6721,19.1655],[84.6804,19.1656]],[[82.2063,16.7475],[82.1983,16.7382],[82.1842,16.7361],[82.1886,16.7273],[82.2031,16.7195],[82.225,16.7208],[82.263,16.7009],[82.2947,16.7087],[82.3044,16.7172],[82.3124,16.734],[82.3032,16.7542],[82.2902,16.7339],[82.2732,16.7305],[82.23,16.7294],[82.2196,16.7423],[82.2293,16.7559],[82.2313,16.7614],[82.2272,16.7627],[82.2063,16.7475]],[[79.8451,13.3307],[79.8414,13.3264],[79.8461,13.323],[79.8451,13.3307]]]]}},{"type":"Feature","properties":{"ST_NM":"Arunanchal Pradesh"},"geometry":{"type":"Polygon","coordinates":[[[96.1626,29.3808],[96.18,29.3621],[96.1905,29.342],[96.1877,29.3067],[96.2078,29.291],[96.2145,29.2721],[96.2479,29.2322],[96.2973,29.2328],[96.3169,29.2562],[96.3497,29.2644],[96.3675,29.2827],[96.3793,29.2808],[96.3971,29.2534],[96.3919,29.2306],[96.3755,29.2149],[96.3626,29.1784],[96.3504,29.1678],[96.2643,29.157],[96.253,29.147],[96.2319,29.1433],[96.2216,29.135],[96.2043,29.1027],[96.1896,29.0914],[96.1735,29.0844],[96.1185,29.0745],[96.1543,29.0499],[96.1886,28.9846],[96.1841,28.965],[96.1588,28.9521],[96.1577,28.943],[96.1489,28.9339],[96.1665,28.9184],[96.17,28.9022],[96.1782,28.9006],[96.2518,28.9391],[96.2592,28.9555],[96.2973,28.9951],[96.3252,29.0091],[96.3504,29.0286],[96.4394,29.0338],[96.5288,29.0754],[96.4808,28.99],[96.4909,28.9612],[96.4966,28.9582],[96.5222,28.9668],[96.527,28.9438],[96.5419,28.9166],[96.5406,28.8797],[96.5788,28.8258],[96.6067,28.7996],[96.6188,28.7736],[96.6163,28.7548],[96.5886,28.7166],[96.5626,28.7069],[96.525,28.704],[96.4932,28.6836],[96.4754,28.6833],[96.4732,28.6796],[96.4977,28.6387],[96.4966,28.6331],[96.4469,28.6009],[96.4305,28.5821],[96.425,28.58],[96.4034,28.5893],[96.409,28.5589],[96.3571,28.5556],[96.3281,28.529],[96.3267,28.5253],[96.3689,28.4995],[96.3752,28.4818],[96.3692,28.4743],[96.3436,28.4648],[96.2659,28.4082],[96.3068,28.3994],[96.3219,28.3808],[96.373,28.3888],[96.382,28.3585],[96.3941,28.357],[96.4013,28.3388],[96.4247,28.3453],[96.434,28.3861],[96.4603,28.4136],[96.482,28.419],[96.5122,28.4126],[96.5816,28.4573],[96.6665,28.4598],[96.708,28.4314],[96.7528,28.4154],[96.7648,28.3979],[96.776,28.3676],[96.8131,28.3615],[96.8537,28.3617],[96.864,28.3717],[96.9001,28.3792],[96.9214,28.3565],[96.9273,28.3381],[96.9541,28.333],[96.9753,28.3166],[96.9977,28.3091],[97.0239,28.3191],[97.0531,28.3509],[97.0938,28.3624],[97.1271,28.3489],[97.1531,28.3265],[97.1749,28.2914],[97.1936,28.2867],[97.2252,28.2921],[97.2421,28.2672],[97.2829,28.2682],[97.3071,28.2559],[97.3138,28.2437],[97.3282,28.2426],[97.352,28.226],[97.3753,28.2172],[97.4011,28.1919],[97.401,28.1849],[97.3928,28.1826],[97.3726,28.1919],[97.3641,28.188],[97.3313,28.1545],[97.3252,28.1397],[97.3405,28.1159],[97.3394,28.1109],[97.3106,28.0846],[97.3081,28.0684],[97.3121,28.0612],[97.332,28.0566],[97.3738,28.0613],[97.3682,28.0435],[97.3773,28.0301],[97.3987,28.025],[97.4153,28.0149],[97.4117,28.006],[97.3913,28.0028],[97.3781,27.977],[97.3756,27.9351],[97.3876,27.9214],[97.3785,27.9086],[97.3889,27.8869],[97.3647,27.8757],[97.3434,27.8847],[97.3211,27.8802],[97.3239,27.9026],[97.3087,27.9208],[97.2565,27.9005],[97.2025,27.8554],[97.1869,27.8369],[97.1678,27.8273],[97.1688,27.8204],[97.1603,27.8136],[97.1373,27.8061],[97.1242,27.7895],[97.1024,27.7845],[97.0983,27.7796],[97.1047,27.7662],[97.0963,27.7409],[97.0913,27.7394],[97.0674,27.7508],[97.048,27.7404],[97.0285,27.7403],[97.0156,27.7318],[96.9924,27.6767],[96.9907,27.6621],[96.9486,27.6626],[96.9192,27.6226],[96.8973,27.612],[96.8989,27.5847],[96.9137,27.5795],[96.9154,27.5492],[96.9372,27.5209],[96.933,27.5065],[96.9131,27.4786],[96.9113,27.4534],[96.9327,27.4411],[96.9407,27.4175],[96.9648,27.4058],[96.9682,27.3922],[96.9747,27.3864],[96.9682,27.3766],[96.9709,27.3693],[96.9811,27.364],[96.9842,27.3529],[96.9966,27.3453],[97.0024,27.32],[97.0393,27.2978],[97.0425,27.2796],[97.0556,27.2755],[97.0622,27.262],[97.0929,27.2375],[97.0939,27.211],[97.0992,27.2045],[97.1154,27.1987],[97.1259,27.1745],[97.1389,27.1668],[97.1485,27.1676],[97.1546,27.1514],[97.1657,27.1446],[97.1702,27.1259],[97.1544,27.1155],[97.1449,27.0919],[97.1295,27.0929],[97.1071,27.1105],[97.0776,27.0993],[97.0612,27.1005],[97.0289,27.1313],[96.9977,27.1436],[96.9834,27.1565],[96.9625,27.1624],[96.9172,27.1655],[96.8652,27.1899],[96.8623,27.2095],[96.889,27.2271],[96.8917,27.2379],[96.886,27.245],[96.8878,27.2539],[96.8608,27.2629],[96.8547,27.2707],[96.8489,27.2968],[96.8241,27.3111],[96.8017,27.3452],[96.7723,27.3558],[96.7401,27.3554],[96.712,27.3718],[96.6985,27.3566],[96.6696,27.3635],[96.6456,27.3591],[96.62,27.3641],[96.5978,27.3478],[96.6003,27.3359],[96.5613,27.3166],[96.5218,27.2854],[96.5049,27.2991],[96.4855,27.2968],[96.4703,27.3041],[96.4331,27.3016],[96.4157,27.2916],[96.3911,27.2863],[96.3637,27.292],[96.3611,27.2859],[96.3473,27.2803],[96.3105,27.294],[96.2901,27.2861],[96.2783,27.2714],[96.2341,27.277],[96.2178,27.2617],[96.1961,27.2574],[96.1818,27.2465],[96.1634,27.2468],[96.1143,27.2257],[96.0988,27.2238],[96.0861,27.2095],[96.0687,27.2056],[96.057,27.1952],[96.0362,27.1885],[96.0166,27.1472],[95.9893,27.1177],[95.9567,27.0607],[95.9456,27.0522],[95.8767,27.013],[95.8574,27.015],[95.8376,27.0079],[95.8076,27.0132],[95.8045,27.0047],[95.7793,26.9827],[95.7605,26.9567],[95.7633,26.9377],[95.7521,26.9229],[95.7577,26.9076],[95.7303,26.8802],[95.7206,26.8763],[95.703,26.8799],[95.6981,26.888],[95.673,26.9031],[95.6626,26.8978],[95.6506,26.8767],[95.6364,26.8722],[95.6318,26.8423],[95.611,26.8141],[95.5743,26.8186],[95.5544,26.8326],[95.5324,26.8243],[95.5144,26.8063],[95.4887,26.7547],[95.483,26.7481],[95.4652,26.7435],[95.4228,26.6898],[95.4059,26.6898],[95.3654,26.6708],[95.3462,26.6712],[95.3021,26.6494],[95.2927,26.6546],[95.2716,26.6563],[95.2617,26.6671],[95.2597,26.6798],[95.2505,26.6859],[95.2436,26.6874],[95.2373,26.6798],[95.2334,26.6907],[95.2358,26.7058],[95.2159,26.729],[95.2199,26.7535],[95.233,26.7656],[95.2315,26.7714],[95.2448,26.781],[95.215,26.7922],[95.199,26.8338],[95.2086,26.8446],[95.1956,26.8435],[95.1845,26.8588],[95.2129,26.8795],[95.23,26.8795],[95.2339,26.8847],[95.234,26.9145],[95.2257,26.9284],[95.2146,26.9309],[95.2094,26.9507],[95.2136,26.9528],[95.207,26.9566],[95.2153,26.9644],[95.2054,26.9763],[95.2102,26.9767],[95.1955,26.9841],[95.2004,27.0004],[95.1959,27.0372],[95.2042,27.0372],[95.208,27.0289],[95.2141,27.0276],[95.223,27.035],[95.2298,27.0343],[95.2312,27.0398],[95.2485,27.0243],[95.2779,27.0438],[95.2781,27.0508],[95.3135,27.0808],[95.3489,27.0987],[95.3668,27.1068],[95.3716,27.1053],[95.3686,27.1013],[95.3739,27.1019],[95.3729,27.0956],[95.3773,27.0961],[95.4205,27.1246],[95.4413,27.1266],[95.451,27.1326],[95.4581,27.1294],[95.4661,27.1486],[95.459,27.1571],[95.4683,27.1661],[95.464,27.176],[95.469,27.1844],[95.4601,27.2073],[95.4698,27.2122],[95.4877,27.2399],[95.5067,27.2485],[95.5166,27.2625],[95.5209,27.2576],[95.5352,27.2645],[95.5565,27.2481],[95.5748,27.2448],[95.5904,27.2232],[95.6344,27.2334],[95.6373,27.2305],[95.6847,27.2509],[95.7213,27.251],[95.7401,27.2633],[95.7849,27.2724],[95.8065,27.285],[95.8104,27.2741],[95.8606,27.2873],[95.861,27.2729],[95.8724,27.26],[95.894,27.256],[95.8981,27.2573],[95.9065,27.2849],[95.9633,27.31],[95.9627,27.3173],[95.9679,27.3175],[95.9688,27.3248],[95.9843,27.3272],[95.9701,27.3299],[95.9938,27.3444],[95.9971,27.3564],[96.0133,27.3569],[96.021,27.3641],[96.0022,27.3865],[96.0012,27.3965],[95.9897,27.4148],[95.9798,27.415],[95.9781,27.4286],[95.9736,27.4299],[95.9683,27.4172],[95.9673,27.4298],[95.9613,27.4219],[95.9533,27.4265],[95.9502,27.4382],[95.9172,27.4365],[95.9116,27.4333],[95.9004,27.4046],[95.8934,27.3993],[95.8891,27.4374],[95.883,27.4375],[95.8653,27.4224],[95.8677,27.4105],[95.8498,27.4237],[95.8534,27.4382],[95.8642,27.4455],[95.8616,27.4598],[95.8767,27.4646],[95.8818,27.4809],[95.8796,27.4927],[95.8902,27.4997],[95.879,27.5134],[95.882,27.5468],[95.863,27.5462],[95.8528,27.5594],[95.8406,27.5604],[95.8327,27.5727],[95.822,27.5755],[95.825,27.5969],[95.7989,27.6017],[95.7969,27.6121],[95.788,27.6174],[95.7882,27.6263],[95.7983,27.6299],[95.8024,27.643],[95.7802,27.6546],[95.7788,27.6603],[95.7814,27.6733],[95.7955,27.6783],[95.7942,27.6864],[95.7756,27.6909],[95.7716,27.7102],[95.7594,27.7254],[95.7859,27.734],[95.7817,27.7525],[95.8021,27.7711],[95.8244,27.8035],[95.8446,27.8157],[95.8534,27.8284],[95.875,27.834],[95.8934,27.8513],[95.8963,27.8615],[95.9083,27.8647],[95.9075,27.8715],[95.9127,27.8673],[95.9153,27.8751],[95.9239,27.8804],[95.9226,27.8847],[95.9299,27.8848],[95.9263,27.8952],[95.9397,27.8975],[95.9589,27.9272],[95.9537,27.9361],[95.9789,27.9628],[95.8275,27.972],[95.6085,27.9528],[95.5904,27.9367],[95.573,27.9375],[95.5668,27.9176],[95.5455,27.9086],[95.5452,27.8974],[95.528,27.893],[95.5177,27.8769],[95.3861,27.8373],[95.3184,27.8666],[95.0538,27.786],[95.0332,27.7706],[94.9999,27.7724],[94.886,27.7381],[94.868,27.7416],[94.8628,27.7294],[94.8556,27.7277],[94.8508,27.7067],[94.8414,27.6996],[94.8233,27.6923],[94.8023,27.6932],[94.793,27.6849],[94.769,27.6762],[94.7616,27.6645],[94.7447,27.6595],[94.7228,27.6662],[94.7187,27.6578],[94.6915,27.6634],[94.686,27.6596],[94.6886,27.6534],[94.6846,27.6458],[94.6712,27.6465],[94.6505,27.6383],[94.6365,27.625],[94.6271,27.6264],[94.6115,27.6189],[94.5884,27.6164],[94.5756,27.6033],[94.5284,27.5922],[94.5023,27.5737],[94.4852,27.5736],[94.4618,27.5541],[94.4556,27.5674],[94.4382,27.5809],[94.4333,27.5996],[94.4232,27.5979],[94.4054,27.5838],[94.3899,27.5859],[94.3697,27.5734],[94.3147,27.5864],[94.3004,27.601],[94.2908,27.5913],[94.2784,27.5901],[94.2748,27.6003],[94.2565,27.6105],[94.2696,27.6247],[94.2653,27.6329],[94.2547,27.6378],[94.2376,27.6294],[94.2199,27.6059],[94.2136,27.6078],[94.216,27.6013],[94.2275,27.5954],[94.2239,27.5848],[94.2289,27.5725],[94.2588,27.5542],[94.2648,27.5241],[94.262,27.5202],[94.2239,27.5038],[94.2146,27.4947],[94.1935,27.4931],[94.1595,27.4749],[94.1625,27.4633],[94.0886,27.4014],[94.0631,27.3604],[94.0022,27.3316],[94.0028,27.327],[93.9031,27.2384],[93.8695,27.1957],[93.8106,27.1487],[93.8076,27.1347],[93.8292,27.1088],[93.8285,27.0962],[93.8386,27.075],[93.8301,27.0658],[93.8206,27.0618],[93.8148,27.0675],[93.8104,27.0594],[93.7995,27.0607],[93.7893,27.0511],[93.7831,27.0577],[93.781,27.0502],[93.7756,27.0592],[93.7704,27.0402],[93.7208,27.0161],[93.6776,26.968],[93.6264,26.9612],[93.5861,26.9497],[93.5278,26.9458],[93.4914,26.9357],[93.4888,26.9403],[93.4701,26.9361],[93.4499,26.9514],[93.3501,26.9606],[93.2247,26.9467],[93.1113,26.925],[93.0943,26.9132],[93.0713,26.922],[93.0218,26.9146],[92.9204,26.9622],[92.9194,26.9826],[92.8752,27.0058],[92.772,27.0312],[92.7166,27.0243],[92.662,27.0368],[92.6535,27.0231],[92.6421,27.0169],[92.6476,27.0084],[92.6484,26.9857],[92.5882,26.9602],[92.5566,26.9574],[92.5081,26.9652],[92.4627,26.9618],[92.4493,26.9591],[92.4289,26.942],[92.415,26.9427],[92.4029,26.9248],[92.3562,26.9341],[92.3061,26.9228],[92.307,26.9081],[92.2796,26.9011],[92.2578,26.9109],[92.1981,26.8897],[92.1276,26.8885],[92.1113,26.8926],[92.1205,26.9312],[92.1154,26.9482],[92.1209,26.959],[92.1167,26.9745],[92.1076,26.9765],[92.1057,26.9818],[92.1069,27.0066],[92.0834,27.0195],[92.0803,27.0387],[92.0677,27.0511],[92.0486,27.0509],[92.0456,27.0593],[92.0375,27.0637],[92.04,27.0691],[92.0316,27.0775],[92.026,27.1139],[92.0403,27.1374],[92.0282,27.1532],[92.0273,27.1613],[92.0291,27.1707],[92.0602,27.1886],[92.0612,27.2021],[92.0736,27.2226],[92.0698,27.2439],[92.044,27.2608],[92.0437,27.2657],[92.0741,27.2764],[92.1056,27.2681],[92.123,27.2749],[92.1247,27.2866],[92.1067,27.3004],[92.0821,27.3093],[92.063,27.3263],[92.0644,27.3443],[92.0526,27.3574],[92.0506,27.3674],[92.0588,27.3992],[92.0464,27.412],[92.0483,27.4245],[92.0431,27.4356],[92.0236,27.4468],[92.0232,27.4789],[92.0157,27.481],[91.9936,27.4735],[91.9835,27.4642],[91.9699,27.466],[91.9539,27.4601],[91.9439,27.4598],[91.9273,27.4706],[91.9031,27.4675],[91.8956,27.4725],[91.8768,27.4721],[91.8677,27.4813],[91.8538,27.4818],[91.8331,27.4683],[91.8141,27.4719],[91.7785,27.4638],[91.7545,27.4736],[91.7248,27.4697],[91.7186,27.473],[91.7154,27.4906],[91.6949,27.5021],[91.6581,27.4824],[91.6523,27.4841],[91.649,27.4984],[91.6254,27.5128],[91.6142,27.5411],[91.5994,27.539],[91.5671,27.5837],[91.5819,27.5991],[91.5813,27.6078],[91.5683,27.6195],[91.5629,27.633],[91.5721,27.652],[91.595,27.6714],[91.5971,27.6828],[91.6038,27.6861],[91.6016,27.6921],[91.6153,27.6925],[91.629,27.7055],[91.635,27.7466],[91.6454,27.7576],[91.6449,27.7648],[91.6365,27.7712],[91.6336,27.8004],[91.6043,27.8205],[91.5785,27.8124],[91.571,27.815],[91.5514,27.8465],[91.5495,27.8552],[91.5581,27.8583],[91.5644,27.8514],[91.5827,27.8617],[91.59,27.8559],[91.5997,27.8617],[91.6129,27.8537],[91.6272,27.8574],[91.6474,27.8538],[91.6748,27.8563],[91.6995,27.8217],[91.715,27.8129],[91.7516,27.8029],[91.7764,27.8008],[91.8094,27.8084],[91.8205,27.8029],[91.8295,27.8099],[91.8387,27.7794],[91.8504,27.7751],[91.8656,27.7364],[91.8755,27.7339],[91.8837,27.7213],[91.9134,27.7257],[91.9238,27.7145],[91.9501,27.7281],[91.9606,27.7501],[91.9708,27.7508],[91.9889,27.7694],[92.0427,27.7566],[92.0603,27.7585],[92.1611,27.8364],[92.2154,27.8583],[92.2512,27.8628],[92.2689,27.8572],[92.2895,27.8068],[92.3121,27.7784],[92.3207,27.7774],[92.355,27.7898],[92.3845,27.7942],[92.3877,27.8147],[92.4115,27.8213],[92.4186,27.8222],[92.4485,27.7999],[92.4596,27.8024],[92.506,27.8406],[92.5197,27.8393],[92.5485,27.8165],[92.5653,27.8201],[92.6097,27.8766],[92.6738,27.8992],[92.7185,27.9483],[92.7442,27.9885],[92.7003,28.0475],[92.6862,28.0578],[92.6679,28.062],[92.6661,28.0669],[92.6852,28.1173],[92.692,28.1251],[92.7416,28.1508],[92.7881,28.183],[92.8047,28.2015],[92.8213,28.2009],[92.8263,28.1731],[92.833,28.1707],[92.9003,28.2038],[92.9104,28.2144],[92.918,28.2342],[92.9696,28.261],[92.991,28.2505],[92.995,28.2336],[93.0053,28.2299],[93.0388,28.2623],[93.027,28.2991],[93.0771,28.3084],[93.1004,28.3062],[93.1298,28.326],[93.16,28.3176],[93.1987,28.3171],[93.224,28.3328],[93.2277,28.3402],[93.2243,28.3606],[93.2273,28.3771],[93.2366,28.3999],[93.231,28.4075],[93.1863,28.432],[93.1879,28.4392],[93.2128,28.4515],[93.2406,28.482],[93.2812,28.5041],[93.2943,28.5427],[93.3107,28.5656],[93.303,28.5914],[93.3053,28.5989],[93.3331,28.6077],[93.3425,28.6396],[93.3564,28.6383],[93.4173,28.6523],[93.4512,28.6754],[93.4622,28.6678],[93.4722,28.6514],[93.4796,28.653],[93.4847,28.6743],[93.4966,28.6833],[93.5147,28.6792],[93.5239,28.6731],[93.5299,28.6606],[93.5392,28.6581],[93.6254,28.6569],[93.7369,28.6884],[93.7804,28.6676],[93.8492,28.7065],[93.8705,28.7028],[93.9092,28.6756],[93.9312,28.6707],[93.9621,28.7037],[93.9707,28.7222],[93.9737,28.7504],[94.0067,28.7746],[94.0069,28.7833],[93.9906,28.7974],[93.9909,28.8059],[94.0053,28.8189],[94.0003,28.8405],[94.0355,28.8526],[94.072,28.8953],[94.1607,28.954],[94.1639,28.9733],[94.1785,28.9911],[94.1809,29.0198],[94.2205,29.0835],[94.2635,29.1162],[94.2936,29.1476],[94.3628,29.152],[94.3735,29.1658],[94.3782,29.1897],[94.4371,29.2263],[94.5004,29.2161],[94.5389,29.2181],[94.5638,29.2283],[94.578,29.25],[94.5837,29.2802],[94.6114,29.2965],[94.625,29.3123],[94.6297,29.3452],[94.6343,29.3482],[94.6476,29.3465],[94.6833,29.3273],[94.717,29.3037],[94.7831,29.2403],[94.7965,29.2253],[94.8035,29.2091],[94.7984,29.1794],[94.7984,29.1687],[94.8035,29.1636],[94.8521,29.1819],[94.8773,29.1832],[94.9242,29.1611],[94.973,29.1585],[95.0003,29.1396],[95.028,29.1292],[95.0235,29.1416],[94.992,29.1723],[95.0028,29.1718],[95.0449,29.1511],[95.1035,29.1424],[95.1186,29.1197],[95.1268,29.1147],[95.2016,29.1059],[95.2557,29.1082],[95.2549,29.0667],[95.2713,29.0558],[95.2723,29.0477],[95.2771,29.0567],[95.3075,29.061],[95.3502,29.0441],[95.4147,29.032],[95.4261,29.0391],[95.4589,29.0348],[95.4786,29.0638],[95.4876,29.069],[95.5011,29.1383],[95.5083,29.141],[95.5515,29.1266],[95.5502,29.1786],[95.5426,29.2121],[95.5907,29.2161],[95.5926,29.2405],[95.6037,29.26],[95.643,29.2479],[95.6881,29.2754],[95.7069,29.2986],[95.7202,29.2964],[95.732,29.3006],[95.7485,29.3144],[95.7505,29.3273],[95.7827,29.3546],[95.7882,29.3546],[95.7961,29.336],[95.8015,29.3344],[95.8318,29.3538],[95.8453,29.3518],[95.8533,29.3567],[95.8859,29.3896],[95.9621,29.3807],[95.9922,29.4049],[96.0075,29.4101],[96.0607,29.4565],[96.0857,29.4614],[96.0979,29.4544],[96.1182,29.4254],[96.1549,29.397],[96.1626,29.3808]]]}},{"type":"Feature","properties":{"ST_NM":"Assam"},"geometry":{"type":"MultiPolygon","coordinates":[[[[89.7432,26.3036],[89.734,26.3074],[89.7388,26.311],[89.7432,26.3036]]],[[[95.9666,27.9469],[95.9537,27.9361],[95.9589,27.9272],[95.9397,27.8975],[95.9263,27.8952],[95.9299,27.8848],[95.9226,27.8847],[95.9239,27.8804],[95.9153,27.8751],[95.9127,27.8673],[95.9075,27.8715],[95.9083,27.8647],[95.8963,27.8615],[95.8934,27.8513],[95.875,27.834],[95.8534,27.8284],[95.8446,27.8157],[95.8244,27.8035],[95.8021,27.7711],[95.7817,27.7525],[95.7859,27.734],[95.7594,27.7254],[95.7716,27.7102],[95.7756,27.6909],[95.7942,27.6864],[95.7955,27.6783],[95.7814,27.6733],[95.7788,27.6603],[95.7802,27.6546],[95.8024,27.643],[95.7983,27.6299],[95.7882,27.6263],[95.788,27.6174],[95.7969,27.6121],[95.7989,27.6017],[95.825,27.5969],[95.822,27.5755],[95.8327,27.5727],[95.8406,27.5604],[95.8528,27.5594],[95.863,27.5462],[95.882,27.5468],[95.879,27.5134],[95.8902,27.4997],[95.8796,27.4927],[95.8818,27.4809],[95.8767,27.4646],[95.8616,27.4598],[95.8642,27.4455],[95.8534,27.4382],[95.8498,27.4237],[95.8677,27.4105],[95.8653,27.4224],[95.883,27.4375],[95.8891,27.4374],[95.8934,27.3993],[95.9004,27.4046],[95.9116,27.4333],[95.9172,27.4365],[95.9502,27.4382],[95.9533,27.4265],[95.9613,27.4219],[95.9673,27.4298],[95.9683,27.4172],[95.9736,27.4299],[95.9781,27.4286],[95.9798,27.415],[95.9915,27.4125],[96.0022,27.3865],[96.021,27.3641],[96.0185,27.3608],[95.9971,27.3564],[95.9938,27.3444],[95.9701,27.3299],[95.9843,27.3272],[95.9688,27.3248],[95.9679,27.3175],[95.9627,27.3173],[95.9633,27.31],[95.9065,27.2849],[95.8981,27.2573],[95.894,27.256],[95.8724,27.26],[95.861,27.2729],[95.8606,27.2873],[95.8104,27.2741],[95.8065,27.285],[95.7849,27.2724],[95.7401,27.2633],[95.7213,27.251],[95.6847,27.2509],[95.6373,27.2305],[95.6344,27.2334],[95.5904,27.2232],[95.5748,27.2448],[95.5565,27.2481],[95.5352,27.2645],[95.5209,27.2576],[95.5166,27.2625],[95.5113,27.2602],[95.5111,27.2529],[95.4877,27.2399],[95.4698,27.2122],[95.4601,27.2073],[95.469,27.1844],[95.464,27.176],[95.4683,27.1661],[95.459,27.1571],[95.4661,27.1486],[95.4581,27.1294],[95.451,27.1326],[95.4413,27.1266],[95.4205,27.1246],[95.3773,27.0961],[95.3729,27.0956],[95.3739,27.1019],[95.3686,27.1013],[95.3716,27.1053],[95.3668,27.1068],[95.3489,27.0987],[95.3135,27.0808],[95.2781,27.0508],[95.2779,27.0438],[95.2485,27.0243],[95.2312,27.0398],[95.2298,27.0343],[95.223,27.035],[95.2141,27.0276],[95.1988,27.0386],[95.1498,26.9941],[95.1173,26.978],[95.1104,26.9612],[95.0872,26.947],[95.0384,26.9329],[95.0217,26.9198],[94.9934,26.9206],[94.9924,26.9128],[94.986,26.9127],[94.9577,26.9381],[94.9341,26.9332],[94.9286,26.9467],[94.895,26.932],[94.8701,26.9097],[94.852,26.876],[94.8215,26.8492],[94.8134,26.8195],[94.797,26.8132],[94.8057,26.8069],[94.8026,26.8008],[94.7735,26.7897],[94.7597,26.7689],[94.7567,26.767],[94.7462,26.7769],[94.7369,26.7622],[94.6869,26.7274],[94.6537,26.7185],[94.6231,26.7145],[94.6105,26.7351],[94.6046,26.7343],[94.5938,26.7212],[94.6036,26.7188],[94.6051,26.7122],[94.5966,26.7132],[94.5928,26.6977],[94.5832,26.7006],[94.5719,26.6913],[94.5751,26.686],[94.5634,26.6857],[94.5639,26.7024],[94.5455,26.706],[94.5282,26.6964],[94.5232,26.6995],[94.516,26.6824],[94.4987,26.6689],[94.465,26.6627],[94.459,26.6506],[94.4629,26.6306],[94.455,26.6342],[94.4083,26.6096],[94.4064,26.5972],[94.4152,26.5785],[94.4081,26.5566],[94.4123,26.5536],[94.4051,26.5504],[94.4083,26.5449],[94.4017,26.5393],[94.3998,26.5275],[94.3917,26.528],[94.3786,26.5205],[94.3779,26.5083],[94.3514,26.5039],[94.3559,26.4987],[94.3524,26.491],[94.3242,26.4747],[94.3246,26.466],[94.3168,26.4582],[94.3036,26.4626],[94.2943,26.4761],[94.2854,26.5357],[94.2858,26.5537],[94.2903,26.5595],[94.2772,26.5543],[94.2404,26.5069],[94.2119,26.4854],[94.2015,26.4654],[94.187,26.456],[94.1744,26.4164],[94.1794,26.3842],[94.1759,26.3672],[94.1648,26.3556],[94.168,26.3488],[94.1803,26.3495],[94.1758,26.3397],[94.147,26.3309],[94.1391,26.337],[94.1197,26.3292],[94.129,26.3187],[94.1084,26.3219],[94.103,26.3042],[94.0875,26.286],[94.0771,26.2808],[94.0781,26.2709],[94.0707,26.2556],[94.0649,26.2573],[94.0494,26.2458],[94.0384,26.2251],[94.0359,26.1988],[94.0132,26.1819],[94.005,26.1689],[93.9998,26.1538],[94.0054,26.1374],[93.9909,26.1295],[93.9985,26.1266],[93.9914,26.1137],[94.0023,26.1069],[93.9942,26.1017],[93.9926,26.0883],[93.9865,26.0839],[93.9912,26.0682],[93.9727,26.0405],[93.9659,26.038],[93.9549,26.0029],[93.9606,25.9926],[93.956,25.9697],[93.9691,25.9563],[93.971,25.9403],[93.9825,25.9217],[93.9792,25.9151],[93.9597,25.9007],[93.94,25.8965],[93.9345,25.8869],[93.9158,25.8832],[93.8985,25.8593],[93.8933,25.8604],[93.8826,25.8415],[93.8516,25.8586],[93.8423,25.8583],[93.8242,25.8428],[93.8187,25.8219],[93.8075,25.8121],[93.7957,25.8101],[93.7912,25.8118],[93.7798,25.8421],[93.7838,25.8457],[93.7814,25.8551],[93.7918,25.8655],[93.7875,25.8747],[93.7984,25.9055],[93.7933,25.9268],[93.7887,25.9288],[93.7934,25.9326],[93.7867,25.9433],[93.7895,25.9484],[93.7732,25.9619],[93.7704,25.9494],[93.7629,25.9508],[93.7495,25.938],[93.752,25.9323],[93.7167,25.9177],[93.7052,25.9173],[93.6878,25.9054],[93.686,25.9009],[93.7055,25.8446],[93.7024,25.8429],[93.7036,25.8494],[93.6906,25.8435],[93.6921,25.8401],[93.6826,25.8367],[93.6781,25.8248],[93.6486,25.82],[93.6411,25.814],[93.6291,25.8004],[93.6224,25.7759],[93.6081,25.7729],[93.6056,25.7635],[93.6028,25.7669],[93.5938,25.7604],[93.5883,25.7643],[93.5838,25.7539],[93.5733,25.7569],[93.5655,25.7375],[93.5564,25.7381],[93.557,25.7339],[93.5468,25.7306],[93.5449,25.7231],[93.5498,25.7151],[93.5436,25.6979],[93.538,25.6994],[93.5306,25.6889],[93.526,25.6959],[93.5169,25.6843],[93.5203,25.6799],[93.5,25.6527],[93.4836,25.648],[93.4834,25.642],[93.476,25.6442],[93.4748,25.6405],[93.4572,25.6369],[93.462,25.6297],[93.4469,25.6351],[93.4342,25.6262],[93.4276,25.6278],[93.4169,25.6112],[93.4077,25.6058],[93.4069,25.5928],[93.3901,25.5911],[93.3907,25.5855],[93.3825,25.5811],[93.3848,25.5743],[93.3765,25.5737],[93.3735,25.5656],[93.3652,25.5662],[93.3642,25.5571],[93.3484,25.5597],[93.3318,25.5433],[93.3405,25.5337],[93.3524,25.534],[93.3502,25.5301],[93.3718,25.4975],[93.3863,25.4897],[93.3903,25.4655],[93.3958,25.4604],[93.417,25.4491],[93.4348,25.451],[93.4616,25.4309],[93.463,25.4071],[93.4779,25.376],[93.4516,25.3403],[93.4616,25.3327],[93.4563,25.3214],[93.4736,25.3054],[93.4596,25.2908],[93.4444,25.2885],[93.4261,25.2772],[93.4203,25.2624],[93.4032,25.2593],[93.3883,25.2422],[93.3844,25.222],[93.3527,25.1781],[93.3469,25.1602],[93.3487,25.1217],[93.34,25.1107],[93.3353,25.0921],[93.3231,25.088],[93.3122,25.0743],[93.3041,25.0443],[93.2996,25.0489],[93.2914,25.0435],[93.284,25.0479],[93.2677,25.0461],[93.2633,25.0323],[93.2551,25.0251],[93.2573,25.0182],[93.2484,25.0152],[93.2512,25.0125],[93.2464,25.0001],[93.2628,25.0007],[93.2552,24.9986],[93.251,24.9778],[93.2524,24.9691],[93.2582,24.9691],[93.2627,24.9628],[93.2618,24.9478],[93.2487,24.9515],[93.2536,24.939],[93.2435,24.9403],[93.2394,24.9353],[93.2479,24.9365],[93.2425,24.9278],[93.2496,24.9265],[93.2527,24.9152],[93.2384,24.9115],[93.2428,24.9002],[93.2356,24.8989],[93.2299,24.8913],[93.2342,24.8863],[93.2256,24.8775],[93.2285,24.8737],[93.2081,24.853],[93.1966,24.853],[93.2009,24.8404],[93.1938,24.8404],[93.2009,24.8367],[93.1923,24.8329],[93.1967,24.8304],[93.191,24.8191],[93.1967,24.8078],[93.1924,24.8027],[93.1809,24.8015],[93.1781,24.7927],[93.1738,24.8002],[93.1523,24.7864],[93.1365,24.8077],[93.1308,24.8027],[93.1207,24.8052],[93.1221,24.8165],[93.1092,24.8064],[93.1121,24.7989],[93.1008,24.775],[93.1051,24.7662],[93.098,24.7411],[93.1009,24.7386],[93.1023,24.7436],[93.1066,24.7386],[93.0966,24.7285],[93.0881,24.7059],[93.0781,24.7109],[93.0752,24.7071],[93.0925,24.6845],[93.0911,24.6745],[93.1011,24.677],[93.104,24.672],[93.0956,24.6494],[93.0842,24.6444],[93.0887,24.6243],[93.0786,24.623],[93.0787,24.618],[93.086,24.608],[93.076,24.6005],[93.0747,24.5929],[93.0878,24.5867],[93.0979,24.588],[93.1062,24.5802],[93.0965,24.5792],[93.0864,24.5679],[93.0604,24.5716],[93.0719,24.5578],[93.0648,24.544],[93.0604,24.5515],[93.0519,24.5415],[93.0477,24.5277],[93.052,24.5164],[93.0406,24.5114],[93.0435,24.5026],[93.035,24.4937],[93.0477,24.4722],[93.0474,24.4607],[93.0371,24.4579],[93.0313,24.4257],[93.0383,24.4079],[93.0151,24.3994],[93.0056,24.4088],[92.9972,24.3984],[92.9794,24.4066],[92.9595,24.3928],[92.9505,24.4018],[92.9349,24.3925],[92.9108,24.4099],[92.9044,24.3915],[92.8937,24.3924],[92.8901,24.3994],[92.8732,24.3944],[92.8622,24.3966],[92.851,24.3895],[92.8436,24.377],[92.8283,24.375],[92.8244,24.3877],[92.8307,24.3977],[92.8177,24.41],[92.8105,24.4109],[92.8089,24.4165],[92.8002,24.4163],[92.8023,24.4245],[92.7647,24.5182],[92.7532,24.5044],[92.7541,24.4985],[92.7029,24.3812],[92.7036,24.3737],[92.6964,24.3715],[92.6902,24.3523],[92.6833,24.345],[92.6743,24.3473],[92.657,24.341],[92.6485,24.3263],[92.6448,24.3294],[92.6445,24.3252],[92.6405,24.3263],[92.6373,24.3331],[92.6238,24.3303],[92.6111,24.251],[92.5875,24.2425],[92.5641,24.2478],[92.5502,24.2436],[92.5292,24.1726],[92.5147,24.1733],[92.5143,24.168],[92.5082,24.167],[92.5123,24.1604],[92.5044,24.1652],[92.4997,24.1584],[92.4854,24.1601],[92.4783,24.1466],[92.4804,24.1392],[92.4744,24.1408],[92.4664,24.133],[92.4502,24.1416],[92.4435,24.151],[92.4362,24.1504],[92.4338,24.1793],[92.4186,24.1923],[92.4221,24.2511],[92.2128,24.2476],[92.2681,24.3655],[92.2731,24.3867],[92.2642,24.3958],[92.256,24.4172],[92.2566,24.4345],[92.2362,24.4485],[92.2291,24.4702],[92.2396,24.4882],[92.2334,24.5017],[92.2334,24.581],[92.2215,24.6053],[92.2342,24.6221],[92.2401,24.644],[92.2274,24.6664],[92.2262,24.68],[92.2394,24.7016],[92.2574,24.7013],[92.2661,24.7124],[92.2706,24.7477],[92.2645,24.7641],[92.2658,24.7741],[92.2831,24.7872],[92.2746,24.8014],[92.2718,24.8287],[92.2475,24.8331],[92.249,24.8493],[92.237,24.861],[92.2363,24.8657],[92.2534,24.8815],[92.2436,24.9039],[92.2587,24.9088],[92.2855,24.9077],[92.3077,24.9162],[92.3151,24.9007],[92.3431,24.8829],[92.3557,24.8902],[92.3656,24.8775],[92.3793,24.8725],[92.3961,24.8551],[92.4027,24.8553],[92.4108,24.8635],[92.4241,24.858],[92.438,24.8596],[92.4433,24.8685],[92.4574,24.8758],[92.4872,24.8668],[92.4978,24.8679],[92.4955,24.9061],[92.4844,24.931],[92.4887,24.9423],[92.455,24.9423],[92.4516,24.9526],[92.4611,24.9552],[92.4659,24.9625],[92.4541,24.9691],[92.431,24.9696],[92.4199,24.9802],[92.4253,25.0295],[92.4384,25.0316],[92.447,25.0399],[92.4573,25.0329],[92.4637,25.035],[92.4651,25.0451],[92.4603,25.0525],[92.4751,25.0686],[92.4848,25.1059],[92.527,25.1036],[92.5434,25.0973],[92.5257,25.1233],[92.5252,25.1378],[92.5583,25.1277],[92.5821,25.1295],[92.6251,25.1163],[92.6328,25.1351],[92.6444,25.1487],[92.6561,25.1517],[92.6673,25.1746],[92.6798,25.1806],[92.6943,25.1788],[92.705,25.188],[92.7475,25.2051],[92.7799,25.2004],[92.8047,25.2166],[92.7866,25.2287],[92.7726,25.2306],[92.765,25.2467],[92.7771,25.2579],[92.7701,25.2663],[92.7895,25.2759],[92.7926,25.2825],[92.7842,25.3053],[92.7884,25.315],[92.7848,25.3299],[92.7729,25.337],[92.761,25.3327],[92.7406,25.3621],[92.7376,25.3787],[92.7187,25.3725],[92.7135,25.382],[92.701,25.3853],[92.6941,25.3975],[92.6744,25.4147],[92.6608,25.4079],[92.6543,25.4215],[92.655,25.4329],[92.6424,25.4171],[92.6387,25.4264],[92.63,25.4323],[92.6294,25.4226],[92.6098,25.4142],[92.599,25.4693],[92.5863,25.4653],[92.5831,25.4706],[92.5723,25.4618],[92.5682,25.4652],[92.5687,25.4785],[92.5765,25.4881],[92.6104,25.5103],[92.6225,25.5134],[92.6455,25.5351],[92.6508,25.5576],[92.6615,25.5679],[92.6614,25.5827],[92.6544,25.5898],[92.6415,25.585],[92.6298,25.5671],[92.6096,25.5634],[92.6035,25.5551],[92.5884,25.5507],[92.5824,25.5575],[92.5735,25.5581],[92.562,25.572],[92.5587,25.6098],[92.5415,25.6156],[92.5117,25.615],[92.5028,25.6208],[92.4826,25.6618],[92.4667,25.6804],[92.4356,25.6855],[92.4285,25.7084],[92.4433,25.7188],[92.4345,25.7294],[92.4183,25.7277],[92.4138,25.7354],[92.4178,25.7385],[92.4121,25.7411],[92.3884,25.7411],[92.3865,25.7516],[92.3644,25.7346],[92.335,25.7233],[92.3098,25.7243],[92.272,25.7091],[92.2384,25.7066],[92.2306,25.7145],[92.2122,25.6942],[92.1895,25.6817],[92.1725,25.6652],[92.1623,25.6702],[92.1659,25.6832],[92.1575,25.7075],[92.1512,25.7129],[92.1672,25.7328],[92.1527,25.782],[92.1549,25.8111],[92.1827,25.8497],[92.1817,25.8685],[92.2051,25.8884],[92.2174,25.8921],[92.2273,25.9053],[92.2244,25.9096],[92.2024,25.9066],[92.199,25.9164],[92.1886,25.9141],[92.1828,25.9069],[92.1656,25.9101],[92.1583,25.9432],[92.1673,25.9523],[92.1694,25.966],[92.1936,25.9835],[92.2093,25.9865],[92.2577,26.0272],[92.3035,26.0747],[92.2993,26.0774],[92.29,26.0682],[92.2757,26.0633],[92.2706,26.0662],[92.2432,26.0608],[92.214,26.0693],[92.1825,26.0669],[92.1804,26.0779],[92.1568,26.0665],[92.1352,26.0443],[92.0955,26.047],[92.055,26.0313],[92.0369,26.0382],[91.9933,26.0396],[91.9804,26.0244],[91.9486,26.0131],[91.9362,26.0133],[91.9244,25.9982],[91.9179,26.009],[91.9193,26.0201],[91.9098,26.0258],[91.8856,26.0287],[91.8726,26.0509],[91.8783,26.0964],[91.8219,26.1175],[91.8133,26.1039],[91.8043,26.1037],[91.7929,26.0858],[91.7811,26.0901],[91.762,26.0701],[91.7338,26.0581],[91.7371,26.0555],[91.729,26.0458],[91.7257,26.0292],[91.7226,25.9529],[91.7034,25.9408],[91.7044,25.9368],[91.6717,25.9043],[91.6644,25.9088],[91.6539,25.9066],[91.6137,25.9389],[91.6135,25.9435],[91.6326,25.9436],[91.6405,25.9638],[91.6273,25.9848],[91.6356,26.0038],[91.6348,26.0214],[91.6229,26.026],[91.5995,26.0198],[91.5997,26.016],[91.5908,26.0291],[91.5785,26.0321],[91.5727,26.0265],[91.5688,26.0028],[91.5539,25.9739],[91.5399,25.9674],[91.5398,25.9611],[91.5212,25.9572],[91.5224,25.9399],[91.5043,25.9198],[91.5082,25.9121],[91.5385,25.933],[91.5339,25.9228],[91.5111,25.9088],[91.5038,25.8975],[91.5059,25.8912],[91.4955,25.8946],[91.486,25.8901],[91.4774,25.8703],[91.4963,25.8646],[91.5103,25.8665],[91.5284,25.8891],[91.5323,25.8887],[91.5352,25.8831],[91.5279,25.8719],[91.5104,25.8638],[91.4713,25.8581],[91.447,25.8401],[91.4215,25.8538],[91.356,25.8369],[91.3363,25.838],[91.2783,25.7462],[91.2581,25.7471],[91.2266,25.7227],[91.1947,25.7289],[91.192,25.7628],[91.1827,25.7757],[91.1938,25.81],[91.1927,25.8201],[91.2055,25.8399],[91.1994,25.8583],[91.1819,25.8421],[91.1558,25.8494],[91.1346,25.8413],[91.1237,25.8307],[91.0843,25.8288],[91.0695,25.8252],[91.0662,25.8198],[91.0529,25.8283],[91.0759,25.8378],[91.0815,25.852],[91.0689,25.8458],[91.0521,25.8482],[91.0238,25.8221],[91.0038,25.8217],[91.0162,25.8567],[91.0296,25.8661],[91.0323,25.8875],[91.0168,25.8838],[90.988,25.8894],[90.9706,25.8867],[90.9639,25.9272],[90.9612,25.9334],[90.9488,25.9386],[90.9461,25.9471],[90.9354,25.9392],[90.9192,25.9427],[90.9224,25.9128],[90.8987,25.9311],[90.8998,25.937],[90.8863,25.9513],[90.8836,25.9458],[90.8758,25.9463],[90.8762,25.9425],[90.8466,25.9444],[90.8401,25.9378],[90.8396,25.9468],[90.8273,25.9447],[90.8133,25.9517],[90.7951,25.9353],[90.7815,25.9079],[90.7612,25.9107],[90.7624,25.9213],[90.7535,25.9189],[90.7489,25.9119],[90.744,25.9148],[90.7561,25.9336],[90.7476,25.9324],[90.7438,25.9405],[90.7509,25.9569],[90.7289,25.9484],[90.7213,25.9544],[90.6896,25.9505],[90.6792,25.9362],[90.6309,25.9167],[90.6325,25.9063],[90.6284,25.8986],[90.6178,25.8992],[90.6101,25.912],[90.6112,25.9193],[90.6326,25.9371],[90.6056,25.9515],[90.5909,25.9536],[90.5861,25.9595],[90.5765,25.9479],[90.575,25.9388],[90.557,25.9289],[90.5291,25.9008],[90.5162,25.896],[90.5148,25.8999],[90.5375,25.9361],[90.5382,25.9578],[90.5095,25.9958],[90.4812,26.015],[90.4614,25.9994],[90.4325,25.9888],[90.4213,25.9921],[90.415,26.0057],[90.4004,26.014],[90.369,26.0101],[90.3433,25.9967],[90.3409,25.99],[90.3339,25.9883],[90.3283,25.9743],[90.2314,25.9551],[90.2168,25.9538],[90.2125,25.9615],[90.1981,25.9569],[90.1866,25.9444],[90.1802,25.957],[90.1625,25.9582],[90.1575,25.9646],[90.1442,25.9581],[90.1274,25.9571],[90.1228,25.9612],[90.1095,25.9419],[90.0921,25.9362],[90.0961,25.9287],[90.0849,25.9245],[90.0821,25.9177],[90.0675,25.9155],[90.0463,25.8907],[90.0254,25.8932],[90.0089,25.8787],[90.0261,25.8655],[90.0125,25.8469],[90.0044,25.8486],[90.0016,25.8442],[90.0057,25.8423],[89.995,25.8355],[89.9801,25.8341],[89.9721,25.8262],[89.9488,25.8245],[89.9498,25.8162],[89.9562,25.811],[89.9594,25.7745],[89.9378,25.7526],[89.9376,25.7446],[89.926,25.7393],[89.8996,25.7442],[89.8984,25.7273],[89.9226,25.7028],[89.9252,25.6945],[89.9411,25.6867],[89.9509,25.6589],[89.9844,25.6377],[89.9872,25.6268],[90.0084,25.6239],[90.0223,25.6085],[90.006,25.5843],[89.983,25.5909],[89.9767,25.5747],[89.9703,25.5718],[89.9455,25.5678],[89.9397,25.5629],[89.8903,25.558],[89.8778,25.5495],[89.8707,25.5398],[89.8698,25.5244],[89.8794,25.4915],[89.8635,25.4757],[89.8561,25.4766],[89.8632,25.523],[89.8562,25.5375],[89.8701,25.5478],[89.8747,25.5572],[89.8792,25.5762],[89.8742,25.588],[89.8831,25.6215],[89.8719,25.6541],[89.848,25.6905],[89.8565,25.7056],[89.8565,25.7148],[89.8402,25.7147],[89.8298,25.7293],[89.8285,25.7421],[89.8434,25.761],[89.831,25.8047],[89.8188,25.8171],[89.8352,25.8377],[89.8405,25.8778],[89.874,25.9131],[89.887,25.942],[89.8446,25.9405],[89.8312,25.947],[89.8483,25.9561],[89.8414,25.9678],[89.8447,25.9722],[89.8682,25.9703],[89.8715,25.9761],[89.8434,26.0049],[89.8352,26.0072],[89.8352,25.9863],[89.8186,25.989],[89.8215,26.0236],[89.8131,26.0383],[89.799,26.0182],[89.7923,26.017],[89.8033,26.0395],[89.7961,26.0333],[89.7875,26.0388],[89.7785,26.0355],[89.7928,26.0455],[89.7881,26.0532],[89.8012,26.0586],[89.7974,26.0884],[89.7898,26.0828],[89.7861,26.086],[89.7875,26.1061],[89.7713,26.1066],[89.765,26.1125],[89.7699,26.1319],[89.7531,26.1529],[89.7391,26.1582],[89.724,26.1575],[89.7227,26.1656],[89.739,26.175],[89.7246,26.178],[89.7114,26.1731],[89.6997,26.1891],[89.7189,26.1894],[89.723,26.1968],[89.7165,26.2032],[89.7305,26.2061],[89.7369,26.2123],[89.7292,26.2173],[89.708,26.2133],[89.7021,26.2172],[89.7151,26.2191],[89.7177,26.229],[89.7337,26.2382],[89.7206,26.2464],[89.7203,26.2565],[89.7059,26.2592],[89.7098,26.2699],[89.7165,26.2696],[89.7164,26.2633],[89.7223,26.2591],[89.7302,26.2584],[89.7372,26.2603],[89.7424,26.2711],[89.722,26.293],[89.7228,26.3057],[89.7278,26.3075],[89.7248,26.2986],[89.7284,26.2947],[89.7473,26.2952],[89.7538,26.2894],[89.7636,26.2893],[89.7558,26.3062],[89.7555,26.3214],[89.7669,26.3171],[89.7858,26.3308],[89.787,26.3532],[89.8255,26.3706],[89.8165,26.358],[89.8251,26.3503],[89.832,26.3666],[89.8306,26.3793],[89.836,26.382],[89.8459,26.3777],[89.8505,26.384],[89.8622,26.3844],[89.8518,26.4027],[89.8454,26.3908],[89.8356,26.3901],[89.8323,26.3964],[89.8383,26.4122],[89.8499,26.4102],[89.8548,26.4141],[89.8528,26.4217],[89.8745,26.4483],[89.8752,26.4639],[89.8674,26.466],[89.8578,26.4877],[89.8586,26.5171],[89.867,26.5304],[89.8698,26.5482],[89.8672,26.5778],[89.8828,26.5841],[89.8773,26.5946],[89.8825,26.6129],[89.8671,26.615],[89.8623,26.6233],[89.8626,26.632],[89.8817,26.6494],[89.8734,26.6565],[89.8768,26.6834],[89.8623,26.7037],[89.8679,26.7369],[89.8948,26.7243],[89.9632,26.723],[89.99,26.7266],[90.0074,26.7342],[90.0505,26.7289],[90.0728,26.7319],[90.1331,26.7489],[90.1939,26.7704],[90.1893,26.8095],[90.2,26.8328],[90.2201,26.8535],[90.2496,26.8577],[90.3067,26.848],[90.3169,26.8506],[90.351,26.8762],[90.3603,26.8959],[90.4149,26.9017],[90.4273,26.8979],[90.5648,26.8007],[90.6351,26.7913],[90.6539,26.7739],[90.6841,26.7799],[90.7046,26.7677],[90.7336,26.768],[90.7456,26.7747],[90.9015,26.7782],[91.0004,26.7878],[91.0583,26.7789],[91.0934,26.8179],[91.1009,26.8193],[91.134,26.8079],[91.1846,26.8109],[91.2665,26.8044],[91.2991,26.7845],[91.3403,26.779],[91.3836,26.8008],[91.4061,26.8344],[91.4124,26.8348],[91.4821,26.791],[91.4966,26.789],[91.5945,26.8039],[91.6276,26.8205],[91.6909,26.8042],[91.7009,26.8109],[91.7306,26.8116],[91.8056,26.8511],[91.8355,26.8754],[91.8614,26.913],[91.9009,26.9151],[91.9575,26.8866],[91.9634,26.8765],[91.989,26.8571],[92.0586,26.8468],[92.0858,26.8609],[92.0923,26.8597],[92.1008,26.8674],[92.102,26.8806],[92.1113,26.8926],[92.1276,26.8885],[92.1981,26.8897],[92.2578,26.9109],[92.2796,26.9011],[92.307,26.9081],[92.3061,26.9228],[92.3562,26.9341],[92.4029,26.9248],[92.415,26.9427],[92.4289,26.942],[92.4493,26.9591],[92.4627,26.9618],[92.5081,26.9652],[92.5566,26.9574],[92.5882,26.9602],[92.6484,26.9857],[92.6476,27.0084],[92.6421,27.0169],[92.6535,27.0231],[92.662,27.0368],[92.7166,27.0243],[92.772,27.0312],[92.8752,27.0058],[92.9194,26.9826],[92.9204,26.9622],[93.0218,26.9146],[93.0713,26.922],[93.0943,26.9132],[93.1113,26.925],[93.2247,26.9467],[93.3501,26.9606],[93.4499,26.9514],[93.4701,26.9361],[93.4888,26.9403],[93.4914,26.9357],[93.5278,26.9458],[93.5861,26.9497],[93.6264,26.9612],[93.657,26.9634],[93.6776,26.968],[93.7208,27.0161],[93.7704,27.0402],[93.7756,27.0592],[93.781,27.0502],[93.7831,27.0577],[93.7893,27.0511],[93.7995,27.0607],[93.8104,27.0594],[93.8148,27.0675],[93.8206,27.0618],[93.8301,27.0658],[93.8386,27.075],[93.8285,27.0962],[93.8292,27.1088],[93.8076,27.1347],[93.8106,27.1487],[93.8695,27.1957],[93.9031,27.2384],[94.0028,27.327],[94.0022,27.3316],[94.0631,27.3604],[94.0886,27.4014],[94.1625,27.4633],[94.1595,27.4749],[94.1935,27.4931],[94.2146,27.4947],[94.2239,27.5038],[94.262,27.5202],[94.2648,27.5241],[94.2588,27.5542],[94.2289,27.5725],[94.2239,27.5848],[94.2275,27.5954],[94.216,27.6013],[94.2136,27.6078],[94.2199,27.6059],[94.2376,27.6294],[94.2547,27.6378],[94.2653,27.6329],[94.2696,27.6247],[94.2565,27.6105],[94.2748,27.6003],[94.2784,27.5901],[94.2908,27.5913],[94.3004,27.601],[94.3147,27.5864],[94.3697,27.5734],[94.3899,27.5859],[94.4054,27.5838],[94.4232,27.5979],[94.4333,27.5996],[94.4382,27.5809],[94.4556,27.5674],[94.4618,27.5541],[94.4852,27.5736],[94.5023,27.5737],[94.5284,27.5922],[94.5756,27.6033],[94.5884,27.6164],[94.6115,27.6189],[94.6271,27.6264],[94.6365,27.625],[94.6505,27.6383],[94.6712,27.6465],[94.6846,27.6458],[94.6886,27.6534],[94.686,27.6596],[94.6915,27.6634],[94.7187,27.6578],[94.7228,27.6662],[94.7447,27.6595],[94.7616,27.6645],[94.769,27.6762],[94.793,27.6849],[94.8023,27.6932],[94.8233,27.6923],[94.8414,27.6996],[94.8508,27.7067],[94.8556,27.7277],[94.8628,27.7294],[94.868,27.7416],[94.886,27.7381],[94.9999,27.7724],[95.0332,27.7706],[95.0538,27.786],[95.3184,27.8666],[95.3861,27.8373],[95.5177,27.8769],[95.528,27.893],[95.5452,27.8974],[95.5455,27.9086],[95.5668,27.9176],[95.573,27.9375],[95.5904,27.9367],[95.6085,27.9528],[95.8275,27.972],[95.9789,27.9628],[95.9666,27.9469]],[[91.7831,26.4937],[91.7812,26.4914],[91.7849,26.4959],[91.7831,26.4937]],[[89.8147,26.3249],[89.8226,26.32],[89.8275,26.3283],[89.8171,26.3458],[89.8049,26.3494],[89.7938,26.3432],[89.8147,26.3249]]]]}},{"type":"Feature","properties":{"ST_NM":"Bihar"},"geometry":{"type":"MultiPolygon","coordinates":[[[[84.5072,24.2632],[84.4989,24.2689],[84.499,24.2829],[84.5049,24.2819],[84.511,24.2685],[84.5072,24.2632]]],[[[84.1237,27.5123],[84.1542,27.5186],[84.1569,27.5122],[84.1497,27.5013],[84.1512,27.4908],[84.1761,27.4749],[84.2111,27.4675],[84.2126,27.4493],[84.2185,27.4396],[84.2255,27.4398],[84.2296,27.4496],[84.2551,27.4497],[84.2602,27.4346],[84.2745,27.4251],[84.2774,27.3967],[84.2942,27.3846],[84.3037,27.3913],[84.3405,27.3754],[84.3792,27.3752],[84.3984,27.3687],[84.4244,27.3712],[84.4602,27.3629],[84.4723,27.3545],[84.4875,27.3598],[84.6262,27.3365],[84.6665,27.2733],[84.6914,27.2233],[84.6856,27.2025],[84.6859,27.1814],[84.6777,27.1712],[84.6809,27.1615],[84.689,27.1598],[84.6785,27.1235],[84.6807,27.1147],[84.6747,27.1124],[84.6783,27.1026],[84.6697,27.089],[84.6505,27.0731],[84.6462,27.0467],[84.7016,27.0289],[84.7632,27.0002],[84.7688,27.0128],[84.7775,27.018],[84.7916,27.0077],[84.793,26.9975],[84.7973,26.9966],[84.8157,27.0122],[84.8162,27.0194],[84.829,27.0208],[84.8578,27.0084],[84.858,26.9922],[84.901,26.9733],[84.9321,26.9717],[84.9616,26.9628],[84.9813,26.9409],[84.9724,26.9298],[84.9715,26.9202],[85.0017,26.9157],[85.0068,26.9061],[85.001,26.9002],[85.0108,26.8944],[85.0477,26.8904],[85.0588,26.8846],[85.057,26.8799],[85.0329,26.8745],[85.0273,26.8559],[85.0341,26.8531],[85.0652,26.8495],[85.0791,26.8543],[85.0794,26.8584],[85.0872,26.8541],[85.0927,26.8593],[85.0873,26.8651],[85.1104,26.8715],[85.1344,26.8676],[85.1956,26.869],[85.1938,26.8347],[85.1793,26.8146],[85.1801,26.8093],[85.1846,26.798],[85.1963,26.7894],[85.1972,26.7747],[85.2134,26.7584],[85.2394,26.763],[85.2645,26.7546],[85.3078,26.7522],[85.3368,26.7414],[85.3618,26.7631],[85.3722,26.7578],[85.3772,26.7606],[85.388,26.7746],[85.4039,26.7807],[85.4094,26.7909],[85.4256,26.7862],[85.4376,26.7892],[85.4587,26.7821],[85.477,26.7903],[85.4802,26.8023],[85.4964,26.7968],[85.501,26.8127],[85.5226,26.8129],[85.545,26.8374],[85.555,26.8339],[85.559,26.8428],[85.5673,26.8408],[85.5763,26.8596],[85.5849,26.8581],[85.5883,26.8483],[85.6094,26.857],[85.6244,26.8739],[85.6372,26.8723],[85.6432,26.8531],[85.6781,26.8447],[85.7264,26.8167],[85.7274,26.8068],[85.736,26.7949],[85.7299,26.7484],[85.7354,26.7384],[85.7272,26.7241],[85.7241,26.681],[85.7284,26.6693],[85.736,26.6646],[85.7373,26.6504],[85.7689,26.6317],[85.8022,26.6252],[85.8064,26.6134],[85.8182,26.6032],[85.8303,26.6026],[85.8307,26.613],[85.8521,26.6083],[85.857,26.5915],[85.8475,26.5721],[85.8525,26.5684],[85.8783,26.5851],[85.8861,26.5832],[85.8899,26.5917],[85.9125,26.6087],[85.9287,26.6161],[85.9445,26.6156],[85.9601,26.6519],[85.9759,26.6595],[86.0147,26.656],[86.0302,26.6664],[86.0718,26.659],[86.0767,26.6503],[86.0887,26.6442],[86.127,26.6281],[86.1394,26.6286],[86.1412,26.6045],[86.1764,26.6178],[86.1783,26.6139],[86.1945,26.6146],[86.2011,26.5945],[86.2217,26.5898],[86.2365,26.5905],[86.237,26.5975],[86.2565,26.6133],[86.2731,26.6164],[86.2965,26.613],[86.3109,26.6198],[86.3456,26.6165],[86.3432,26.6059],[86.3964,26.5946],[86.3983,26.5855],[86.4603,26.567],[86.501,26.5422],[86.5383,26.5413],[86.5509,26.5305],[86.5559,26.5154],[86.573,26.4979],[86.6141,26.4879],[86.6281,26.4781],[86.6319,26.4685],[86.6973,26.4493],[86.7028,26.4387],[86.7201,26.4351],[86.7351,26.4244],[86.7471,26.4324],[86.7553,26.4467],[86.763,26.4464],[86.7728,26.4583],[86.818,26.4417],[86.8429,26.4399],[86.8661,26.4554],[86.8968,26.4616],[86.8927,26.481],[86.8964,26.4867],[86.9319,26.4885],[86.9331,26.5118],[86.9405,26.516],[86.9637,26.522],[86.9778,26.5194],[86.9866,26.528],[86.9997,26.5273],[87.016,26.5337],[87.046,26.573],[87.0457,26.5872],[87.0724,26.5865],[87.0749,26.5414],[87.0822,26.5213],[87.0925,26.4521],[87.1575,26.4057],[87.1909,26.4046],[87.1877,26.4141],[87.2128,26.413],[87.2181,26.4043],[87.2307,26.4138],[87.2619,26.4105],[87.2671,26.4023],[87.2668,26.3737],[87.2905,26.3744],[87.3031,26.3665],[87.3136,26.3719],[87.3412,26.3483],[87.3582,26.3605],[87.3557,26.3855],[87.3702,26.4074],[87.3783,26.4081],[87.3887,26.4187],[87.4288,26.421],[87.4629,26.4397],[87.4938,26.4369],[87.5497,26.4186],[87.5553,26.4051],[87.5867,26.3938],[87.5903,26.3824],[87.6094,26.381],[87.6142,26.3908],[87.6528,26.3928],[87.6515,26.4056],[87.6786,26.4162],[87.6791,26.4355],[87.6941,26.4356],[87.7004,26.4288],[87.7154,26.4273],[87.7246,26.412],[87.7356,26.4076],[87.7403,26.4187],[87.75,26.4178],[87.7541,26.4079],[87.7666,26.409],[87.78,26.4345],[87.777,26.4515],[87.792,26.4629],[87.7892,26.4678],[87.8161,26.4602],[87.831,26.4498],[87.8296,26.4403],[87.8505,26.4356],[87.8534,26.4456],[87.8648,26.452],[87.8602,26.4629],[87.8872,26.476],[87.8914,26.4861],[87.9019,26.4772],[87.9114,26.4585],[87.9007,26.4488],[87.9268,26.4459],[87.9177,26.4331],[87.9266,26.4286],[87.9294,26.4185],[87.9674,26.3979],[87.9933,26.3931],[87.9955,26.3672],[88.0102,26.355],[88.02,26.3528],[88.0312,26.3554],[88.0334,26.3773],[88.0395,26.3848],[88.0613,26.3986],[88.0984,26.4345],[88.1034,26.4461],[88.0968,26.4536],[88.1088,26.4655],[88.1045,26.4747],[88.1075,26.4896],[88.0997,26.5086],[88.109,26.5254],[88.1053,26.533],[88.1122,26.5389],[88.1389,26.5124],[88.1521,26.5108],[88.1544,26.5165],[88.1721,26.5215],[88.175,26.5372],[88.1853,26.5307],[88.1891,26.5428],[88.1972,26.5441],[88.2212,26.5354],[88.2163,26.5406],[88.2275,26.5461],[88.2206,26.5506],[88.2221,26.5571],[88.2379,26.5518],[88.24,26.5322],[88.2133,26.5148],[88.213,26.5099],[88.2005,26.5079],[88.1857,26.4904],[88.1983,26.4829],[88.2004,26.4719],[88.2214,26.4696],[88.2198,26.4776],[88.2328,26.4761],[88.2277,26.4667],[88.2219,26.4656],[88.2355,26.447],[88.2499,26.4492],[88.2587,26.4337],[88.2744,26.4217],[88.2696,26.4149],[88.2619,26.4158],[88.2357,26.3898],[88.2441,26.3753],[88.2613,26.3744],[88.274,26.3811],[88.2804,26.3772],[88.2883,26.3601],[88.2983,26.3539],[88.2857,26.3463],[88.2859,26.3355],[88.2788,26.3305],[88.275,26.337],[88.2675,26.3378],[88.2546,26.3265],[88.2428,26.3053],[88.2381,26.3103],[88.231,26.2894],[88.2206,26.2816],[88.1897,26.2746],[88.1833,26.2617],[88.1508,26.2528],[88.1438,26.2437],[88.1452,26.2308],[88.1183,26.2262],[88.1224,26.2229],[88.0961,26.2032],[88.0936,26.1944],[88.0794,26.1854],[88.0812,26.1813],[88.0762,26.1757],[88.0587,26.1716],[88.0526,26.1779],[88.0438,26.1777],[88.033,26.1628],[88.0181,26.1548],[88.0194,26.1409],[88.0024,26.1418],[87.9885,26.1592],[87.9812,26.1528],[87.9705,26.1519],[87.9774,26.1371],[87.9635,26.1288],[87.982,26.1216],[87.9757,26.1093],[87.9646,26.1088],[87.9608,26.1028],[87.9785,26.0849],[87.9745,26.0814],[87.9443,26.0845],[87.9446,26.0768],[87.9375,26.069],[87.9289,26.0718],[87.9193,26.091],[87.8825,26.0662],[87.8816,26.0556],[87.8697,26.0561],[87.8485,26.0445],[87.847,26.0198],[87.8324,25.9883],[87.8376,25.9641],[87.8317,25.9588],[87.8302,25.9465],[87.8362,25.9355],[87.8133,25.93],[87.8099,25.9208],[87.8141,25.9091],[87.817,25.9141],[87.8228,25.9128],[87.8199,25.9],[87.8266,25.8938],[87.8218,25.8856],[87.8291,25.8716],[87.8621,25.8648],[87.8715,25.8677],[87.885,25.8586],[87.891,25.8648],[87.9171,25.8519],[87.9035,25.8397],[87.9036,25.8347],[87.8896,25.8288],[87.9026,25.8292],[87.9,25.8252],[87.9166,25.815],[87.9137,25.8096],[87.9093,25.8143],[87.9029,25.8112],[87.9012,25.8049],[87.9092,25.802],[87.9041,25.7994],[87.9046,25.77],[87.9247,25.7742],[87.9347,25.768],[87.9385,25.7715],[87.9477,25.7562],[87.9447,25.7488],[87.9665,25.7323],[87.967,25.7249],[87.9856,25.7187],[87.9938,25.7239],[88.0031,25.7122],[88.0226,25.705],[88.0221,25.692],[88.0361,25.6991],[88.0406,25.6943],[88.0458,25.6984],[88.0545,25.6908],[88.0567,25.6861],[88.049,25.6742],[88.0544,25.6442],[88.0488,25.6393],[88.0417,25.6413],[88.0414,25.6371],[88.0493,25.6324],[88.0601,25.6332],[88.0452,25.6276],[88.0428,25.6223],[88.0409,25.6174],[88.0472,25.6058],[88.0355,25.6004],[88.0444,25.5954],[88.0372,25.5878],[88.0268,25.5873],[88.0358,25.5747],[88.031,25.5694],[88.044,25.5642],[88.0328,25.5536],[88.0436,25.5465],[88.0414,25.5371],[88.0638,25.5291],[88.0745,25.5134],[88.0695,25.5066],[88.0785,25.5043],[88.0738,25.4972],[88.0761,25.4809],[88.0586,25.487],[88.052,25.483],[88.0423,25.487],[88.0443,25.492],[88.0402,25.4931],[88.0333,25.4866],[88.0215,25.5009],[88.0137,25.5032],[88.0174,25.508],[88.0132,25.5108],[88.01,25.4944],[87.9985,25.4983],[87.9863,25.5162],[87.9934,25.5243],[87.978,25.5236],[87.9614,25.5384],[87.9319,25.5366],[87.9089,25.5194],[87.9106,25.5077],[87.9048,25.5047],[87.8912,25.5175],[87.8851,25.5163],[87.8872,25.5059],[87.8757,25.5034],[87.8667,25.4864],[87.8693,25.4658],[87.8565,25.4687],[87.8554,25.4654],[87.8397,25.465],[87.8397,25.4592],[87.8315,25.4579],[87.8316,25.4457],[87.8145,25.4346],[87.7924,25.4491],[87.7872,25.445],[87.7824,25.4294],[87.7717,25.4247],[87.7771,25.412],[87.768,25.4125],[87.765,25.4055],[87.7723,25.404],[87.7684,25.3894],[87.7715,25.3784],[87.7825,25.3713],[87.7946,25.3727],[87.7874,25.3389],[87.7898,25.3329],[87.7972,25.3228],[87.8168,25.3196],[87.8369,25.3027],[87.8561,25.298],[87.8607,25.2901],[87.8622,25.2783],[87.86,25.2685],[87.8556,25.2678],[87.8549,25.254],[87.8412,25.2504],[87.8284,25.2349],[87.8423,25.1999],[87.807,25.2188],[87.7933,25.2211],[87.789,25.2467],[87.7136,25.2569],[87.7138,25.2719],[87.6949,25.2854],[87.7006,25.2959],[87.6993,25.3035],[87.6865,25.3048],[87.69,25.3106],[87.6577,25.3077],[87.6377,25.3123],[87.6319,25.3191],[87.6286,25.3113],[87.6195,25.316],[87.6128,25.3118],[87.5871,25.3285],[87.5936,25.341],[87.586,25.3488],[87.5731,25.3343],[87.5534,25.3314],[87.5445,25.2967],[87.5457,25.2821],[87.5354,25.2801],[87.5189,25.2926],[87.5049,25.2927],[87.4961,25.3056],[87.4924,25.2965],[87.4875,25.2956],[87.4936,25.2781],[87.5005,25.2759],[87.5017,25.263],[87.4936,25.2625],[87.4786,25.2414],[87.4781,25.1952],[87.4155,25.2156],[87.3978,25.228],[87.3832,25.2231],[87.3759,25.2055],[87.3611,25.2139],[87.3365,25.2175],[87.3366,25.2227],[87.3296,25.2235],[87.3167,25.1703],[87.3211,25.1655],[87.3083,25.1458],[87.3095,25.1387],[87.304,25.1352],[87.2971,25.0898],[87.2763,25.0942],[87.2648,25.1052],[87.2566,25.1064],[87.2514,25.0996],[87.2459,25.1],[87.2399,25.0864],[87.2174,25.0901],[87.2036,25.0742],[87.1827,25.0646],[87.1644,25.0316],[87.1528,25.0249],[87.1505,25.007],[87.1597,24.9916],[87.1546,24.9428],[87.1613,24.9324],[87.1525,24.9135],[87.1629,24.8968],[87.1641,24.8863],[87.1539,24.8686],[87.1569,24.8592],[87.1387,24.8603],[87.1293,24.8537],[87.1205,24.8563],[87.1009,24.827],[87.0845,24.823],[87.0833,24.8091],[87.1026,24.8023],[87.0888,24.78],[87.0922,24.7591],[87.0795,24.7439],[87.0815,24.7373],[87.0872,24.7368],[87.0878,24.7254],[87.0771,24.7082],[87.0752,24.6921],[87.0606,24.6715],[87.0503,24.625],[87.0563,24.6077],[87.0505,24.6064],[87.0426,24.6142],[87.0334,24.6103],[87.0302,24.6221],[87.0226,24.6187],[87.0161,24.6072],[86.9771,24.6312],[86.9514,24.6275],[86.9546,24.6437],[86.9361,24.6437],[86.9401,24.6274],[86.9249,24.6203],[86.9238,24.6117],[86.904,24.5875],[86.9171,24.5397],[86.8991,24.5558],[86.8901,24.5554],[86.8824,24.5683],[86.8676,24.5612],[86.8606,24.5514],[86.8448,24.555],[86.8431,24.5692],[86.8063,24.5655],[86.8137,24.5778],[86.8118,24.5954],[86.7979,24.6162],[86.7917,24.6181],[86.8004,24.5977],[86.7929,24.6003],[86.7832,24.6206],[86.7816,24.6164],[86.757,24.6188],[86.7507,24.6037],[86.7517,24.5904],[86.7377,24.5767],[86.7247,24.5791],[86.7015,24.5698],[86.6928,24.5713],[86.6745,24.5615],[86.6519,24.5681],[86.6474,24.577],[86.6245,24.5853],[86.6251,24.5955],[86.6131,24.5952],[86.6155,24.6082],[86.6091,24.6059],[86.5901,24.5861],[86.5894,24.5736],[86.5845,24.5687],[86.5609,24.5601],[86.5641,24.5493],[86.5529,24.5359],[86.5298,24.5366],[86.512,24.5186],[86.5038,24.4988],[86.5043,24.4882],[86.4965,24.4853],[86.496,24.4685],[86.4907,24.4597],[86.4973,24.455],[86.4948,24.426],[86.472,24.4228],[86.4719,24.386],[86.4584,24.3696],[86.4218,24.3802],[86.4049,24.4012],[86.3796,24.4168],[86.357,24.4446],[86.3258,24.441],[86.3101,24.4457],[86.3059,24.4498],[86.3073,24.4576],[86.2855,24.4628],[86.2919,24.4776],[86.3003,24.4772],[86.3188,24.5093],[86.3139,24.5271],[86.3078,24.5327],[86.3162,24.5481],[86.3105,24.559],[86.3293,24.5848],[86.3187,24.5866],[86.3165,24.5823],[86.2991,24.5868],[86.2802,24.5834],[86.2833,24.5749],[86.2727,24.5826],[86.2706,24.5765],[86.2239,24.6124],[86.2222,24.5918],[86.2015,24.5858],[86.1722,24.5843],[86.1635,24.5898],[86.1588,24.6003],[86.1399,24.6041],[86.1322,24.6124],[86.1249,24.6424],[86.1329,24.6547],[86.1326,24.6713],[86.1402,24.676],[86.1311,24.7056],[86.116,24.7327],[86.0933,24.7467],[86.0699,24.7521],[86.0458,24.7417],[86.0427,24.7477],[86.0483,24.7483],[86.0597,24.7621],[86.0573,24.7799],[86.0163,24.7683],[86.0068,24.7517],[85.984,24.748],[85.9769,24.7339],[85.9571,24.7325],[85.9345,24.7408],[85.9173,24.754],[85.8941,24.7858],[85.8966,24.7919],[85.8847,24.8005],[85.8341,24.8098],[85.825,24.8072],[85.8176,24.7947],[85.7842,24.7991],[85.7764,24.803],[85.7724,24.8127],[85.7437,24.8228],[85.7353,24.8008],[85.73,24.7991],[85.728,24.7871],[85.7168,24.7811],[85.7117,24.769],[85.7151,24.7479],[85.7036,24.7137],[85.6866,24.694],[85.6565,24.6873],[85.6552,24.6821],[85.6669,24.675],[85.6703,24.665],[85.6681,24.6469],[85.679,24.6197],[85.6801,24.5933],[85.6716,24.5823],[85.6512,24.5786],[85.6224,24.5833],[85.6052,24.5979],[85.5835,24.6033],[85.5698,24.5916],[85.5752,24.5655],[85.5616,24.5564],[85.5438,24.5655],[85.5473,24.5506],[85.5434,24.5363],[85.5253,24.5249],[85.5094,24.5317],[85.5095,24.5432],[85.5045,24.5488],[85.4935,24.551],[85.4636,24.5395],[85.4403,24.5363],[85.4136,24.5459],[85.3773,24.5298],[85.3256,24.5248],[85.2896,24.5269],[85.2864,24.5193],[85.289,24.4974],[85.2536,24.4955],[85.231,24.4714],[85.2104,24.4731],[85.2064,24.4676],[85.1704,24.4674],[85.1578,24.463],[85.157,24.456],[85.1659,24.4514],[85.1765,24.4297],[85.165,24.4244],[85.1624,24.4182],[85.1222,24.4092],[85.0966,24.3794],[85.0726,24.387],[85.0817,24.4086],[85.0833,24.44],[85.0605,24.4153],[85.0393,24.4255],[84.9976,24.4123],[84.9758,24.3761],[84.9551,24.3719],[84.9326,24.3782],[84.9052,24.3722],[84.9017,24.3751],[84.9077,24.3822],[84.9054,24.3939],[84.8852,24.4227],[84.8875,24.4628],[84.8747,24.4669],[84.8671,24.4566],[84.8548,24.4659],[84.8493,24.4554],[84.8417,24.4525],[84.8379,24.4592],[84.8408,24.4695],[84.8345,24.47],[84.84,24.5114],[84.8268,24.5247],[84.809,24.521],[84.8027,24.5293],[84.791,24.5176],[84.7873,24.5047],[84.7494,24.4963],[84.7474,24.4881],[84.7323,24.4728],[84.7203,24.4685],[84.7139,24.4722],[84.6863,24.4562],[84.6736,24.431],[84.6752,24.4128],[84.6703,24.4105],[84.6656,24.3936],[84.6303,24.4038],[84.5892,24.4013],[84.5875,24.4102],[84.5799,24.4122],[84.5665,24.3969],[84.5732,24.3838],[84.5533,24.3735],[84.5289,24.3761],[84.5354,24.3647],[84.5262,24.353],[84.5268,24.3457],[84.5329,24.3393],[84.5248,24.3335],[84.5181,24.317],[84.5106,24.3153],[84.5097,24.2944],[84.5009,24.2869],[84.4916,24.2968],[84.4945,24.3047],[84.486,24.3028],[84.4865,24.3091],[84.5064,24.3239],[84.5082,24.3324],[84.4987,24.3297],[84.4851,24.3159],[84.4694,24.3174],[84.462,24.3385],[84.4249,24.3312],[84.43,24.3589],[84.4024,24.3675],[84.4073,24.3744],[84.3925,24.379],[84.3897,24.3894],[84.3689,24.3863],[84.3434,24.3955],[84.3455,24.4009],[84.3334,24.4106],[84.3353,24.4218],[84.3226,24.4231],[84.3269,24.4289],[84.3379,24.4308],[84.3226,24.4471],[84.3008,24.4504],[84.2928,24.4654],[84.3018,24.4803],[84.3293,24.4893],[84.3339,24.5022],[84.3006,24.5654],[84.2769,24.5637],[84.2795,24.5534],[84.2877,24.5513],[84.2661,24.5371],[84.2648,24.5302],[84.2562,24.531],[84.2559,24.5382],[84.2419,24.543],[84.2427,24.5526],[84.2283,24.5497],[84.2251,24.5346],[84.2166,24.5365],[84.2076,24.5564],[84.196,24.5547],[84.1946,24.5487],[84.1806,24.5465],[84.1941,24.5219],[84.1869,24.5098],[84.1613,24.517],[84.1721,24.5331],[84.1537,24.5396],[84.144,24.5287],[84.1476,24.5042],[84.1326,24.4977],[84.1302,24.4861],[84.1174,24.4808],[84.0968,24.5035],[84.0974,24.5332],[84.0861,24.5443],[84.0802,24.5688],[84.0675,24.5762],[84.0691,24.5886],[84.0607,24.5872],[84.0526,24.6061],[84.0545,24.6115],[84.0319,24.6282],[84.0234,24.6267],[84.0223,24.6308],[84.0,24.6371],[83.9801,24.5958],[83.9408,24.5509],[83.8758,24.532],[83.8655,24.5367],[83.8023,24.5285],[83.7565,24.5096],[83.7245,24.504],[83.6903,24.5146],[83.608,24.5122],[83.5503,24.525],[83.5061,24.5259],[83.5013,24.5409],[83.5251,24.548],[83.5325,24.5661],[83.5329,24.5838],[83.5254,24.602],[83.5493,24.6249],[83.5286,24.6287],[83.5319,24.6431],[83.5239,24.6415],[83.5055,24.6503],[83.5074,24.6671],[83.5217,24.6798],[83.5037,24.6948],[83.5,24.7038],[83.4887,24.7043],[83.4913,24.7296],[83.4879,24.7364],[83.4611,24.7319],[83.4275,24.7684],[83.3949,24.7827],[83.4006,24.7955],[83.3981,24.8029],[83.4037,24.8094],[83.3985,24.8315],[83.3764,24.8615],[83.3621,24.8689],[83.3724,24.8769],[83.363,24.8838],[83.3682,24.8902],[83.3595,24.9013],[83.3662,24.9123],[83.3652,24.9536],[83.3466,24.9618],[83.3541,24.9903],[83.3521,25.0086],[83.3264,25.0155],[83.3247,25.0365],[83.3317,25.0462],[83.3302,25.0539],[83.342,25.0491],[83.3418,25.0561],[83.336,25.0591],[83.3405,25.0805],[83.3463,25.0861],[83.3484,25.1105],[83.362,25.1084],[83.3656,25.1222],[83.3604,25.1293],[83.3608,25.1498],[83.3515,25.1567],[83.3565,25.1766],[83.3437,25.1794],[83.358,25.1969],[83.3686,25.1943],[83.3804,25.1991],[83.3879,25.2097],[83.3966,25.205],[83.4176,25.2472],[83.4277,25.2443],[83.4277,25.2513],[83.4397,25.2425],[83.4482,25.2572],[83.4686,25.25],[83.4886,25.2804],[83.4945,25.2775],[83.4997,25.2846],[83.5066,25.281],[83.511,25.2876],[83.5195,25.2858],[83.5263,25.2912],[83.5264,25.3005],[83.534,25.2976],[83.5537,25.3079],[83.5415,25.3109],[83.5478,25.3157],[83.5726,25.3139],[83.5725,25.3062],[83.5964,25.3245],[83.6156,25.3304],[83.6308,25.3276],[83.6383,25.3413],[83.6509,25.3392],[83.6586,25.366],[83.6672,25.3611],[83.6686,25.3691],[83.6774,25.3625],[83.6973,25.3694],[83.6836,25.3764],[83.6978,25.3839],[83.703,25.3941],[83.7124,25.3842],[83.7238,25.3973],[83.7355,25.3966],[83.7409,25.4087],[83.7462,25.399],[83.7591,25.4031],[83.7664,25.3993],[83.7581,25.3949],[83.7581,25.3902],[83.7703,25.386],[83.7718,25.3967],[83.7906,25.3968],[83.8077,25.4091],[83.8136,25.4226],[83.8027,25.4297],[83.8467,25.435],[83.8418,25.4483],[83.814,25.4518],[83.8186,25.464],[83.8231,25.4664],[83.8377,25.4596],[83.8595,25.4718],[83.8633,25.4829],[83.8751,25.4916],[83.8814,25.5185],[83.9047,25.5264],[83.9255,25.5566],[83.9527,25.5654],[84.0227,25.6142],[84.0849,25.6357],[84.0881,25.6508],[84.0781,25.6937],[84.1029,25.7184],[84.1316,25.722],[84.1436,25.7297],[84.1452,25.7218],[84.135,25.7166],[84.1442,25.715],[84.153,25.7187],[84.1567,25.7291],[84.2028,25.7016],[84.2113,25.6678],[84.2255,25.6623],[84.2939,25.6598],[84.3012,25.6668],[84.292,25.6754],[84.3205,25.6707],[84.3217,25.6672],[84.327,25.6702],[84.3328,25.7315],[84.3397,25.7428],[84.3628,25.7419],[84.3779,25.7343],[84.376,25.74],[84.3884,25.7469],[84.3969,25.7426],[84.3896,25.7325],[84.402,25.7272],[84.4088,25.7152],[84.4055,25.7074],[84.4102,25.6978],[84.432,25.6934],[84.4325,25.71],[84.4571,25.7128],[84.4635,25.7087],[84.4671,25.6968],[84.4715,25.697],[84.4686,25.6891],[84.4748,25.6839],[84.4976,25.6895],[84.4967,25.6763],[84.5073,25.6758],[84.5141,25.6807],[84.5247,25.6761],[84.5329,25.6828],[84.5363,25.7138],[84.5388,25.723],[84.5442,25.7249],[84.5397,25.6913],[84.5606,25.6825],[84.5669,25.6994],[84.5639,25.7348],[84.6038,25.7375],[84.6389,25.7268],[84.6306,25.7458],[84.6089,25.7591],[84.6112,25.7708],[84.6185,25.7757],[84.6291,25.7708],[84.6286,25.7925],[84.5649,25.8358],[84.5553,25.8396],[84.5527,25.8283],[84.5354,25.8326],[84.5347,25.8537],[84.5284,25.8594],[84.5367,25.863],[84.549,25.8604],[84.5371,25.876],[84.515,25.8706],[84.4938,25.8875],[84.475,25.8819],[84.4695,25.8869],[84.4318,25.8906],[84.4168,25.9295],[84.3949,25.9363],[84.36,25.9574],[84.3049,25.945],[84.2439,25.9839],[84.2105,25.9985],[84.201,25.9874],[84.1811,25.9967],[84.1749,25.9894],[84.176,26.0233],[84.1454,26.0448],[84.1248,26.0727],[84.0998,26.0943],[84.0579,26.0974],[84.0511,26.1093],[84.0513,26.1292],[84.027,26.1428],[84.0325,26.1518],[84.0362,26.1507],[84.0367,26.1606],[84.0227,26.1646],[84.0119,26.1758],[84.011,26.1877],[84.0179,26.1971],[84.0294,26.1952],[84.0325,26.1985],[84.028,26.2069],[84.0332,26.2173],[84.0184,26.2215],[84.0145,26.2316],[84.0205,26.2382],[84.0295,26.2392],[84.0403,26.2366],[84.0426,26.2297],[84.0557,26.2278],[84.0584,26.2232],[84.0883,26.2188],[84.0885,26.2295],[84.0963,26.2342],[84.1003,26.2316],[84.1012,26.2378],[84.1194,26.2395],[84.1219,26.2595],[84.1503,26.2554],[84.1543,26.2593],[84.1662,26.2418],[84.1641,26.2554],[84.1803,26.2654],[84.1777,26.2905],[84.1907,26.3147],[84.1762,26.3357],[84.1804,26.3716],[84.1014,26.3879],[84.0811,26.382],[84.0706,26.3876],[84.0641,26.3995],[84.0397,26.4104],[84.0255,26.4293],[84.0202,26.4458],[84.0108,26.441],[83.9996,26.445],[83.9911,26.432],[83.9555,26.4355],[83.9115,26.4475],[83.9167,26.4977],[83.9115,26.5153],[83.9442,26.5217],[83.9551,26.5157],[83.952,26.5108],[83.9549,26.5075],[83.9718,26.5059],[83.9834,26.5292],[84.0099,26.5223],[84.057,26.5408],[84.0586,26.5589],[84.0918,26.5969],[84.0911,26.6402],[84.1136,26.63],[84.1154,26.6346],[84.1308,26.632],[84.1613,26.6359],[84.1578,26.6251],[84.2112,26.6218],[84.2402,26.6072],[84.2681,26.6048],[84.2814,26.5968],[84.2886,26.6041],[84.3024,26.603],[84.3062,26.6132],[84.3119,26.615],[84.3347,26.6128],[84.3601,26.618],[84.3798,26.6129],[84.388,26.6194],[84.4236,26.6248],[84.414,26.6403],[84.4115,26.6688],[84.3349,26.6817],[84.3278,26.7137],[84.3074,26.7507],[84.288,26.7486],[84.2647,26.7363],[84.2567,26.7267],[84.2434,26.7369],[84.234,26.7544],[84.2505,26.7728],[84.2617,26.806],[84.2562,26.8119],[84.258,26.8182],[84.2523,26.8191],[84.2605,26.828],[84.2616,26.8422],[84.2506,26.8597],[84.2306,26.8695],[84.2187,26.8682],[84.2061,26.8584],[84.1903,26.8546],[84.186,26.8506],[84.1842,26.833],[84.1784,26.8318],[84.16,26.8367],[84.1412,26.8529],[84.1414,26.8678],[84.1488,26.8712],[84.1504,26.8848],[84.1398,26.8825],[84.1102,26.898],[84.1094,26.8851],[84.0996,26.8743],[84.0951,26.8824],[84.0858,26.8759],[84.0616,26.8888],[84.0604,26.8988],[84.052,26.9062],[84.0589,26.9117],[84.0573,26.9289],[84.0481,26.928],[84.046,26.9382],[84.0346,26.9398],[84.036,26.946],[84.0448,26.9458],[84.0483,26.9548],[84.0563,26.959],[84.0557,26.9652],[84.0509,26.9651],[84.0532,26.9775],[84.0461,26.9811],[84.0592,26.9879],[84.0524,27.0002],[84.0402,27.0089],[84.0506,27.0417],[84.034,27.0417],[84.0047,27.0582],[84.0006,27.0656],[84.0154,27.0689],[84.0267,27.0807],[84.0259,27.0887],[84.0305,27.0925],[84.0215,27.1018],[83.9648,27.083],[83.9539,27.0842],[83.9493,27.0899],[83.9494,27.1136],[83.9624,27.1259],[83.9608,27.1378],[83.995,27.1787],[83.9866,27.2003],[83.9717,27.2106],[83.9738,27.2221],[83.9645,27.2319],[83.9177,27.2448],[83.908,27.2562],[83.9062,27.2738],[83.9319,27.2932],[83.9357,27.301],[83.9337,27.3132],[83.9181,27.3271],[83.9037,27.3258],[83.8648,27.3079],[83.8527,27.318],[83.8391,27.3195],[83.8395,27.3242],[83.8651,27.337],[83.8859,27.3709],[83.8822,27.383],[83.8653,27.3932],[83.8573,27.4061],[83.8371,27.4219],[83.8349,27.4281],[83.8509,27.446],[83.8743,27.4349],[83.9154,27.4399],[83.936,27.4488],[83.9503,27.4411],[83.9706,27.4454],[83.9838,27.4375],[84.001,27.4448],[84.0299,27.4362],[84.0435,27.4452],[84.0535,27.4432],[84.0543,27.4499],[84.0632,27.4535],[84.0702,27.4809],[84.0978,27.4932],[84.1064,27.5191],[84.1172,27.5209],[84.1237,27.5123]]]]}},{"type":"Feature","properties":{"ST_NM":"Chandigarh"},"geometry":{"type":"Polygon","coordinates":[[[76.8415,30.76],[76.836,30.7362],[76.8495,30.7104],[76.8343,30.6929],[76.833,30.6819],[76.8236,30.6811],[76.8075,30.6655],[76.7581,30.6867],[76.7516,30.6854],[76.746,30.6934],[76.7394,30.6922],[76.7386,30.7062],[76.7283,30.7096],[76.7293,30.7249],[76.7144,30.7416],[76.7038,30.743],[76.7038,30.7564],[76.7211,30.7664],[76.736,30.767],[76.7525,30.7824],[76.7515,30.7861],[76.7727,30.7953],[76.7906,30.7817],[76.7826,30.7732],[76.7942,30.7701],[76.8094,30.782],[76.8172,30.7752],[76.8046,30.7657],[76.8064,30.7627],[76.8147,30.759],[76.8253,30.7628],[76.8415,30.76]]]}},{"type":"Feature","properties":{"ST_NM":"Chhattisgarh"},"geometry":{"type":"Polygon","coordinates":[[[83.3353,24.0989],[83.391,24.0991],[83.4108,24.0801],[83.4331,24.0831],[83.439,24.0573],[83.4553,24.0419],[83.4866,24.038],[83.5144,24.0277],[83.5242,24.0101],[83.5152,24.0009],[83.5154,23.979],[83.5201,23.9665],[83.5465,23.9331],[83.5449,23.9142],[83.5504,23.8979],[83.5569,23.8925],[83.5777,23.89],[83.5837,23.8841],[83.5806,23.8768],[83.5652,23.8692],[83.5688,23.8627],[83.5887,23.8616],[83.6375,23.8471],[83.6571,23.8479],[83.6638,23.8434],[83.6658,23.8276],[83.6797,23.8199],[83.6895,23.8256],[83.7029,23.8205],[83.7061,23.8163],[83.7031,23.8075],[83.7183,23.7895],[83.7198,23.7723],[83.7369,23.7547],[83.7422,23.7136],[83.7396,23.7047],[83.7225,23.6903],[83.7222,23.6826],[83.7584,23.6535],[83.7595,23.6491],[83.7504,23.6406],[83.7552,23.6268],[83.7723,23.6217],[83.7823,23.5997],[83.7935,23.5984],[83.8078,23.5834],[83.8137,23.5826],[83.8183,23.5891],[83.8903,23.5731],[83.8974,23.5763],[83.9426,23.5634],[83.9369,23.594],[83.9389,23.6117],[83.9452,23.6228],[84.0143,23.6327],[84.0092,23.6208],[84.0296,23.5978],[84.0314,23.5883],[84.03,23.5447],[84.016,23.5001],[84.0045,23.4937],[83.9864,23.4612],[83.9768,23.456],[83.9867,23.4273],[83.9731,23.3819],[83.9821,23.3655],[84.0137,23.3536],[84.028,23.3762],[84.0506,23.3748],[84.0572,23.3527],[84.0774,23.3308],[84.0671,23.3091],[84.071,23.2931],[84.0576,23.2419],[84.0612,23.2352],[84.0595,23.2174],[84.0655,23.2046],[84.0383,23.1622],[84.0408,23.1395],[84.06,23.1256],[84.0686,23.1111],[84.095,23.1107],[84.112,23.1004],[84.1195,23.0884],[84.1365,23.0828],[84.1388,23.0687],[84.1319,23.0548],[84.1308,23.0379],[84.1513,22.9896],[84.1551,22.9653],[84.1749,22.9724],[84.1784,22.9785],[84.1757,22.9964],[84.181,23.0017],[84.1837,23.0219],[84.197,23.0251],[84.2053,23.0204],[84.2038,23.0055],[84.2241,22.9779],[84.2444,22.9819],[84.2485,22.9744],[84.2579,22.9729],[84.2784,22.9904],[84.2759,22.9805],[84.2856,22.9628],[84.3137,22.9691],[84.3321,22.9809],[84.3506,22.9753],[84.3775,22.9767],[84.3862,22.9505],[84.396,22.9404],[84.3932,22.9185],[84.3778,22.9033],[84.3852,22.8949],[84.3838,22.8776],[84.3768,22.8663],[84.3364,22.8613],[84.3253,22.8455],[84.3246,22.819],[84.3169,22.8008],[84.2973,22.789],[84.2922,22.7652],[84.2884,22.762],[84.281,22.7674],[84.2612,22.7648],[84.2323,22.737],[84.2346,22.6999],[84.2392,22.6905],[84.2276,22.6708],[84.2166,22.6649],[84.204,22.6657],[84.1873,22.6518],[84.1569,22.6364],[84.1142,22.6386],[84.101,22.6345],[84.0874,22.6384],[84.0552,22.5961],[84.0284,22.5891],[84.0121,22.5715],[84.0064,22.5415],[84.0122,22.5267],[84.0095,22.5229],[84.0013,22.5308],[83.9871,22.524],[83.9815,22.516],[83.9831,22.5042],[84.02,22.4873],[84.0287,22.4742],[84.0457,22.471],[84.0486,22.4662],[84.047,22.4351],[84.031,22.4244],[84.0292,22.4123],[84.0087,22.3826],[84.0112,22.3699],[84.0,22.3715],[83.974,22.3601],[83.9226,22.3618],[83.904,22.3419],[83.879,22.3411],[83.8681,22.3459],[83.8501,22.3285],[83.8323,22.3218],[83.8265,22.2947],[83.8007,22.2899],[83.7856,22.2767],[83.7784,22.2596],[83.7639,22.2526],[83.7599,22.2451],[83.7001,22.2477],[83.6799,22.2396],[83.6645,22.227],[83.6529,22.2268],[83.6264,22.1985],[83.6095,22.1541],[83.5644,22.1023],[83.6074,22.0679],[83.5906,22.0573],[83.5501,22.0617],[83.5396,22.0364],[83.5411,22.0247],[83.5557,22.0091],[83.5426,21.9821],[83.5423,21.966],[83.5649,21.9465],[83.5605,21.9347],[83.5949,21.9287],[83.6076,21.9135],[83.5998,21.9034],[83.5886,21.9001],[83.5904,21.8936],[83.5838,21.8888],[83.5852,21.8825],[83.5786,21.8746],[83.5912,21.8555],[83.5916,21.8463],[83.5806,21.8324],[83.5557,21.8379],[83.5384,21.8346],[83.5348,21.8257],[83.5435,21.8211],[83.5437,21.7967],[83.5133,21.8031],[83.4981,21.8172],[83.4912,21.7971],[83.4743,21.7855],[83.485,21.7674],[83.481,21.7524],[83.4913,21.7444],[83.4635,21.6972],[83.4351,21.6952],[83.4283,21.6894],[83.4269,21.6779],[83.4479,21.6581],[83.4902,21.6426],[83.4917,21.6286],[83.477,21.6298],[83.4701,21.6085],[83.4599,21.6082],[83.4559,21.6112],[83.4571,21.62],[83.4485,21.6211],[83.4485,21.6354],[83.4547,21.6475],[83.4484,21.6522],[83.4158,21.6371],[83.3879,21.6157],[83.3754,21.6],[83.3695,21.5755],[83.373,21.5527],[83.3614,21.5384],[83.3531,21.5113],[83.3418,21.4986],[83.3493,21.4885],[83.3575,21.4472],[83.3773,21.4393],[83.3886,21.4129],[83.401,21.4028],[83.4037,21.3756],[83.4004,21.3686],[83.4116,21.3585],[83.4098,21.3518],[83.3952,21.3424],[83.3838,21.3467],[83.382,21.3434],[83.2886,21.3784],[83.2772,21.3783],[83.278,21.3625],[83.2622,21.3352],[83.2681,21.3301],[83.2613,21.3157],[83.266,21.3055],[83.2799,21.2995],[83.2818,21.2891],[83.2749,21.272],[83.2645,21.2789],[83.2497,21.2798],[83.2391,21.2687],[83.2321,21.2704],[83.2256,21.2635],[83.2214,21.2543],[83.2263,21.2272],[83.2225,21.2271],[83.2148,21.2049],[83.2185,21.1947],[83.2068,21.1776],[83.1974,21.1391],[83.1686,21.135],[83.1413,21.1088],[83.1271,21.1046],[83.1156,21.1112],[83.1025,21.1079],[83.0787,21.1116],[83.067,21.1194],[83.0479,21.1224],[83.0364,21.1295],[83.0368,21.1347],[83.0003,21.1576],[82.9907,21.1516],[82.9872,21.1608],[82.9724,21.1591],[82.9634,21.1788],[82.9447,21.1644],[82.9292,21.1615],[82.9096,21.1662],[82.8866,21.1523],[82.8802,21.1543],[82.8761,21.163],[82.871,21.1586],[82.8473,21.1665],[82.8198,21.1617],[82.8029,21.1538],[82.7962,21.1424],[82.7596,21.1628],[82.7014,21.1558],[82.6919,21.1611],[82.6694,21.1538],[82.6433,21.1524],[82.6414,21.1394],[82.6551,21.128],[82.6445,21.1147],[82.6524,21.105],[82.6332,21.0799],[82.6167,21.0743],[82.6297,21.0397],[82.6118,21.0091],[82.5739,20.9702],[82.5603,20.9448],[82.493,20.9068],[82.4893,20.8587],[82.485,20.8501],[82.4672,20.839],[82.4699,20.8309],[82.4664,20.8272],[82.4485,20.8271],[82.4439,20.8329],[82.4229,20.8298],[82.413,20.8405],[82.4147,20.8513],[82.4088,20.8657],[82.3902,20.8732],[82.3754,20.8673],[82.3664,20.8697],[82.3633,20.8731],[82.3666,20.8859],[82.354,20.887],[82.3414,20.8438],[82.3462,20.7935],[82.3425,20.7619],[82.3533,20.7322],[82.3468,20.7292],[82.3544,20.7177],[82.3507,20.7023],[82.3587,20.6816],[82.3726,20.6673],[82.3697,20.6541],[82.3757,20.6277],[82.3656,20.6188],[82.3633,20.6071],[82.3461,20.598],[82.3481,20.5734],[82.3353,20.5657],[82.3315,20.5576],[82.3497,20.5414],[82.3562,20.5267],[82.3879,20.5137],[82.3926,20.4744],[82.3971,20.4693],[82.3956,20.4565],[82.4048,20.4559],[82.4175,20.4772],[82.4268,20.4613],[82.4252,20.4423],[82.4331,20.4404],[82.4366,20.4298],[82.4304,20.4224],[82.4318,20.4142],[82.4174,20.4068],[82.4179,20.3813],[82.4054,20.36],[82.4013,20.3397],[82.408,20.3289],[82.4299,20.3139],[82.4367,20.2873],[82.4126,20.2678],[82.4216,20.2459],[82.4118,20.244],[82.4211,20.2067],[82.4152,20.1986],[82.4133,20.1835],[82.3908,20.165],[82.3947,20.1534],[82.3865,20.1491],[82.3941,20.1379],[82.4002,20.1128],[82.3984,20.0643],[82.4033,20.0537],[82.4324,20.0483],[82.449,20.0401],[82.4783,20.0368],[82.5097,20.0184],[82.5512,20.0171],[82.5835,20.004],[82.59,19.995],[82.606,19.9907],[82.622,19.992],[82.6393,20.0051],[82.7151,19.9954],[82.7192,19.9497],[82.7081,19.8986],[82.717,19.8755],[82.7251,19.8762],[82.7186,19.854],[82.7123,19.85],[82.7135,19.8435],[82.7061,19.8323],[82.6534,19.8308],[82.6306,19.7948],[82.6109,19.789],[82.6059,19.7806],[82.5927,19.7765],[82.5861,19.7813],[82.5869,19.8026],[82.5792,19.8074],[82.5789,19.8277],[82.5818,19.8373],[82.5911,19.8436],[82.605,19.8658],[82.5984,19.8715],[82.5852,19.8687],[82.5744,19.877],[82.5625,19.8747],[82.5585,19.8798],[82.5519,19.8742],[82.5375,19.8873],[82.5307,19.878],[82.52,19.8893],[82.5061,19.8903],[82.5019,19.9025],[82.4833,19.9056],[82.466,19.8997],[82.4471,19.9079],[82.4215,19.9015],[82.3964,19.8868],[82.3757,19.8595],[82.3637,19.8602],[82.3639,19.8517],[82.3471,19.835],[82.3344,19.8434],[82.3256,19.8641],[82.3059,19.8884],[82.3029,19.9038],[82.2771,19.95],[82.2693,19.9763],[82.2382,20.0027],[82.2219,19.9979],[82.2119,19.985],[82.1861,19.9827],[82.1734,20.0027],[82.1393,20.0172],[82.1237,20.0149],[82.1053,20.0278],[82.1007,20.0371],[82.0906,20.0371],[82.0839,20.0484],[82.0655,20.0542],[82.0565,20.0396],[82.0386,20.0272],[82.0391,20.021],[82.032,20.0144],[82.0223,20.0238],[82.0175,20.0491],[81.9941,20.0563],[81.9811,20.0798],[81.9489,20.1063],[81.9294,20.091],[81.897,20.0474],[81.8813,20.0503],[81.8677,20.0275],[81.8545,19.9746],[81.8449,19.9543],[81.8564,19.9429],[81.8534,19.9192],[81.8572,19.9124],[81.9056,19.883],[81.968,19.8593],[81.965,19.8406],[81.9878,19.8005],[81.9951,19.7965],[82.0107,19.8032],[82.0559,19.7932],[82.0598,19.7961],[82.0675,19.7879],[82.0648,19.7583],[82.0517,19.7426],[82.0514,19.7188],[82.0452,19.7088],[82.0545,19.6744],[82.0591,19.6295],[82.0528,19.6068],[82.0417,19.5958],[82.0519,19.57],[82.0481,19.5574],[82.0539,19.5439],[82.0301,19.5071],[82.0675,19.509],[82.0786,19.5212],[82.0998,19.5152],[82.0988,19.4995],[82.1068,19.495],[82.1096,19.4791],[82.1047,19.4665],[82.1149,19.4581],[82.1146,19.4486],[82.1271,19.4295],[82.175,19.4355],[82.1908,19.4233],[82.1818,19.3827],[82.1742,19.3717],[82.1524,19.3758],[82.1486,19.3676],[82.1502,19.3539],[82.1881,19.338],[82.191,19.3255],[82.1815,19.3221],[82.1764,19.2965],[82.1662,19.2874],[82.1596,19.2714],[82.1595,19.2296],[82.1691,19.2144],[82.1636,19.2026],[82.1813,19.1904],[82.1773,19.1828],[82.1831,19.1757],[82.179,19.1744],[82.1867,19.165],[82.1826,19.1589],[82.172,19.1608],[82.1827,19.1514],[82.1738,19.1493],[82.1761,19.14],[82.1677,19.1327],[82.1777,19.1191],[82.1842,19.1313],[82.199,19.1225],[82.2077,19.1237],[82.2065,19.1005],[82.22,19.0969],[82.2165,19.0848],[82.202,19.0666],[82.233,19.0211],[82.2476,18.9171],[82.2393,18.9119],[82.2218,18.9188],[82.1934,18.9036],[82.1808,18.9019],[82.1785,18.8842],[82.1662,18.8761],[82.1709,18.8722],[82.1661,18.8587],[82.173,18.837],[82.1664,18.8182],[82.1699,18.8118],[82.1624,18.8031],[82.1692,18.7978],[82.1536,18.7801],[82.1388,18.7769],[82.1372,18.7645],[82.122,18.7675],[82.0895,18.7627],[82.0949,18.7537],[82.0867,18.719],[82.0694,18.7248],[82.0599,18.7187],[82.0575,18.7244],[82.0418,18.7256],[81.9758,18.6974],[81.9632,18.687],[81.9688,18.6745],[81.9555,18.6625],[81.9556,18.6357],[81.9237,18.6426],[81.9013,18.6606],[81.8935,18.6571],[81.8981,18.6502],[81.8965,18.6278],[81.9212,18.6198],[81.9379,18.6033],[81.9627,18.5937],[81.954,18.5819],[81.9551,18.5661],[81.9517,18.5624],[81.9284,18.5643],[81.9168,18.5712],[81.909,18.5641],[81.905,18.5354],[81.8908,18.5362],[81.879,18.5246],[81.8661,18.52],[81.8572,18.5076],[81.8578,18.4961],[81.8525,18.4886],[81.7703,18.4184],[81.7532,18.3525],[81.6664,18.3463],[81.6574,18.338],[81.6687,18.3229],[81.6669,18.3182],[81.6404,18.3151],[81.6241,18.3079],[81.6017,18.3083],[81.5988,18.3004],[81.5759,18.2803],[81.5564,18.2692],[81.5362,18.2661],[81.532,18.2557],[81.5341,18.2436],[81.5131,18.1909],[81.5309,18.1645],[81.5202,18.1365],[81.517,18.0997],[81.5036,18.076],[81.5031,18.0654],[81.4899,18.0573],[81.4823,18.0359],[81.4874,18.0111],[81.4815,17.9908],[81.4858,17.9775],[81.4633,17.9541],[81.4537,17.9337],[81.4568,17.9106],[81.4458,17.8836],[81.4387,17.8823],[81.4122,17.8962],[81.4023,17.8927],[81.398,17.8697],[81.4066,17.8544],[81.393,17.8335],[81.3926,17.8112],[81.353,17.8192],[81.2625,17.8196],[81.2004,17.8544],[81.168,17.8599],[81.0975,17.8181],[81.082,17.7936],[81.0644,17.7901],[81.046,17.7935],[81.0209,17.8238],[81.0127,17.8454],[81.0026,17.9212],[80.9929,17.9298],[80.9705,18.0382],[80.9742,18.0501],[80.9521,18.0876],[80.958,18.1048],[80.9575,18.1297],[80.9807,18.15],[80.9818,18.1746],[80.9623,18.1734],[80.9401,18.1558],[80.9088,18.1411],[80.8701,18.139],[80.8638,18.1492],[80.8562,18.2039],[80.8693,18.2049],[80.8755,18.2135],[80.8671,18.2321],[80.8476,18.2342],[80.8376,18.2402],[80.8269,18.2371],[80.8252,18.2313],[80.8259,18.1933],[80.8059,18.1725],[80.7704,18.1691],[80.753,18.1709],[80.7425,18.1778],[80.7412,18.2248],[80.7922,18.2493],[80.7962,18.2558],[80.7525,18.308],[80.7508,18.328],[80.7342,18.356],[80.7321,18.3777],[80.7241,18.3886],[80.7366,18.4094],[80.7344,18.4146],[80.7208,18.4113],[80.6988,18.4249],[80.7067,18.4416],[80.6585,18.4777],[80.6423,18.504],[80.6404,18.5242],[80.6215,18.5313],[80.6032,18.5543],[80.5756,18.5666],[80.5654,18.5779],[80.5396,18.5911],[80.5214,18.6181],[80.5057,18.6226],[80.4959,18.6316],[80.4705,18.6276],[80.4577,18.6312],[80.4235,18.6136],[80.4007,18.6078],[80.389,18.5984],[80.3744,18.6095],[80.3672,18.607],[80.3603,18.5957],[80.3462,18.593],[80.3267,18.6264],[80.3037,18.6902],[80.2468,18.7566],[80.2563,18.7696],[80.2838,18.7692],[80.3015,18.795],[80.3261,18.8004],[80.3536,18.8155],[80.3551,18.8203],[80.3529,18.8383],[80.343,18.8604],[80.2748,18.9329],[80.2713,18.9446],[80.2762,18.9682],[80.2749,18.9913],[80.3006,19.0256],[80.3025,19.0327],[80.296,19.0502],[80.323,19.0685],[80.3293,19.0788],[80.3271,19.0921],[80.3387,19.105],[80.328,19.1283],[80.332,19.1453],[80.3427,19.1514],[80.3527,19.1667],[80.3801,19.1789],[80.3938,19.1928],[80.3842,19.2211],[80.3905,19.2429],[80.4264,19.254],[80.4442,19.2648],[80.4526,19.2736],[80.4828,19.3387],[80.521,19.3519],[80.5387,19.378],[80.575,19.4046],[80.5912,19.3809],[80.5959,19.3482],[80.6074,19.3219],[80.6174,19.311],[80.6328,19.3107],[80.6652,19.3282],[80.6792,19.3304],[80.6915,19.324],[80.6891,19.2998],[80.696,19.2875],[80.7566,19.2908],[80.7855,19.3226],[80.8068,19.3293],[80.8102,19.3364],[80.8524,19.365],[80.8502,19.3702],[80.8201,19.3867],[80.8159,19.401],[80.7953,19.4306],[80.8424,19.4463],[80.8749,19.4474],[80.8995,19.4696],[80.8988,19.4948],[80.8929,19.5131],[80.881,19.5262],[80.8596,19.528],[80.8527,19.533],[80.8349,19.5664],[80.8269,19.5691],[80.7925,19.5641],[80.7737,19.5719],[80.7716,19.5884],[80.7282,19.6119],[80.6692,19.6122],[80.664,19.6157],[80.673,19.6955],[80.6407,19.7217],[80.5892,19.7412],[80.5776,19.7578],[80.5468,19.7776],[80.5495,19.8222],[80.5424,19.821],[80.5249,19.8317],[80.5146,19.8328],[80.4762,19.8275],[80.4666,19.8142],[80.4873,19.7983],[80.4896,19.7836],[80.4851,19.7753],[80.4595,19.7958],[80.4497,19.7934],[80.4247,19.7999],[80.4017,19.7974],[80.4045,19.819],[80.4243,19.8119],[80.4387,19.8131],[80.4673,19.8308],[80.4756,19.8403],[80.482,19.8598],[80.5045,19.8715],[80.4987,19.8933],[80.4896,19.9016],[80.4682,19.9061],[80.4514,19.8962],[80.4146,19.9085],[80.4096,19.9122],[80.4132,19.9351],[80.4321,19.9399],[80.4507,19.9553],[80.4599,19.9478],[80.4715,19.9489],[80.4768,19.9363],[80.4875,19.9305],[80.5087,19.9274],[80.5274,19.9336],[80.5333,19.9513],[80.5409,19.9557],[80.5394,19.9697],[80.5526,19.9898],[80.5505,19.9977],[80.5396,20.0065],[80.5532,20.0682],[80.542,20.0879],[80.5473,20.1123],[80.5305,20.1269],[80.5105,20.1312],[80.505,20.1413],[80.4583,20.1471],[80.4465,20.1314],[80.4007,20.1462],[80.3914,20.1607],[80.3929,20.165],[80.4015,20.1837],[80.4209,20.1924],[80.4189,20.2044],[80.4049,20.2149],[80.3898,20.2438],[80.4298,20.2547],[80.4723,20.2737],[80.5014,20.2769],[80.5178,20.2717],[80.5428,20.2968],[80.549,20.309],[80.5912,20.3214],[80.6124,20.3224],[80.6137,20.3275],[80.6237,20.3279],[80.6248,20.3358],[80.6079,20.3713],[80.6092,20.3785],[80.5971,20.3864],[80.593,20.3976],[80.5967,20.4148],[80.6104,20.4352],[80.6016,20.4484],[80.6103,20.4644],[80.6204,20.5434],[80.6169,20.5581],[80.6266,20.5691],[80.6198,20.5923],[80.6293,20.6056],[80.5926,20.6158],[80.5742,20.6141],[80.5659,20.6116],[80.5583,20.6007],[80.5188,20.5867],[80.507,20.5885],[80.4884,20.6186],[80.4917,20.6367],[80.5145,20.6561],[80.5596,20.6746],[80.5797,20.6758],[80.587,20.6852],[80.5818,20.6999],[80.5671,20.7132],[80.5614,20.7486],[80.5524,20.7668],[80.5502,20.7931],[80.5628,20.821],[80.5572,20.8469],[80.5566,20.8901],[80.545,20.9272],[80.5487,20.935],[80.4659,20.9292],[80.4475,20.9664],[80.4449,20.993],[80.4305,21.0105],[80.4541,21.0375],[80.4488,21.0814],[80.4401,21.0979],[80.4463,21.1125],[80.456,21.1127],[80.4454,21.1221],[80.462,21.1697],[80.4641,21.1735],[80.4817,21.1721],[80.5047,21.1847],[80.5144,21.1831],[80.5276,21.2042],[80.5575,21.2019],[80.5884,21.2225],[80.6103,21.2281],[80.6226,21.2407],[80.6422,21.2509],[80.6617,21.2902],[80.6798,21.299],[80.6796,21.3119],[80.6634,21.3314],[80.6985,21.3887],[80.7062,21.4147],[80.7044,21.4277],[80.7281,21.4499],[80.7372,21.4725],[80.7289,21.4961],[80.7376,21.5391],[80.7205,21.556],[80.7265,21.5718],[80.7162,21.587],[80.7163,21.6042],[80.7294,21.623],[80.7274,21.6409],[80.7193,21.6463],[80.7144,21.6643],[80.7143,21.6717],[80.732,21.6984],[80.7255,21.712],[80.7499,21.758],[80.7691,21.758],[80.7897,21.7397],[80.8182,21.7476],[80.8185,21.7641],[80.8387,21.8049],[80.8447,21.8299],[80.8387,21.8462],[80.8482,21.8565],[80.844,21.8625],[80.8466,21.8754],[80.8311,21.8893],[80.8315,21.9084],[80.8436,21.9355],[80.8404,21.9465],[80.8304,21.9472],[80.8254,21.9566],[80.8528,21.9608],[80.8663,22.0],[80.8756,22.011],[80.876,22.0334],[80.8837,22.0566],[80.8983,22.0657],[80.9052,22.101],[80.9131,22.1141],[80.9319,22.1204],[80.9576,22.1127],[80.9726,22.0818],[80.9705,22.0582],[80.9859,22.0482],[80.9948,22.0484],[80.9968,22.0564],[81.0114,22.0699],[81.0045,22.0807],[81.0108,22.0967],[80.9943,22.1104],[80.9793,22.1117],[80.9788,22.1212],[80.9938,22.1306],[81.0229,22.1325],[81.0262,22.165],[81.0188,22.1837],[81.0322,22.1885],[81.0329,22.1974],[81.0229,22.2138],[81.0266,22.2288],[81.056,22.2438],[81.0764,22.2459],[81.0797,22.2414],[81.0918,22.2464],[81.104,22.2771],[81.121,22.294],[81.1219,22.3122],[81.1164,22.3292],[81.1228,22.3437],[81.1081,22.3827],[81.1121,22.4322],[81.1172,22.4405],[81.1553,22.4553],[81.1713,22.4813],[81.1873,22.4896],[81.1998,22.4819],[81.2014,22.4616],[81.2256,22.4512],[81.2476,22.4587],[81.2627,22.472],[81.2677,22.4931],[81.2827,22.4989],[81.3112,22.4813],[81.3231,22.4893],[81.3221,22.5154],[81.3302,22.5238],[81.3552,22.5136],[81.3738,22.5139],[81.386,22.5049],[81.3934,22.4508],[81.4038,22.441],[81.4262,22.4539],[81.4249,22.4733],[81.4317,22.4789],[81.439,22.4802],[81.4432,22.4692],[81.4553,22.4671],[81.4576,22.4723],[81.4506,22.4712],[81.4512,22.4784],[81.4464,22.4792],[81.4515,22.4867],[81.4453,22.4936],[81.4871,22.493],[81.5005,22.5193],[81.5102,22.5265],[81.5139,22.5215],[81.5193,22.5232],[81.5264,22.5397],[81.5353,22.5395],[81.5495,22.5296],[81.5642,22.5319],[81.5701,22.5339],[81.5646,22.5373],[81.5647,22.5466],[81.5704,22.5507],[81.5953,22.5438],[81.6071,22.5355],[81.6231,22.5388],[81.6292,22.5436],[81.6267,22.5583],[81.6309,22.564],[81.6453,22.5619],[81.656,22.5687],[81.6568,22.5758],[81.6475,22.5863],[81.6487,22.6072],[81.6558,22.6197],[81.6622,22.6213],[81.6639,22.6317],[81.6705,22.6324],[81.6859,22.6486],[81.7062,22.6456],[81.7144,22.6493],[81.7303,22.6759],[81.7443,22.6688],[81.7479,22.6478],[81.7563,22.6458],[81.7701,22.6633],[81.7734,22.6758],[81.754,22.7261],[81.7565,22.7328],[81.7699,22.7349],[81.7714,22.7464],[81.7917,22.7662],[81.7818,22.7852],[81.7804,22.8087],[81.7683,22.8338],[81.7767,22.8506],[81.7768,22.873],[81.8638,22.8904],[81.8685,22.8935],[81.8674,22.9145],[81.882,22.9128],[81.9089,22.9325],[81.9213,22.9477],[81.9477,22.9566],[81.9499,22.9747],[81.9447,23.0089],[81.9259,23.0403],[81.9336,23.0615],[81.9454,23.0689],[81.9456,23.0771],[81.9768,23.0787],[81.9897,23.0856],[82.0097,23.0778],[82.0316,23.0795],[82.0689,23.1153],[82.0746,23.1162],[82.1234,23.1032],[82.1357,23.1116],[82.1403,23.131],[82.1586,23.1412],[82.1613,23.1574],[82.1448,23.1643],[82.1492,23.1741],[82.1452,23.1875],[82.1542,23.2088],[82.15,23.227],[82.1774,23.2694],[82.1939,23.2769],[82.1976,23.3108],[82.1934,23.3246],[82.1656,23.3325],[82.1454,23.3609],[82.1185,23.3549],[82.1121,23.3623],[82.1127,23.3819],[82.1061,23.3967],[82.0927,23.3923],[82.0875,23.3962],[82.0644,23.3925],[82.0533,23.3769],[82.037,23.3865],[82.0308,23.3827],[82.0221,23.3869],[82.0275,23.3999],[82.0249,23.407],[82.0308,23.4091],[82.0236,23.4224],[82.0071,23.4117],[81.995,23.4184],[81.9837,23.412],[81.9781,23.4227],[81.9827,23.4307],[81.979,23.4463],[81.9552,23.4704],[81.9566,23.4955],[81.9421,23.5043],[81.924,23.5308],[81.9076,23.5328],[81.8773,23.5132],[81.8584,23.5151],[81.8348,23.5099],[81.8202,23.5162],[81.8122,23.5444],[81.764,23.551],[81.7556,23.5639],[81.7436,23.5659],[81.7268,23.5545],[81.714,23.5321],[81.7007,23.5218],[81.6621,23.53],[81.6612,23.5124],[81.6552,23.5009],[81.6428,23.4968],[81.6358,23.4889],[81.6248,23.4933],[81.6146,23.5053],[81.6133,23.5489],[81.5847,23.5532],[81.5773,23.587],[81.5879,23.5951],[81.6024,23.5938],[81.6103,23.5984],[81.6087,23.6122],[81.6171,23.6313],[81.6209,23.6592],[81.6508,23.6586],[81.6571,23.6817],[81.6809,23.6917],[81.695,23.7196],[81.6798,23.7382],[81.686,23.7471],[81.6818,23.7522],[81.6473,23.7693],[81.6513,23.797],[81.6383,23.8289],[81.6334,23.8339],[81.615,23.8343],[81.6062,23.8517],[81.6061,23.8622],[81.6139,23.862],[81.6226,23.8708],[81.6046,23.887],[81.6111,23.8904],[81.6183,23.9049],[81.637,23.9056],[81.6694,23.9236],[81.6872,23.9057],[81.6901,23.8878],[81.6947,23.883],[81.7051,23.884],[81.7104,23.8615],[81.7307,23.8571],[81.7268,23.8386],[81.7382,23.8375],[81.7904,23.8101],[81.8011,23.8126],[81.8195,23.8077],[81.8394,23.8196],[81.8607,23.8226],[81.8698,23.8331],[81.9018,23.8423],[81.9242,23.8713],[81.9394,23.8662],[81.94,23.8609],[81.9585,23.8512],[82.0085,23.8615],[82.0194,23.8506],[82.0429,23.841],[82.0399,23.8277],[82.0531,23.819],[82.0858,23.8155],[82.1165,23.8172],[82.1252,23.8216],[82.1418,23.8167],[82.1702,23.8185],[82.1775,23.8232],[82.1813,23.8376],[82.2116,23.8515],[82.2144,23.8396],[82.207,23.8305],[82.2238,23.8195],[82.2339,23.8055],[82.263,23.8205],[82.3028,23.8072],[82.3189,23.8099],[82.336,23.8024],[82.3548,23.8024],[82.3761,23.8098],[82.396,23.8001],[82.4442,23.8035],[82.4535,23.8097],[82.4678,23.8102],[82.4904,23.7964],[82.4928,23.7872],[82.5239,23.7831],[82.5522,23.7931],[82.5486,23.809],[82.5351,23.8229],[82.556,23.8258],[82.5937,23.8218],[82.6136,23.8351],[82.6373,23.8379],[82.6513,23.8585],[82.6597,23.8554],[82.6673,23.8735],[82.6539,23.8876],[82.6643,23.9067],[82.6849,23.9087],[82.7097,23.9238],[82.7559,23.9212],[82.7615,23.9348],[82.7826,23.9375],[82.8064,23.9611],[82.8285,23.9639],[82.8566,23.9458],[82.8707,23.9246],[82.8889,23.9093],[82.9302,23.8918],[82.9408,23.8785],[82.9572,23.8722],[83.0441,23.8823],[83.0687,23.8745],[83.1351,23.8893],[83.1529,23.9092],[83.1973,23.9204],[83.199,23.9319],[83.2095,23.9398],[83.2189,23.9596],[83.2161,23.9721],[83.2233,23.98],[83.2237,23.9886],[83.2446,24.0006],[83.2431,24.0064],[83.2495,24.013],[83.2667,24.0109],[83.2856,24.0237],[83.2895,24.0352],[83.2871,24.0504],[83.2986,24.0733],[83.3206,24.0931],[83.3241,24.106],[83.3353,24.0989]],[[82.4562,22.1761],[82.4556,22.1759],[82.467,22.1807],[82.4562,22.1761]]]}},{"type":"Feature","properties":{"ST_NM":"Dadara & Nagar Havelli"},"geometry":{"type":"Polygon","coordinates":[[[73.2066,20.1222],[73.2093,20.0977],[73.1882,20.078],[73.189,20.0625],[73.1759,20.0531],[73.1715,20.0519],[73.1533,20.0734],[73.1344,20.0781],[73.1294,20.0845],[73.1176,20.0784],[73.1073,20.0791],[73.0882,20.094],[73.0502,20.0994],[73.0487,20.0683],[73.0423,20.0681],[73.0212,20.0848],[73.0089,20.1055],[72.9996,20.1108],[73.0069,20.1354],[72.9999,20.1406],[72.9937,20.1184],[72.9785,20.1137],[72.9625,20.1313],[72.9753,20.158],[72.976,20.1718],[72.9754,20.177],[72.9655,20.1805],[72.9597,20.2128],[72.9637,20.2154],[72.9638,20.2263],[72.9547,20.2376],[72.9301,20.2473],[72.9115,20.2749],[72.9353,20.2939],[72.9639,20.2722],[72.9735,20.2721],[72.9789,20.2779],[72.9799,20.2925],[73.0101,20.2913],[73.0095,20.3178],[73.0144,20.3131],[73.0162,20.2945],[73.0339,20.2914],[73.0403,20.3233],[73.0651,20.3299],[73.0808,20.3271],[73.0892,20.3402],[73.0926,20.3599],[73.0974,20.3609],[73.112,20.3331],[73.1029,20.3052],[73.1244,20.3055],[73.132,20.3176],[73.1516,20.3173],[73.161,20.3107],[73.1674,20.3125],[73.1698,20.29],[73.1593,20.2825],[73.1484,20.2906],[73.1437,20.2772],[73.1364,20.2807],[73.1269,20.2607],[73.1146,20.257],[73.0984,20.2388],[73.1004,20.2324],[73.0918,20.2292],[73.0774,20.2343],[73.0666,20.2301],[73.054,20.2035],[73.0641,20.1928],[73.0621,20.1638],[73.0762,20.1573],[73.0797,20.1707],[73.086,20.1745],[73.095,20.1603],[73.1179,20.1574],[73.116,20.1639],[73.1258,20.1726],[73.137,20.1713],[73.1424,20.1763],[73.1322,20.2046],[73.1358,20.2072],[73.1591,20.1999],[73.1704,20.2088],[73.1713,20.2026],[73.2002,20.1975],[73.2195,20.1844],[73.2124,20.1715],[73.1895,20.1618],[73.1863,20.1563],[73.1909,20.1299],[73.2066,20.1222]]]}},{"type":"Feature","properties":{"ST_NM":"Daman & Diu"},"geometry":{"type":"MultiPolygon","coordinates":[[[[72.8933,20.4454],[72.8888,20.4392],[72.8734,20.4442],[72.8593,20.4244],[72.8651,20.4162],[72.8958,20.4214],[72.9026,20.4152],[72.9004,20.4053],[72.8863,20.3934],[72.8887,20.3842],[72.8956,20.3804],[72.8935,20.3721],[72.8809,20.3696],[72.8415,20.3754],[72.8233,20.3686],[72.802,20.3742],[72.815,20.409],[72.8248,20.414],[72.8195,20.4304],[72.8218,20.4423],[72.8446,20.4746],[72.8578,20.4666],[72.8825,20.4628],[72.8933,20.4454]]],[[[71.0132,20.7396],[71.0132,20.7396],[71.0132,20.7396],[71.0132,20.7396]]],[[[70.9248,20.738],[70.9393,20.7326],[70.9601,20.7362],[70.9638,20.7329],[70.9624,20.7218],[70.9676,20.7285],[70.9976,20.714],[70.9771,20.7015],[70.9701,20.7071],[70.9518,20.7038],[70.9235,20.7115],[70.9163,20.7082],[70.9182,20.7021],[70.914,20.699],[70.8993,20.6988],[70.8938,20.7076],[70.8735,20.7099],[70.8738,20.7188],[70.8824,20.7288],[70.9248,20.738]]],[[[71.011,20.7399],[70.994,20.7324],[70.9876,20.7221],[70.9838,20.7257],[71.0053,20.7466],[71.011,20.7399]]],[[[71.1504,20.7718],[71.149,20.7635],[71.1568,20.7613],[71.1456,20.7571],[71.1432,20.7642],[71.1504,20.7718]]]]}},{"type":"Feature","properties":{"ST_NM":"Goa"},"geometry":{"type":"MultiPolygon","coordinates":[[[[74.1192,14.7534],[74.1135,14.752],[74.1091,14.7593],[74.1192,14.7534]]],[[[73.8713,15.7813],[73.8784,15.7724],[73.8717,15.7546],[73.8774,15.7493],[73.9372,15.7436],[73.9507,15.7134],[73.9491,15.6989],[73.9577,15.6971],[73.9633,15.6894],[73.9677,15.6619],[73.9612,15.6465],[73.968,15.6311],[73.9945,15.6112],[74.0202,15.6068],[74.0279,15.6115],[74.0316,15.623],[74.0731,15.6283],[74.1188,15.6525],[74.1356,15.6493],[74.1664,15.6542],[74.1684,15.6723],[74.1832,15.6831],[74.1908,15.6811],[74.1894,15.6671],[74.2047,15.6632],[74.2064,15.6512],[74.222,15.6552],[74.2173,15.6611],[74.2248,15.6687],[74.2301,15.6641],[74.2383,15.6678],[74.2486,15.6564],[74.2506,15.6362],[74.2459,15.626],[74.2559,15.6251],[74.262,15.6118],[74.2586,15.5924],[74.2498,15.5848],[74.2477,15.5681],[74.2634,15.5634],[74.2765,15.5439],[74.2809,15.5283],[74.2755,15.5152],[74.2543,15.5031],[74.2498,15.4918],[74.2761,15.4455],[74.2763,15.4356],[74.2692,15.4263],[74.2782,15.4039],[74.2763,15.391],[74.2799,15.385],[74.2994,15.3829],[74.3222,15.3697],[74.3164,15.3597],[74.3223,15.3458],[74.3172,15.332],[74.3219,15.3157],[74.3356,15.2954],[74.3281,15.2853],[74.2961,15.2883],[74.2829,15.2815],[74.2766,15.2837],[74.2616,15.2608],[74.2511,15.2601],[74.2571,15.2443],[74.2881,15.2345],[74.3005,15.2257],[74.3159,15.1866],[74.2953,15.1524],[74.2833,15.1457],[74.2869,15.1225],[74.2821,15.1081],[74.2721,15.0985],[74.2776,15.0966],[74.2811,15.0719],[74.2891,15.0653],[74.2962,15.0425],[74.2829,15.0327],[74.2837,15.0242],[74.2702,15.0122],[74.2644,14.9975],[74.2554,14.9934],[74.2677,14.9778],[74.2639,14.9693],[74.2558,14.9602],[74.2447,14.9634],[74.2375,14.9601],[74.2353,14.9491],[74.2183,14.944],[74.2054,14.924],[74.1966,14.93],[74.1976,14.9405],[74.1859,14.9476],[74.1837,14.9543],[74.1737,14.9556],[74.1655,14.9536],[74.1594,14.942],[74.1707,14.9158],[74.1687,14.9115],[74.1326,14.9231],[74.1252,14.9152],[74.1061,14.9137],[74.088,14.896],[74.0782,14.9072],[74.0643,14.9057],[74.0423,14.9151],[74.0423,14.9468],[74.0546,14.9623],[74.0441,14.9654],[74.0373,14.9786],[74.0457,14.9871],[74.0175,15.0079],[74.0026,15.0099],[73.984,15.0258],[73.9874,15.0398],[73.9816,15.0462],[73.9835,15.0552],[73.9715,15.0548],[73.9637,15.0687],[73.9343,15.0775],[73.9276,15.0855],[73.9136,15.0846],[73.9226,15.0954],[73.916,15.107],[73.9357,15.1144],[73.9398,15.1198],[73.9393,15.1334],[73.9583,15.1444],[73.9546,15.1707],[73.9601,15.1765],[73.9591,15.185],[73.9473,15.1725],[73.9525,15.1498],[73.9471,15.1451],[73.9016,15.3083],[73.8841,15.3545],[73.8701,15.3695],[73.8431,15.3602],[73.8095,15.38],[73.804,15.3934],[73.7907,15.3984],[73.7841,15.408],[73.7888,15.4123],[73.8129,15.399],[73.8189,15.4121],[73.8287,15.4039],[73.8429,15.4106],[73.8464,15.4004],[73.8636,15.4074],[73.8784,15.3991],[73.9003,15.4078],[73.9165,15.403],[73.9408,15.4092],[73.9263,15.4156],[73.9361,15.4361],[73.9112,15.4241],[73.9083,15.4168],[73.8978,15.4176],[73.8807,15.4287],[73.8645,15.4322],[73.8478,15.4518],[73.8401,15.4485],[73.7856,15.4616],[73.7922,15.4668],[73.8068,15.4631],[73.8073,15.4826],[73.8226,15.4975],[73.8328,15.4999],[73.8338,15.5051],[73.8157,15.5073],[73.8056,15.4937],[73.7879,15.4988],[73.7777,15.4905],[73.7672,15.4946],[73.7554,15.5447],[73.7304,15.5984],[73.7455,15.6047],[73.7523,15.6113],[73.7521,15.6258],[73.7665,15.6327],[73.7594,15.6367],[73.7471,15.6325],[73.7322,15.6148],[73.7165,15.644],[73.7156,15.6606],[73.6909,15.7062],[73.6895,15.7173],[73.6997,15.7215],[73.6757,15.728],[73.7016,15.7223],[73.7183,15.7246],[73.7278,15.7193],[73.7395,15.7327],[73.7491,15.7348],[73.7842,15.7258],[73.8115,15.742],[73.8243,15.7398],[73.83,15.763],[73.8364,15.7654],[73.8432,15.7805],[73.8483,15.7803],[73.8471,15.7853],[73.8569,15.7996],[73.8674,15.7953],[73.8665,15.785],[73.8713,15.7813]]]]}},{"type":"Feature","properties":{"ST_NM":"Gujarat"},"geometry":{"type":"MultiPolygon","coordinates":[[[[71.7038,20.9996],[71.7038,20.9951],[71.6954,20.9968],[71.7038,20.9996]]],[[[71.7104,20.9996],[71.714,20.9977],[71.706,20.9974],[71.7104,20.9996]]],[[[72.6476,21.0762],[72.6546,21.0737],[72.6574,21.0651],[72.6479,21.0679],[72.6476,21.0762]]],[[[72.6793,21.0988],[72.6793,21.0982],[72.6796,21.0982],[72.6796,21.098],[72.6796,21.0976],[72.6801,21.0976],[72.6801,21.0975],[72.6801,21.0975],[72.6801,21.0971],[72.6804,21.0971],[72.6804,21.0965],[72.6807,21.0965],[72.6807,21.0954],[72.6801,21.0954],[72.6801,21.0957],[72.6799,21.0957],[72.6799,21.0963],[72.6796,21.0963],[72.6796,21.0965],[72.679,21.0965],[72.679,21.0968],[72.6787,21.0968],[72.6787,21.0976],[72.6787,21.0976],[72.6787,21.0981],[72.6787,21.0982],[72.6785,21.0982],[72.6785,21.0988],[72.6793,21.0988]]],[[[72.6721,21.1151],[72.6762,21.0971],[72.6693,21.1049],[72.6721,21.1151]]],[[[72.7021,21.1224],[72.7021,21.1207],[72.7024,21.1207],[72.7024,21.1179],[72.7026,21.1179],[72.7026,21.1168],[72.7029,21.1168],[72.7029,21.1162],[72.7032,21.1163],[72.7032,21.1146],[72.7029,21.1146],[72.7029,21.114],[72.7026,21.114],[72.7026,21.1135],[72.7024,21.1135],[72.7024,21.1132],[72.7021,21.1132],[72.7021,21.1129],[72.7018,21.1129],[72.7018,21.1126],[72.7007,21.1126],[72.7007,21.1124],[72.6996,21.1124],[72.6996,21.1126],[72.6993,21.1126],[72.6993,21.1132],[72.699,21.1132],[72.699,21.1135],[72.6988,21.1135],[72.6988,21.1137],[72.6985,21.1138],[72.6985,21.1151],[72.6982,21.1151],[72.6982,21.1157],[72.6979,21.1157],[72.6979,21.1165],[72.6976,21.1165],[72.6976,21.1168],[72.6982,21.1168],[72.6982,21.119],[72.6985,21.119],[72.6985,21.1193],[72.6988,21.1193],[72.6988,21.1196],[72.699,21.1196],[72.699,21.1199],[72.6993,21.1199],[72.6993,21.1201],[72.6996,21.1201],[72.6996,21.1204],[72.7001,21.1204],[72.7001,21.121],[72.7004,21.121],[72.7004,21.1213],[72.701,21.1213],[72.701,21.1215],[72.7012,21.1215],[72.7012,21.1218],[72.7015,21.1218],[72.7015,21.1221],[72.7018,21.1221],[72.7018,21.1224],[72.7021,21.1224]]],[[[72.6765,21.1557],[72.7104,21.1407],[72.6968,21.1187],[72.6988,21.1082],[72.689,21.0899],[72.6757,21.1051],[72.6651,21.1421],[72.6654,21.1493],[72.6765,21.1557]]],[[[72.1029,21.2743],[72.1029,21.274],[72.1035,21.274],[72.1035,21.2726],[72.1032,21.2726],[72.1032,21.2704],[72.1029,21.2704],[72.1029,21.2701],[72.1026,21.2701],[72.1026,21.2696],[72.1024,21.2696],[72.1024,21.2693],[72.1021,21.2693],[72.1021,21.269],[72.1018,21.269],[72.1018,21.2685],[72.1015,21.2685],[72.1015,21.2682],[72.1012,21.2682],[72.1012,21.2679],[72.101,21.2679],[72.101,21.2674],[72.1007,21.2674],[72.1007,21.2671],[72.1004,21.2671],[72.1004,21.2668],[72.1001,21.2668],[72.1001,21.266],[72.0999,21.266],[72.0999,21.2657],[72.0996,21.2657],[72.0996,21.2654],[72.099,21.2654],[72.099,21.2663],[72.0993,21.2663],[72.0993,21.2668],[72.0996,21.2668],[72.0996,21.2674],[72.0999,21.2674],[72.0999,21.2679],[72.1001,21.2679],[72.1001,21.2685],[72.1004,21.2685],[72.1004,21.269],[72.1007,21.269],[72.1007,21.2693],[72.101,21.2693],[72.101,21.2696],[72.1012,21.2696],[72.1012,21.2701],[72.1015,21.2701],[72.1015,21.2704],[72.1018,21.2704],[72.1018,21.2707],[72.1021,21.2707],[72.1021,21.2729],[72.1023,21.2729],[72.1023,21.274],[72.1026,21.274],[72.1026,21.2743],[72.1029,21.2743]]],[[[72.5879,21.3393],[72.5879,21.3379],[72.5876,21.3379],[72.5876,21.3368],[72.5874,21.3368],[72.5874,21.3363],[72.586,21.3363],[72.586,21.3365],[72.5857,21.3365],[72.5857,21.3368],[72.5854,21.3368],[72.5854,21.3371],[72.5857,21.3371],[72.5857,21.3374],[72.586,21.3374],[72.586,21.3376],[72.5862,21.3376],[72.5862,21.3382],[72.5865,21.3382],[72.5865,21.3385],[72.5868,21.3385],[72.5868,21.339],[72.5871,21.339],[72.5871,21.3399],[72.5882,21.3399],[72.5882,21.3393],[72.5879,21.3393]]],[[[72.5832,21.3654],[72.5832,21.3651],[72.5837,21.3651],[72.5837,21.3646],[72.5835,21.3646],[72.5835,21.3638],[72.5832,21.3638],[72.5832,21.3629],[72.5829,21.3629],[72.5829,21.3624],[72.5824,21.3624],[72.5824,21.3621],[72.5821,21.3621],[72.5821,21.3618],[72.5815,21.3618],[72.5815,21.3615],[72.5813,21.3615],[72.5813,21.3612],[72.5807,21.3612],[72.5807,21.361],[72.5804,21.361],[72.5804,21.3607],[72.5799,21.3607],[72.5799,21.3604],[72.5796,21.3604],[72.5796,21.3601],[72.5787,21.3601],[72.5787,21.3604],[72.579,21.3604],[72.579,21.361],[72.5793,21.361],[72.5793,21.3618],[72.5796,21.3618],[72.5796,21.3643],[72.5801,21.3643],[72.5801,21.3646],[72.581,21.3646],[72.581,21.3649],[72.5815,21.3649],[72.5815,21.3651],[72.5821,21.3651],[72.5821,21.3654],[72.5832,21.3654]]],[[[72.6004,21.3871],[72.5999,21.3779],[72.5876,21.3674],[72.6004,21.3871]]],[[[72.6282,21.4174],[72.6218,21.4032],[72.6126,21.3957],[72.6282,21.4174]]],[[[72.636,21.4176],[72.636,21.4174],[72.6368,21.4174],[72.6368,21.4168],[72.6371,21.4168],[72.6371,21.416],[72.6368,21.416],[72.6368,21.4154],[72.6365,21.4154],[72.6365,21.4149],[72.6363,21.4149],[72.6363,21.4143],[72.636,21.4143],[72.636,21.4137],[72.6357,21.4138],[72.6357,21.4132],[72.6354,21.4132],[72.6354,21.4129],[72.6349,21.4129],[72.6349,21.4126],[72.6346,21.4126],[72.6346,21.4124],[72.634,21.4124],[72.634,21.4121],[72.6338,21.4121],[72.6338,21.4118],[72.6315,21.4118],[72.6315,21.4121],[72.6318,21.4121],[72.6318,21.4126],[72.6321,21.4126],[72.6321,21.4132],[72.6324,21.4132],[72.6324,21.4137],[72.6326,21.4137],[72.6326,21.414],[72.6329,21.414],[72.6329,21.4143],[72.6332,21.4143],[72.6332,21.4146],[72.6335,21.4146],[72.6335,21.4149],[72.6338,21.4149],[72.6338,21.4151],[72.634,21.4151],[72.634,21.4154],[72.6343,21.4154],[72.6343,21.4157],[72.6346,21.4157],[72.6346,21.416],[72.6351,21.416],[72.6351,21.4176],[72.6351,21.4176],[72.6352,21.4176],[72.636,21.4176]]],[[[72.676,21.4468],[72.6726,21.4401],[72.6638,21.4396],[72.676,21.4468]]],[[[72.6933,21.4618],[72.6929,21.4611],[72.6929,21.4618],[72.6933,21.4618]]],[[[72.6579,21.4707],[72.6579,21.471],[72.6582,21.471],[72.6579,21.4707]]],[[[72.6713,21.5146],[72.671,21.5146],[72.671,21.5149],[72.6712,21.5149],[72.6712,21.5151],[72.6714,21.5151],[72.6713,21.5148],[72.6713,21.5146]]],[[[72.6743,21.5207],[72.6743,21.5206],[72.6743,21.5207],[72.6743,21.5207]]],[[[72.6747,21.5213],[72.6746,21.5211],[72.6746,21.5213],[72.6747,21.5213]]],[[[72.6956,21.5273],[72.6944,21.5272],[72.6938,21.5274],[72.6957,21.5274],[72.6957,21.5273],[72.6956,21.5273]]],[[[72.7065,21.5324],[72.7061,21.5324],[72.7065,21.5326],[72.7065,21.5324]]],[[[72.6854,21.5407],[72.6851,21.5407],[72.6851,21.5409],[72.6852,21.5408],[72.6854,21.5407]]],[[[72.3532,21.6135],[72.3651,21.5976],[72.3651,21.5879],[72.3587,21.5799],[72.3454,21.6024],[72.3471,21.6104],[72.3532,21.6135]]],[[[72.5846,21.629],[72.5846,21.6271],[72.5843,21.6271],[72.5843,21.6263],[72.584,21.6263],[72.584,21.626],[72.5815,21.626],[72.5815,21.6263],[72.5813,21.6263],[72.5813,21.6271],[72.5815,21.6271],[72.5815,21.6274],[72.5821,21.6274],[72.5821,21.6276],[72.5824,21.6276],[72.5824,21.6279],[72.5826,21.6279],[72.5826,21.6282],[72.5832,21.6282],[72.5832,21.6287],[72.5835,21.6288],[72.5835,21.629],[72.5846,21.629]]],[[[72.6093,21.6288],[72.6093,21.6279],[72.609,21.6279],[72.609,21.6271],[72.6087,21.6271],[72.6087,21.6265],[72.6085,21.6265],[72.6085,21.6257],[72.6082,21.6257],[72.6082,21.6249],[72.6079,21.6249],[72.6079,21.6243],[72.6076,21.6243],[72.6076,21.624],[72.6079,21.624],[72.6079,21.6229],[72.6076,21.6229],[72.6076,21.6224],[72.6074,21.6224],[72.6074,21.6218],[72.6076,21.6218],[72.6076,21.621],[72.6079,21.621],[72.6079,21.6207],[72.6076,21.6207],[72.6076,21.6201],[72.6074,21.6201],[72.6074,21.619],[72.6068,21.619],[72.6068,21.6193],[72.6062,21.6193],[72.6062,21.6196],[72.6051,21.6196],[72.6051,21.6201],[72.6054,21.6201],[72.6054,21.621],[72.6051,21.621],[72.6051,21.6218],[72.6049,21.6218],[72.6049,21.6232],[72.6051,21.6232],[72.6051,21.624],[72.6054,21.624],[72.6054,21.6249],[72.6057,21.6249],[72.6057,21.6257],[72.606,21.6257],[72.606,21.6274],[72.6062,21.6274],[72.6062,21.6285],[72.6079,21.6285],[72.6079,21.6287],[72.6082,21.6287],[72.6082,21.629],[72.6096,21.629],[72.6096,21.6288],[72.6093,21.6288]]],[[[72.6118,21.6321],[72.6118,21.6315],[72.6115,21.6315],[72.6115,21.6312],[72.6113,21.6312],[72.6113,21.6307],[72.6111,21.6307],[72.611,21.6307],[72.611,21.6304],[72.6107,21.6304],[72.6107,21.6304],[72.6107,21.6303],[72.6107,21.6299],[72.6106,21.6299],[72.6104,21.6299],[72.6104,21.6296],[72.6099,21.6296],[72.6099,21.6304],[72.6101,21.6304],[72.6101,21.6313],[72.6104,21.6313],[72.6104,21.6315],[72.6107,21.6315],[72.6107,21.6318],[72.611,21.6318],[72.6113,21.6318],[72.6113,21.6321],[72.6118,21.6321]]],[[[72.6171,21.6385],[72.6171,21.6376],[72.6168,21.6376],[72.6168,21.6374],[72.6165,21.6374],[72.6165,21.6371],[72.6162,21.6371],[72.6162,21.6368],[72.616,21.6368],[72.616,21.6362],[72.6157,21.6362],[72.6157,21.636],[72.6154,21.636],[72.6154,21.6357],[72.6151,21.6357],[72.6151,21.6354],[72.6146,21.6354],[72.6146,21.636],[72.6143,21.636],[72.6143,21.6365],[72.6146,21.6365],[72.6146,21.6368],[72.6149,21.6368],[72.6149,21.6371],[72.6154,21.6371],[72.6154,21.6374],[72.6157,21.6374],[72.6157,21.6376],[72.616,21.6376],[72.616,21.6379],[72.6165,21.6379],[72.6165,21.6382],[72.6168,21.6382],[72.6168,21.6385],[72.6171,21.6385]]],[[[72.5957,21.639],[72.596,21.6301],[72.6115,21.6357],[72.6015,21.6268],[72.599,21.6174],[72.5904,21.6207],[72.5879,21.6301],[72.5957,21.639]]],[[[72.6196,21.6396],[72.6196,21.6393],[72.6201,21.6393],[72.6201,21.639],[72.619,21.639],[72.619,21.6388],[72.6185,21.6388],[72.6185,21.6385],[72.6176,21.6385],[72.6176,21.639],[72.6171,21.639],[72.6171,21.6396],[72.6174,21.6396],[72.6174,21.6393],[72.619,21.6393],[72.619,21.6396],[72.6196,21.6396]]],[[[72.5965,21.6413],[72.6026,21.6399],[72.5987,21.6371],[72.5965,21.6413]]],[[[72.749,21.644],[72.7487,21.6439],[72.7487,21.644],[72.749,21.644]]],[[[72.75,21.6479],[72.7503,21.647],[72.751,21.6463],[72.75,21.6448],[72.749,21.6441],[72.749,21.6446],[72.7493,21.6446],[72.7493,21.646],[72.7496,21.646],[72.7496,21.6465],[72.7499,21.6465],[72.7499,21.6471],[72.7496,21.6471],[72.7496,21.6476],[72.7499,21.6476],[72.7499,21.6479],[72.75,21.6479]]],[[[72.7057,21.6515],[72.7057,21.6515],[72.7057,21.6515],[72.7057,21.6515]]],[[[72.8201,21.6588],[72.8199,21.6586],[72.8199,21.6588],[72.8201,21.6588]]],[[[72.8212,21.6593],[72.821,21.6591],[72.821,21.6593],[72.8212,21.6593]]],[[[72.8216,21.6596],[72.8213,21.6593],[72.8213,21.6596],[72.8216,21.6596]]],[[[72.822,21.6599],[72.8218,21.6597],[72.8218,21.6599],[72.822,21.6599]]],[[[72.7226,21.666],[72.746,21.6588],[72.751,21.6529],[72.7379,21.6438],[72.736,21.6471],[72.7168,21.6446],[72.7101,21.659],[72.7226,21.666]]],[[[72.2632,21.7407],[72.2632,21.7407],[72.2632,21.7407],[72.2632,21.7407]]],[[[72.2619,21.7432],[72.2618,21.7432],[72.2618,21.7434],[72.2619,21.7432]]],[[[72.2618,21.7435],[72.2615,21.7435],[72.2615,21.744],[72.2616,21.7439],[72.2618,21.7435]]],[[[72.2604,21.7462],[72.2615,21.744],[72.2613,21.744],[72.2613,21.7443],[72.2611,21.7443],[72.261,21.7443],[72.261,21.7449],[72.2607,21.7449],[72.2607,21.7451],[72.2604,21.7451],[72.2604,21.7462]]],[[[72.2743,21.7496],[72.2826,21.7346],[72.2807,21.7274],[72.2876,21.7074],[72.2676,21.7365],[72.2743,21.7496]]],[[[72.256,21.7567],[72.2582,21.7523],[72.2583,21.7513],[72.2582,21.7512],[72.2582,21.7521],[72.2579,21.7521],[72.2579,21.7524],[72.2576,21.7524],[72.2576,21.7532],[72.2574,21.7532],[72.2574,21.7537],[72.2571,21.7537],[72.2571,21.754],[72.2565,21.754],[72.2565,21.7543],[72.2562,21.7543],[72.2562,21.7546],[72.2565,21.7546],[72.2565,21.7551],[72.2562,21.7551],[72.2562,21.7554],[72.256,21.7554],[72.256,21.7557],[72.2557,21.7557],[72.2557,21.756],[72.256,21.756],[72.256,21.7567]]],[[[72.5444,21.7564],[72.5444,21.7548],[72.5443,21.752],[72.5442,21.7499],[72.544,21.749],[72.544,21.7493],[72.5437,21.7493],[72.5437,21.7496],[72.5435,21.7496],[72.5435,21.7501],[72.5432,21.7501],[72.5432,21.7507],[72.5429,21.7507],[72.5429,21.7546],[72.5432,21.7546],[72.5432,21.7551],[72.5435,21.7551],[72.5435,21.756],[72.544,21.756],[72.544,21.7574],[72.5441,21.7574],[72.5441,21.7572],[72.5444,21.7564]]],[[[72.2554,21.7578],[72.2559,21.7568],[72.2557,21.7568],[72.2557,21.7571],[72.2554,21.7571],[72.2554,21.7578]]],[[[72.2552,21.7582],[72.2551,21.7582],[72.2551,21.7583],[72.2552,21.7582]]],[[[72.2549,21.7587],[72.2549,21.7587],[72.2549,21.7589],[72.2549,21.7587]]],[[[72.2548,21.759],[72.2546,21.759],[72.2546,21.7593],[72.2543,21.7593],[72.2543,21.76],[72.2548,21.759]]],[[[72.5477,21.7696],[72.5476,21.7696],[72.5476,21.7699],[72.5477,21.7699],[72.5477,21.7696]]],[[[72.2497,21.7735],[72.2496,21.7735],[72.2496,21.7738],[72.2497,21.7735]]],[[[72.2495,21.774],[72.2493,21.774],[72.2493,21.7744],[72.2495,21.7741],[72.2495,21.774]]],[[[72.2491,21.7749],[72.249,21.7749],[72.249,21.775],[72.2491,21.7749]]],[[[72.5546,21.7976],[72.5546,21.7976],[72.5546,21.7976],[72.5546,21.7976]]],[[[72.5561,21.8007],[72.556,21.8003],[72.556,21.8007],[72.5561,21.8007]]],[[[72.5575,21.8032],[72.5574,21.8029],[72.5574,21.8032],[72.5575,21.8032]]],[[[72.5577,21.8035],[72.5576,21.8034],[72.5576,21.8035],[72.5577,21.8035]]],[[[72.5591,21.8051],[72.559,21.8051],[72.559,21.8051],[72.5591,21.8051]]],[[[72.5594,21.8054],[72.5593,21.8054],[72.5593,21.8054],[72.5594,21.8054]]],[[[72.5644,21.8129],[72.5639,21.8121],[72.5634,21.8109],[72.5628,21.8098],[72.562,21.8087],[72.5616,21.8078],[72.5612,21.8071],[72.5606,21.8066],[72.5601,21.8061],[72.5601,21.8065],[72.5604,21.8065],[72.5604,21.8071],[72.5607,21.8071],[72.5607,21.8076],[72.561,21.8076],[72.561,21.8082],[72.5612,21.8082],[72.5612,21.8088],[72.5615,21.8088],[72.5615,21.8093],[72.5618,21.8093],[72.5618,21.8096],[72.5621,21.8096],[72.5621,21.8101],[72.5624,21.8101],[72.5624,21.8104],[72.5626,21.8104],[72.5626,21.811],[72.5629,21.811],[72.5629,21.8115],[72.5632,21.8115],[72.5632,21.8118],[72.5635,21.8118],[72.5635,21.8121],[72.5638,21.8121],[72.5638,21.8124],[72.564,21.8124],[72.564,21.8129],[72.5643,21.8129],[72.5643,21.8135],[72.5646,21.8135],[72.5646,21.8138],[72.5648,21.8138],[72.5644,21.8129]]],[[[72.5649,21.814],[72.5649,21.814],[72.5649,21.814],[72.5649,21.814]]],[[[72.3551,21.9429],[72.3604,21.9246],[72.3476,21.929],[72.3551,21.9429]]],[[[72.214,22.0054],[72.216,22.0021],[72.2104,22.0032],[72.214,22.0054]]],[[[72.5617,22.1768],[72.5615,22.1766],[72.5615,22.1768],[72.5617,22.1768]]],[[[72.5638,22.1801],[72.5638,22.18],[72.5638,22.1801],[72.5638,22.1801]]],[[[72.5644,22.1809],[72.5643,22.1808],[72.5643,22.181],[72.5644,22.181],[72.5644,22.181],[72.5644,22.181],[72.5644,22.1809]]],[[[72.5663,22.1837],[72.5662,22.1837],[72.5662,22.1837],[72.5663,22.1837]]],[[[72.5672,22.1851],[72.5671,22.1849],[72.5671,22.1851],[72.5672,22.1851]]],[[[72.5674,22.1854],[72.5674,22.1854],[72.5674,22.1854],[72.5674,22.1854]]],[[[72.5677,22.186],[72.5676,22.1858],[72.5676,22.186],[72.5677,22.186]]],[[[72.5683,22.1868],[72.5682,22.1867],[72.5682,22.1868],[72.5683,22.1868]]],[[[72.5688,22.1876],[72.5687,22.1876],[72.5687,22.1876],[72.5688,22.1876]]],[[[72.5694,22.1882],[72.5693,22.1881],[72.5693,22.1882],[72.5694,22.1882]]],[[[72.5731,22.1921],[72.5729,22.1919],[72.5729,22.1921],[72.5731,22.1921]]],[[[72.5735,22.1926],[72.5735,22.1926],[72.5735,22.1926],[72.5735,22.1926]]],[[[72.4726,22.2082],[72.4726,22.2079],[72.4727,22.2079],[72.4732,22.2079],[72.4732,22.2076],[72.4729,22.2076],[72.4729,22.2071],[72.4728,22.2071],[72.4726,22.2071],[72.4726,22.2068],[72.4721,22.2068],[72.4721,22.206],[72.4724,22.206],[72.4724,22.2051],[72.4721,22.2051],[72.4721,22.2038],[72.4724,22.2038],[72.4724,22.2032],[72.471,22.2032],[72.471,22.2035],[72.4696,22.2035],[72.4696,22.2038],[72.4693,22.2038],[72.4693,22.2032],[72.469,22.2032],[72.469,22.2026],[72.4687,22.2026],[72.4687,22.2024],[72.4679,22.2024],[72.4679,22.2054],[72.4687,22.2054],[72.4687,22.2051],[72.4693,22.2051],[72.4693,22.206],[72.4696,22.206],[72.4696,22.2063],[72.4699,22.2063],[72.4699,22.2065],[72.4704,22.2065],[72.4704,22.2068],[72.4707,22.2068],[72.4707,22.2071],[72.471,22.2071],[72.471,22.2074],[72.4715,22.2074],[72.4715,22.2076],[72.4718,22.2076],[72.4718,22.2079],[72.4721,22.2079],[72.4721,22.2082],[72.4726,22.2082]]],[[[72.3843,22.2157],[72.3843,22.2154],[72.3854,22.2154],[72.3854,22.2151],[72.3863,22.2151],[72.3863,22.2149],[72.3874,22.2149],[72.3874,22.2146],[72.3882,22.2146],[72.3882,22.2143],[72.3887,22.2143],[72.3887,22.214],[72.389,22.214],[72.389,22.2138],[72.3896,22.2138],[72.3896,22.2135],[72.3901,22.2135],[72.3901,22.2132],[72.3904,22.2132],[72.3904,22.2126],[72.3907,22.2126],[72.3907,22.2124],[72.391,22.2124],[72.391,22.2118],[72.3912,22.2118],[72.3912,22.2115],[72.3915,22.2115],[72.3915,22.2113],[72.3918,22.2113],[72.3918,22.2107],[72.3921,22.2107],[72.3921,22.2104],[72.3918,22.2104],[72.3918,22.2101],[72.3876,22.2101],[72.3876,22.2104],[72.3874,22.2104],[72.3874,22.2107],[72.3876,22.2107],[72.3876,22.211],[72.3879,22.211],[72.3879,22.2113],[72.3882,22.2113],[72.3882,22.2115],[72.3885,22.2115],[72.3885,22.2118],[72.3882,22.2118],[72.3882,22.2121],[72.3879,22.2121],[72.3879,22.2124],[72.3876,22.2124],[72.3876,22.2129],[72.3874,22.2129],[72.3874,22.2132],[72.3871,22.2132],[72.3871,22.2135],[72.3865,22.2135],[72.3865,22.2138],[72.386,22.2138],[72.386,22.214],[72.3854,22.214],[72.3854,22.2143],[72.3849,22.2143],[72.3849,22.2146],[72.3843,22.2146],[72.3843,22.2149],[72.3838,22.2149],[72.3838,22.2151],[72.3832,22.2151],[72.3832,22.2154],[72.3826,22.2154],[72.3826,22.2157],[72.3843,22.2157]]],[[[72.3707,22.2351],[72.3682,22.224],[72.3765,22.2038],[72.3654,22.2085],[72.3635,22.214],[72.3635,22.2235],[72.3707,22.2351]]],[[[69.3104,22.3063],[69.3104,22.306],[69.3107,22.306],[69.3107,22.3051],[69.311,22.3051],[69.311,22.3049],[69.3112,22.3049],[69.3112,22.3046],[69.3115,22.3046],[69.3115,22.3043],[69.3118,22.3043],[69.3118,22.304],[69.3121,22.304],[69.3121,22.3035],[69.3118,22.3035],[69.3118,22.3032],[69.3104,22.3032],[69.3104,22.3035],[69.3101,22.3035],[69.3101,22.3038],[69.3099,22.3038],[69.3099,22.304],[69.3096,22.304],[69.3096,22.3046],[69.3093,22.3046],[69.3093,22.3051],[69.3096,22.3051],[69.3096,22.3057],[69.3099,22.3057],[69.3099,22.306],[69.3101,22.306],[69.3101,22.3063],[69.3104,22.3063]]],[[[69.4532,22.3579],[69.4582,22.3521],[69.4374,22.3543],[69.4532,22.3579]]],[[[69.184,22.3676],[69.184,22.3674],[69.1849,22.3674],[69.1849,22.3671],[69.1857,22.3671],[69.1857,22.3651],[69.1854,22.3651],[69.1854,22.364],[69.1843,22.364],[69.1843,22.3643],[69.184,22.3643],[69.184,22.3649],[69.1837,22.3649],[69.1837,22.3654],[69.1836,22.3654],[69.1835,22.3654],[69.1835,22.3657],[69.1832,22.3657],[69.1832,22.3662],[69.1832,22.3663],[69.1832,22.3663],[69.1829,22.3663],[69.1829,22.3666],[69.1829,22.3668],[69.1828,22.3668],[69.1826,22.3668],[69.1826,22.367],[69.1826,22.3674],[69.1829,22.3674],[69.1829,22.3676],[69.184,22.3676]]],[[[69.1954,22.3746],[69.1946,22.3676],[69.1899,22.3693],[69.1954,22.3746]]],[[[69.2132,22.3849],[69.2132,22.3846],[69.214,22.3846],[69.214,22.3843],[69.2149,22.3843],[69.2149,22.384],[69.2151,22.384],[69.2151,22.3832],[69.2149,22.3832],[69.2149,22.3829],[69.2146,22.3829],[69.2146,22.3826],[69.2143,22.3826],[69.2143,22.3824],[69.2135,22.3824],[69.2135,22.3832],[69.2132,22.3832],[69.2132,22.3835],[69.2129,22.3835],[69.2129,22.3838],[69.2126,22.3838],[69.2126,22.384],[69.2124,22.384],[69.2124,22.3846],[69.2126,22.3846],[69.2126,22.3849],[69.2132,22.3849]]],[[[69.201,22.3863],[69.201,22.3857],[69.2007,22.3857],[69.2007,22.3849],[69.2004,22.3849],[69.2004,22.3846],[69.2001,22.3846],[69.2001,22.3843],[69.1999,22.3843],[69.1999,22.384],[69.1996,22.384],[69.1996,22.3843],[69.1993,22.3843],[69.1993,22.3854],[69.1996,22.3854],[69.1996,22.3857],[69.1993,22.3857],[69.1993,22.386],[69.1996,22.386],[69.1996,22.3871],[69.1999,22.3871],[69.1999,22.3874],[69.2001,22.3874],[69.2001,22.3876],[69.2024,22.3876],[69.2024,22.3865],[69.2021,22.3865],[69.2021,22.3863],[69.201,22.3863]]],[[[69.3354,22.389],[69.3404,22.381],[69.3321,22.3726],[69.3229,22.3824],[69.3354,22.389]]],[[[69.4832,22.3987],[69.489,22.3929],[69.4846,22.3876],[69.4801,22.3901],[69.4832,22.3987]]],[[[69.2801,22.4179],[69.2801,22.4176],[69.2804,22.4176],[69.2804,22.4174],[69.2807,22.4174],[69.2807,22.4165],[69.281,22.4165],[69.281,22.416],[69.2807,22.416],[69.2807,22.4157],[69.2801,22.4157],[69.2801,22.416],[69.2799,22.416],[69.2799,22.4154],[69.2796,22.4154],[69.2796,22.4152],[69.279,22.4152],[69.279,22.4154],[69.2782,22.4154],[69.2782,22.4157],[69.2779,22.4157],[69.2779,22.416],[69.2776,22.416],[69.2776,22.4171],[69.2779,22.4171],[69.2779,22.4176],[69.2782,22.4176],[69.2782,22.4179],[69.2801,22.4179]]],[[[69.2793,22.4201],[69.2793,22.4199],[69.2796,22.4199],[69.2796,22.4193],[69.2793,22.4193],[69.2793,22.419],[69.2782,22.419],[69.2782,22.4185],[69.2779,22.4185],[69.2779,22.4182],[69.2765,22.4182],[69.2765,22.4185],[69.276,22.4185],[69.276,22.4188],[69.2754,22.4188],[69.2754,22.419],[69.2751,22.419],[69.2751,22.4193],[69.2754,22.4193],[69.2754,22.4196],[69.2757,22.4196],[69.2757,22.4199],[69.2771,22.4199],[69.2771,22.4196],[69.2774,22.4196],[69.2774,22.4199],[69.2779,22.4199],[69.2779,22.4201],[69.2787,22.4201],[69.2787,22.4199],[69.279,22.4199],[69.279,22.4201],[69.2793,22.4201]]],[[[69.1421,22.4576],[69.1421,22.4571],[69.1418,22.4571],[69.1418,22.4556],[69.1418,22.4543],[69.1419,22.4543],[69.1421,22.4543],[69.1421,22.4538],[69.1424,22.4538],[69.1424,22.4535],[69.1426,22.4535],[69.1426,22.4529],[69.1418,22.4529],[69.1418,22.4532],[69.1415,22.4532],[69.1415,22.4535],[69.1412,22.4535],[69.1412,22.4539],[69.1412,22.454],[69.1411,22.454],[69.141,22.454],[69.141,22.4541],[69.141,22.4546],[69.1407,22.4546],[69.1407,22.455],[69.1407,22.456],[69.141,22.456],[69.141,22.4568],[69.1412,22.4568],[69.1412,22.4574],[69.1415,22.4574],[69.1415,22.4576],[69.1421,22.4576]]],[[[69.6276,22.4595],[69.6432,22.4507],[69.6485,22.4382],[69.6449,22.434],[69.6571,22.4282],[69.6365,22.4065],[69.596,22.4246],[69.5882,22.4371],[69.5935,22.4454],[69.6276,22.4595]]],[[[69.3021,22.474],[69.3043,22.4696],[69.3246,22.4696],[69.3268,22.4571],[69.3204,22.451],[69.3012,22.4529],[69.2929,22.4593],[69.3021,22.474]]],[[[69.1368,22.4776],[69.1485,22.474],[69.1468,22.4632],[69.1232,22.4685],[69.111,22.464],[69.1085,22.4374],[69.0849,22.421],[69.0851,22.4326],[69.096,22.4413],[69.0935,22.4615],[69.1368,22.4776]]],[[[69.089,22.4907],[69.089,22.4904],[69.0893,22.4904],[69.0893,22.4901],[69.089,22.4901],[69.089,22.4899],[69.0888,22.4899],[69.0888,22.4893],[69.0885,22.4893],[69.0885,22.4888],[69.0882,22.4888],[69.0882,22.4885],[69.0879,22.4885],[69.0879,22.4882],[69.0876,22.4882],[69.0876,22.4879],[69.0868,22.4879],[69.0868,22.4874],[69.0865,22.4874],[69.0865,22.4871],[69.0868,22.4871],[69.0868,22.4868],[69.0865,22.4868],[69.0865,22.4865],[69.0862,22.4865],[69.0862,22.4863],[69.086,22.4863],[69.086,22.486],[69.0854,22.486],[69.0854,22.4857],[69.0851,22.4857],[69.0851,22.4854],[69.0849,22.4854],[69.0849,22.4851],[69.084,22.4851],[69.084,22.4857],[69.0843,22.4857],[69.0843,22.486],[69.0846,22.486],[69.0846,22.4871],[69.0849,22.4871],[69.0849,22.4876],[69.0851,22.4876],[69.0851,22.4882],[69.0854,22.4882],[69.0854,22.4885],[69.0857,22.4885],[69.0857,22.4888],[69.086,22.4888],[69.086,22.489],[69.0865,22.489],[69.0865,22.4893],[69.0868,22.4893],[69.0868,22.4896],[69.0871,22.4896],[69.0871,22.4899],[69.0874,22.4899],[69.0874,22.4901],[69.0879,22.4901],[69.0879,22.4904],[69.0885,22.4904],[69.0885,22.4907],[69.089,22.4907]]],[[[69.3249,22.5274],[69.3512,22.5265],[69.3637,22.5124],[69.3501,22.504],[69.3351,22.5074],[69.3157,22.5199],[69.3174,22.5257],[69.3249,22.5274]]],[[[69.9449,22.5324],[69.9449,22.5321],[69.9457,22.5321],[69.9457,22.5318],[69.9465,22.5318],[69.9465,22.5315],[69.9471,22.5315],[69.9471,22.5312],[69.9474,22.5312],[69.9474,22.531],[69.9476,22.531],[69.9476,22.5304],[69.9474,22.5304],[69.9474,22.5301],[69.9468,22.5301],[69.9468,22.5299],[69.9462,22.5299],[69.9462,22.5296],[69.9454,22.5296],[69.9454,22.5299],[69.9446,22.5299],[69.9446,22.5301],[69.944,22.5301],[69.944,22.5304],[69.9435,22.5304],[69.9435,22.5321],[69.9437,22.5321],[69.9437,22.5324],[69.9449,22.5324]]],[[[69.4051,22.5326],[69.4051,22.5321],[69.4054,22.5321],[69.4054,22.531],[69.4057,22.531],[69.4057,22.529],[69.406,22.529],[69.406,22.5285],[69.4062,22.5285],[69.4062,22.5279],[69.4065,22.5279],[69.4065,22.5271],[69.4062,22.5271],[69.4062,22.5265],[69.406,22.5265],[69.406,22.5254],[69.4057,22.5254],[69.4057,22.5251],[69.4051,22.5251],[69.4051,22.5249],[69.4049,22.5249],[69.4046,22.5249],[69.4046,22.5246],[69.4046,22.5246],[69.4046,22.5246],[69.4043,22.5246],[69.4043,22.5243],[69.4043,22.5243],[69.4043,22.5243],[69.4032,22.5243],[69.4032,22.5246],[69.4029,22.5246],[69.4029,22.5249],[69.4026,22.5249],[69.4026,22.5251],[69.4024,22.5251],[69.4024,22.5254],[69.4021,22.5254],[69.4021,22.5263],[69.4018,22.5263],[69.4018,22.5282],[69.4021,22.5282],[69.4021,22.529],[69.4024,22.529],[69.4024,22.5299],[69.4026,22.5299],[69.4026,22.5304],[69.4029,22.5304],[69.4029,22.5312],[69.4032,22.5312],[69.4032,22.5321],[69.4035,22.5321],[69.4035,22.5324],[69.4037,22.5324],[69.4037,22.5326],[69.4046,22.5326],[69.4051,22.5326]]],[[[69.9574,22.536],[69.9574,22.5354],[69.9576,22.5354],[69.9576,22.5351],[69.9574,22.5351],[69.9574,22.5349],[69.9572,22.5349],[69.9571,22.5349],[69.9571,22.5343],[69.9568,22.5343],[69.9568,22.534],[69.9554,22.534],[69.9554,22.5337],[69.9551,22.5337],[69.9551,22.5335],[69.9543,22.5335],[69.9543,22.5332],[69.954,22.5332],[69.954,22.5329],[69.9537,22.5329],[69.9537,22.5326],[69.9524,22.5326],[69.9524,22.5329],[69.9526,22.5329],[69.9526,22.5335],[69.9529,22.5335],[69.9529,22.5337],[69.9532,22.5337],[69.9532,22.534],[69.9535,22.534],[69.9535,22.5346],[69.9537,22.5346],[69.9537,22.5349],[69.954,22.5349],[69.954,22.5351],[69.9546,22.5351],[69.9546,22.5354],[69.9549,22.5354],[69.9549,22.5357],[69.9551,22.5357],[69.9551,22.536],[69.9571,22.536],[69.9574,22.536]]],[[[69.9604,22.5438],[69.9635,22.5418],[69.954,22.536],[69.9604,22.5438]]],[[[69.9521,22.5513],[69.9576,22.5451],[69.9532,22.5368],[69.9388,22.5385],[69.9418,22.5504],[69.9521,22.5513]]],[[[69.9187,22.5532],[69.9324,22.5446],[69.9343,22.534],[69.9296,22.5307],[69.936,22.5332],[69.9351,22.5251],[69.9371,22.5318],[69.9421,22.5287],[69.9415,22.5179],[69.9313,22.5201],[69.9157,22.5118],[69.8965,22.5118],[69.8624,22.5271],[69.8657,22.5312],[69.8951,22.5229],[69.9013,22.5276],[69.8982,22.5287],[69.9004,22.5462],[69.9101,22.5465],[69.9074,22.5515],[69.9187,22.5532]]],[[[70.0243,22.5532],[70.0199,22.5479],[70.0115,22.5496],[70.0243,22.5532]]],[[[70.0113,22.5538],[70.0113,22.5535],[70.0115,22.5535],[70.0115,22.5532],[70.0118,22.5532],[70.0118,22.5529],[70.0124,22.5529],[70.0124,22.5526],[70.0126,22.5526],[70.0126,22.5524],[70.0121,22.5524],[70.0121,22.5521],[70.0115,22.5521],[70.0115,22.5518],[70.011,22.5518],[70.011,22.5515],[70.0104,22.5515],[70.0104,22.5513],[70.0101,22.5513],[70.0101,22.551],[70.0096,22.551],[70.0096,22.5507],[70.009,22.5507],[70.009,22.5504],[70.0082,22.5504],[70.0082,22.5501],[70.0071,22.5501],[70.0071,22.5499],[70.0062,22.5499],[70.0062,22.5496],[70.0057,22.5496],[70.0057,22.5493],[70.0049,22.5493],[70.0049,22.549],[70.0004,22.549],[70.0004,22.5488],[69.9999,22.5488],[69.9987,22.5488],[69.9987,22.5485],[69.9962,22.5485],[69.9962,22.5488],[69.996,22.5488],[69.996,22.5491],[69.996,22.5493],[69.9962,22.5493],[69.9962,22.5496],[69.9965,22.5496],[69.9965,22.5499],[69.9971,22.5499],[69.9971,22.5501],[69.9974,22.5501],[69.9974,22.5504],[69.9979,22.5504],[69.9979,22.5507],[69.9987,22.5507],[69.9987,22.551],[69.999,22.551],[69.999,22.5513],[69.9996,22.5513],[69.9996,22.5515],[69.9999,22.5515],[69.9999,22.5518],[70.0001,22.5518],[70.0004,22.5518],[70.0004,22.5521],[70.0007,22.5521],[70.0007,22.5524],[70.0021,22.5524],[70.0021,22.5521],[70.0036,22.5521],[70.0038,22.5521],[70.0038,22.5518],[70.0082,22.5518],[70.0082,22.5526],[70.0085,22.5526],[70.0085,22.5529],[70.009,22.5529],[70.009,22.5532],[70.0093,22.5532],[70.0093,22.5535],[70.0096,22.5535],[70.0096,22.5538],[70.0113,22.5538]]],[[[70.0235,22.5585],[70.0246,22.5551],[70.0126,22.554],[70.0235,22.5585]]],[[[70.0396,22.5679],[70.0396,22.5676],[70.0399,22.5676],[70.0399,22.5674],[70.0401,22.5674],[70.0401,22.567],[70.0401,22.5668],[70.0404,22.5668],[70.0404,22.5668],[70.0404,22.5668],[70.0404,22.5665],[70.0405,22.5665],[70.041,22.5665],[70.041,22.5665],[70.041,22.5653],[70.041,22.5651],[70.0408,22.5651],[70.0407,22.5651],[70.0407,22.565],[70.0407,22.5646],[70.0404,22.5646],[70.0404,22.5646],[70.0404,22.5646],[70.0404,22.5643],[70.0403,22.5643],[70.0392,22.5643],[70.0388,22.5643],[70.0388,22.5646],[70.0385,22.5646],[70.0385,22.5668],[70.0388,22.5668],[70.0388,22.5671],[70.039,22.5671],[70.039,22.5674],[70.0393,22.5674],[70.0393,22.5679],[70.0396,22.5679]]],[[[70.0446,22.5724],[70.0446,22.5721],[70.0449,22.5721],[70.0449,22.5718],[70.0451,22.5718],[70.0451,22.5715],[70.0454,22.5715],[70.0454,22.5713],[70.0454,22.5713],[70.0456,22.5713],[70.046,22.5713],[70.046,22.571],[70.046,22.5699],[70.046,22.5699],[70.0459,22.5699],[70.0457,22.5699],[70.0457,22.5696],[70.0454,22.5696],[70.0454,22.5692],[70.0454,22.569],[70.0453,22.569],[70.0451,22.569],[70.0451,22.5688],[70.0451,22.5688],[70.045,22.5688],[70.0449,22.5688],[70.0449,22.5686],[70.0449,22.5685],[70.0447,22.5685],[70.0446,22.5685],[70.0446,22.5684],[70.0446,22.5679],[70.0443,22.5679],[70.0443,22.5676],[70.044,22.5676],[70.044,22.5674],[70.0437,22.5674],[70.0437,22.5671],[70.0435,22.5671],[70.0435,22.5674],[70.0433,22.5674],[70.0422,22.5674],[70.0421,22.5674],[70.0421,22.5701],[70.0424,22.5701],[70.0424,22.5704],[70.0426,22.5704],[70.0426,22.5707],[70.0429,22.5707],[70.0429,22.571],[70.0432,22.571],[70.0432,22.5713],[70.0435,22.5713],[70.0435,22.5715],[70.0437,22.5715],[70.0437,22.5721],[70.044,22.5721],[70.044,22.5724],[70.0446,22.5724]]],[[[70.1818,22.5837],[70.1818,22.5835],[70.1821,22.5835],[70.1821,22.5832],[70.1824,22.5832],[70.1824,22.5829],[70.1826,22.5829],[70.1826,22.5826],[70.1832,22.5826],[70.1832,22.581],[70.181,22.581],[70.181,22.5813],[70.1807,22.5813],[70.1807,22.5815],[70.1801,22.5815],[70.1801,22.5826],[70.1804,22.5826],[70.1804,22.5829],[70.1807,22.5829],[70.1807,22.5835],[70.1813,22.5835],[70.1813,22.5837],[70.1818,22.5837]]],[[[70.009,22.5931],[70.0249,22.5862],[70.0271,22.5679],[69.9926,22.5482],[69.9638,22.5454],[69.9579,22.5496],[69.9568,22.5607],[69.9651,22.5779],[70.009,22.5931]]],[[[70.1904,22.5999],[70.1904,22.5996],[70.1907,22.5996],[70.1907,22.5995],[70.1907,22.5993],[70.191,22.5993],[70.191,22.599],[70.1912,22.599],[70.1912,22.5988],[70.1915,22.5988],[70.1915,22.5985],[70.1918,22.5985],[70.1918,22.5982],[70.1915,22.5982],[70.1915,22.5979],[70.1912,22.5979],[70.1912,22.5976],[70.1893,22.5976],[70.1893,22.5979],[70.189,22.5979],[70.189,22.5985],[70.1888,22.5985],[70.1888,22.5996],[70.1893,22.5996],[70.1893,22.5999],[70.1904,22.5999]]],[[[69.9485,22.6063],[69.9638,22.599],[69.9532,22.5954],[69.9485,22.6063]]],[[[70.216,22.6468],[70.216,22.6465],[70.2162,22.6465],[70.2162,22.6463],[70.2171,22.6463],[70.2171,22.646],[70.2174,22.646],[70.2174,22.6463],[70.2179,22.6463],[70.2179,22.646],[70.2182,22.646],[70.2182,22.6454],[70.2185,22.6454],[70.2185,22.6449],[70.2187,22.6449],[70.2187,22.6446],[70.2196,22.6446],[70.2196,22.6443],[70.2199,22.6443],[70.2199,22.6437],[70.2201,22.6438],[70.2201,22.6435],[70.221,22.6435],[70.221,22.6432],[70.2193,22.6432],[70.2193,22.6429],[70.219,22.6429],[70.219,22.6424],[70.2193,22.6424],[70.2193,22.6421],[70.2196,22.6421],[70.2196,22.6413],[70.2199,22.6413],[70.2199,22.641],[70.2201,22.641],[70.2201,22.6407],[70.2204,22.6407],[70.2204,22.6401],[70.2201,22.6401],[70.2201,22.6404],[70.2199,22.6404],[70.2199,22.6407],[70.2179,22.6407],[70.2179,22.6418],[70.2182,22.6418],[70.2182,22.6426],[70.2174,22.6426],[70.2174,22.6424],[70.2171,22.6424],[70.2171,22.6421],[70.2168,22.6421],[70.2168,22.6432],[70.2171,22.6432],[70.2171,22.6451],[70.2168,22.6451],[70.2168,22.6454],[70.2154,22.6454],[70.2154,22.6457],[70.2157,22.6457],[70.2157,22.6468],[70.216,22.6468]]],[[[70.2357,22.6846],[70.2357,22.6843],[70.236,22.6843],[70.236,22.684],[70.2357,22.684],[70.2357,22.6838],[70.2365,22.6838],[70.2365,22.6835],[70.2371,22.6835],[70.2371,22.6832],[70.2385,22.6832],[70.2385,22.6824],[70.2382,22.6824],[70.2382,22.6821],[70.2376,22.6821],[70.2376,22.6824],[70.2374,22.6824],[70.2374,22.6826],[70.2354,22.6826],[70.2354,22.6824],[70.2351,22.6824],[70.2351,22.6832],[70.2349,22.6832],[70.2349,22.684],[70.2346,22.684],[70.2346,22.6843],[70.2349,22.6843],[70.2349,22.6846],[70.2357,22.6846]]],[[[70.2426,22.6846],[70.2426,22.6843],[70.2438,22.6843],[70.2438,22.6832],[70.2435,22.6832],[70.2435,22.6824],[70.2429,22.6824],[70.2429,22.6829],[70.2432,22.6829],[70.2432,22.6835],[70.2429,22.6835],[70.2429,22.6838],[70.2423,22.6838],[70.2423,22.6829],[70.2418,22.6829],[70.2418,22.6821],[70.2412,22.6821],[70.2412,22.6824],[70.2401,22.6824],[70.2401,22.6821],[70.2399,22.6821],[70.2399,22.6818],[70.2393,22.6818],[70.2393,22.6821],[70.239,22.6821],[70.239,22.6832],[70.2387,22.6832],[70.2387,22.6835],[70.239,22.6835],[70.239,22.6838],[70.2396,22.6838],[70.2396,22.684],[70.2401,22.684],[70.2401,22.6838],[70.2404,22.6838],[70.2404,22.6835],[70.2407,22.6835],[70.2407,22.684],[70.241,22.684],[70.241,22.6843],[70.2421,22.6843],[70.2421,22.6846],[70.2426,22.6846]]],[[[70.2468,22.6918],[70.2468,22.6915],[70.2474,22.6915],[70.2474,22.6913],[70.2476,22.6913],[70.2476,22.6899],[70.2479,22.6899],[70.2479,22.6893],[70.2474,22.6893],[70.2474,22.689],[70.2468,22.689],[70.2468,22.6888],[70.2474,22.6888],[70.2474,22.6886],[70.2474,22.6882],[70.2468,22.6882],[70.2468,22.6879],[70.246,22.6879],[70.246,22.6876],[70.2457,22.6876],[70.2457,22.6879],[70.2454,22.6879],[70.2454,22.6871],[70.2449,22.6871],[70.2449,22.6868],[70.2443,22.6868],[70.2443,22.6874],[70.244,22.6874],[70.244,22.6868],[70.2435,22.6868],[70.2435,22.6871],[70.2432,22.6871],[70.2432,22.6868],[70.2426,22.6868],[70.2426,22.6876],[70.2438,22.6876],[70.2438,22.6879],[70.244,22.6879],[70.244,22.6882],[70.2443,22.6882],[70.2443,22.6885],[70.2429,22.6885],[70.2429,22.6882],[70.2421,22.6882],[70.2421,22.6893],[70.2418,22.6893],[70.2418,22.6896],[70.2424,22.6896],[70.2424,22.6893],[70.2426,22.6893],[70.2426,22.6899],[70.2432,22.6899],[70.2432,22.6896],[70.2435,22.6896],[70.2435,22.6907],[70.2438,22.6907],[70.2438,22.6913],[70.2443,22.6913],[70.2443,22.6915],[70.2451,22.6915],[70.2451,22.6913],[70.2457,22.6913],[70.2457,22.6908],[70.2457,22.6907],[70.246,22.6907],[70.246,22.6904],[70.2462,22.6904],[70.2462,22.691],[70.2465,22.691],[70.2465,22.6913],[70.2462,22.6913],[70.2462,22.6918],[70.2468,22.6918]]],[[[70.244,22.7201],[70.244,22.719],[70.2443,22.719],[70.2443,22.7176],[70.2446,22.7176],[70.2446,22.7171],[70.2449,22.7171],[70.2449,22.7165],[70.2451,22.7165],[70.2451,22.7157],[70.2457,22.7157],[70.2457,22.7151],[70.246,22.7151],[70.246,22.7149],[70.2462,22.7149],[70.2462,22.7146],[70.2465,22.7146],[70.2465,22.7132],[70.2462,22.7132],[70.2462,22.7129],[70.246,22.7129],[70.246,22.7126],[70.2457,22.7126],[70.2457,22.7121],[70.2454,22.7121],[70.2454,22.7118],[70.2451,22.7118],[70.2451,22.7124],[70.2435,22.7124],[70.2435,22.7132],[70.2438,22.7132],[70.2438,22.7168],[70.2435,22.7168],[70.2435,22.7193],[70.2432,22.7193],[70.2432,22.7201],[70.244,22.7201]]],[[[69.6426,22.7649],[69.6665,22.7507],[69.631,22.7613],[69.6426,22.7649]]],[[[69.6365,22.7799],[69.6365,22.7796],[69.6368,22.7796],[69.6368,22.7793],[69.6371,22.7793],[69.6371,22.7787],[69.6374,22.7787],[69.6374,22.7765],[69.6376,22.7765],[69.6376,22.7757],[69.6363,22.7757],[69.6363,22.776],[69.636,22.776],[69.636,22.7765],[69.6357,22.7765],[69.6357,22.7771],[69.6354,22.7771],[69.6354,22.7779],[69.6351,22.7779],[69.6351,22.7793],[69.6354,22.7793],[69.6354,22.7796],[69.6363,22.7796],[69.6363,22.7799],[69.6365,22.7799]]],[[[69.8171,22.8526],[69.8171,22.8524],[69.8168,22.8524],[69.8168,22.8521],[69.8158,22.8521],[69.8171,22.8526]]],[[[69.8213,22.8542],[69.8213,22.854],[69.8209,22.854],[69.8213,22.8542]]],[[[69.8229,22.8549],[69.8227,22.8549],[69.8229,22.855],[69.8229,22.8549]]],[[[70.4551,22.9957],[70.451,22.986],[70.4326,22.9788],[70.4551,22.9957]]],[[[70.4415,23.0496],[70.4146,23.0226],[70.4182,23.0349],[70.429,23.0465],[70.4415,23.0496]]],[[[70.4485,23.0521],[70.4343,23.0137],[70.4138,22.9899],[70.4104,22.9996],[70.4146,23.0193],[70.4485,23.0521]]],[[[70.4535,23.0529],[70.4533,23.0529],[70.4532,23.0529],[70.4532,23.0526],[70.4529,23.0526],[70.4529,23.0524],[70.4524,23.0524],[70.4524,23.0521],[70.4521,23.0521],[70.4521,23.0515],[70.4518,23.0515],[70.4518,23.051],[70.4515,23.051],[70.4515,23.0507],[70.4512,23.0507],[70.4512,23.0504],[70.4504,23.0504],[70.4504,23.0501],[70.4501,23.0501],[70.4501,23.051],[70.4504,23.051],[70.4504,23.0513],[70.4507,23.0513],[70.4507,23.0515],[70.451,23.0515],[70.451,23.0518],[70.4511,23.0518],[70.4515,23.0518],[70.4515,23.052],[70.4515,23.0524],[70.4521,23.0524],[70.4521,23.0526],[70.4524,23.0526],[70.4524,23.0529],[70.4526,23.0529],[70.4526,23.0532],[70.4535,23.0532],[70.4535,23.0529]]],[[[70.459,23.0576],[70.4496,23.0432],[70.4574,23.0551],[70.4496,23.0526],[70.459,23.0576]]],[[[70.4521,23.0607],[70.4521,23.0604],[70.4524,23.0604],[70.4524,23.0599],[70.4521,23.0599],[70.4521,23.0593],[70.4512,23.0593],[70.4512,23.059],[70.4507,23.059],[70.4507,23.0588],[70.4501,23.0588],[70.4501,23.0585],[70.4496,23.0585],[70.4496,23.0582],[70.449,23.0582],[70.449,23.0579],[70.4463,23.0579],[70.4463,23.0582],[70.446,23.0582],[70.446,23.0585],[70.4463,23.0585],[70.4463,23.0588],[70.4468,23.0588],[70.4468,23.059],[70.4471,23.059],[70.4471,23.0593],[70.4482,23.0593],[70.4482,23.0596],[70.449,23.0596],[70.449,23.0599],[70.4501,23.0599],[70.4501,23.0601],[70.451,23.0601],[70.451,23.0604],[70.4515,23.0604],[70.4515,23.0607],[70.4521,23.0607]]],[[[70.4696,23.0613],[70.4696,23.061],[70.4701,23.061],[70.4701,23.0607],[70.4699,23.0607],[70.4699,23.0604],[70.4693,23.0604],[70.4693,23.0601],[70.469,23.0601],[70.469,23.0599],[70.4685,23.0599],[70.4685,23.0593],[70.4682,23.0593],[70.4682,23.0588],[70.4668,23.0588],[70.4668,23.0585],[70.4662,23.0585],[70.4662,23.0582],[70.466,23.0582],[70.466,23.0579],[70.4654,23.0579],[70.4654,23.0576],[70.4649,23.0576],[70.4648,23.0574],[70.4643,23.0574],[70.4643,23.0572],[70.4643,23.0571],[70.4639,23.0571],[70.4635,23.0571],[70.4635,23.057],[70.4635,23.0568],[70.4629,23.0568],[70.4629,23.0565],[70.4624,23.0565],[70.4624,23.0563],[70.4621,23.0563],[70.4621,23.056],[70.4615,23.056],[70.4615,23.0557],[70.461,23.0557],[70.461,23.0554],[70.4607,23.0554],[70.4607,23.0557],[70.4604,23.0557],[70.4604,23.0563],[70.4601,23.0563],[70.4601,23.0565],[70.4607,23.0565],[70.4607,23.0568],[70.461,23.0568],[70.461,23.0576],[70.4612,23.0576],[70.4612,23.0579],[70.4621,23.0579],[70.4621,23.0582],[70.4626,23.0582],[70.4626,23.0585],[70.4632,23.0585],[70.4632,23.0588],[70.4638,23.0588],[70.4638,23.059],[70.4646,23.059],[70.4646,23.0593],[70.4651,23.0593],[70.4651,23.0596],[70.4654,23.0596],[70.4654,23.0599],[70.466,23.0599],[70.466,23.0601],[70.4665,23.0601],[70.4665,23.0604],[70.4671,23.0604],[70.4671,23.0607],[70.4676,23.0607],[70.4676,23.061],[70.4682,23.061],[70.4682,23.0613],[70.4696,23.0613]]],[[[70.4824,23.0654],[70.4779,23.0568],[70.4596,23.0443],[70.4518,23.0265],[70.4463,23.0251],[70.4582,23.0499],[70.4599,23.0465],[70.4632,23.0551],[70.4824,23.0654]]],[[[68.609,23.2313],[68.6129,23.2213],[68.6035,23.2257],[68.604,23.2307],[68.609,23.2313]]],[[[68.5943,23.2621],[68.5943,23.2618],[68.5949,23.2618],[68.5949,23.2615],[68.5954,23.2615],[68.5954,23.2607],[68.5976,23.2607],[68.5976,23.2601],[68.5974,23.2601],[68.5974,23.2599],[68.5971,23.2599],[68.5971,23.2596],[68.5968,23.2596],[68.5968,23.2593],[68.5963,23.2593],[68.5963,23.2596],[68.5946,23.2596],[68.5946,23.2599],[68.5943,23.2599],[68.5943,23.2601],[68.594,23.2601],[68.594,23.2607],[68.5937,23.2607],[68.5937,23.2621],[68.5943,23.2621]]],[[[68.6585,23.2713],[68.6585,23.271],[68.6588,23.271],[68.6588,23.2707],[68.659,23.2707],[68.659,23.2704],[68.6593,23.2704],[68.6593,23.2699],[68.659,23.2699],[68.659,23.2696],[68.6588,23.2696],[68.6588,23.2693],[68.6596,23.2693],[68.6596,23.269],[68.6601,23.269],[68.6601,23.2688],[68.6604,23.2688],[68.6604,23.2685],[68.6601,23.2685],[68.6601,23.2679],[68.6588,23.2679],[68.6588,23.2682],[68.6585,23.2682],[68.6585,23.2685],[68.6574,23.2685],[68.6574,23.2688],[68.6571,23.2688],[68.6571,23.2693],[68.6568,23.2693],[68.6568,23.2699],[68.6571,23.2699],[68.6571,23.2701],[68.6574,23.2701],[68.6574,23.2704],[68.6576,23.2704],[68.6576,23.2707],[68.6579,23.2707],[68.6579,23.271],[68.6582,23.271],[68.6582,23.2713],[68.6585,23.2713]]],[[[68.6287,23.2901],[68.6287,23.2896],[68.629,23.2896],[68.629,23.289],[68.6293,23.289],[68.6293,23.2871],[68.629,23.2871],[68.629,23.2854],[68.6285,23.2854],[68.6285,23.286],[68.6282,23.286],[68.6282,23.2865],[68.6279,23.2865],[68.6279,23.2893],[68.6282,23.2893],[68.6282,23.2901],[68.6287,23.2901]]],[[[68.5582,23.3138],[68.564,23.3007],[68.5704,23.3004],[68.574,23.2943],[68.5724,23.3038],[68.5882,23.2954],[68.5821,23.3101],[68.5957,23.2996],[68.6121,23.2965],[68.6074,23.2949],[68.6121,23.2921],[68.6149,23.2715],[68.6062,23.2735],[68.6071,23.269],[68.6024,23.2682],[68.5999,23.2729],[68.5985,23.2682],[68.5724,23.261],[68.5718,23.2571],[68.5843,23.2537],[68.5729,23.2513],[68.574,23.2451],[68.541,23.2657],[68.5379,23.2729],[68.541,23.2851],[68.5563,23.274],[68.5651,23.2838],[68.5679,23.2812],[68.5532,23.2968],[68.5582,23.3138]]],[[[68.6426,23.314],[68.6462,23.3074],[68.6332,23.3079],[68.6343,23.3138],[68.6426,23.314]]],[[[68.6326,23.3176],[68.6326,23.3171],[68.6329,23.3171],[68.6329,23.3163],[68.6332,23.3163],[68.6332,23.316],[68.6337,23.316],[68.6337,23.3157],[68.634,23.3157],[68.634,23.314],[68.6337,23.314],[68.6337,23.3138],[68.6335,23.3138],[68.6335,23.3135],[68.6332,23.3135],[68.6332,23.3132],[68.6329,23.3132],[68.6329,23.3129],[68.6326,23.3129],[68.6326,23.3126],[68.6321,23.3126],[68.6321,23.3124],[68.6318,23.3124],[68.6318,23.3121],[68.6312,23.3121],[68.6312,23.3124],[68.6307,23.3124],[68.6307,23.3129],[68.6304,23.3129],[68.6304,23.3132],[68.6307,23.3132],[68.6307,23.3138],[68.631,23.3138],[68.631,23.3143],[68.6312,23.3143],[68.6312,23.3157],[68.6315,23.3157],[68.6315,23.3176],[68.6326,23.3176]]],[[[68.6399,23.3185],[68.6399,23.3182],[68.6401,23.3182],[68.6401,23.3179],[68.6404,23.3179],[68.6404,23.3174],[68.6407,23.3174],[68.6407,23.3171],[68.6413,23.3171],[68.6413,23.3174],[68.641,23.3174],[68.641,23.3182],[68.6415,23.3182],[68.6415,23.3174],[68.6418,23.3174],[68.6418,23.3168],[68.6426,23.3168],[68.6426,23.3176],[68.6429,23.3176],[68.6429,23.3182],[68.6435,23.3182],[68.6435,23.3179],[68.6438,23.3179],[68.6438,23.3174],[68.6435,23.3174],[68.6435,23.3168],[68.6432,23.3168],[68.6432,23.3165],[68.6429,23.3165],[68.6429,23.3163],[68.6432,23.3163],[68.6432,23.3154],[68.6418,23.3154],[68.6418,23.316],[68.6401,23.316],[68.6401,23.3163],[68.6396,23.3163],[68.6396,23.3165],[68.6393,23.3165],[68.6393,23.3185],[68.6399,23.3185]]],[[[68.5885,23.319],[68.6079,23.3099],[68.6051,23.3149],[68.6093,23.3168],[68.6188,23.2993],[68.5985,23.3021],[68.5943,23.3096],[68.5829,23.3151],[68.5885,23.319]]],[[[68.6318,23.3213],[68.6318,23.3201],[68.6321,23.3201],[68.6321,23.3193],[68.6324,23.3193],[68.6324,23.3188],[68.6315,23.3188],[68.6315,23.3196],[68.6312,23.3196],[68.6312,23.321],[68.6315,23.321],[68.6315,23.3213],[68.6318,23.3213]]],[[[68.6271,23.3218],[68.6271,23.3215],[68.6276,23.3215],[68.6276,23.3213],[68.6285,23.3213],[68.6285,23.321],[68.6287,23.321],[68.6287,23.3207],[68.629,23.3207],[68.629,23.3199],[68.6293,23.3199],[68.6293,23.3185],[68.6296,23.3185],[68.6296,23.3157],[68.6299,23.3157],[68.6299,23.3137],[68.629,23.3138],[68.629,23.3135],[68.6288,23.3135],[68.6288,23.3132],[68.6285,23.3132],[68.6285,23.3129],[68.6287,23.3129],[68.6287,23.3124],[68.6285,23.3124],[68.6285,23.3121],[68.6282,23.3121],[68.6282,23.3118],[68.6279,23.3118],[68.6279,23.3115],[68.6275,23.3115],[68.6274,23.3115],[68.6274,23.3126],[68.6268,23.3126],[68.6268,23.3124],[68.6265,23.3124],[68.6265,23.3121],[68.6257,23.3121],[68.6257,23.3129],[68.626,23.3129],[68.626,23.3132],[68.6263,23.3132],[68.6263,23.3138],[68.6265,23.3138],[68.6265,23.314],[68.6268,23.314],[68.6268,23.3143],[68.6271,23.3143],[68.6271,23.3149],[68.6274,23.3149],[68.6274,23.3151],[68.6276,23.3151],[68.6276,23.3157],[68.6274,23.3157],[68.6274,23.3163],[68.6271,23.3163],[68.6271,23.3182],[68.6274,23.3182],[68.6274,23.3188],[68.6271,23.3188],[68.6271,23.3193],[68.6268,23.3193],[68.6268,23.3196],[68.6265,23.3196],[68.6265,23.3199],[68.6263,23.3199],[68.6263,23.3213],[68.6265,23.3213],[68.6265,23.3215],[68.6268,23.3215],[68.6268,23.3218],[68.6271,23.3218]]],[[[68.6268,23.326],[68.6268,23.3257],[68.6276,23.3257],[68.6276,23.3254],[68.6279,23.3254],[68.6279,23.3251],[68.6282,23.3251],[68.6282,23.3249],[68.6285,23.3249],[68.6285,23.3243],[68.6287,23.3243],[68.6287,23.3238],[68.629,23.3238],[68.629,23.3232],[68.6293,23.3232],[68.6293,23.3224],[68.629,23.3224],[68.629,23.3215],[68.6288,23.3215],[68.6288,23.3221],[68.6285,23.3221],[68.6285,23.3224],[68.6282,23.3224],[68.6282,23.3226],[68.6279,23.3226],[68.6279,23.3229],[68.6276,23.3229],[68.6276,23.3235],[68.6274,23.3235],[68.6274,23.3238],[68.6271,23.3238],[68.6271,23.3243],[68.6263,23.3243],[68.6263,23.3238],[68.626,23.3238],[68.626,23.324],[68.6254,23.324],[68.6254,23.3243],[68.6251,23.3243],[68.6251,23.3249],[68.6249,23.3249],[68.6249,23.326],[68.6254,23.326],[68.6254,23.3257],[68.6263,23.3257],[68.6263,23.326],[68.6268,23.326]]],[[[68.5421,23.3415],[68.5421,23.3413],[68.5424,23.3413],[68.5424,23.339],[68.5426,23.339],[68.5426,23.3393],[68.5443,23.3393],[68.5443,23.339],[68.5446,23.339],[68.5446,23.3385],[68.5443,23.3385],[68.5443,23.3382],[68.5421,23.3382],[68.5421,23.3374],[68.5418,23.3374],[68.5418,23.3371],[68.5415,23.3371],[68.5415,23.3374],[68.5413,23.3374],[68.5413,23.3382],[68.5415,23.3382],[68.5415,23.3385],[68.5413,23.3385],[68.5413,23.3388],[68.5415,23.3388],[68.5415,23.3393],[68.5413,23.3393],[68.5413,23.339],[68.541,23.339],[68.541,23.3388],[68.5407,23.3388],[68.5407,23.339],[68.5404,23.339],[68.5404,23.3393],[68.5407,23.3393],[68.5407,23.3399],[68.541,23.3399],[68.541,23.3401],[68.5413,23.3401],[68.5413,23.3404],[68.5415,23.3404],[68.5415,23.3413],[68.5418,23.3413],[68.5418,23.3415],[68.5421,23.3415]]],[[[68.5501,23.3415],[68.5501,23.3413],[68.5504,23.3413],[68.5504,23.341],[68.5507,23.341],[68.5507,23.3401],[68.551,23.3401],[68.551,23.3396],[68.5507,23.3396],[68.5507,23.3393],[68.5488,23.3393],[68.5488,23.339],[68.5479,23.339],[68.5479,23.3388],[68.546,23.3388],[68.546,23.3385],[68.5454,23.3385],[68.5454,23.3388],[68.5451,23.3388],[68.5451,23.3401],[68.5454,23.3401],[68.5454,23.3404],[68.546,23.3404],[68.546,23.3401],[68.5462,23.3401],[68.5462,23.3399],[68.546,23.3399],[68.546,23.3396],[68.5476,23.3396],[68.5476,23.3399],[68.5485,23.3399],[68.5485,23.3401],[68.5499,23.3401],[68.5499,23.3407],[68.5496,23.3407],[68.5496,23.3413],[68.5499,23.3413],[68.5499,23.3415],[68.5501,23.3415]]],[[[68.5537,23.3418],[68.5548,23.3418],[68.5548,23.3418],[68.5565,23.3418],[68.5568,23.3418],[68.5568,23.3417],[68.5568,23.3415],[68.5563,23.3415],[68.5563,23.3413],[68.5554,23.3413],[68.5554,23.339],[68.5551,23.339],[68.5551,23.3393],[68.5551,23.3393],[68.5551,23.3393],[68.554,23.3393],[68.554,23.3396],[68.5537,23.3396],[68.5537,23.3399],[68.5532,23.3399],[68.5532,23.3407],[68.5529,23.3407],[68.5529,23.341],[68.5532,23.341],[68.5532,23.3413],[68.5535,23.3413],[68.5535,23.3415],[68.5537,23.3415],[68.5537,23.3418]]],[[[68.506,23.3424],[68.5276,23.3371],[68.5263,23.329],[68.5376,23.3185],[68.5193,23.3171],[68.5024,23.3238],[68.5071,23.3315],[68.5065,23.3354],[68.5029,23.3329],[68.506,23.3424]]],[[[68.5251,23.344],[68.5321,23.3393],[68.5212,23.3426],[68.5251,23.344]]],[[[68.5643,23.3446],[68.5643,23.3443],[68.5646,23.3443],[68.5646,23.344],[68.5649,23.344],[68.5649,23.3429],[68.5651,23.3429],[68.5651,23.3426],[68.5646,23.3426],[68.5646,23.3424],[68.5635,23.3424],[68.5635,23.3421],[68.5626,23.3421],[68.5626,23.3418],[68.5612,23.3418],[68.5612,23.3421],[68.561,23.3421],[68.561,23.3429],[68.5612,23.3429],[68.5612,23.3432],[68.5615,23.3432],[68.5615,23.3435],[68.5618,23.3435],[68.5618,23.3438],[68.5621,23.3438],[68.5621,23.344],[68.5624,23.344],[68.5624,23.3443],[68.5626,23.3443],[68.5626,23.3446],[68.5632,23.3446],[68.5632,23.3449],[68.5638,23.3449],[68.5638,23.3446],[68.5643,23.3446]]],[[[68.6315,23.3518],[68.6343,23.3424],[68.6285,23.3488],[68.6315,23.3518]]],[[[68.4732,23.3568],[68.4732,23.3565],[68.4735,23.3565],[68.4735,23.3563],[68.474,23.3563],[68.474,23.356],[68.4743,23.356],[68.4743,23.3557],[68.4751,23.3557],[68.4751,23.3549],[68.4754,23.3549],[68.4754,23.3551],[68.4757,23.3551],[68.4757,23.3554],[68.4765,23.3554],[68.4765,23.354],[68.4763,23.354],[68.4763,23.3535],[68.4749,23.3535],[68.4749,23.3538],[68.474,23.3538],[68.474,23.354],[68.4735,23.354],[68.4735,23.3546],[68.4737,23.3546],[68.4737,23.3551],[68.4721,23.3551],[68.4721,23.3554],[68.4718,23.3554],[68.4718,23.3557],[68.4715,23.3557],[68.4715,23.356],[68.471,23.356],[68.471,23.3563],[68.4713,23.3563],[68.4713,23.3568],[68.4732,23.3568]]],[[[68.5735,23.3604],[68.5757,23.3524],[68.5696,23.3587],[68.5735,23.3604]]],[[[68.5979,23.361],[68.5979,23.3607],[68.599,23.3607],[68.599,23.3604],[68.5993,23.3604],[68.5993,23.3601],[68.5996,23.3601],[68.5996,23.3596],[68.5993,23.3596],[68.5993,23.3593],[68.5985,23.3593],[68.5985,23.3596],[68.5982,23.3596],[68.5982,23.3599],[68.5971,23.3599],[68.5971,23.3596],[68.5968,23.3596],[68.5968,23.3593],[68.5963,23.3593],[68.5963,23.3596],[68.596,23.3596],[68.596,23.3604],[68.5963,23.3604],[68.5963,23.3607],[68.5971,23.3607],[68.5971,23.361],[68.5979,23.361]]],[[[68.589,23.3743],[68.5979,23.364],[68.5951,23.3587],[68.6107,23.3518],[68.6087,23.3643],[68.6179,23.354],[68.6174,23.3276],[68.6165,23.334],[68.6107,23.3326],[68.5999,23.3457],[68.5968,23.3468],[68.6074,23.3318],[68.591,23.3415],[68.584,23.3535],[68.5785,23.3515],[68.5793,23.3601],[68.574,23.361],[68.5679,23.3721],[68.5863,23.3735],[68.5879,23.3685],[68.589,23.3743]]],[[[68.5407,23.3776],[68.5407,23.3774],[68.541,23.3774],[68.541,23.3771],[68.5407,23.3771],[68.5407,23.3768],[68.5404,23.3768],[68.5404,23.3763],[68.5401,23.3763],[68.5401,23.376],[68.5399,23.376],[68.5399,23.3754],[68.5396,23.3754],[68.5396,23.3751],[68.5393,23.3751],[68.5393,23.3749],[68.5382,23.3749],[68.5382,23.3751],[68.5379,23.3751],[68.5379,23.3754],[68.5382,23.3754],[68.5382,23.3757],[68.5385,23.3757],[68.5385,23.376],[68.5387,23.376],[68.5387,23.3765],[68.539,23.3765],[68.539,23.3771],[68.5396,23.3771],[68.5396,23.3774],[68.5401,23.3774],[68.5401,23.3776],[68.5407,23.3776]]],[[[68.5029,23.3835],[68.5029,23.3832],[68.5032,23.3832],[68.5032,23.3826],[68.5035,23.3826],[68.5035,23.3824],[68.5032,23.3824],[68.5032,23.3821],[68.5029,23.3821],[68.5029,23.381],[68.5032,23.381],[68.5032,23.3807],[68.5035,23.3807],[68.5035,23.3804],[68.5037,23.3804],[68.5037,23.3801],[68.5043,23.3801],[68.5043,23.3799],[68.5051,23.3799],[68.5051,23.379],[68.5054,23.379],[68.5054,23.3788],[68.5051,23.3788],[68.5051,23.378],[68.5051,23.3774],[68.5043,23.3774],[68.5043,23.3776],[68.5037,23.3776],[68.5037,23.3779],[68.5032,23.3779],[68.5032,23.3781],[68.5032,23.3782],[68.5029,23.3782],[68.5029,23.3785],[68.5026,23.3785],[68.5026,23.379],[68.5029,23.379],[68.5029,23.3793],[68.5026,23.3793],[68.5026,23.3799],[68.5024,23.3799],[68.5024,23.3804],[68.5021,23.3804],[68.5021,23.381],[68.5018,23.381],[68.5018,23.3821],[68.5024,23.3821],[68.5024,23.3824],[68.5026,23.3824],[68.5026,23.3835],[68.5029,23.3835]]],[[[68.5051,23.3838],[68.5051,23.3813],[68.5049,23.3813],[68.5049,23.381],[68.5043,23.381],[68.5043,23.3813],[68.5046,23.3813],[68.5046,23.3818],[68.5043,23.3818],[68.5043,23.3826],[68.5046,23.3826],[68.5046,23.3829],[68.5043,23.3829],[68.5043,23.3832],[68.5038,23.3832],[68.5038,23.3843],[68.5043,23.3843],[68.5043,23.3846],[68.5046,23.3846],[68.5046,23.3843],[68.5049,23.3843],[68.5049,23.3838],[68.5051,23.3838]]],[[[68.5793,23.3854],[68.5793,23.3851],[68.5801,23.3851],[68.5801,23.3849],[68.5807,23.3849],[68.5807,23.3846],[68.5813,23.3846],[68.5813,23.3843],[68.5815,23.3843],[68.5815,23.384],[68.5818,23.384],[68.5818,23.3838],[68.5821,23.3838],[68.5821,23.3835],[68.5824,23.3835],[68.5824,23.3832],[68.5826,23.3832],[68.5826,23.3829],[68.5832,23.3829],[68.5832,23.3826],[68.5835,23.3826],[68.5835,23.3824],[68.5837,23.3824],[68.5837,23.3821],[68.584,23.3821],[68.584,23.3815],[68.5843,23.3815],[68.5843,23.3813],[68.5849,23.3813],[68.5849,23.381],[68.5854,23.381],[68.5854,23.3804],[68.586,23.3804],[68.586,23.3801],[68.5863,23.3801],[68.5863,23.379],[68.5865,23.379],[68.5865,23.3788],[68.5868,23.3788],[68.5868,23.3785],[68.5871,23.3785],[68.5871,23.3779],[68.5874,23.3779],[68.5874,23.3763],[68.5871,23.3763],[68.5871,23.376],[68.5865,23.376],[68.5865,23.3757],[68.5863,23.3757],[68.5863,23.376],[68.5857,23.376],[68.5857,23.3771],[68.5854,23.3771],[68.5854,23.3776],[68.5849,23.3776],[68.5849,23.3779],[68.5846,23.3779],[68.5846,23.3782],[68.5843,23.3782],[68.5843,23.379],[68.5837,23.379],[68.5837,23.3788],[68.5832,23.3788],[68.5832,23.3793],[68.5829,23.3793],[68.5829,23.3799],[68.5832,23.3799],[68.5832,23.3801],[68.5837,23.3801],[68.5837,23.3804],[68.5835,23.3804],[68.5835,23.3807],[68.5832,23.3807],[68.5832,23.381],[68.5829,23.381],[68.5829,23.3813],[68.5824,23.3813],[68.5824,23.3815],[68.5821,23.3815],[68.5821,23.3818],[68.5813,23.3818],[68.5813,23.3821],[68.5807,23.3821],[68.5807,23.3824],[68.5804,23.3824],[68.5804,23.3826],[68.5801,23.3826],[68.5801,23.3829],[68.5799,23.3829],[68.5799,23.3832],[68.579,23.3832],[68.579,23.3835],[68.5785,23.3835],[68.5785,23.3838],[68.5782,23.3838],[68.5782,23.384],[68.5779,23.384],[68.5779,23.3851],[68.5782,23.3851],[68.5782,23.3854],[68.5793,23.3854]]],[[[68.5362,23.3854],[68.5429,23.3801],[68.5354,23.3807],[68.5362,23.3854]]],[[[68.5351,23.3876],[68.5343,23.3713],[68.5304,23.3832],[68.5351,23.3876]]],[[[68.554,23.404],[68.554,23.4038],[68.5565,23.4038],[68.5565,23.4032],[68.5568,23.4032],[68.5568,23.4026],[68.5543,23.4026],[68.5543,23.4024],[68.554,23.4024],[68.554,23.4021],[68.5529,23.4021],[68.5529,23.4024],[68.5526,23.4024],[68.5526,23.4035],[68.5529,23.4035],[68.5529,23.404],[68.554,23.404]]],[[[68.5374,23.4046],[68.5507,23.4024],[68.5593,23.3829],[68.554,23.3832],[68.5563,23.379],[68.5674,23.376],[68.5557,23.3604],[68.5501,23.3713],[68.5551,23.369],[68.5607,23.3754],[68.554,23.3771],[68.5462,23.3968],[68.5426,23.3951],[68.5437,23.3882],[68.5393,23.3935],[68.5443,23.3974],[68.5413,23.4013],[68.5335,23.3896],[68.5282,23.3907],[68.5393,23.4013],[68.5374,23.4046]]],[[[68.461,23.4051],[68.461,23.4049],[68.4612,23.4049],[68.4612,23.4046],[68.4621,23.4046],[68.4621,23.4043],[68.4624,23.4043],[68.4624,23.404],[68.4629,23.404],[68.4629,23.4038],[68.4638,23.4038],[68.4651,23.4038],[68.4651,23.4035],[68.4662,23.4035],[68.4662,23.4038],[68.4668,23.4038],[68.4668,23.404],[68.4674,23.404],[68.4674,23.4043],[68.4679,23.4043],[68.4679,23.404],[68.4685,23.404],[68.4685,23.4038],[68.469,23.4038],[68.469,23.4035],[68.4685,23.4035],[68.4685,23.4032],[68.4671,23.4032],[68.4671,23.4029],[68.4657,23.4029],[68.4657,23.4026],[68.4643,23.4026],[68.4643,23.4024],[68.4625,23.4024],[68.4621,23.4024],[68.4621,23.4026],[68.4615,23.4026],[68.4615,23.4029],[68.461,23.4029],[68.461,23.4035],[68.4607,23.4035],[68.4607,23.4043],[68.4604,23.4043],[68.4604,23.4051],[68.461,23.4051]]],[[[68.5235,23.4046],[68.5274,23.3862],[68.5204,23.394],[68.5235,23.4046]]],[[[68.471,23.4057],[68.471,23.4054],[68.4724,23.4054],[68.4724,23.4049],[68.4721,23.4049],[68.4721,23.4046],[68.4713,23.4046],[68.4713,23.4043],[68.4721,23.4043],[68.4729,23.4043],[68.4729,23.404],[68.474,23.404],[68.474,23.4038],[68.4749,23.4038],[68.4749,23.404],[68.4757,23.404],[68.4757,23.4035],[68.476,23.4035],[68.476,23.4029],[68.474,23.4029],[68.474,23.4032],[68.4729,23.4032],[68.4729,23.4035],[68.4724,23.4035],[68.4724,23.4038],[68.4718,23.4038],[68.4718,23.404],[68.4718,23.404],[68.471,23.404],[68.471,23.4043],[68.4704,23.4043],[68.4704,23.4046],[68.4699,23.4046],[68.4699,23.4051],[68.4696,23.4051],[68.4696,23.4057],[68.471,23.4057]]],[[[68.4299,23.4071],[68.4299,23.4068],[68.431,23.4068],[68.431,23.4065],[68.4313,23.4065],[68.4313,23.4063],[68.4315,23.4063],[68.4315,23.406],[68.4318,23.406],[68.4318,23.4057],[68.4324,23.4057],[68.4324,23.4049],[68.4313,23.4049],[68.4313,23.4051],[68.431,23.4051],[68.431,23.4054],[68.4304,23.4054],[68.4304,23.4057],[68.4301,23.4057],[68.4301,23.406],[68.4296,23.406],[68.4296,23.4063],[68.4293,23.4063],[68.4293,23.4065],[68.429,23.4065],[68.429,23.4068],[68.4293,23.4068],[68.4293,23.4071],[68.4299,23.4071]]],[[[68.4632,23.409],[68.4632,23.4068],[68.4635,23.4068],[68.4635,23.4063],[68.4638,23.4063],[68.4638,23.406],[68.464,23.406],[68.464,23.4057],[68.4643,23.4057],[68.4643,23.4054],[68.4646,23.4054],[68.4646,23.4051],[68.4632,23.4051],[68.4632,23.4054],[68.4624,23.4054],[68.4624,23.4057],[68.4621,23.4057],[68.4621,23.406],[68.4618,23.406],[68.4618,23.4063],[68.4615,23.4063],[68.4615,23.4068],[68.4618,23.4068],[68.4618,23.4076],[68.4621,23.4076],[68.4621,23.4082],[68.4624,23.4082],[68.4624,23.4088],[68.4626,23.4088],[68.4626,23.409],[68.4632,23.409]]],[[[68.409,23.4093],[68.409,23.409],[68.4093,23.409],[68.4093,23.4085],[68.4096,23.4085],[68.4096,23.4079],[68.4099,23.4079],[68.4099,23.4057],[68.4096,23.4057],[68.4096,23.406],[68.4093,23.406],[68.4093,23.4063],[68.409,23.4063],[68.409,23.4079],[68.4088,23.4079],[68.4088,23.4093],[68.409,23.4093]]],[[[68.5579,23.4093],[68.5579,23.4088],[68.5576,23.4088],[68.5576,23.4082],[68.5574,23.4082],[68.5574,23.4076],[68.5571,23.4076],[68.5571,23.4071],[68.5568,23.4071],[68.5568,23.4068],[68.5565,23.4068],[68.5565,23.4065],[68.5563,23.4065],[68.5563,23.4063],[68.556,23.4063],[68.556,23.4057],[68.5557,23.4057],[68.5557,23.4054],[68.5554,23.4054],[68.5554,23.4051],[68.554,23.4051],[68.554,23.4049],[68.5537,23.4049],[68.5537,23.4046],[68.5532,23.4046],[68.5532,23.4043],[68.5512,23.4043],[68.5512,23.4049],[68.5515,23.4049],[68.5515,23.4051],[68.5524,23.4051],[68.5524,23.4054],[68.5529,23.4054],[68.5529,23.4057],[68.5532,23.4057],[68.5532,23.406],[68.5535,23.406],[68.5535,23.4063],[68.5537,23.4063],[68.5537,23.406],[68.5546,23.406],[68.5546,23.4065],[68.5551,23.4065],[68.5551,23.4068],[68.5554,23.4068],[68.5554,23.4071],[68.556,23.4071],[68.556,23.4074],[68.5563,23.4074],[68.5563,23.4076],[68.5565,23.4076],[68.5565,23.4082],[68.5568,23.4082],[68.5568,23.4085],[68.5571,23.4085],[68.5571,23.4088],[68.5574,23.4088],[68.5574,23.4093],[68.5579,23.4093]]],[[[68.4146,23.4099],[68.4235,23.4007],[68.4132,23.4038],[68.4146,23.4099]]],[[[68.4607,23.4126],[68.4607,23.4124],[68.4618,23.4124],[68.4618,23.4121],[68.4621,23.4121],[68.4621,23.4118],[68.4624,23.4118],[68.4624,23.4115],[68.4626,23.4115],[68.4626,23.4112],[68.4629,23.4112],[68.4629,23.411],[68.4612,23.411],[68.4612,23.4112],[68.4607,23.4112],[68.4607,23.4115],[68.4601,23.4115],[68.4601,23.4118],[68.46,23.4118],[68.4593,23.4118],[68.4593,23.4115],[68.459,23.4115],[68.459,23.4112],[68.4579,23.4112],[68.4579,23.4121],[68.4585,23.4121],[68.4585,23.4124],[68.459,23.4124],[68.459,23.4126],[68.4602,23.4126],[68.4607,23.4126]]],[[[68.5496,23.4137],[68.5496,23.4132],[68.5493,23.4132],[68.5493,23.4129],[68.549,23.4129],[68.549,23.4124],[68.5488,23.4124],[68.5488,23.4121],[68.5485,23.4121],[68.5485,23.4115],[68.5482,23.4115],[68.5482,23.411],[68.5479,23.411],[68.5479,23.4104],[68.5478,23.4104],[68.5476,23.4104],[68.5476,23.4101],[68.5474,23.4101],[68.5474,23.4099],[68.5468,23.4099],[68.5468,23.4096],[68.5465,23.4096],[68.5465,23.4093],[68.5462,23.4093],[68.5462,23.409],[68.546,23.409],[68.546,23.4088],[68.5454,23.4088],[68.5454,23.4085],[68.5451,23.4085],[68.5451,23.4082],[68.5449,23.4082],[68.5449,23.4079],[68.5446,23.4079],[68.5446,23.4076],[68.5443,23.4076],[68.5443,23.4074],[68.544,23.4074],[68.544,23.4071],[68.5437,23.4071],[68.5437,23.4068],[68.5435,23.4068],[68.5435,23.4065],[68.5432,23.4065],[68.5432,23.4063],[68.5429,23.4063],[68.5429,23.406],[68.5426,23.406],[68.5426,23.4057],[68.5424,23.4057],[68.5424,23.4054],[68.542,23.4054],[68.5415,23.4054],[68.5415,23.4063],[68.5418,23.4063],[68.5418,23.4065],[68.5421,23.4065],[68.5421,23.4068],[68.5424,23.4068],[68.5424,23.4071],[68.5426,23.4071],[68.5426,23.4074],[68.5429,23.4074],[68.5429,23.4076],[68.5432,23.4076],[68.5432,23.4079],[68.5435,23.4079],[68.5435,23.4082],[68.5437,23.4082],[68.5437,23.4085],[68.544,23.4085],[68.544,23.4088],[68.5443,23.4088],[68.5443,23.409],[68.5446,23.409],[68.5446,23.4093],[68.5449,23.4093],[68.5449,23.4096],[68.5451,23.4096],[68.5451,23.4099],[68.5457,23.4099],[68.5457,23.4101],[68.546,23.4101],[68.546,23.4104],[68.5465,23.4104],[68.5465,23.4107],[68.5468,23.4107],[68.5468,23.411],[68.5471,23.411],[68.5471,23.4115],[68.5474,23.4115],[68.5474,23.4121],[68.5476,23.4121],[68.5476,23.4126],[68.5479,23.4126],[68.5479,23.4129],[68.5482,23.4129],[68.5482,23.4132],[68.5488,23.4132],[68.5488,23.4135],[68.549,23.4135],[68.549,23.4137],[68.5493,23.4137],[68.5493,23.4143],[68.5496,23.4143],[68.5496,23.4149],[68.5499,23.4149],[68.5499,23.4137],[68.5496,23.4137]]],[[[68.4007,23.421],[68.4007,23.4204],[68.401,23.4204],[68.401,23.4201],[68.4013,23.4201],[68.4013,23.4199],[68.4018,23.4199],[68.4018,23.4196],[68.4021,23.4196],[68.4021,23.4193],[68.4024,23.4193],[68.4024,23.4185],[68.4026,23.4185],[68.4026,23.4179],[68.4024,23.4179],[68.4024,23.4174],[68.4021,23.4174],[68.4021,23.4174],[68.4021,23.4174],[68.4021,23.4165],[68.4018,23.4165],[68.4018,23.416],[68.4004,23.416],[68.4004,23.4163],[68.4001,23.4163],[68.4001,23.4165],[68.3999,23.4165],[68.3999,23.4171],[68.3996,23.4171],[68.3996,23.4174],[68.3993,23.4174],[68.3993,23.4179],[68.399,23.4179],[68.399,23.4185],[68.3988,23.4185],[68.3988,23.419],[68.3985,23.419],[68.3985,23.4201],[68.3988,23.4201],[68.3988,23.4204],[68.399,23.4204],[68.399,23.421],[68.3999,23.421],[68.3999,23.4212],[68.4,23.4212],[68.4,23.4212],[68.4004,23.4212],[68.4004,23.421],[68.4007,23.421]]],[[[68.4021,23.4232],[68.4021,23.4226],[68.4024,23.4226],[68.4024,23.4218],[68.4026,23.4218],[68.4026,23.4207],[68.4024,23.4207],[68.4024,23.4204],[68.4018,23.4204],[68.4018,23.4207],[68.4015,23.4207],[68.4015,23.421],[68.4013,23.421],[68.4013,23.4229],[68.4015,23.4229],[68.4015,23.4232],[68.4021,23.4232]]],[[[68.3999,23.4285],[68.3999,23.4282],[68.4001,23.4282],[68.4001,23.4279],[68.4004,23.4279],[68.4004,23.4274],[68.4007,23.4274],[68.4007,23.4268],[68.401,23.4268],[68.401,23.4254],[68.4013,23.4254],[68.4013,23.4232],[68.401,23.4232],[68.401,23.4226],[68.4007,23.4226],[68.4007,23.4221],[68.4001,23.4221],[68.4001,23.4221],[68.3996,23.4221],[68.3996,23.4218],[68.3982,23.4218],[68.3982,23.4224],[68.3979,23.4224],[68.3979,23.4232],[68.3982,23.4232],[68.3982,23.424],[68.3985,23.424],[68.3985,23.4249],[68.3988,23.4249],[68.3988,23.426],[68.3985,23.426],[68.3985,23.4271],[68.3988,23.4271],[68.3988,23.4276],[68.399,23.4276],[68.399,23.4282],[68.3993,23.4282],[68.3993,23.4285],[68.3998,23.4285],[68.3998,23.4285],[68.3999,23.4285]]],[[[68.5018,23.4321],[68.5018,23.4313],[68.5015,23.4313],[68.5015,23.4307],[68.5012,23.4307],[68.5012,23.4301],[68.5004,23.4301],[68.5004,23.4313],[68.501,23.4313],[68.501,23.4315],[68.5012,23.4315],[68.5012,23.4321],[68.5015,23.4321],[68.5015,23.4324],[68.5021,23.4324],[68.5021,23.4321],[68.5018,23.4321]]],[[[68.5168,23.4329],[68.5168,23.4326],[68.5171,23.4326],[68.5171,23.4315],[68.5168,23.4315],[68.5168,23.431],[68.5165,23.431],[68.5165,23.4304],[68.5163,23.4304],[68.5163,23.4299],[68.516,23.4299],[68.516,23.4301],[68.5157,23.4301],[68.5157,23.4304],[68.5154,23.4304],[68.5154,23.4307],[68.5143,23.4307],[68.5143,23.4304],[68.5137,23.4304],[68.5137,23.431],[68.514,23.431],[68.514,23.4315],[68.5137,23.4315],[68.5137,23.4321],[68.514,23.4321],[68.514,23.4326],[68.5146,23.4326],[68.5146,23.4329],[68.5168,23.4329]]],[[[68.5007,23.4363],[68.5007,23.436],[68.501,23.436],[68.501,23.4354],[68.4996,23.4354],[68.4996,23.4351],[68.4993,23.4351],[68.4993,23.4349],[68.4987,23.4349],[68.4987,23.4346],[68.4982,23.4346],[68.4982,23.4343],[68.4979,23.4343],[68.4979,23.4346],[68.4968,23.4346],[68.4968,23.4349],[68.4974,23.4349],[68.4974,23.4354],[68.4979,23.4354],[68.4979,23.4357],[68.4982,23.4357],[68.4982,23.436],[68.4987,23.436],[68.4987,23.4363],[68.5007,23.4363]]],[[[68.5012,23.4438],[68.5012,23.4435],[68.5021,23.4435],[68.5021,23.4432],[68.5018,23.4432],[68.5018,23.4426],[68.5015,23.4426],[68.5015,23.4415],[68.5012,23.4415],[68.5012,23.4393],[68.501,23.4393],[68.501,23.439],[68.5007,23.439],[68.5007,23.4404],[68.5004,23.4404],[68.5004,23.441],[68.5001,23.441],[68.5001,23.4415],[68.4996,23.4415],[68.4996,23.4418],[68.4993,23.4418],[68.4993,23.4424],[68.5001,23.4424],[68.5001,23.4426],[68.5004,23.4426],[68.5004,23.4429],[68.5007,23.4429],[68.5007,23.4435],[68.501,23.4435],[68.501,23.4438],[68.5012,23.4438]]],[[[68.5012,23.4535],[68.5012,23.4529],[68.5015,23.4529],[68.5015,23.4524],[68.5018,23.4524],[68.5018,23.4513],[68.5021,23.4513],[68.5021,23.4501],[68.5024,23.4501],[68.5024,23.4496],[68.5015,23.4496],[68.5015,23.449],[68.5012,23.449],[68.5012,23.4485],[68.501,23.4485],[68.501,23.4476],[68.5007,23.4476],[68.5007,23.4465],[68.5004,23.4465],[68.5004,23.4457],[68.5001,23.4457],[68.5001,23.4451],[68.4999,23.4451],[68.4999,23.4446],[68.499,23.4446],[68.499,23.444],[68.4982,23.444],[68.4982,23.4443],[68.4971,23.4443],[68.4971,23.444],[68.4968,23.444],[68.4968,23.4457],[68.4971,23.4457],[68.4971,23.4465],[68.4957,23.4465],[68.4957,23.4476],[68.496,23.4476],[68.496,23.4485],[68.4962,23.4485],[68.4962,23.4488],[68.4965,23.4488],[68.4965,23.449],[68.4968,23.449],[68.4968,23.4496],[68.4971,23.4496],[68.4971,23.4501],[68.4976,23.4501],[68.4976,23.4504],[68.4982,23.4504],[68.4982,23.4507],[68.4987,23.4507],[68.4987,23.451],[68.4993,23.451],[68.4993,23.4513],[68.4999,23.4513],[68.4999,23.4515],[68.5001,23.4515],[68.5001,23.4518],[68.5007,23.4518],[68.5007,23.4521],[68.501,23.4521],[68.501,23.4526],[68.5007,23.4526],[68.5007,23.4529],[68.501,23.4529],[68.501,23.4535],[68.5012,23.4535]]],[[[68.5068,23.4565],[68.5251,23.4432],[68.5257,23.4363],[68.5229,23.4432],[68.5135,23.4479],[68.521,23.4371],[68.5171,23.4421],[68.5157,23.4335],[68.5099,23.4388],[68.5115,23.4304],[68.5029,23.4293],[68.5029,23.4479],[68.5068,23.4504],[68.5032,23.456],[68.5068,23.4565]]],[[[68.4079,23.4579],[68.4062,23.4524],[68.4013,23.4538],[68.4079,23.4579]]],[[[68.499,23.476],[68.5001,23.4551],[68.4951,23.474],[68.499,23.476]]],[[[68.4729,23.4804],[68.4854,23.4754],[68.4949,23.456],[68.4846,23.4032],[68.4635,23.4071],[68.4665,23.4118],[68.4582,23.4179],[68.4646,23.4212],[68.4587,23.434],[68.4676,23.4421],[68.4604,23.444],[68.4618,23.4535],[68.4707,23.4532],[68.4746,23.4599],[68.4704,23.454],[68.4676,23.4588],[68.4401,23.4449],[68.4382,23.4354],[68.4304,23.4313],[68.4285,23.4374],[68.4182,23.4399],[68.4201,23.4335],[68.429,23.4315],[68.4213,23.4201],[68.4199,23.4293],[68.4127,23.4321],[68.4121,23.4435],[68.4249,23.4476],[68.4293,23.4401],[68.4349,23.4404],[68.4326,23.4501],[68.4526,23.461],[68.4449,23.4618],[68.4451,23.4679],[68.4601,23.4685],[68.4612,23.4763],[68.4571,23.4788],[68.4729,23.4804]]],[[[68.4985,23.489],[68.496,23.4774],[68.4871,23.4735],[68.4821,23.4779],[68.4871,23.4857],[68.4985,23.489]]],[[[68.5074,23.4924],[68.5074,23.4921],[68.5076,23.4921],[68.5076,23.4918],[68.5079,23.4918],[68.5079,23.4915],[68.5082,23.4915],[68.5082,23.4913],[68.5085,23.4913],[68.5085,23.491],[68.5088,23.491],[68.5088,23.4907],[68.509,23.4907],[68.509,23.4904],[68.5068,23.4904],[68.5068,23.491],[68.5065,23.491],[68.5065,23.4913],[68.5062,23.4912],[68.5062,23.4921],[68.506,23.4921],[68.506,23.4927],[68.5065,23.4927],[68.5065,23.4924],[68.5074,23.4924]]],[[[68.5115,23.4924],[68.5115,23.4913],[68.5113,23.4913],[68.5113,23.4907],[68.5107,23.4907],[68.5107,23.491],[68.5101,23.491],[68.5101,23.4915],[68.5099,23.4915],[68.5099,23.4918],[68.5096,23.4918],[68.5096,23.4921],[68.5093,23.4921],[68.5093,23.4927],[68.511,23.4927],[68.511,23.4924],[68.5115,23.4924]]],[[[68.4868,23.4954],[68.4868,23.4951],[68.4871,23.4951],[68.4871,23.4949],[68.4874,23.4949],[68.4874,23.4946],[68.4876,23.4946],[68.4876,23.494],[68.4879,23.494],[68.4879,23.4932],[68.4876,23.4932],[68.4876,23.4924],[68.4885,23.4924],[68.4885,23.4929],[68.4887,23.4929],[68.4887,23.4932],[68.489,23.4932],[68.489,23.4935],[68.4893,23.4935],[68.4893,23.4937],[68.4896,23.4937],[68.4896,23.4918],[68.4893,23.4918],[68.4893,23.491],[68.489,23.491],[68.489,23.4901],[68.4887,23.4901],[68.4887,23.4893],[68.4885,23.4893],[68.4885,23.4882],[68.4882,23.4882],[68.4882,23.4874],[68.4879,23.4874],[68.4879,23.4868],[68.4876,23.4868],[68.4876,23.4865],[68.4871,23.4865],[68.4871,23.4874],[68.4868,23.4874],[68.4868,23.4876],[68.4865,23.4876],[68.4865,23.4885],[68.4863,23.4885],[68.4863,23.489],[68.486,23.489],[68.486,23.4904],[68.4863,23.4904],[68.4863,23.491],[68.4865,23.491],[68.4865,23.4927],[68.4863,23.4926],[68.4863,23.4932],[68.486,23.4932],[68.486,23.494],[68.4863,23.494],[68.4863,23.4949],[68.4865,23.4949],[68.4865,23.4954],[68.4868,23.4954]]],[[[68.4665,23.4979],[68.4729,23.491],[68.4713,23.4804],[68.4596,23.4796],[68.4587,23.4874],[68.4649,23.489],[68.4665,23.4979]]],[[[68.4374,23.5004],[68.4374,23.5001],[68.4376,23.5001],[68.4376,23.5001],[68.4379,23.5001],[68.4379,23.4999],[68.4382,23.4999],[68.4382,23.4996],[68.4393,23.4996],[68.4393,23.4993],[68.4396,23.4993],[68.4396,23.4988],[68.4393,23.4988],[68.4393,23.4985],[68.4385,23.4985],[68.4385,23.4988],[68.4379,23.4988],[68.4379,23.499],[68.4374,23.499],[68.4374,23.4993],[68.4371,23.4993],[68.4371,23.4996],[68.4371,23.4996],[68.4371,23.4996],[68.4368,23.4996],[68.4368,23.5001],[68.4371,23.5001],[68.4371,23.5004],[68.4374,23.5004]]],[[[68.4807,23.5013],[68.4868,23.486],[68.4796,23.4779],[68.4737,23.4818],[68.4763,23.4863],[68.4846,23.4851],[68.4843,23.4907],[68.4749,23.4865],[68.4729,23.494],[68.4815,23.4915],[68.4807,23.5013]]],[[[68.4679,23.524],[68.4704,23.5188],[68.4643,23.5154],[68.4679,23.524]]],[[[68.4751,23.5288],[68.4715,23.5207],[68.4687,23.5246],[68.4751,23.5288]]],[[[68.4735,23.5371],[68.4735,23.5365],[68.4737,23.5365],[68.4737,23.5363],[68.474,23.5363],[68.474,23.536],[68.4743,23.536],[68.4743,23.5351],[68.4746,23.5351],[68.4746,23.5346],[68.4749,23.5346],[68.4749,23.5343],[68.4751,23.5343],[68.4751,23.534],[68.4749,23.534],[68.4749,23.5329],[68.4757,23.5329],[68.4757,23.5332],[68.4763,23.5332],[68.4763,23.5329],[68.4765,23.5329],[68.4765,23.5321],[68.4763,23.5321],[68.4763,23.5318],[68.476,23.5318],[68.476,23.5315],[68.4757,23.5315],[68.4757,23.531],[68.4751,23.531],[68.4751,23.5307],[68.4749,23.5307],[68.4749,23.5304],[68.4732,23.5304],[68.4732,23.5307],[68.4729,23.5307],[68.4729,23.531],[68.4721,23.531],[68.4721,23.5313],[68.4724,23.5313],[68.4724,23.5318],[68.4726,23.5318],[68.4726,23.5324],[68.4732,23.5324],[68.4732,23.5326],[68.4735,23.5326],[68.4735,23.5329],[68.4732,23.5329],[68.4732,23.5332],[68.4721,23.5332],[68.4721,23.5338],[68.4718,23.5338],[68.4718,23.5346],[68.4721,23.5346],[68.4721,23.5357],[68.4718,23.5357],[68.4718,23.5363],[68.4726,23.5363],[68.4726,23.5365],[68.4729,23.5365],[68.4729,23.5371],[68.4735,23.5371]]],[[[68.4824,23.5504],[68.4824,23.5499],[68.4826,23.5499],[68.4826,23.5496],[68.4829,23.5496],[68.4829,23.5493],[68.4832,23.5493],[68.4832,23.5487],[68.4829,23.5487],[68.4829,23.5474],[68.4826,23.5474],[68.4826,23.5471],[68.4821,23.5471],[68.4821,23.5474],[68.4818,23.5474],[68.4818,23.5482],[68.4815,23.5482],[68.4815,23.5487],[68.4818,23.5487],[68.4818,23.5496],[68.4821,23.5496],[68.4821,23.5504],[68.4824,23.5504]]],[[[68.4796,23.5549],[68.4757,23.5388],[68.4532,23.5287],[68.4618,23.5338],[68.4535,23.5368],[68.4574,23.5426],[68.4696,23.5485],[68.4704,23.5535],[68.4796,23.5549]]],[[[68.2235,23.5863],[68.2235,23.586],[68.2257,23.586],[68.2257,23.5857],[68.2265,23.5857],[68.2265,23.5854],[68.2274,23.5854],[68.2274,23.5851],[68.2279,23.5851],[68.2279,23.5849],[68.2282,23.5849],[68.2282,23.5843],[68.2279,23.5843],[68.2279,23.584],[68.2268,23.584],[68.2268,23.5838],[68.2251,23.5838],[68.2251,23.584],[68.224,23.584],[68.224,23.5843],[68.2237,23.5843],[68.2237,23.5846],[68.2232,23.5846],[68.2232,23.5849],[68.2229,23.5849],[68.2229,23.5851],[68.2226,23.5851],[68.2226,23.5854],[68.2224,23.5854],[68.2224,23.586],[68.2226,23.586],[68.2226,23.5863],[68.2235,23.5863]]],[[[68.2551,23.5901],[68.2579,23.5851],[68.2535,23.5821],[68.2507,23.5874],[68.2449,23.5871],[68.2551,23.5901]]],[[[68.2162,23.5912],[68.2162,23.5907],[68.2165,23.5907],[68.2165,23.5901],[68.2168,23.5901],[68.2168,23.5882],[68.2171,23.5882],[68.2171,23.5876],[68.2174,23.5876],[68.2174,23.5871],[68.2176,23.5871],[68.2176,23.5868],[68.2174,23.5868],[68.2174,23.5865],[68.2171,23.5865],[68.2171,23.5863],[68.2165,23.5863],[68.2165,23.5865],[68.216,23.5865],[68.216,23.5868],[68.2154,23.5868],[68.2154,23.5871],[68.2151,23.5871],[68.2151,23.5874],[68.2154,23.5874],[68.2154,23.5882],[68.2151,23.5882],[68.2151,23.5893],[68.2149,23.5893],[68.2149,23.5907],[68.2151,23.5907],[68.2151,23.591],[68.2151,23.591],[68.2151,23.5913],[68.2162,23.5913],[68.2162,23.5912],[68.2162,23.5912]]],[[[68.4821,23.5968],[68.4854,23.5751],[68.4799,23.5679],[68.4812,23.5613],[68.4735,23.5629],[68.4682,23.5529],[68.4635,23.5507],[68.4618,23.554],[68.4607,23.5487],[68.446,23.5401],[68.4382,23.5238],[68.4335,23.5232],[68.4304,23.5077],[68.4301,23.5429],[68.4354,23.5468],[68.4354,23.5571],[68.4482,23.5657],[68.4532,23.5613],[68.4557,23.5724],[68.4729,23.5782],[68.4696,23.5829],[68.4624,23.5815],[68.4679,23.5915],[68.4796,23.5899],[68.4821,23.5968]]],[[[68.4585,23.6004],[68.4657,23.5985],[68.4676,23.5918],[68.4621,23.5768],[68.4512,23.5732],[68.4443,23.5782],[68.4532,23.5779],[68.4571,23.5876],[68.4526,23.5885],[68.4524,23.5954],[68.4585,23.6004]]],[[[68.481,23.6065],[68.4865,23.6032],[68.4801,23.5982],[68.481,23.6065]]],[[[68.4563,23.6249],[68.466,23.6215],[68.4665,23.601],[68.4518,23.6029],[68.4457,23.5885],[68.4404,23.5865],[68.441,23.6035],[68.4346,23.6163],[68.4563,23.6249]]],[[[68.4846,23.6279],[68.4832,23.6215],[68.4904,23.6243],[68.491,23.6043],[68.4788,23.6065],[68.4799,23.591],[68.4682,23.5926],[68.4696,23.6163],[68.4796,23.6201],[68.4846,23.6279]]],[[[68.4779,23.7224],[68.4821,23.7199],[68.4726,23.7146],[68.4779,23.7224]]],[[[68.4496,23.7323],[68.4496,23.7315],[68.4499,23.7315],[68.4499,23.7318],[68.4501,23.7318],[68.4501,23.7321],[68.4507,23.7321],[68.4507,23.7313],[68.4504,23.7313],[68.4504,23.731],[68.4501,23.731],[68.4501,23.7304],[68.4488,23.7304],[68.4488,23.7306],[68.4488,23.7307],[68.4485,23.7307],[68.4485,23.731],[68.4479,23.731],[68.4479,23.7313],[68.4476,23.7313],[68.4476,23.7318],[68.4474,23.7318],[68.4474,23.7324],[68.4476,23.7324],[68.4476,23.7326],[68.4485,23.7326],[68.4485,23.7324],[68.4496,23.7323]]],[[[68.4674,23.7399],[68.4876,23.729],[68.4593,23.7249],[68.4571,23.7337],[68.4674,23.7399]]],[[[68.4868,23.746],[68.4868,23.7451],[68.4865,23.7451],[68.4865,23.7432],[68.4863,23.7432],[68.4863,23.7412],[68.486,23.7413],[68.486,23.7401],[68.4857,23.7401],[68.4857,23.7393],[68.4854,23.7393],[68.4854,23.7388],[68.4851,23.7388],[68.4851,23.7382],[68.4849,23.7382],[68.4849,23.7376],[68.4846,23.7376],[68.4846,23.7374],[68.4843,23.7374],[68.4843,23.7371],[68.484,23.7371],[68.484,23.7368],[68.4837,23.7368],[68.4837,23.7365],[68.4835,23.7365],[68.4835,23.7362],[68.4832,23.7362],[68.4832,23.736],[68.4824,23.736],[68.4824,23.7362],[68.4818,23.7362],[68.4818,23.7365],[68.4815,23.7365],[68.4815,23.7371],[68.4812,23.7371],[68.4812,23.7376],[68.4815,23.7376],[68.4815,23.7382],[68.4818,23.7382],[68.4818,23.739],[68.4821,23.739],[68.4821,23.7396],[68.4824,23.7396],[68.4824,23.7401],[68.4826,23.7401],[68.4826,23.7407],[68.4829,23.7407],[68.4829,23.7413],[68.4832,23.7413],[68.4832,23.7418],[68.4835,23.7418],[68.4835,23.7424],[68.4837,23.7424],[68.4837,23.7426],[68.484,23.7426],[68.484,23.7432],[68.4843,23.7432],[68.4843,23.7435],[68.4846,23.7435],[68.4846,23.744],[68.4849,23.744],[68.4849,23.7446],[68.4851,23.7446],[68.4851,23.7449],[68.486,23.7449],[68.486,23.7451],[68.4863,23.7451],[68.4863,23.7457],[68.4865,23.7457],[68.4865,23.746],[68.4868,23.746]]],[[[68.2165,23.7793],[68.224,23.764],[68.2176,23.7557],[68.2165,23.7793]]],[[[68.3493,23.8001],[68.3468,23.7801],[68.3404,23.7771],[68.3418,23.7893],[68.3493,23.8001]]],[[[68.3585,23.8051],[68.3771,23.7918],[68.3979,23.7849],[68.4143,23.7946],[68.4262,23.7949],[68.4182,23.7626],[68.3993,23.751],[68.4174,23.7604],[68.4185,23.7243],[68.3904,23.6543],[68.3754,23.6432],[68.3896,23.686],[68.3746,23.6393],[68.3479,23.616],[68.3512,23.6049],[68.3468,23.5982],[68.3304,23.589],[68.3146,23.5899],[68.3149,23.5832],[68.3085,23.5829],[68.3043,23.5965],[68.2996,23.5879],[68.3076,23.584],[68.2949,23.5788],[68.2807,23.5824],[68.2743,23.5918],[68.279,23.5971],[68.2801,23.5888],[68.2832,23.6007],[68.2926,23.6001],[68.2812,23.6063],[68.2882,23.606],[68.2857,23.611],[68.2812,23.614],[68.2779,23.6099],[68.2729,23.6179],[68.2779,23.6313],[68.2865,23.6274],[68.3046,23.6301],[68.3138,23.6224],[68.3068,23.6307],[68.2882,23.6287],[68.2771,23.6326],[68.2671,23.6201],[68.2696,23.6099],[68.264,23.6024],[68.2557,23.6004],[68.2421,23.6063],[68.2399,23.5999],[68.2487,23.5938],[68.2562,23.5957],[68.2501,23.5907],[68.2368,23.5957],[68.2332,23.5871],[68.2213,23.5899],[68.226,23.6068],[68.2165,23.6063],[68.2146,23.6007],[68.2054,23.6021],[68.2035,23.5946],[68.1971,23.5971],[68.194,23.6068],[68.1874,23.611],[68.1862,23.6243],[68.2046,23.6476],[68.2101,23.6404],[68.2232,23.6471],[68.2337,23.6413],[68.256,23.6451],[68.2601,23.6399],[68.2582,23.6449],[68.3118,23.6501],[68.2899,23.6482],[68.2804,23.6521],[68.2312,23.6429],[68.2382,23.6479],[68.2696,23.6496],[68.2821,23.6707],[68.2924,23.6785],[68.3063,23.6812],[68.3015,23.6796],[68.2974,23.684],[68.3099,23.6979],[68.3185,23.7182],[68.3296,23.7238],[68.334,23.711],[68.3304,23.7224],[68.3379,23.7296],[68.3393,23.7426],[68.3499,23.7318],[68.3471,23.741],[68.3518,23.7429],[68.341,23.7449],[68.3432,23.7524],[68.3379,23.7521],[68.3349,23.7588],[68.3487,23.7815],[68.3504,23.8007],[68.3585,23.8051]]],[[[68.6051,23.8096],[68.6079,23.8057],[68.6018,23.7962],[68.5951,23.7968],[68.5935,23.8035],[68.6051,23.8096]]],[[[68.5965,23.8126],[68.5965,23.8121],[68.5963,23.8121],[68.5963,23.8118],[68.596,23.8118],[68.596,23.8115],[68.5957,23.8115],[68.5957,23.8107],[68.5954,23.8107],[68.5954,23.8101],[68.5943,23.8101],[68.5943,23.8107],[68.594,23.8107],[68.594,23.8113],[68.5937,23.8113],[68.5937,23.8115],[68.5935,23.8115],[68.5935,23.8121],[68.594,23.8121],[68.594,23.8124],[68.5951,23.8124],[68.5951,23.8126],[68.5965,23.8126]]],[[[68.3079,23.8237],[68.3224,23.8049],[68.3138,23.7868],[68.3243,23.7343],[68.2913,23.7276],[68.2862,23.7337],[68.2946,23.7413],[68.2857,23.7546],[68.2932,23.7404],[68.2849,23.7321],[68.2946,23.7232],[68.2832,23.7099],[68.2721,23.7076],[68.274,23.7013],[68.2574,23.716],[68.266,23.7296],[68.2676,23.7724],[68.2754,23.7951],[68.2982,23.8038],[68.2971,23.8121],[68.2901,23.8168],[68.3079,23.8237]]],[[[68.4979,23.8307],[68.5199,23.8179],[68.5229,23.8024],[68.5124,23.7887],[68.4985,23.7946],[68.5126,23.7874],[68.5224,23.7754],[68.5168,23.7546],[68.5101,23.751],[68.4896,23.7596],[68.5074,23.7485],[68.4949,23.7374],[68.4876,23.7371],[68.4882,23.7485],[68.4715,23.7551],[68.4654,23.7754],[68.464,23.7663],[68.4707,23.7524],[68.4785,23.7476],[68.4768,23.7407],[68.4587,23.7435],[68.4374,23.7393],[68.4565,23.774],[68.4479,23.8065],[68.4554,23.8074],[68.4582,23.8177],[68.4979,23.8307]]],[[[68.7071,23.8512],[68.7104,23.8488],[68.7026,23.8504],[68.7071,23.8512]]],[[[68.6993,23.8532],[68.6993,23.8529],[68.7001,23.8529],[68.7001,23.8526],[68.7004,23.8526],[68.7004,23.8524],[68.7007,23.8524],[68.7007,23.8518],[68.7004,23.8518],[68.7004,23.8515],[68.6999,23.8515],[68.6999,23.8512],[68.6996,23.8512],[68.6996,23.851],[68.6993,23.851],[68.6993,23.8507],[68.6988,23.8507],[68.6988,23.8504],[68.6985,23.8504],[68.6985,23.8501],[68.6979,23.8501],[68.6979,23.8499],[68.6976,23.8499],[68.6976,23.8496],[68.6971,23.8496],[68.6971,23.8493],[68.6968,23.8493],[68.6968,23.849],[68.6954,23.849],[68.6954,23.8493],[68.6949,23.8493],[68.6949,23.8504],[68.6951,23.8504],[68.6951,23.8515],[68.696,23.8515],[68.696,23.8518],[68.6963,23.8518],[68.6963,23.8521],[68.6968,23.8521],[68.6968,23.8524],[68.6971,23.8524],[68.6971,23.8526],[68.6976,23.8526],[68.6976,23.8529],[68.6979,23.8529],[68.6979,23.8532],[68.6993,23.8532]]],[[[68.5332,23.8738],[68.5349,23.8649],[68.524,23.8585],[68.5332,23.8738]]],[[[68.3957,23.8782],[68.4207,23.8685],[68.4287,23.846],[68.4393,23.839],[68.4265,23.8104],[68.4179,23.8051],[68.4101,23.809],[68.4115,23.821],[68.4065,23.8118],[68.416,23.8021],[68.4054,23.7932],[68.3918,23.809],[68.3899,23.8321],[68.3796,23.8382],[68.3893,23.8304],[68.3901,23.8096],[68.4015,23.7904],[68.3788,23.7954],[68.3696,23.8096],[68.3551,23.811],[68.3385,23.801],[68.3301,23.7874],[68.3251,23.7979],[68.3474,23.8196],[68.3443,23.8393],[68.3771,23.8579],[68.3737,23.8601],[68.3779,23.8743],[68.3957,23.8782]]],[[[68.2482,23.8804],[68.2549,23.8751],[68.2518,23.8624],[68.239,23.8529],[68.234,23.8429],[68.216,23.8476],[68.216,23.8668],[68.2482,23.8804]]],[[[68.4493,23.9385],[68.4587,23.9307],[68.444,23.9193],[68.4518,23.916],[68.4443,23.9132],[68.4515,23.9135],[68.4504,23.9054],[68.4429,23.9082],[68.4504,23.9046],[68.4468,23.8988],[68.4521,23.8818],[68.4437,23.8785],[68.4421,23.8704],[68.426,23.8646],[68.4196,23.871],[68.4207,23.8771],[68.4107,23.8854],[68.4293,23.896],[68.4224,23.8949],[68.4085,23.8851],[68.4179,23.8768],[68.4171,23.8724],[68.3935,23.8804],[68.3885,23.876],[68.3774,23.8765],[68.3724,23.8596],[68.3499,23.8463],[68.3565,23.8632],[68.356,23.8901],[68.3676,23.8907],[68.3585,23.894],[68.3532,23.8837],[68.3529,23.9007],[68.4051,23.9124],[68.4201,23.921],[68.4274,23.9335],[68.4493,23.9385]]],[[[68.5354,23.946],[68.5424,23.9338],[68.5582,23.931],[68.5585,23.9232],[68.5826,23.9229],[68.5888,23.9168],[68.5671,23.9035],[68.5646,23.8938],[68.5468,23.8729],[68.5371,23.8674],[68.5368,23.8754],[68.5326,23.8763],[68.5221,23.8563],[68.5171,23.8565],[68.5004,23.8665],[68.5021,23.8754],[68.4971,23.8671],[68.491,23.8663],[68.486,23.8899],[68.5121,23.9032],[68.5257,23.8926],[68.514,23.9046],[68.5287,23.9151],[68.5318,23.9235],[68.5376,23.9176],[68.5254,23.9401],[68.5354,23.946]]],[[[68.5257,23.9495],[68.5229,23.9454],[68.5146,23.9493],[68.5257,23.9495]]],[[[68.4976,23.9675],[68.4996,23.9487],[68.5188,23.9407],[68.5057,23.9418],[68.5185,23.9357],[68.5185,23.9243],[68.5132,23.9198],[68.5101,23.9235],[68.511,23.9168],[68.5049,23.9088],[68.4879,23.9015],[68.4804,23.8904],[68.4674,23.8946],[68.4796,23.889],[68.4718,23.8615],[68.444,23.8485],[68.4324,23.8521],[68.4282,23.8618],[68.4399,23.8665],[68.4532,23.8799],[68.4504,23.8935],[68.4582,23.9146],[68.4543,23.9121],[68.4512,23.9199],[68.4557,23.9288],[68.4629,23.9318],[68.4488,23.9401],[68.4282,23.9365],[68.4368,23.9574],[68.4415,23.9626],[68.449,23.9596],[68.4426,23.964],[68.4437,23.9683],[68.4976,23.9675]]],[[[68.3585,23.975],[68.3752,23.9675],[68.434,23.966],[68.4115,23.926],[68.3871,23.9143],[68.3771,23.9151],[68.3763,23.9204],[68.3765,23.9149],[68.3579,23.9121],[68.3465,23.904],[68.3424,23.8899],[68.3487,23.8651],[68.3362,23.8388],[68.3376,23.8193],[68.321,23.8071],[68.3146,23.824],[68.3037,23.8246],[68.2888,23.8174],[68.2957,23.811],[68.2957,23.8043],[68.2743,23.7974],[68.2704,23.7857],[68.2657,23.7929],[68.2699,23.7818],[68.2621,23.7601],[68.266,23.7463],[68.2613,23.739],[68.2615,23.7265],[68.254,23.7188],[68.2668,23.6918],[68.256,23.6796],[68.2385,23.681],[68.2268,23.6901],[68.2293,23.7029],[68.2199,23.6996],[68.2076,23.7068],[68.1926,23.731],[68.2118,23.7635],[68.2138,23.7554],[68.2196,23.7549],[68.226,23.7626],[68.2246,23.7718],[68.2343,23.7749],[68.2326,23.7821],[68.2312,23.7757],[68.2243,23.7735],[68.2179,23.7813],[68.2093,23.811],[68.2129,23.8346],[68.2346,23.836],[68.2454,23.8538],[68.2496,23.8465],[68.2571,23.8446],[68.2604,23.8249],[68.261,23.8374],[68.2774,23.8343],[68.2874,23.8393],[68.2635,23.8379],[68.2496,23.8487],[68.2579,23.8707],[68.2804,23.8679],[68.2932,23.8729],[68.3051,23.8657],[68.3112,23.8776],[68.3176,23.8804],[68.3096,23.879],[68.3024,23.8671],[68.2932,23.8751],[68.2818,23.8701],[68.259,23.8751],[68.2613,23.8865],[68.2785,23.9024],[68.2771,23.9149],[68.2835,23.9204],[68.3249,23.9143],[68.3382,23.9204],[68.346,23.9326],[68.3462,23.9604],[68.3585,23.975]]],[[[72.6579,21.4707],[72.6651,21.4788],[72.6718,21.5129],[72.6821,21.516],[72.6713,21.5146],[72.6747,21.5213],[72.6865,21.5285],[72.7057,21.5279],[72.7329,21.5365],[72.7407,21.5418],[72.7424,21.5501],[72.7349,21.5562],[72.7332,21.5521],[72.7401,21.5499],[72.7371,21.5404],[72.706,21.5321],[72.6912,21.5349],[72.6832,21.5429],[72.661,21.5274],[72.6416,21.5263],[72.6444,21.5337],[72.6307,21.539],[72.6142,21.5546],[72.6079,21.583],[72.6207,21.5963],[72.6282,21.6168],[72.6351,21.6204],[72.6479,21.6171],[72.6579,21.6276],[72.6751,21.629],[72.701,21.6518],[72.7232,21.6388],[72.7474,21.6424],[72.7521,21.6501],[72.7874,21.6451],[72.809,21.6518],[72.8351,21.6679],[72.8324,21.6732],[72.7982,21.6615],[72.7799,21.6632],[72.7618,21.6693],[72.7451,21.6871],[72.7363,21.6896],[72.7112,21.6785],[72.6696,21.6832],[72.656,21.6771],[72.6004,21.6815],[72.5654,21.6646],[72.5626,21.6588],[72.5474,21.6585],[72.524,21.6801],[72.5179,21.7146],[72.5215,21.7065],[72.5218,21.7162],[72.5404,21.7357],[72.5429,21.7615],[72.5565,21.8021],[72.5711,21.8235],[72.5838,21.8311],[72.6167,21.8681],[72.6228,21.8875],[72.6215,21.9001],[72.6287,21.9091],[72.6231,21.9222],[72.6211,21.918],[72.6144,21.9209],[72.6084,21.9324],[72.6368,21.9542],[72.6255,21.953],[72.5885,21.9229],[72.5872,21.9002],[72.5795,21.8844],[72.5452,21.8774],[72.5166,21.8795],[72.5168,21.8893],[72.5076,21.8979],[72.5049,21.9096],[72.5049,21.981],[72.5474,22.1499],[72.569,22.1879],[72.6013,22.2135],[72.6149,22.2176],[72.6485,22.2168],[72.7001,22.1843],[72.7149,22.1851],[72.754,22.1732],[72.7624,22.1779],[72.7929,22.2293],[72.8087,22.246],[72.8174,22.2479],[72.8263,22.2407],[72.8493,22.236],[72.8629,22.226],[72.8779,22.2238],[72.8863,22.2307],[72.901,22.2329],[72.9104,22.2432],[72.9196,22.2607],[72.9187,22.2726],[72.9132,22.2765],[72.9096,22.2593],[72.8993,22.2482],[72.8835,22.2424],[72.8668,22.2426],[72.8596,22.2524],[72.8526,22.2818],[72.8437,22.2824],[72.7632,22.2332],[72.7521,22.231],[72.6879,22.2385],[72.6588,22.2688],[72.6563,22.279],[72.6354,22.2846],[72.596,22.2735],[72.5599,22.246],[72.5615,22.2576],[72.5574,22.2593],[72.5413,22.2432],[72.5418,22.2488],[72.5332,22.2463],[72.5376,22.2504],[72.5335,22.2527],[72.541,22.2571],[72.5349,22.2604],[72.5374,22.2738],[72.5538,22.2782],[72.5426,22.281],[72.526,22.2693],[72.524,22.2449],[72.5057,22.229],[72.504,22.2204],[72.486,22.1974],[72.4737,22.2013],[72.4851,22.2226],[72.4788,22.2285],[72.4913,22.2301],[72.4926,22.2371],[72.4776,22.2351],[72.4924,22.2388],[72.4929,22.2482],[72.4707,22.2388],[72.4351,22.3013],[72.406,22.3101],[72.3974,22.3071],[72.3887,22.3104],[72.4054,22.3335],[72.4124,22.3585],[72.399,22.3687],[72.3938,22.3826],[72.3762,22.3851],[72.361,22.3715],[72.3824,22.3754],[72.4043,22.3515],[72.379,22.336],[72.3732,22.3126],[72.3832,22.2999],[72.4138,22.2976],[72.4165,22.2274],[72.4115,22.2271],[72.4112,22.2157],[72.4054,22.2138],[72.3996,22.1993],[72.3926,22.2132],[72.3774,22.2263],[72.3757,22.236],[72.3835,22.2457],[72.3799,22.2574],[72.3562,22.2712],[72.3568,22.2632],[72.3632,22.2604],[72.371,22.2451],[72.3601,22.2251],[72.3621,22.2051],[72.3865,22.189],[72.3915,22.1679],[72.3865,22.1724],[72.3871,22.1599],[72.384,22.156],[72.3774,22.1585],[72.376,22.1499],[72.3721,22.1718],[72.359,22.1726],[72.3637,22.189],[72.3576,22.1929],[72.3596,22.186],[72.3518,22.1821],[72.3532,22.1646],[72.344,22.1685],[72.3538,22.1613],[72.3568,22.1501],[72.3504,22.1465],[72.3501,22.1268],[72.3435,22.1249],[72.3396,22.1388],[72.3162,22.1465],[72.3176,22.1807],[72.2999,22.1926],[72.2943,22.2024],[72.3001,22.186],[72.3126,22.1807],[72.3104,22.1446],[72.3238,22.1301],[72.3201,22.1288],[72.3232,22.1226],[72.3113,22.1115],[72.3154,22.0996],[72.2799,21.9643],[72.271,21.9676],[72.279,21.9549],[72.2785,21.9321],[72.2751,21.9299],[72.2693,21.9346],[72.2632,21.9465],[72.2615,21.981],[72.2518,21.9874],[72.2607,22.0193],[72.2451,22.0329],[72.2415,22.0496],[72.2865,22.0743],[72.2979,22.0635],[72.304,22.0721],[72.304,22.0768],[72.2952,22.0807],[72.3026,22.089],[72.3001,22.1088],[72.2865,22.0996],[72.2849,22.0926],[72.2774,22.0907],[72.2768,22.0982],[72.2654,22.1054],[72.2749,22.0974],[72.2782,22.0804],[72.2332,22.0538],[72.2299,22.0424],[72.2326,22.0176],[72.2232,22.021],[72.2165,22.0118],[72.2096,22.0104],[72.196,22.0226],[72.186,22.0196],[72.1821,22.0351],[72.1724,22.0415],[72.181,22.0332],[72.1799,22.019],[72.1971,22.0168],[72.2004,22.0043],[72.2137,21.999],[72.231,22.0076],[72.221,21.9563],[72.2087,21.9543],[72.1907,21.9424],[72.174,21.9588],[72.164,21.9599],[72.1563,21.9757],[72.1465,21.9835],[72.161,21.9618],[72.1471,21.9549],[72.1671,21.9549],[72.1901,21.9371],[72.2201,21.9479],[72.2532,21.8974],[72.2582,21.8824],[72.2549,21.8568],[72.2601,21.7843],[72.271,21.7515],[72.2646,21.7404],[72.2526,21.761],[72.2471,21.791],[72.2188,21.8018],[72.2032,21.8249],[72.1893,21.8282],[72.1829,21.8238],[72.1949,21.8271],[72.2051,21.8224],[72.2154,21.8021],[72.2412,21.7874],[72.2471,21.7512],[72.2829,21.684],[72.2854,21.6649],[72.3026,21.644],[72.306,21.6285],[72.269,21.5738],[72.254,21.5018],[72.2351,21.4565],[72.2012,21.4129],[72.1765,21.3965],[72.1668,21.3765],[72.1215,21.3254],[72.109,21.3015],[72.109,21.2829],[72.1018,21.2779],[72.0929,21.2874],[72.0982,21.264],[72.0813,21.2485],[72.091,21.2265],[72.1124,21.2226],[72.1051,21.2154],[72.1143,21.2118],[72.1104,21.2054],[72.1154,21.2021],[72.1137,21.1965],[72.0871,21.1904],[72.0749,21.1793],[72.064,21.1774],[72.0629,21.1726],[72.0557,21.174],[72.0465,21.159],[72.0415,21.1626],[72.0182,21.1543],[72.0099,21.1457],[72.0082,21.1326],[72.0071,21.1376],[72.0024,21.1371],[72.0037,21.1415],[71.9899,21.1415],[71.9785,21.1354],[71.9857,21.1332],[71.974,21.129],[71.9768,21.121],[71.9643,21.1204],[71.9665,21.1232],[71.9601,21.1246],[71.9262,21.111],[71.8993,21.1093],[71.879,21.0896],[71.8696,21.0901],[71.8493,21.0765],[71.8426,21.0779],[71.8238,21.0682],[71.8199,21.0721],[71.8021,21.0629],[71.7963,21.0532],[71.8068,21.0379],[71.7918,21.0357],[71.7913,21.0396],[71.7782,21.0399],[71.7854,21.0315],[71.7651,21.0263],[71.7607,21.0201],[71.7526,21.0229],[71.7387,21.0174],[71.7357,21.0207],[71.7293,21.0135],[71.7274,21.0212],[71.7151,21.0204],[71.6821,21.0043],[71.6796,20.9974],[71.6638,20.9993],[71.6465,20.9949],[71.6385,20.9899],[71.6382,20.9751],[71.6279,20.9693],[71.616,20.9685],[71.6123,20.9727],[71.6068,20.9649],[71.5974,20.9674],[71.5926,20.9607],[71.5651,20.9496],[71.5457,20.9507],[71.534,20.9432],[71.5149,20.9482],[71.5065,20.9318],[71.516,20.9224],[71.5082,20.9162],[71.4882,20.9149],[71.4851,20.9107],[71.4951,20.9076],[71.4824,20.9063],[71.4771,20.8899],[71.4626,20.881],[71.4485,20.8815],[71.4396,20.8693],[71.4046,20.8685],[71.3868,20.8635],[71.389,20.874],[71.3779,20.874],[71.3757,20.8707],[71.3818,20.8599],[71.3879,20.8604],[71.3846,20.8571],[71.3226,20.8463],[71.2963,20.8354],[71.2918,20.8288],[71.2801,20.8282],[71.2579,20.8157],[71.2388,20.8115],[71.2326,20.804],[71.209,20.8021],[71.2021,20.7885],[71.1557,20.7785],[71.1432,20.7642],[71.1456,20.7571],[71.086,20.7563],[71.0776,20.7501],[71.0815,20.7385],[71.0738,20.7354],[71.0457,20.731],[71.0429,20.7354],[71.0132,20.7396],[71.0053,20.7466],[70.9913,20.7315],[70.999,20.7424],[70.9913,20.746],[70.939,20.7332],[70.9261,20.7378],[70.9267,20.743],[70.922,20.7444],[70.8749,20.7268],[70.8635,20.7399],[70.8632,20.7549],[70.8529,20.754],[70.8624,20.7521],[70.8574,20.7432],[70.864,20.7299],[70.8726,20.7243],[70.8679,20.7126],[70.869,20.7063],[70.874,20.7049],[70.8449,20.7074],[70.834,20.6993],[70.8382,20.6901],[70.8224,20.691],[70.7921,20.7124],[70.7585,20.7226],[70.7438,20.7199],[70.7035,20.7379],[70.6746,20.7574],[70.6735,20.7646],[70.6715,20.761],[70.6629,20.7621],[70.6663,20.7524],[70.6565,20.7601],[70.6571,20.7646],[70.6146,20.7699],[70.6074,20.7774],[70.5854,20.7815],[70.571,20.7929],[70.5621,20.7926],[70.5535,20.8035],[70.5418,20.8015],[70.5107,20.821],[70.4887,20.8282],[70.4871,20.8346],[70.4765,20.8404],[70.469,20.8382],[70.4426,20.8543],[70.439,20.8526],[70.4112,20.8776],[70.4196,20.8815],[70.4171,20.8871],[70.4168,20.8832],[70.4074,20.8824],[70.394,20.894],[70.371,20.9026],[70.3738,20.8949],[70.351,20.9104],[70.3471,20.9163],[70.3513,20.9207],[70.3471,20.9215],[70.3451,20.9157],[70.3207,20.9274],[70.2515,20.979],[70.2396,20.9926],[70.2476,21.0004],[70.2382,20.9937],[70.2404,20.9996],[70.236,20.9962],[70.2263,20.999],[70.1429,21.0685],[70.1379,21.0779],[70.1401,21.0821],[70.1462,21.0807],[70.136,21.0857],[70.1324,21.0799],[70.1049,21.1057],[70.0996,21.1046],[70.0321,21.174],[70.0382,21.1835],[70.0285,21.1788],[69.9985,21.2074],[69.7782,21.4579],[69.7876,21.4515],[69.7999,21.4521],[69.8046,21.4549],[69.801,21.4571],[69.8049,21.464],[69.7957,21.4526],[69.7851,21.4538],[69.7782,21.4629],[69.7751,21.4599],[69.7118,21.531],[69.6137,21.6276],[69.6021,21.6374],[69.591,21.6385],[69.5932,21.6293],[69.5876,21.621],[69.591,21.6354],[69.5604,21.6554],[69.4707,21.741],[69.4324,21.7674],[69.3738,21.8282],[69.3521,21.8388],[69.3238,21.861],[69.2365,21.9382],[69.1974,21.9807],[69.2015,21.9846],[69.1929,21.9837],[69.1771,21.9996],[69.0876,22.0999],[69.0551,22.1285],[68.981,22.2118],[68.969,22.2318],[68.9574,22.2377],[68.9526,22.2513],[68.9579,22.2579],[68.9435,22.2851],[68.936,22.3121],[68.9426,22.3329],[68.9551,22.3351],[68.959,22.3518],[68.9568,22.3665],[68.9846,22.4143],[69.0079,22.4399],[69.0599,22.4674],[69.0674,22.4801],[69.0793,22.4793],[69.0854,22.4724],[69.0768,22.4646],[69.0735,22.4521],[69.0671,22.4518],[69.0437,22.4326],[69.0549,22.4107],[69.0693,22.3957],[69.0915,22.3946],[69.0987,22.399],[69.0987,22.4082],[69.1026,22.4101],[69.1099,22.4101],[69.129,22.3979],[69.1307,22.4029],[69.1485,22.4026],[69.156,22.4121],[69.1699,22.4143],[69.1732,22.4182],[69.1693,22.4201],[69.1757,22.4243],[69.1829,22.421],[69.194,22.4237],[69.1935,22.4088],[69.2043,22.4018],[69.1979,22.3976],[69.1982,22.3876],[69.1788,22.3779],[69.1832,22.3729],[69.1735,22.3626],[69.1732,22.3568],[69.1779,22.3563],[69.1738,22.3507],[69.1762,22.3476],[69.1676,22.3451],[69.1682,22.3265],[69.1579,22.3129],[69.1696,22.2943],[69.2026,22.2665],[69.2326,22.2579],[69.2421,22.2649],[69.2504,22.261],[69.249,22.2671],[69.2838,22.2721],[69.2951,22.2799],[69.2924,22.2863],[69.2963,22.2835],[69.2979,22.2876],[69.3199,22.2913],[69.3249,22.2954],[69.3238,22.3035],[69.3332,22.3038],[69.3376,22.3118],[69.3307,22.3243],[69.3343,22.3304],[69.3665,22.3221],[69.3646,22.3165],[69.3832,22.3224],[69.3863,22.3185],[69.3968,22.321],[69.4026,22.316],[69.4193,22.3157],[69.4543,22.3357],[69.4674,22.3301],[69.4885,22.3379],[69.4901,22.3557],[69.499,22.366],[69.516,22.3746],[69.5238,22.3857],[69.516,22.3951],[69.5151,22.4168],[69.5032,22.4246],[69.4982,22.4357],[69.5071,22.4237],[69.5229,22.4265],[69.5329,22.419],[69.5362,22.4099],[69.5507,22.4049],[69.5532,22.3987],[69.5488,22.394],[69.556,22.3885],[69.5574,22.3754],[69.5504,22.3724],[69.5599,22.3668],[69.5618,22.3557],[69.5757,22.3685],[69.5829,22.3615],[69.5912,22.361],[69.5907,22.354],[69.5796,22.3468],[69.5788,22.3382],[69.5718,22.3343],[69.5757,22.319],[69.5729,22.3332],[69.5801,22.3376],[69.5818,22.3463],[69.5943,22.3524],[69.6021,22.3471],[69.6049,22.3513],[69.6074,22.3385],[69.609,22.3493],[69.6124,22.3404],[69.6068,22.3257],[69.6174,22.3463],[69.6179,22.3685],[69.6432,22.356],[69.6546,22.359],[69.656,22.3768],[69.664,22.3938],[69.6993,22.396],[69.6924,22.4199],[69.7021,22.4338],[69.6979,22.4429],[69.6718,22.4393],[69.6718,22.4507],[69.6749,22.4421],[69.6882,22.4443],[69.701,22.4574],[69.6999,22.4479],[69.7035,22.4471],[69.7099,22.4571],[69.7251,22.4646],[69.7224,22.4688],[69.7282,22.4738],[69.7404,22.459],[69.7401,22.449],[69.7349,22.4438],[69.7426,22.4393],[69.7446,22.4307],[69.7557,22.4262],[69.7596,22.4415],[69.7621,22.4321],[69.779,22.4126],[69.7976,22.3999],[69.811,22.4085],[69.8229,22.4274],[69.829,22.4449],[69.8209,22.4521],[69.8271,22.4582],[69.8299,22.4499],[69.8343,22.4532],[69.8346,22.4754],[69.8363,22.454],[69.8499,22.454],[69.8604,22.4468],[69.876,22.4482],[69.9004,22.4679],[69.914,22.4563],[69.9096,22.4671],[69.9132,22.4896],[69.9251,22.5054],[69.9382,22.5138],[69.9551,22.504],[69.9574,22.4954],[69.9554,22.5046],[69.959,22.5093],[69.9449,22.5149],[69.946,22.5285],[69.9735,22.5407],[69.984,22.5418],[69.9829,22.5349],[69.9857,22.5415],[69.9763,22.5432],[69.9988,22.5474],[70.004,22.5443],[70.0268,22.551],[70.0235,22.5396],[70.0335,22.5565],[70.0401,22.559],[70.039,22.5629],[70.0646,22.5468],[70.0726,22.5501],[70.0857,22.5449],[70.1218,22.5457],[70.1474,22.5535],[70.1629,22.5515],[70.1712,22.5571],[70.1882,22.5854],[70.1943,22.5829],[70.1943,22.6038],[70.2032,22.6054],[70.1951,22.6107],[70.1974,22.6168],[70.2085,22.6218],[70.2082,22.6254],[70.2115,22.6232],[70.2115,22.6299],[70.2199,22.6296],[70.2201,22.6346],[70.2138,22.634],[70.2179,22.6365],[70.2162,22.6415],[70.2193,22.6374],[70.226,22.6399],[70.2307,22.6496],[70.2351,22.6499],[70.229,22.6574],[70.234,22.6549],[70.2349,22.6599],[70.2429,22.6626],[70.2407,22.6685],[70.2468,22.6718],[70.2387,22.6782],[70.2418,22.6818],[70.2454,22.6793],[70.2532,22.6929],[70.239,22.696],[70.2385,22.7018],[70.2465,22.7115],[70.2493,22.7049],[70.2551,22.7065],[70.2535,22.7199],[70.2588,22.7265],[70.251,22.7246],[70.2557,22.729],[70.2529,22.7335],[70.2607,22.731],[70.2646,22.7382],[70.276,22.7313],[70.2888,22.746],[70.2826,22.7488],[70.2935,22.7488],[70.3012,22.7601],[70.3032,22.7576],[70.3018,22.7668],[70.3054,22.7668],[70.3004,22.7707],[70.3068,22.7801],[70.3004,22.7782],[70.3129,22.7857],[70.3093,22.796],[70.3199,22.7965],[70.3163,22.7987],[70.3185,22.8054],[70.3215,22.8079],[70.3238,22.8032],[70.324,22.8101],[70.3374,22.8246],[70.339,22.8435],[70.3537,22.8707],[70.3851,22.9099],[70.4096,22.9207],[70.4135,22.9182],[70.4126,22.9229],[70.4235,22.9326],[70.4304,22.9579],[70.4426,22.9749],[70.4376,22.9751],[70.4543,22.9851],[70.4715,23.0124],[70.4935,23.0751],[70.4846,23.0774],[70.476,23.0696],[70.4379,23.0626],[70.4013,23.0307],[70.3962,23.0254],[70.3938,23.0015],[70.3826,22.9979],[70.3946,22.9954],[70.3935,22.9632],[70.3868,22.9482],[70.3476,22.9304],[70.3101,22.9415],[70.3074,22.9513],[70.291,22.9449],[70.2793,22.9488],[70.2376,22.9796],[70.2293,22.9771],[70.2271,22.966],[70.2062,22.9801],[70.1994,22.993],[70.2007,22.9815],[70.2251,22.9601],[70.2087,22.9518],[70.1735,22.9507],[70.1618,22.9426],[70.1199,22.9646],[70.134,22.9849],[70.129,22.9921],[70.1435,23.009],[70.1413,23.0126],[70.1121,22.9715],[70.111,22.9601],[70.1265,22.9465],[70.111,22.9526],[70.1013,22.9418],[70.091,22.9526],[70.0999,22.9382],[70.1113,22.9496],[70.139,22.9413],[70.1388,22.9324],[70.1321,22.9246],[70.106,22.909],[70.0546,22.9043],[70.0326,22.8954],[70.024,22.9015],[70.0074,22.8993],[69.996,22.9029],[69.9371,22.8932],[69.934,22.8851],[69.9057,22.8663],[69.8668,22.8729],[69.8574,22.8696],[69.8621,22.8585],[69.8538,22.8682],[69.8125,22.85],[69.8016,22.8506],[69.7757,22.8304],[69.7524,22.8196],[69.7446,22.8035],[69.7468,22.7938],[69.7201,22.7624],[69.714,22.7515],[69.7162,22.7413],[69.7085,22.7388],[69.7068,22.7307],[69.7101,22.7299],[69.7051,22.7279],[69.706,22.7404],[69.6929,22.7429],[69.6735,22.7571],[69.6624,22.7568],[69.6668,22.7774],[69.6593,22.7565],[69.6432,22.7657],[69.6338,22.7954],[69.6346,22.7774],[69.6413,22.7665],[69.6296,22.7635],[69.6093,22.7671],[69.6166,22.7621],[69.6159,22.7572],[69.6014,22.7577],[69.5801,22.7623],[69.5632,22.7737],[69.5526,22.7857],[69.5551,22.7924],[69.5482,22.7794],[69.5328,22.7859],[69.4846,22.7879],[69.4976,22.7823],[69.4696,22.7737],[69.4599,22.7793],[69.446,22.7776],[69.4196,22.7993],[69.3907,22.8137],[69.3613,22.8226],[69.3521,22.8176],[69.3557,22.8288],[69.3485,22.8204],[69.3143,22.8326],[69.2668,22.824],[69.2307,22.8346],[69.2285,22.8424],[69.2232,22.836],[69.1907,22.8412],[69.1612,22.8604],[69.129,22.874],[69.0446,22.9296],[68.9704,22.9638],[68.9643,22.971],[68.9118,22.9993],[68.901,23.011],[68.9037,23.0054],[68.836,23.0435],[68.8165,23.0568],[68.8235,23.0546],[68.8143,23.0593],[68.8146,23.0674],[68.8149,23.0632],[68.8082,23.0607],[68.7593,23.0804],[68.7135,23.1185],[68.6529,23.1546],[68.6313,23.1774],[68.646,23.1674],[68.6557,23.1535],[68.6815,23.1418],[68.6668,23.1529],[68.656,23.1551],[68.639,23.1821],[68.6265,23.1857],[68.5851,23.2218],[68.5854,23.2346],[68.599,23.2404],[68.6013,23.2185],[68.609,23.221],[68.6307,23.2132],[68.6287,23.2176],[68.6399,23.2224],[68.629,23.2249],[68.624,23.2207],[68.6238,23.2263],[68.621,23.2224],[68.6188,23.2251],[68.619,23.2199],[68.6038,23.2429],[68.6307,23.2432],[68.6282,23.2471],[68.6404,23.2446],[68.6432,23.2474],[68.6393,23.2499],[68.6457,23.251],[68.6479,23.2576],[68.6718,23.2701],[68.6563,23.2721],[68.6407,23.2665],[68.6296,23.2951],[68.6843,23.3004],[68.6948,23.3099],[68.6588,23.3035],[68.6607,23.3199],[68.6679,23.3254],[68.6588,23.3229],[68.6568,23.3032],[68.6501,23.3043],[68.6446,23.3226],[68.6357,23.3165],[68.6326,23.324],[68.6376,23.3313],[68.6335,23.3293],[68.6343,23.334],[68.6246,23.339],[68.6271,23.3468],[68.6349,23.3393],[68.6371,23.3463],[68.6332,23.3521],[68.6254,23.354],[68.6229,23.3504],[68.6224,23.3571],[68.6129,23.3618],[68.6196,23.3654],[68.609,23.3704],[68.6032,23.3771],[68.606,23.381],[68.6001,23.3846],[68.5963,23.379],[68.6057,23.3635],[68.6032,23.3593],[68.581,23.3899],[68.5785,23.386],[68.5729,23.3918],[68.5682,23.3882],[68.5801,23.379],[68.5707,23.3751],[68.5571,23.3896],[68.5582,23.3957],[68.5629,23.391],[68.5646,23.4001],[68.5604,23.4193],[68.5551,23.4201],[68.5521,23.4151],[68.5437,23.4204],[68.5501,23.4232],[68.5357,23.4213],[68.5326,23.4335],[68.5379,23.4243],[68.541,23.4257],[68.516,23.4754],[68.5124,23.4679],[68.5174,23.4682],[68.5185,23.4554],[68.521,23.4593],[68.5249,23.4554],[68.5232,23.4465],[68.5154,23.4579],[68.5129,23.4529],[68.5132,23.4574],[68.5104,23.4551],[68.5024,23.4654],[68.5049,23.4676],[68.5085,23.4626],[68.5121,23.466],[68.5115,23.4738],[68.5046,23.4715],[68.5004,23.476],[68.5024,23.4918],[68.5129,23.4849],[68.519,23.489],[68.499,23.494],[68.5038,23.506],[68.5001,23.4985],[68.4918,23.501],[68.499,23.5151],[68.4946,23.5165],[68.4957,23.5249],[68.484,23.5482],[68.4974,23.5474],[68.4938,23.5493],[68.4924,23.5743],[68.4874,23.5779],[68.4865,23.596],[68.4949,23.6076],[68.489,23.6354],[68.499,23.6443],[68.4968,23.6529],[68.5007,23.6571],[68.5174,23.6607],[68.5232,23.6513],[68.5287,23.6596],[68.539,23.6624],[68.5299,23.6621],[68.524,23.6532],[68.5201,23.6546],[68.5174,23.6635],[68.5265,23.6771],[68.5249,23.6907],[68.5357,23.6893],[68.5463,23.6968],[68.5585,23.7193],[68.5713,23.7249],[68.5776,23.7201],[68.5799,23.7285],[68.5954,23.7301],[68.6035,23.7488],[68.6326,23.7579],[68.6507,23.7938],[68.6663,23.8085],[68.6754,23.811],[68.6779,23.8076],[68.6774,23.8143],[68.6874,23.8218],[68.7185,23.826],[68.7426,23.8371],[68.7432,23.8438],[68.7276,23.831],[68.7221,23.8318],[68.7371,23.8432],[68.7257,23.8463],[68.729,23.8549],[68.7468,23.8599],[68.746,23.866],[68.7613,23.8754],[68.7162,23.8574],[68.6837,23.8618],[68.6601,23.8585],[68.666,23.8521],[68.6554,23.846],[68.6482,23.8479],[68.6499,23.844],[68.6449,23.8463],[68.6468,23.8396],[68.6374,23.836],[68.6049,23.8382],[68.6001,23.8454],[68.6038,23.8501],[68.5987,23.8474],[68.6001,23.8396],[68.5882,23.8365],[68.5763,23.8235],[68.5646,23.7979],[68.5351,23.7571],[68.529,23.7554],[68.5251,23.759],[68.5263,23.7735],[68.5154,23.7854],[68.5179,23.7954],[68.531,23.8001],[68.5374,23.8151],[68.531,23.8021],[68.526,23.8021],[68.5229,23.8171],[68.5151,23.8249],[68.5343,23.8279],[68.5468,23.836],[68.5729,23.881],[68.6135,23.9032],[68.6385,23.8949],[68.6363,23.8976],[68.6632,23.9174],[68.6596,23.9218],[68.6382,23.9032],[68.6199,23.9065],[68.6224,23.9274],[68.6143,23.9226],[68.6093,23.9338],[68.596,23.9418],[68.5874,23.9407],[68.5885,23.9224],[68.5587,23.924],[68.5593,23.9318],[68.5437,23.9351],[68.5374,23.9468],[68.5477,23.9632],[68.545,23.9673],[68.7526,23.9674],[68.7696,24.2726],[68.7692,24.2848],[68.7617,24.2921],[68.8058,24.3128],[68.8172,24.3115],[68.8243,24.3168],[68.8424,24.2808],[68.842,24.2568],[68.8528,24.2168],[68.8679,24.2119],[68.8784,24.2149],[68.8846,24.2252],[68.9027,24.2746],[68.9432,24.3021],[68.9691,24.2717],[68.9821,24.2334],[69.0052,24.2232],[69.092,24.2723],[69.1928,24.2379],[69.3086,24.2807],[69.3751,24.2704],[69.4431,24.28],[69.4844,24.2678],[69.5879,24.2913],[69.595,24.2901],[69.7301,24.1718],[70.0165,24.1699],[70.0385,24.1781],[70.0656,24.1981],[70.1093,24.2946],[70.1717,24.3061],[70.2198,24.3222],[70.246,24.3246],[70.304,24.3481],[70.3724,24.3537],[70.4252,24.3801],[70.5424,24.4096],[70.5736,24.4217],[70.6,24.4082],[70.58,24.3664],[70.5599,24.3524],[70.5775,24.3038],[70.582,24.2781],[70.5761,24.2522],[70.6447,24.2246],[70.6696,24.2203],[70.722,24.2165],[70.8339,24.2288],[70.8549,24.2445],[70.879,24.2464],[70.9066,24.2615],[70.8779,24.2754],[70.874,24.2973],[70.949,24.3525],[70.9635,24.3545],[70.9879,24.3667],[71.0025,24.3529],[71.0368,24.3533],[71.0561,24.3615],[71.0781,24.3873],[71.1121,24.3965],[71.1218,24.4075],[71.1242,24.4195],[71.109,24.4368],[71.0284,24.4362],[70.9973,24.4484],[71.0053,24.5289],[70.9882,24.5476],[70.9934,24.5727],[70.9887,24.591],[70.9907,24.6055],[71.0107,24.6367],[71.0512,24.6525],[71.0978,24.6866],[71.11,24.6745],[71.1375,24.6638],[71.2889,24.6128],[71.3129,24.6454],[71.3425,24.6582],[71.3482,24.659],[71.3591,24.6322],[71.3745,24.6265],[71.3813,24.6331],[71.3912,24.6318],[71.3986,24.6395],[71.414,24.6428],[71.4433,24.6635],[71.4661,24.6678],[71.4803,24.6784],[71.5291,24.6833],[71.5436,24.6749],[71.5694,24.6816],[71.5901,24.668],[71.609,24.6748],[71.6373,24.6565],[71.6427,24.6439],[71.654,24.6372],[71.709,24.6581],[71.7385,24.6579],[71.7919,24.674],[71.8021,24.6694],[71.8081,24.6581],[71.8103,24.6493],[71.8046,24.6252],[71.8143,24.62],[71.8396,24.6181],[71.8514,24.6074],[71.8617,24.6267],[71.8559,24.658],[71.8697,24.6784],[71.887,24.6689],[71.9134,24.6704],[71.9193,24.6618],[71.9105,24.654],[71.9121,24.6493],[71.9278,24.6299],[71.9375,24.6298],[71.9868,24.656],[71.9834,24.6699],[71.9947,24.6858],[72.0346,24.6982],[72.0463,24.7085],[72.0792,24.6996],[72.0862,24.6773],[72.0762,24.671],[72.0787,24.6553],[72.1149,24.6344],[72.1447,24.6365],[72.1594,24.6168],[72.1799,24.6117],[72.1955,24.6184],[72.2047,24.6147],[72.2024,24.6194],[72.2242,24.635],[72.2432,24.6228],[72.2691,24.6242],[72.3095,24.6108],[72.3255,24.6137],[72.3347,24.6248],[72.3483,24.6199],[72.3367,24.5953],[72.3204,24.5887],[72.3084,24.5873],[72.2947,24.6021],[72.2874,24.599],[72.2735,24.602],[72.2452,24.5822],[72.2658,24.5521],[72.2843,24.5602],[72.2893,24.5403],[72.3314,24.5459],[72.3293,24.5605],[72.3524,24.5542],[72.3599,24.541],[72.3684,24.539],[72.3693,24.5316],[72.3653,24.5304],[72.3807,24.5021],[72.4156,24.5096],[72.4371,24.5057],[72.4427,24.4948],[72.4331,24.4805],[72.4311,24.462],[72.4507,24.4395],[72.4591,24.4085],[72.4819,24.4067],[72.5023,24.4112],[72.5046,24.4196],[72.4952,24.4516],[72.5064,24.4487],[72.5086,24.4658],[72.5395,24.5081],[72.5692,24.4893],[72.5834,24.4736],[72.6538,24.4573],[72.6883,24.461],[72.6925,24.458],[72.6878,24.4422],[72.6886,24.4201],[72.7018,24.3921],[72.7277,24.3619],[72.7439,24.3582],[72.8107,24.3587],[72.8247,24.3654],[72.8637,24.3662],[72.8962,24.3517],[72.9196,24.3265],[72.9294,24.3364],[72.9873,24.364],[72.9772,24.3801],[72.9591,24.3839],[72.9601,24.3923],[72.9866,24.421],[72.977,24.4511],[72.9965,24.4707],[73.009,24.4824],[73.018,24.4651],[73.0473,24.4652],[73.0908,24.4946],[73.0953,24.4913],[73.0949,24.4724],[73.1036,24.4566],[73.1047,24.4261],[73.1026,24.4201],[73.0893,24.413],[73.0812,24.3943],[73.0945,24.3853],[73.1075,24.3866],[73.1237,24.3686],[73.1663,24.3503],[73.1868,24.3554],[73.2075,24.375],[73.2281,24.3642],[73.213,24.35],[73.2075,24.3338],[73.1978,24.3337],[73.1894,24.3432],[73.1834,24.3346],[73.1769,24.3011],[73.1475,24.3105],[73.1412,24.3076],[73.1351,24.2798],[73.1121,24.2623],[73.0969,24.2375],[73.1072,24.2309],[73.0876,24.2207],[73.0831,24.2006],[73.0778,24.1965],[73.0785,24.1848],[73.1124,24.1526],[73.11,24.1383],[73.1193,24.14],[73.1431,24.1222],[73.1571,24.1197],[73.1677,24.1109],[73.1899,24.1047],[73.1936,24.1103],[73.2199,24.0977],[73.1949,24.051],[73.1966,24.0448],[73.2253,24.0276],[73.2418,24.0102],[73.2524,24.0126],[73.2714,24.0274],[73.2872,24.0268],[73.3031,24.0508],[73.3229,24.0618],[73.3288,24.0729],[73.3316,24.1144],[73.3573,24.1133],[73.37,24.1273],[73.3661,24.0872],[73.3931,24.0717],[73.4103,24.0502],[73.4071,23.9974],[73.4015,23.9897],[73.416,23.9818],[73.4167,23.9356],[73.421,23.9301],[73.404,23.9152],[73.3924,23.9159],[73.3581,23.8611],[73.3559,23.8538],[73.3656,23.8377],[73.3687,23.8211],[73.3586,23.7866],[73.3718,23.7658],[73.3858,23.7684],[73.396,23.7831],[73.4166,23.7784],[73.4283,23.7611],[73.4469,23.7516],[73.451,23.7387],[73.4728,23.72],[73.4754,23.7079],[73.5047,23.7023],[73.5071,23.6723],[73.5033,23.6567],[73.4966,23.6497],[73.5077,23.644],[73.4972,23.6328],[73.5096,23.6157],[73.5228,23.6095],[73.5284,23.6124],[73.5671,23.6523],[73.5736,23.6542],[73.6154,23.6501],[73.6387,23.63],[73.6572,23.6215],[73.6465,23.6064],[73.6476,23.5795],[73.6346,23.5612],[73.6335,23.5467],[73.6333,23.5298],[73.6537,23.5148],[73.6547,23.5028],[73.6401,23.4955],[73.6289,23.4511],[73.6494,23.4392],[73.6782,23.4557],[73.7006,23.4544],[73.7136,23.4174],[73.7225,23.4112],[73.7613,23.4571],[73.7796,23.4331],[73.8289,23.4451],[73.8332,23.4291],[73.8635,23.3941],[73.8762,23.3664],[73.8917,23.3509],[73.891,23.3354],[73.9108,23.3343],[73.9358,23.3397],[73.9442,23.3717],[73.9595,23.3796],[73.9759,23.366],[73.9878,23.3358],[74.0298,23.3305],[74.0272,23.318],[74.0347,23.3038],[74.0448,23.309],[74.0468,23.3052],[74.0416,23.2942],[74.087,23.296],[74.1038,23.2921],[74.1111,23.2754],[74.1272,23.2707],[74.1334,23.2627],[74.1367,23.2248],[74.1219,23.2046],[74.1197,23.1896],[74.1242,23.1768],[74.1429,23.1732],[74.1524,23.1557],[74.1803,23.1502],[74.1865,23.1558],[74.1869,23.1698],[74.205,23.1899],[74.2345,23.1806],[74.2435,23.1861],[74.2473,23.1763],[74.2646,23.1638],[74.2752,23.1318],[74.2857,23.1165],[74.2795,23.1042],[74.28,23.0928],[74.3077,23.0773],[74.3203,23.0605],[74.3253,23.0405],[74.3468,23.028],[74.3529,23.0008],[74.3684,22.975],[74.3547,22.975],[74.3391,22.9625],[74.3575,22.94],[74.3595,22.9309],[74.3791,22.9077],[74.3979,22.8971],[74.4163,22.9161],[74.4296,22.9203],[74.4363,22.9154],[74.4492,22.9217],[74.4606,22.9111],[74.4766,22.8563],[74.4696,22.8303],[74.4626,22.8128],[74.4367,22.8072],[74.4368,22.7833],[74.4004,22.7285],[74.3942,22.6899],[74.3821,22.6674],[74.3783,22.6365],[74.3611,22.6344],[74.3251,22.6421],[74.3224,22.6365],[74.3142,22.6344],[74.2751,22.6456],[74.2704,22.6386],[74.2622,22.6428],[74.2532,22.6337],[74.2544,22.6224],[74.2466,22.621],[74.2404,22.6119],[74.2334,22.6119],[74.2229,22.5831],[74.2151,22.5796],[74.2104,22.5655],[74.1866,22.5655],[74.1917,22.5549],[74.1551,22.5324],[74.1497,22.5156],[74.1298,22.5169],[74.1149,22.538],[74.102,22.5359],[74.0742,22.5499],[74.0407,22.5404],[74.0368,22.5284],[74.0396,22.5151],[74.0307,22.5067],[74.0331,22.4898],[74.0417,22.4912],[74.0549,22.5088],[74.0814,22.5068],[74.0866,22.4808],[74.085,22.478],[74.0764,22.4843],[74.0742,22.4639],[74.0995,22.4661],[74.1019,22.4541],[74.0969,22.4436],[74.1012,22.4316],[74.1192,22.419],[74.1266,22.4197],[74.1273,22.4345],[74.1405,22.4549],[74.1526,22.4549],[74.1523,22.438],[74.1574,22.4303],[74.1671,22.4317],[74.169,22.4402],[74.1831,22.4423],[74.1791,22.4627],[74.1873,22.476],[74.199,22.4704],[74.2009,22.4648],[74.201,22.4353],[74.2127,22.4325],[74.215,22.4409],[74.2506,22.4311],[74.2607,22.4227],[74.2678,22.403],[74.2908,22.3925],[74.2705,22.3911],[74.2545,22.3981],[74.2526,22.3841],[74.2425,22.3812],[74.2421,22.3756],[74.2218,22.3763],[74.2234,22.3566],[74.2129,22.3559],[74.2031,22.3658],[74.1985,22.3412],[74.1911,22.3475],[74.192,22.3236],[74.1873,22.3201],[74.1304,22.3306],[74.1252,22.3509],[74.1205,22.3565],[74.1131,22.3558],[74.108,22.3699],[74.0959,22.3712],[74.0913,22.3607],[74.0679,22.3585],[74.0719,22.3396],[74.0641,22.329],[74.0623,22.3038],[74.0549,22.3037],[74.055,22.2841],[74.0604,22.2743],[74.0741,22.2666],[74.0765,22.2483],[74.0874,22.242],[74.0703,22.2329],[74.0715,22.2202],[74.1035,22.2189],[74.1187,22.2112],[74.1208,22.1704],[74.1309,22.1599],[74.1224,22.1304],[74.1271,22.1227],[74.1261,22.096],[74.1505,22.1038],[74.1661,22.0996],[74.1766,22.0849],[74.1634,22.0806],[74.1576,22.0694],[74.1588,22.0589],[74.1336,22.0518],[74.141,22.042],[74.1208,22.0342],[74.1123,22.023],[74.0933,22.0138],[74.0959,22.0],[74.1006,21.9973],[74.1496,21.9848],[74.1489,21.9739],[74.1393,21.9706],[74.1446,21.9591],[74.1417,21.9524],[74.042,21.9213],[74.0183,21.9045],[73.9312,21.8618],[73.9168,21.8552],[73.8943,21.8532],[73.8743,21.8373],[73.8361,21.8373],[73.805,21.8221],[73.808,21.8089],[73.8266,21.8096],[73.8334,21.7989],[73.8302,21.7922],[73.8395,21.7894],[73.8329,21.7829],[73.8358,21.7674],[73.8256,21.7617],[73.8408,21.7408],[73.8848,21.7094],[73.8909,21.699],[73.8926,21.666],[73.8801,21.6438],[73.8647,21.6376],[73.8546,21.6406],[73.8396,21.632],[73.8233,21.6386],[73.7943,21.6335],[73.7817,21.6239],[73.801,21.6012],[73.8174,21.5995],[73.8392,21.5204],[73.855,21.4947],[73.8711,21.5],[73.8769,21.5086],[73.8809,21.5035],[73.898,21.5075],[73.9045,21.5121],[73.9049,21.519],[73.9283,21.5223],[73.9339,21.5089],[73.9518,21.5152],[73.9609,21.5378],[73.9691,21.5228],[73.9804,21.5201],[73.9782,21.5407],[74.0001,21.5394],[74.0204,21.5513],[74.0421,21.5483],[74.0642,21.5581],[74.1304,21.5554],[74.141,21.5489],[74.1509,21.5506],[74.1583,21.5581],[74.1782,21.56],[74.1951,21.5295],[74.2006,21.5277],[74.2232,21.5367],[74.2281,21.5462],[74.2347,21.5487],[74.2505,21.5349],[74.2657,21.534],[74.281,21.5533],[74.2993,21.5582],[74.3057,21.5657],[74.3116,21.5415],[74.3313,21.5386],[74.3291,21.5182],[74.3235,21.4941],[74.3091,21.488],[74.3051,21.4796],[74.2639,21.4732],[74.2587,21.4641],[74.2491,21.4615],[74.2413,21.4622],[74.2342,21.4769],[74.2264,21.4783],[74.2184,21.474],[74.218,21.4575],[74.1962,21.4582],[74.1808,21.4655],[74.1736,21.4594],[74.1645,21.462],[74.1516,21.4517],[74.1398,21.4533],[74.1359,21.4611],[74.124,21.4621],[74.1184,21.4603],[74.1175,21.4493],[74.102,21.4467],[74.0987,21.4525],[74.073,21.4564],[74.0712,21.4709],[74.062,21.4806],[74.0433,21.4181],[74.0104,21.4167],[73.9632,21.3908],[73.9473,21.4012],[73.9514,21.3433],[73.9428,21.2964],[73.8861,21.2613],[73.8524,21.2689],[73.826,21.2664],[73.8302,21.2413],[73.8139,21.2209],[73.8125,21.2029],[73.8151,21.1943],[73.8297,21.1942],[73.8163,21.1709],[73.8058,21.1711],[73.79,21.1808],[73.7772,21.1641],[73.7351,21.1662],[73.7342,21.1595],[73.7414,21.1506],[73.7301,21.1374],[73.7104,21.1409],[73.7065,21.1496],[73.6745,21.1513],[73.6294,21.1319],[73.6305,21.1524],[73.6127,21.1572],[73.6061,21.1753],[73.5999,21.1777],[73.5812,21.1672],[73.5817,21.1535],[73.6044,21.1537],[73.6072,21.1463],[73.6221,21.1409],[73.6166,21.1373],[73.6217,21.1194],[73.6508,21.1203],[73.653,21.1076],[73.672,21.1085],[73.6866,21.1002],[73.7039,21.1182],[73.7022,21.1115],[73.708,21.1064],[73.7322,21.1005],[73.746,21.1132],[73.7324,21.094],[73.7338,21.084],[73.7638,21.0674],[73.7754,21.0709],[73.7917,21.0673],[73.8113,21.0838],[73.8125,21.0598],[73.7962,21.045],[73.8474,20.9982],[73.8729,20.9855],[73.9003,20.9822],[73.9092,20.9638],[73.8956,20.9607],[73.8888,20.9392],[73.8901,20.932],[73.9141,20.9103],[73.9211,20.8981],[73.9248,20.8474],[73.9389,20.8392],[73.9414,20.8241],[73.934,20.8079],[73.932,20.7599],[73.9409,20.7599],[73.9389,20.7484],[73.9432,20.7414],[73.9145,20.7226],[73.9023,20.7244],[73.8973,20.7298],[73.8791,20.7288],[73.857,20.6935],[73.8361,20.7013],[73.8159,20.6931],[73.8186,20.6729],[73.8348,20.6744],[73.8386,20.6663],[73.8396,20.6228],[73.8315,20.615],[73.8185,20.6133],[73.799,20.6008],[73.7954,20.6051],[73.78,20.6016],[73.7729,20.5912],[73.7568,20.5827],[73.741,20.5667],[73.7304,20.5734],[73.6937,20.5778],[73.6632,20.5618],[73.6434,20.5759],[73.6292,20.5788],[73.6183,20.6206],[73.5997,20.6358],[73.5665,20.6506],[73.5551,20.6469],[73.5305,20.6734],[73.5172,20.6667],[73.5099,20.6697],[73.4904,20.653],[73.4793,20.6752],[73.4892,20.6806],[73.4893,20.6856],[73.4746,20.7168],[73.4671,20.7213],[73.4456,20.7101],[73.4391,20.7008],[73.4484,20.693],[73.4463,20.6857],[73.4353,20.6777],[73.4317,20.6645],[73.3952,20.6521],[73.3943,20.6423],[73.4063,20.6354],[73.4076,20.6259],[73.4224,20.6202],[73.432,20.5948],[73.4465,20.5943],[73.4726,20.5833],[73.4777,20.5637],[73.4736,20.543],[73.4926,20.5399],[73.464,20.5137],[73.4677,20.4947],[73.4406,20.4664],[73.4223,20.4286],[73.4212,20.4142],[73.4077,20.4105],[73.4072,20.406],[73.4001,20.404],[73.3989,20.3961],[73.3868,20.3978],[73.3826,20.39],[73.3828,20.3727],[73.399,20.3837],[73.4061,20.3814],[73.4148,20.3519],[73.4174,20.3158],[73.4282,20.2819],[73.4159,20.2767],[73.4116,20.2569],[73.4211,20.2061],[73.418,20.2014],[73.4003,20.2004],[73.3939,20.1949],[73.3892,20.1959],[73.3864,20.2091],[73.3747,20.2023],[73.3673,20.2052],[73.3653,20.1926],[73.3557,20.2009],[73.3586,20.2133],[73.3527,20.2119],[73.3437,20.1984],[73.3019,20.2072],[73.2847,20.1939],[73.2813,20.1745],[73.2842,20.1539],[73.2589,20.1394],[73.2499,20.1247],[73.2285,20.1282],[73.223,20.1407],[73.2206,20.1283],[73.2118,20.1209],[73.1909,20.1299],[73.1855,20.1511],[73.1895,20.1618],[73.208,20.1683],[73.2195,20.1844],[73.2002,20.1975],[73.1713,20.2026],[73.1704,20.2088],[73.1591,20.1999],[73.1358,20.2072],[73.1322,20.2046],[73.1424,20.1763],[73.137,20.1713],[73.1258,20.1726],[73.116,20.1639],[73.1179,20.1574],[73.095,20.1603],[73.086,20.1745],[73.0797,20.1707],[73.0762,20.1573],[73.0621,20.1638],[73.0641,20.1928],[73.054,20.2035],[73.0666,20.2301],[73.0774,20.2343],[73.0918,20.2292],[73.1004,20.2324],[73.0984,20.2388],[73.1146,20.257],[73.1269,20.2607],[73.1364,20.2807],[73.1437,20.2772],[73.1484,20.2906],[73.1593,20.2825],[73.1698,20.29],[73.1674,20.3125],[73.161,20.3107],[73.1516,20.3173],[73.132,20.3176],[73.1244,20.3055],[73.1029,20.3052],[73.112,20.3331],[73.0974,20.3609],[73.0926,20.3599],[73.0892,20.3402],[73.0808,20.3271],[73.0651,20.3299],[73.0403,20.3233],[73.0339,20.2914],[73.0162,20.2945],[73.0144,20.3131],[73.0095,20.3178],[73.0101,20.2913],[72.9799,20.2925],[72.9789,20.2779],[72.9735,20.2721],[72.9639,20.2722],[72.9353,20.2939],[72.9138,20.2792],[72.9129,20.2687],[72.9301,20.2473],[72.959,20.2344],[72.9648,20.2196],[72.9586,20.2114],[72.9176,20.2239],[72.8635,20.2264],[72.8609,20.2088],[72.8391,20.2086],[72.8329,20.1984],[72.8384,20.1899],[72.8242,20.1883],[72.8175,20.1573],[72.824,20.1453],[72.8044,20.154],[72.7906,20.1492],[72.7937,20.1277],[72.7903,20.1257],[72.7293,20.1368],[72.7375,20.1902],[72.7563,20.2104],[72.7694,20.2125],[72.7679,20.217],[72.7608,20.217],[72.7449,20.2112],[72.7384,20.235],[72.7378,20.2462],[72.7603,20.3127],[72.7598,20.3347],[72.7765,20.3577],[72.802,20.3742],[72.8233,20.3686],[72.8415,20.3754],[72.8809,20.3696],[72.8935,20.3721],[72.8956,20.3804],[72.8887,20.3842],[72.8863,20.3934],[72.9033,20.4103],[72.8958,20.4214],[72.8689,20.4158],[72.8603,20.4196],[72.8593,20.4244],[72.8734,20.4442],[72.8888,20.4392],[72.8933,20.4454],[72.8825,20.4628],[72.8578,20.4666],[72.8446,20.4746],[72.873,20.5064],[72.8707,20.5356],[72.8858,20.5715],[72.8827,20.6102],[72.8437,20.7367],[72.8356,20.7494],[72.8376,20.7607],[72.8183,20.8031],[72.8123,20.837],[72.7829,20.8998],[72.7831,20.9313],[72.802,20.9356],[72.8248,20.9499],[72.8396,20.944],[72.8458,20.9475],[72.8289,20.9557],[72.807,20.9535],[72.7742,20.936],[72.7709,20.9177],[72.7561,20.9306],[72.7375,20.974],[72.722,21.04],[72.7262,21.0526],[72.7551,21.0519],[72.7287,21.0662],[72.6998,21.0608],[72.6939,21.0651],[72.7063,21.0775],[72.7001,21.101],[72.7054,21.1074],[72.7065,21.1274],[72.7207,21.1432],[72.6849,21.1576],[72.6707,21.1574],[72.6604,21.1426],[72.659,21.0879],[72.6526,21.0782],[72.6326,21.0812],[72.6246,21.0918],[72.6268,21.1024],[72.6229,21.1132],[72.6274,21.1199],[72.6235,21.1199],[72.6251,21.1396],[72.6212,21.1418],[72.6176,21.1635],[72.6185,21.206],[72.624,21.2121],[72.6201,21.2129],[72.6185,21.2226],[72.6304,21.2243],[72.6393,21.2171],[72.6468,21.2174],[72.6524,21.2201],[72.6532,21.2268],[72.6465,21.2196],[72.6221,21.2335],[72.6096,21.2299],[72.5971,21.2501],[72.5965,21.2718],[72.6049,21.2774],[72.5874,21.2757],[72.5893,21.2824],[72.5985,21.2799],[72.5888,21.2846],[72.5879,21.2913],[72.5932,21.3121],[72.6088,21.3263],[72.6226,21.346],[72.6235,21.3549],[72.6354,21.3624],[72.6346,21.3699],[72.639,21.3743],[72.6479,21.3724],[72.6435,21.3585],[72.6493,21.3674],[72.6474,21.3757],[72.6396,21.376],[72.6313,21.3651],[72.6232,21.3651],[72.6254,21.3815],[72.651,21.4063],[72.6649,21.4274],[72.6801,21.4338],[72.6968,21.4646],[72.6901,21.4632],[72.6818,21.4488],[72.6693,21.4471],[72.6451,21.4338],[72.6432,21.4413],[72.6579,21.4707]],[[73.3869,20.8247],[73.3848,20.8245],[73.3905,20.825],[73.3869,20.8247]],[[74.1762,22.3962],[74.1726,22.4187],[74.159,22.413],[74.166,22.406],[74.1672,22.3962],[74.1778,22.3885],[74.1762,22.3962]],[[73.8112,22.547],[73.8047,22.5487],[73.8151,22.546],[73.8112,22.547]]]]}},{"type":"Feature","properties":{"ST_NM":"Haryana"},"geometry":{"type":"Polygon","coordinates":[[[76.8507,30.8751],[76.8659,30.8669],[76.9157,30.8934],[76.9401,30.8506],[76.941,30.8335],[76.9563,30.8253],[76.9672,30.8073],[76.9821,30.804],[76.9925,30.7948],[77.0019,30.811],[77.0062,30.8143],[77.0115,30.8103],[77.0135,30.785],[77.002,30.773],[77.0179,30.7623],[77.0181,30.7484],[77.0265,30.7381],[77.0417,30.7393],[77.0471,30.7513],[77.0605,30.7446],[77.0903,30.7406],[77.1158,30.7266],[77.1133,30.7181],[77.1309,30.7137],[77.1385,30.7029],[77.1669,30.6844],[77.1636,30.6803],[77.1685,30.6638],[77.166,30.6499],[77.1757,30.6343],[77.1707,30.5952],[77.153,30.5789],[77.1246,30.563],[77.1442,30.5371],[77.1985,30.5214],[77.2128,30.5021],[77.2121,30.4801],[77.2156,30.4759],[77.2398,30.4841],[77.2649,30.4799],[77.2766,30.4621],[77.3238,30.449],[77.3393,30.4586],[77.3592,30.4573],[77.3699,30.4374],[77.3935,30.4415],[77.395,30.4346],[77.4072,30.4296],[77.4085,30.4162],[77.4137,30.414],[77.4589,30.4609],[77.4637,30.4605],[77.4695,30.4534],[77.4665,30.4356],[77.4528,30.4196],[77.429,30.4081],[77.4295,30.4036],[77.448,30.3989],[77.4741,30.4006],[77.4957,30.4104],[77.5,30.4078],[77.5061,30.4283],[77.523,30.444],[77.5389,30.4123],[77.556,30.3924],[77.5785,30.38],[77.5976,30.3765],[77.6051,30.3659],[77.5829,30.3322],[77.588,30.3211],[77.5833,30.3063],[77.5397,30.2774],[77.5327,30.2552],[77.5088,30.2287],[77.486,30.1837],[77.4687,30.176],[77.4595,30.1637],[77.4362,30.1636],[77.4279,30.1518],[77.4234,30.141],[77.4304,30.1363],[77.4281,30.1286],[77.4212,30.1183],[77.4105,30.1138],[77.4132,30.1083],[77.4267,30.1062],[77.427,30.1022],[77.4093,30.0908],[77.381,30.0867],[77.3441,30.0596],[77.2985,30.0526],[77.2827,30.0435],[77.2854,30.0292],[77.2754,29.9973],[77.2627,29.9836],[77.2477,29.9763],[77.2417,29.9571],[77.2012,29.9172],[77.1922,29.9014],[77.1969,29.89],[77.1944,29.8684],[77.1795,29.8415],[77.1809,29.8247],[77.1658,29.8089],[77.1642,29.7884],[77.1438,29.7741],[77.1301,29.7707],[77.1288,29.7661],[77.1306,29.7594],[77.1247,29.7437],[77.1343,29.738],[77.1343,29.7312],[77.1519,29.7124],[77.155,29.7011],[77.1543,29.6967],[77.1327,29.6867],[77.1316,29.6754],[77.1429,29.6581],[77.1212,29.6423],[77.1126,29.6282],[77.112,29.6174],[77.0971,29.5959],[77.1134,29.5721],[77.1211,29.548],[77.1008,29.5397],[77.0962,29.5286],[77.1089,29.5071],[77.1312,29.4923],[77.1346,29.4811],[77.1267,29.4704],[77.1255,29.4569],[77.1506,29.4371],[77.136,29.4171],[77.137,29.4056],[77.1402,29.3974],[77.1579,29.3847],[77.128,29.3716],[77.1311,29.3447],[77.1348,29.3399],[77.1575,29.34],[77.165,29.3304],[77.1611,29.3266],[77.1652,29.3118],[77.1404,29.2677],[77.1549,29.2382],[77.1537,29.2327],[77.1361,29.2197],[77.147,29.2023],[77.1508,29.1769],[77.1381,29.1578],[77.1374,29.1489],[77.1493,29.1296],[77.1327,29.1006],[77.1678,29.0723],[77.1732,29.0434],[77.2246,29.0014],[77.2006,28.9504],[77.2013,28.9416],[77.2158,28.9312],[77.2072,28.9156],[77.2319,28.9028],[77.2316,28.8988],[77.2157,28.8893],[77.1921,28.8845],[77.1887,28.8747],[77.1972,28.8615],[77.194,28.857],[77.1749,28.8554],[77.1526,28.8372],[77.1441,28.8394],[77.1454,28.8532],[77.1388,28.8601],[77.12,28.8609],[77.0936,28.8694],[77.0861,28.8793],[77.0759,28.8678],[77.06,28.868],[77.0417,28.8316],[76.9936,28.834],[76.9838,28.8207],[76.9709,28.8266],[76.9658,28.8149],[76.9524,28.8156],[76.9475,28.7984],[76.9566,28.7689],[76.9482,28.7545],[76.9603,28.7415],[76.9606,28.7313],[76.9512,28.7119],[76.9645,28.7002],[76.9571,28.672],[76.9396,28.6693],[76.9273,28.6521],[76.9437,28.6325],[76.9334,28.6235],[76.9201,28.6327],[76.9034,28.6276],[76.8877,28.6325],[76.8644,28.5872],[76.8446,28.5863],[76.8425,28.5774],[76.8472,28.5519],[76.8663,28.5427],[76.8859,28.5233],[76.889,28.5189],[76.8833,28.5093],[76.8889,28.5039],[76.907,28.5126],[76.918,28.5097],[76.9322,28.5141],[76.9542,28.5084],[76.9781,28.5224],[77.0152,28.5092],[77.0211,28.5189],[77.0056,28.5317],[77.0158,28.5375],[77.0584,28.51],[77.0666,28.5086],[77.0822,28.515],[77.1174,28.4885],[77.1124,28.4651],[77.1279,28.4371],[77.1521,28.4303],[77.1754,28.4031],[77.225,28.4103],[77.2503,28.4234],[77.253,28.442],[77.2355,28.4586],[77.2524,28.4792],[77.2638,28.4801],[77.2879,28.4927],[77.3167,28.4852],[77.3444,28.5056],[77.3704,28.4923],[77.374,28.4801],[77.3859,28.4706],[77.4078,28.4656],[77.4077,28.4531],[77.4357,28.449],[77.4459,28.426],[77.4844,28.4079],[77.4837,28.3982],[77.4767,28.3941],[77.4957,28.3741],[77.504,28.3526],[77.4735,28.3324],[77.5055,28.3014],[77.5045,28.287],[77.5024,28.275],[77.4745,28.2718],[77.4769,28.2641],[77.4967,28.2561],[77.5219,28.2487],[77.5485,28.2487],[77.5509,28.2421],[77.5453,28.2348],[77.5252,28.2241],[77.5329,28.2015],[77.5287,28.1961],[77.5224,28.196],[77.5072,28.2074],[77.4987,28.2063],[77.5017,28.1794],[77.5111,28.1815],[77.5152,28.1898],[77.5476,28.1852],[77.552,28.176],[77.5413,28.1646],[77.5059,28.1542],[77.5048,28.1401],[77.4967,28.1358],[77.508,28.13],[77.5091,28.1217],[77.5008,28.107],[77.5017,28.0923],[77.4955,28.0917],[77.4922,28.1022],[77.4877,28.1023],[77.4825,28.0981],[77.4783,28.0803],[77.4923,28.055],[77.4885,28.0385],[77.4991,28.0336],[77.5158,28.0167],[77.5212,28.0046],[77.5445,27.9876],[77.5189,27.9676],[77.5243,27.9598],[77.5452,27.9598],[77.5454,27.9436],[77.5284,27.9262],[77.5204,27.9317],[77.5046,27.9251],[77.494,27.9382],[77.4869,27.9345],[77.4776,27.9262],[77.4838,27.9064],[77.4789,27.889],[77.4549,27.8727],[77.4313,27.8888],[77.4214,27.8905],[77.4106,27.8763],[77.4214,27.8534],[77.3829,27.8581],[77.3616,27.8508],[77.3483,27.854],[77.3382,27.8464],[77.333,27.8353],[77.3363,27.8321],[77.3218,27.8245],[77.2978,27.8236],[77.2986,27.8123],[77.2859,27.8012],[77.2713,27.8106],[77.2616,27.7921],[77.2433,27.7803],[77.236,27.7831],[77.2356,27.7906],[77.2155,27.7955],[77.2026,27.8164],[77.1962,27.8095],[77.1977,27.7929],[77.1774,27.7794],[77.1709,27.7851],[77.1894,27.8031],[77.1811,27.8108],[77.1594,27.8101],[77.1601,27.7863],[77.1352,27.771],[77.1286,27.784],[77.1098,27.78],[77.0853,27.796],[77.0811,27.8041],[77.0469,27.8146],[77.0326,27.7928],[77.0292,27.7727],[77.037,27.7749],[77.048,27.7695],[77.0587,27.7556],[77.0759,27.7583],[77.0878,27.733],[77.0617,27.7224],[77.0375,27.744],[77.0199,27.7411],[77.0119,27.7332],[77.002,27.7363],[76.9875,27.7008],[76.9788,27.6518],[76.9425,27.6697],[76.9321,27.6554],[76.9136,27.6506],[76.8999,27.6746],[76.905,27.6806],[76.903,27.6844],[76.8892,27.6941],[76.8911,27.6981],[76.9086,27.6893],[76.9229,27.6955],[76.9111,27.7111],[76.8917,27.7191],[76.899,27.7367],[76.9021,27.774],[76.9151,27.8023],[76.9089,27.8158],[76.9123,27.8274],[76.9352,27.8289],[76.9385,27.8499],[76.9334,27.8715],[76.9347,27.8891],[76.9468,27.8907],[76.9475,27.9137],[76.93,27.9157],[76.9278,27.9196],[76.9337,27.973],[76.9274,27.9923],[76.9354,28.0072],[76.9425,28.0428],[76.9555,28.066],[76.9708,28.1387],[76.9508,28.1434],[76.9506,28.1499],[76.9301,28.157],[76.8931,28.1864],[76.9089,28.1995],[76.8957,28.2053],[76.8752,28.2063],[76.8727,28.2194],[76.8425,28.2197],[76.8329,28.2095],[76.8148,28.2107],[76.8104,28.2065],[76.8146,28.1952],[76.8116,28.1909],[76.8069,28.1892],[76.8028,28.1944],[76.7992,28.1886],[76.8051,28.1653],[76.8004,28.1521],[76.7639,28.1415],[76.7479,28.1239],[76.7187,28.1273],[76.7075,28.1106],[76.699,28.1097],[76.6909,28.0927],[76.6599,28.0917],[76.6565,28.0626],[76.6596,28.0394],[76.67,28.0242],[76.6686,28.014],[76.6454,28.0056],[76.6074,28.0048],[76.5759,27.9786],[76.5465,27.9656],[76.5394,27.9744],[76.5469,28.0004],[76.547,28.0342],[76.5343,28.0405],[76.5137,28.0301],[76.5006,28.0422],[76.4701,28.0397],[76.4621,28.0448],[76.4664,28.0571],[76.4923,28.0534],[76.5061,28.0598],[76.4784,28.0815],[76.4673,28.0801],[76.457,28.0883],[76.4694,28.107],[76.4811,28.1078],[76.4858,28.1011],[76.5063,28.1017],[76.5066,28.1177],[76.4954,28.1179],[76.4983,28.1288],[76.4785,28.1337],[76.4796,28.1499],[76.4457,28.1473],[76.4358,28.1411],[76.4055,28.143],[76.4015,28.1363],[76.3852,28.1333],[76.3683,28.1386],[76.3617,28.1615],[76.3444,28.1726],[76.2973,28.178],[76.2875,28.1741],[76.2866,28.1639],[76.3069,28.1579],[76.3035,28.1524],[76.31,28.1463],[76.3257,28.1484],[76.3394,28.1343],[76.364,28.1237],[76.3479,28.105],[76.3403,28.102],[76.3164,28.1066],[76.3057,28.0964],[76.3332,28.0874],[76.3457,28.0683],[76.3629,28.0695],[76.345,28.0249],[76.3248,28.0163],[76.3053,28.0213],[76.2983,28.0252],[76.2983,28.0444],[76.2731,28.0641],[76.2518,28.0643],[76.2416,28.0518],[76.2341,28.0506],[76.2165,28.051],[76.2081,28.0562],[76.1855,28.0547],[76.185,28.0444],[76.2015,28.0306],[76.2123,28.0377],[76.2217,28.0356],[76.2219,28.0271],[76.2116,28.0258],[76.204,28.0171],[76.1823,28.0174],[76.1629,27.9944],[76.1619,27.988],[76.1705,27.9838],[76.1689,27.9755],[76.1875,27.9683],[76.1743,27.9105],[76.1776,27.9052],[76.2065,27.8944],[76.2076,27.8835],[76.1968,27.8718],[76.2009,27.8593],[76.2129,27.8509],[76.2138,27.8433],[76.2311,27.8363],[76.2155,27.8238],[76.2019,27.8266],[76.1806,27.8028],[76.1355,27.8286],[76.1362,27.8424],[76.1299,27.8499],[76.0958,27.8639],[76.0878,27.8466],[76.0677,27.8527],[76.0573,27.8434],[76.0169,27.8582],[76.0129,27.853],[75.9706,27.8604],[75.9718,27.8672],[75.9811,27.8731],[75.9828,27.8887],[75.9749,27.895],[75.9851,27.9049],[75.9635,27.9152],[75.9364,27.9125],[75.9312,27.9288],[75.9462,27.9468],[75.9523,27.9358],[75.9708,27.9326],[75.9809,27.9537],[75.9761,27.958],[75.9947,27.9803],[75.9632,27.9843],[75.9642,27.9967],[75.9877,27.9971],[75.9969,28.0],[75.9984,28.0058],[75.9805,28.0138],[75.9778,28.0266],[75.9884,28.0344],[76.018,28.0323],[76.0188,28.0427],[76.0133,28.0502],[76.0246,28.0517],[76.0436,28.0696],[76.0392,28.0795],[76.0236,28.0845],[76.0099,28.0564],[75.9924,28.0464],[75.9825,28.0527],[75.9955,28.0663],[75.99,28.0759],[75.944,28.0893],[75.9553,28.1054],[75.9851,28.1229],[75.9991,28.1239],[76.0038,28.131],[76.0027,28.1463],[76.0078,28.1521],[76.0193,28.1534],[76.0359,28.1684],[76.0745,28.1634],[76.0732,28.1401],[76.0961,28.1391],[76.1011,28.1508],[76.083,28.168],[76.0738,28.1946],[76.0533,28.1986],[76.0613,28.2199],[76.0446,28.2228],[76.0194,28.2375],[76.0156,28.2489],[76.027,28.2767],[75.9949,28.2917],[75.9759,28.3199],[75.963,28.3144],[75.9597,28.3293],[75.9646,28.3342],[75.9357,28.341],[75.9367,28.3519],[75.9307,28.3648],[75.9055,28.376],[75.9052,28.3859],[75.8976,28.3896],[75.8919,28.3879],[75.8915,28.3826],[75.8434,28.3937],[75.8365,28.4051],[75.8264,28.4019],[75.825,28.4075],[75.8109,28.4103],[75.7958,28.4005],[75.7786,28.4037],[75.7737,28.4169],[75.7934,28.4353],[75.7935,28.4468],[75.7866,28.4537],[75.7433,28.4688],[75.7449,28.4834],[75.6984,28.4954],[75.6723,28.5172],[75.6717,28.5324],[75.645,28.5439],[75.6374,28.5424],[75.6265,28.5986],[75.5933,28.6029],[75.5854,28.6132],[75.5641,28.6111],[75.5574,28.6397],[75.548,28.6454],[75.5482,28.6726],[75.5346,28.7396],[75.5375,28.7469],[75.5305,28.7528],[75.5247,28.7689],[75.5071,28.7844],[75.522,28.8333],[75.5064,28.8529],[75.4967,28.8564],[75.4972,28.8951],[75.4759,28.9231],[75.4777,28.9348],[75.5064,28.9383],[75.5124,28.9486],[75.5118,28.9583],[75.5255,28.9722],[75.5201,29.0077],[75.4824,29.0171],[75.4437,29.0135],[75.4416,29.019],[75.4495,29.0385],[75.4388,29.0532],[75.4393,29.0617],[75.3896,29.0674],[75.3898,29.1078],[75.4053,29.1255],[75.3702,29.1398],[75.3767,29.1476],[75.3781,29.1671],[75.3977,29.1678],[75.4098,29.186],[75.4057,29.2106],[75.3954,29.2184],[75.3966,29.2262],[75.4087,29.2374],[75.405,29.2591],[75.3889,29.2612],[75.3672,29.2519],[75.3594,29.2446],[75.3545,29.2234],[75.3241,29.2333],[75.3324,29.2491],[75.3346,29.2756],[75.3335,29.2875],[75.3286,29.2908],[75.2989,29.2751],[75.2886,29.2742],[75.2809,29.2518],[75.2586,29.2539],[75.2444,29.2494],[75.2326,29.2324],[75.221,29.232],[75.2044,29.2418],[75.1891,29.2662],[75.1731,29.262],[75.1699,29.2514],[75.1565,29.2435],[75.1227,29.2406],[75.1171,29.2245],[75.087,29.2302],[75.0716,29.2367],[75.0743,29.2444],[75.0599,29.2616],[75.0595,29.2703],[75.0489,29.285],[75.0328,29.2894],[74.9999,29.2697],[74.9858,29.2791],[74.962,29.28],[74.949,29.3029],[74.9595,29.3166],[74.9599,29.3242],[74.9449,29.3361],[74.9362,29.3628],[74.8975,29.385],[74.8796,29.3834],[74.8729,29.3947],[74.8501,29.4025],[74.8185,29.3969],[74.7847,29.3586],[74.7654,29.3545],[74.7405,29.3524],[74.72,29.3676],[74.6974,29.3639],[74.6589,29.3712],[74.6504,29.33],[74.6043,29.3272],[74.6086,29.3532],[74.6053,29.3611],[74.5815,29.3854],[74.5787,29.4052],[74.5665,29.4177],[74.54,29.4241],[74.5378,29.4487],[74.5434,29.4642],[74.5516,29.4657],[74.5877,29.4576],[74.6004,29.4789],[74.6015,29.4911],[74.6234,29.5261],[74.5908,29.5468],[74.5755,29.5626],[74.5796,29.5677],[74.5845,29.6265],[74.5952,29.6344],[74.5877,29.654],[74.6128,29.7206],[74.611,29.7399],[74.6148,29.7521],[74.5961,29.7678],[74.5876,29.7663],[74.5808,29.7526],[74.5471,29.7533],[74.5351,29.7408],[74.4812,29.7436],[74.4746,29.7872],[74.4799,29.8016],[74.5011,29.8261],[74.542,29.8388],[74.5631,29.8651],[74.5433,29.9022],[74.5146,29.9074],[74.5343,29.9512],[74.5617,29.9288],[74.5826,29.9254],[74.5955,29.9142],[74.6567,29.904],[74.6486,29.9138],[74.6496,29.9218],[74.6908,29.9484],[74.6931,29.9603],[74.7007,29.9685],[74.7073,29.9704],[74.7339,29.961],[74.7472,29.9682],[74.786,29.9735],[74.8113,29.9916],[74.8268,29.9835],[74.8315,29.972],[74.8597,29.958],[74.8821,29.958],[74.8916,29.9672],[74.9045,29.9517],[74.8953,29.9379],[74.9259,29.9479],[74.9342,29.9402],[74.9532,29.9012],[74.98,29.8885],[74.9795,29.8792],[74.9999,29.8549],[75.0041,29.8617],[75.0157,29.866],[75.0242,29.8631],[75.0476,29.8802],[75.0619,29.8732],[75.0756,29.8774],[75.0879,29.9106],[75.095,29.9135],[75.1129,29.8953],[75.1144,29.8714],[75.0948,29.8569],[75.0913,29.8476],[75.1142,29.8362],[75.1172,29.8247],[75.1034,29.8175],[75.1002,29.8049],[75.1123,29.8007],[75.135,29.8038],[75.1455,29.7785],[75.1517,29.7751],[75.1641,29.7791],[75.1692,29.7823],[75.159,29.7942],[75.1655,29.8179],[75.1853,29.8276],[75.1925,29.8368],[75.2111,29.828],[75.2081,29.7942],[75.2225,29.7845],[75.2268,29.7694],[75.2411,29.75],[75.2314,29.731],[75.2266,29.7279],[75.2162,29.7332],[75.2037,29.7231],[75.1972,29.7099],[75.1983,29.7017],[75.2076,29.6944],[75.2052,29.6857],[75.1988,29.6787],[75.1688,29.6673],[75.1677,29.6607],[75.1831,29.6474],[75.1831,29.628],[75.1945,29.6204],[75.2092,29.6205],[75.231,29.6043],[75.233,29.5967],[75.2209,29.5802],[75.2276,29.5762],[75.2379,29.5563],[75.2332,29.5439],[75.3004,29.5594],[75.3059,29.5657],[75.3143,29.5861],[75.2902,29.6009],[75.2904,29.6078],[75.3175,29.6302],[75.3277,29.6683],[75.3402,29.6699],[75.3605,29.6569],[75.3439,29.6857],[75.3454,29.6915],[75.3687,29.7034],[75.3721,29.7105],[75.3889,29.7089],[75.3939,29.7316],[75.407,29.7462],[75.4075,29.7586],[75.4203,29.7729],[75.4301,29.7719],[75.4541,29.7837],[75.4535,29.7917],[75.4458,29.7964],[75.4547,29.8054],[75.5167,29.7714],[75.5221,29.7574],[75.5406,29.77],[75.5668,29.7631],[75.5735,29.7415],[75.5792,29.7399],[75.6032,29.7463],[75.6237,29.7436],[75.6331,29.7508],[75.6359,29.7704],[75.6514,29.7682],[75.6669,29.7732],[75.6767,29.7698],[75.6979,29.7488],[75.708,29.7522],[75.7166,29.8057],[75.7205,29.8093],[75.7591,29.8091],[75.7824,29.8223],[75.8068,29.804],[75.8307,29.8122],[75.8398,29.8092],[75.84,29.7975],[75.8543,29.7728],[75.8653,29.7664],[75.8745,29.7491],[75.89,29.7438],[75.908,29.7522],[75.9138,29.743],[75.9339,29.7316],[75.9756,29.728],[76.0284,29.7526],[76.0465,29.7432],[76.0523,29.7452],[76.0693,29.7696],[76.0853,29.7777],[76.0886,29.8022],[76.1054,29.808],[76.1274,29.7928],[76.1503,29.8131],[76.1777,29.8147],[76.1969,29.8276],[76.2053,29.8413],[76.2223,29.8395],[76.2229,29.8494],[76.2397,29.8508],[76.2533,29.8653],[76.2365,29.8814],[76.2086,29.8804],[76.1959,29.8849],[76.1933,29.9196],[76.1828,29.9196],[76.1775,29.9251],[76.1902,29.9427],[76.2152,29.9405],[76.2061,29.9621],[76.2104,29.9696],[76.2008,30.0006],[76.2024,30.0129],[76.2269,30.0236],[76.2099,30.0344],[76.2468,30.0836],[76.2667,30.101],[76.2403,30.1058],[76.2023,30.1315],[76.2058,30.1373],[76.2175,30.1303],[76.2236,30.1316],[76.2136,30.1511],[76.2156,30.1554],[76.2628,30.1154],[76.2916,30.11],[76.3048,30.115],[76.3245,30.1049],[76.3346,30.1045],[76.3607,30.124],[76.3377,30.1456],[76.3549,30.1498],[76.3755,30.1238],[76.3865,30.12],[76.4018,30.1238],[76.3964,30.1421],[76.4135,30.154],[76.3929,30.1795],[76.4108,30.1953],[76.4222,30.1986],[76.432,30.1941],[76.4405,30.176],[76.4343,30.1598],[76.4379,30.1438],[76.4482,30.1332],[76.4583,30.1333],[76.4563,30.1191],[76.4639,30.0968],[76.5026,30.0932],[76.5129,30.0727],[76.5455,30.0788],[76.6353,30.1453],[76.6397,30.1511],[76.6348,30.1663],[76.6538,30.1852],[76.6493,30.1929],[76.6511,30.2019],[76.6164,30.2112],[76.6242,30.227],[76.5962,30.2526],[76.5881,30.2519],[76.5565,30.227],[76.5446,30.2233],[76.5581,30.2397],[76.5598,30.261],[76.6221,30.2667],[76.6351,30.2874],[76.6386,30.28],[76.6636,30.2954],[76.6748,30.2956],[76.6854,30.3088],[76.687,30.322],[76.6919,30.3174],[76.7276,30.3289],[76.7276,30.3359],[76.751,30.3556],[76.7429,30.3634],[76.7239,30.3611],[76.7214,30.3642],[76.7306,30.3731],[76.7174,30.3768],[76.7127,30.3896],[76.7391,30.401],[76.7378,30.4164],[76.7615,30.4226],[76.7705,30.4349],[76.776,30.4357],[76.7794,30.432],[76.777,30.421],[76.7834,30.4143],[76.8211,30.4078],[76.8452,30.4298],[76.8524,30.4166],[76.8774,30.4046],[76.8789,30.3907],[76.8929,30.382],[76.889,30.3591],[76.8998,30.3542],[76.9104,30.3584],[76.943,30.3883],[76.9441,30.3928],[76.9385,30.3974],[76.9179,30.4005],[76.9165,30.4207],[76.9016,30.4369],[76.9108,30.4636],[76.9018,30.4805],[76.9252,30.4895],[76.9332,30.5139],[76.933,30.5206],[76.898,30.5363],[76.9152,30.547],[76.9189,30.5543],[76.9119,30.5599],[76.9175,30.5765],[76.9116,30.5844],[76.9265,30.5956],[76.9237,30.6018],[76.9146,30.6044],[76.9127,30.616],[76.8967,30.6231],[76.8902,30.633],[76.8717,30.6366],[76.8754,30.6753],[76.853,30.6528],[76.8479,30.6519],[76.8481,30.6602],[76.8319,30.6567],[76.8308,30.6867],[76.8495,30.7104],[76.836,30.7362],[76.8415,30.76],[76.8602,30.7887],[76.8469,30.8008],[76.8412,30.8288],[76.8146,30.8388],[76.7825,30.8729],[76.776,30.8898],[76.7834,30.9028],[76.8238,30.9267],[76.8279,30.9177],[76.8233,30.9031],[76.8362,30.8844],[76.8507,30.8751]],[[77.1149,29.9908],[77.1312,29.9826],[77.1178,29.9894],[77.1149,29.9908]],[[76.4937,29.516],[76.4928,29.5147],[76.5009,29.5266],[76.4937,29.516]]]}},{"type":"Feature","properties":{"ST_NM":"Himachal Pradesh"},"geometry":{"type":"Polygon","coordinates":[[[76.7963,33.2549],[76.8208,33.2358],[76.832,33.2465],[76.8464,33.2455],[76.8291,33.2145],[76.8366,33.2046],[76.8213,33.1929],[76.8245,33.1838],[76.816,33.1723],[76.8213,33.1547],[76.8351,33.1409],[76.8471,33.1366],[76.8459,33.1306],[76.8552,33.1253],[76.8519,33.1194],[76.8623,33.1112],[76.8704,33.1104],[76.8866,33.1191],[76.8951,33.113],[76.9026,33.0962],[76.9121,33.0939],[76.9085,33.0795],[76.9352,33.0323],[76.9798,33.0125],[76.9842,33.0057],[77.0161,32.988],[77.0376,32.9902],[77.053,32.9981],[77.0836,32.9839],[77.0926,32.9716],[77.1148,32.9759],[77.1209,32.9855],[77.1541,32.9787],[77.153,32.9591],[77.1638,32.9546],[77.1664,32.9395],[77.1684,32.9183],[77.1638,32.9121],[77.1751,32.9113],[77.1814,32.9232],[77.1915,32.9292],[77.2066,32.9081],[77.2459,32.8935],[77.2424,32.878],[77.2539,32.8702],[77.2564,32.8631],[77.2652,32.8628],[77.2759,32.8743],[77.2988,32.8535],[77.3227,32.8519],[77.3301,32.8441],[77.3284,32.8355],[77.3454,32.8176],[77.374,32.823],[77.3803,32.8443],[77.3773,32.8573],[77.4052,32.8833],[77.415,32.8847],[77.4278,32.8759],[77.4434,32.8814],[77.4539,32.8636],[77.4729,32.8594],[77.5023,32.8842],[77.5121,32.8791],[77.5374,32.885],[77.5626,32.9093],[77.5875,32.9192],[77.6019,32.9414],[77.6043,32.9375],[77.6309,32.939],[77.6565,32.9537],[77.6713,32.9569],[77.6833,32.9836],[77.6889,32.9838],[77.6976,32.9753],[77.7131,32.9753],[77.7217,32.9636],[77.7306,32.9693],[77.7545,32.9453],[77.7628,32.9433],[77.7776,32.9248],[77.8081,32.9027],[77.8105,32.8954],[77.8049,32.889],[77.7907,32.8882],[77.7793,32.8621],[77.8169,32.8431],[77.8261,32.8332],[77.843,32.8371],[77.8655,32.8256],[77.8791,32.8133],[77.8868,32.7975],[77.8848,32.7874],[77.8987,32.7725],[77.9173,32.7724],[77.9329,32.7631],[77.9357,32.7539],[77.9295,32.7335],[77.9362,32.7278],[77.9271,32.7184],[77.9209,32.69],[77.9378,32.6764],[77.9565,32.6449],[77.9702,32.6372],[77.9718,32.6228],[78.0,32.5832],[78.0349,32.5837],[78.0533,32.5886],[78.059,32.602],[78.052,32.6124],[78.0515,32.6324],[78.0829,32.621],[78.0966,32.6495],[78.111,32.6589],[78.1338,32.6391],[78.1391,32.639],[78.1537,32.667],[78.1703,32.6757],[78.1882,32.6739],[78.2017,32.6605],[78.2307,32.6658],[78.251,32.6803],[78.2544,32.6913],[78.3136,32.7094],[78.316,32.7214],[78.3056,32.7345],[78.3627,32.7601],[78.3894,32.7584],[78.3892,32.7303],[78.3958,32.7159],[78.3855,32.6961],[78.381,32.6685],[78.3887,32.6346],[78.3937,32.626],[78.4066,32.6197],[78.3494,32.5813],[78.3142,32.574],[78.3167,32.5257],[78.296,32.5043],[78.3278,32.4722],[78.4,32.526],[78.4166,32.5227],[78.4267,32.5083],[78.4432,32.5083],[78.4559,32.5016],[78.4662,32.4864],[78.4548,32.4673],[78.4556,32.4526],[78.4836,32.4413],[78.4955,32.422],[78.52,32.4223],[78.5362,32.4146],[78.515,32.3913],[78.509,32.3694],[78.4813,32.3483],[78.4779,32.3333],[78.4833,32.28],[78.4562,32.2424],[78.4999,32.2391],[78.5565,32.2459],[78.61,32.2145],[78.6107,32.1782],[78.6057,32.1673],[78.5912,32.1544],[78.6065,32.1413],[78.6142,32.1178],[78.6647,32.1028],[78.6742,32.077],[78.6981,32.0591],[78.7069,32.0414],[78.7393,32.016],[78.7481,32.0032],[78.7878,31.9953],[78.7692,31.9351],[78.746,31.9021],[78.7481,31.8936],[78.7402,31.877],[78.7382,31.8327],[78.711,31.8126],[78.7076,31.7887],[78.7196,31.7658],[78.7409,31.7592],[78.7275,31.7366],[78.7376,31.7257],[78.7505,31.6873],[78.766,31.68],[78.7958,31.6851],[78.8028,31.6528],[78.8429,31.6232],[78.8471,31.6104],[78.8388,31.5958],[78.8132,31.5713],[78.784,31.5609],[78.7659,31.544],[78.7371,31.5361],[78.7224,31.5135],[78.7309,31.5029],[78.7323,31.48],[78.7647,31.4857],[78.7769,31.47],[78.8112,31.4478],[78.8081,31.4129],[78.7921,31.4017],[78.792,31.3963],[78.8323,31.3834],[78.8498,31.3675],[78.8557,31.3456],[78.8445,31.3252],[78.8556,31.3226],[78.8737,31.3079],[78.8829,31.2963],[78.895,31.2656],[78.9223,31.2541],[78.9253,31.2287],[78.935,31.2179],[78.9505,31.2172],[78.9512,31.2005],[78.9615,31.1884],[78.9872,31.1772],[78.9927,31.1649],[78.991,31.1455],[79.0044,31.1321],[79.0118,31.1101],[78.9808,31.1101],[78.9573,31.0998],[78.9356,31.1023],[78.9278,31.1109],[78.9189,31.1102],[78.9119,31.1004],[78.8865,31.1021],[78.8671,31.121],[78.8529,31.1255],[78.8339,31.142],[78.8254,31.1587],[78.8269,31.1643],[78.8128,31.1774],[78.8184,31.1941],[78.8103,31.1999],[78.7646,31.1892],[78.7227,31.1899],[78.675,31.1982],[78.6628,31.1896],[78.6496,31.2169],[78.6106,31.2314],[78.5818,31.2287],[78.5522,31.2017],[78.4852,31.1988],[78.4817,31.216],[78.4593,31.2393],[78.4346,31.255],[78.4295,31.246],[78.4127,31.2429],[78.4065,31.2481],[78.4082,31.2574],[78.3965,31.2766],[78.3886,31.2744],[78.3844,31.2831],[78.3715,31.286],[78.3321,31.2803],[78.3135,31.2834],[78.3085,31.2612],[78.2841,31.2666],[78.2476,31.2302],[78.2218,31.2324],[78.2152,31.2209],[78.2025,31.2174],[78.1864,31.2271],[78.1628,31.2268],[78.1498,31.2114],[78.1341,31.2093],[78.1287,31.2015],[78.1026,31.1861],[78.0687,31.1882],[78.0447,31.1806],[78.031,31.1668],[78.029,31.1502],[78.0073,31.1624],[77.9841,31.1605],[77.9695,31.1741],[77.9294,31.152],[77.9169,31.1542],[77.9022,31.1501],[77.9044,31.1444],[77.8951,31.1328],[77.8933,31.12],[77.8661,31.1064],[77.8649,31.0906],[77.8574,31.0767],[77.8392,31.0698],[77.8292,31.0563],[77.8151,31.0575],[77.8295,31.0293],[77.836,31.0253],[77.8332,31.0111],[77.8397,31.0035],[77.8244,31.0006],[77.828,30.9943],[77.8107,30.9651],[77.8189,30.9563],[77.8332,30.9554],[77.8314,30.9489],[77.8165,30.9504],[77.7927,30.9677],[77.7782,30.9723],[77.7682,30.9722],[77.7488,30.955],[77.7509,30.935],[77.7607,30.9293],[77.7598,30.9176],[77.8098,30.9191],[77.815,30.908],[77.7986,30.8837],[77.7976,30.8673],[77.8035,30.8538],[77.7793,30.8605],[77.7686,30.8777],[77.7586,30.8765],[77.7558,30.8595],[77.7455,30.8461],[77.7581,30.8315],[77.7584,30.8251],[77.7334,30.8036],[77.7184,30.7743],[77.7022,30.7639],[77.7054,30.7435],[77.7342,30.7335],[77.736,30.7258],[77.7549,30.7058],[77.7474,30.6926],[77.7472,30.681],[77.7796,30.6604],[77.7928,30.6589],[77.782,30.6466],[77.7887,30.6362],[77.7849,30.6236],[77.7957,30.6144],[77.7703,30.6154],[77.768,30.5958],[77.7484,30.6033],[77.7431,30.5935],[77.7572,30.5849],[77.7754,30.5581],[77.7918,30.5524],[77.8168,30.5588],[77.8242,30.5282],[77.8127,30.5064],[77.7811,30.4994],[77.7348,30.4728],[77.7246,30.4723],[77.6924,30.4468],[77.6749,30.4438],[77.6535,30.4474],[77.6438,30.4312],[77.617,30.4325],[77.5878,30.4217],[77.576,30.4122],[77.5754,30.4052],[77.5893,30.385],[77.588,30.3796],[77.5785,30.38],[77.5519,30.3971],[77.5389,30.4123],[77.523,30.444],[77.5061,30.4283],[77.5,30.4078],[77.4957,30.4104],[77.4741,30.4006],[77.448,30.3989],[77.4295,30.4036],[77.429,30.4081],[77.4528,30.4196],[77.4665,30.4356],[77.4695,30.4534],[77.4637,30.4605],[77.4589,30.4609],[77.4137,30.414],[77.4085,30.4162],[77.4072,30.4296],[77.395,30.4346],[77.3935,30.4415],[77.3699,30.4374],[77.3592,30.4573],[77.3393,30.4586],[77.3238,30.449],[77.2766,30.4621],[77.2649,30.4799],[77.2398,30.4841],[77.2156,30.4759],[77.2121,30.4801],[77.2128,30.5021],[77.1985,30.5214],[77.1507,30.5342],[77.1355,30.5439],[77.1246,30.563],[77.153,30.5789],[77.1719,30.5988],[77.1757,30.6343],[77.166,30.6499],[77.1685,30.6638],[77.1636,30.6803],[77.1669,30.6844],[77.1385,30.7029],[77.1309,30.7137],[77.1133,30.7181],[77.1158,30.7266],[77.0903,30.7406],[77.0605,30.7446],[77.0471,30.7513],[77.0417,30.7393],[77.0265,30.7381],[77.0181,30.7484],[77.0179,30.7623],[77.002,30.773],[77.0135,30.785],[77.0115,30.8103],[77.0062,30.8143],[77.0019,30.811],[76.9925,30.7948],[76.9821,30.804],[76.9672,30.8073],[76.9563,30.8253],[76.941,30.8335],[76.9401,30.8506],[76.9157,30.8934],[76.8659,30.8669],[76.8293,30.8923],[76.8233,30.9031],[76.8279,30.9177],[76.8238,30.9267],[76.7834,30.9028],[76.7674,30.9142],[76.7622,30.9256],[76.7519,30.9265],[76.7396,30.9358],[76.7377,30.947],[76.7262,30.9599],[76.7186,30.9598],[76.7078,30.969],[76.6762,30.9677],[76.6666,30.9784],[76.6395,30.9891],[76.6236,31.0009],[76.6272,31.0187],[76.6126,31.0503],[76.6232,31.0574],[76.6186,31.0751],[76.6256,31.0931],[76.6395,31.107],[76.6375,31.1148],[76.6031,31.1245],[76.6126,31.148],[76.6039,31.1541],[76.6043,31.1797],[76.6481,31.2122],[76.6385,31.2179],[76.64,31.2239],[76.6303,31.2263],[76.5946,31.2133],[76.5899,31.2227],[76.5987,31.2366],[76.6156,31.2478],[76.5846,31.2771],[76.5599,31.2529],[76.5489,31.2524],[76.5467,31.2635],[76.5512,31.281],[76.5453,31.2806],[76.5419,31.267],[76.5321,31.2594],[76.5283,31.2616],[76.5283,31.2802],[76.5122,31.2704],[76.5026,31.2705],[76.4897,31.2894],[76.4865,31.3039],[76.4808,31.3074],[76.4598,31.2869],[76.4451,31.2801],[76.4425,31.2864],[76.4623,31.3032],[76.4421,31.3224],[76.3934,31.3886],[76.4045,31.3947],[76.3958,31.408],[76.3872,31.4111],[76.3895,31.4196],[76.3774,31.4388],[76.371,31.4271],[76.3733,31.4131],[76.361,31.4032],[76.33,31.3999],[76.3323,31.3786],[76.3437,31.377],[76.3453,31.3565],[76.3507,31.3504],[76.3441,31.3427],[76.3318,31.3497],[76.3298,31.345],[76.31,31.3397],[76.3162,31.3238],[76.31,31.3167],[76.2751,31.3033],[76.2695,31.3125],[76.2371,31.3106],[76.2202,31.3028],[76.1867,31.3044],[76.18,31.3239],[76.1802,31.3392],[76.1535,31.3509],[76.1489,31.3595],[76.148,31.3805],[76.167,31.395],[76.1708,31.4023],[76.1675,31.4118],[76.1296,31.4634],[76.1221,31.4802],[76.1223,31.4931],[76.1048,31.517],[76.0982,31.5352],[76.0574,31.5902],[76.0583,31.6012],[76.0375,31.6137],[76.0171,31.6449],[76.0191,31.6614],[76.0117,31.6673],[76.0066,31.6829],[75.9902,31.6938],[75.9918,31.7035],[75.9805,31.732],[75.972,31.739],[75.974,31.7481],[75.9596,31.7799],[75.951,31.783],[75.9364,31.8159],[75.9479,31.8137],[75.9676,31.8226],[75.9861,31.8132],[75.9823,31.8221],[75.9704,31.831],[75.9462,31.8826],[75.9108,31.9392],[75.9094,31.9487],[75.8811,31.9678],[75.8565,31.9727],[75.8513,31.9807],[75.8205,31.9842],[75.7992,31.9935],[75.7529,32.0352],[75.7254,32.0354],[75.7153,32.043],[75.7048,32.061],[75.6643,32.0768],[75.6134,32.0657],[75.5936,32.0814],[75.6255,32.0993],[75.6462,32.1192],[75.6706,32.1457],[75.6769,32.1644],[75.6713,32.1763],[75.6353,32.185],[75.6378,32.2346],[75.6677,32.2553],[75.6912,32.2638],[75.7518,32.2734],[75.7701,32.2857],[75.7788,32.3018],[75.8596,32.3789],[75.8877,32.398],[75.9417,32.4113],[75.9505,32.4243],[75.9314,32.4483],[75.9113,32.4615],[75.8669,32.5077],[75.8724,32.5375],[75.8915,32.5707],[75.8886,32.576],[75.9399,32.6435],[75.9404,32.6581],[75.9217,32.6722],[75.9129,32.691],[75.9263,32.7209],[75.929,32.7571],[75.9166,32.7699],[75.8904,32.8139],[75.8376,32.8431],[75.8221,32.8565],[75.8113,32.8706],[75.8041,32.8938],[75.8167,32.9044],[75.815,32.9199],[75.8247,32.9303],[75.8507,32.9351],[75.8839,32.9306],[75.9169,32.916],[75.9506,32.8845],[76.0042,32.9007],[76.0215,32.9141],[76.0341,32.9177],[76.045,32.9375],[76.0674,32.9443],[76.0992,32.9688],[76.1108,33.0049],[76.1454,33.0101],[76.1694,33.0229],[76.2546,33.0324],[76.2726,33.0521],[76.2924,33.1038],[76.3094,33.12],[76.3734,33.1544],[76.3838,33.1678],[76.4094,33.1864],[76.4254,33.1881],[76.4395,33.1815],[76.4868,33.1795],[76.5137,33.1956],[76.552,33.1989],[76.5653,33.209],[76.5997,33.2063],[76.604,33.2037],[76.6018,33.1925],[76.6151,33.1874],[76.6174,33.1731],[76.6448,33.1618],[76.6689,33.1711],[76.7031,33.1732],[76.7146,33.1807],[76.7478,33.1786],[76.7523,33.1923],[76.7601,33.1966],[76.7779,33.2238],[76.7804,33.2387],[76.7734,33.2487],[76.7963,33.2549]]]}},{"type":"Feature","properties":{"ST_NM":"Jammu & Kashmir"},"geometry":{"type":"Polygon","coordinates":[[[74.7345,37.0207],[74.7525,37.0115],[74.7597,37.0155],[74.7634,37.0251],[74.7789,37.0298],[74.8055,37.0232],[74.8401,37.0223],[74.846,36.9899],[74.8879,36.9459],[74.9109,36.9124],[74.9222,36.9061],[74.928,36.9089],[74.9326,36.9255],[74.9413,36.9347],[74.9912,36.9628],[75.0128,36.966],[75.0187,36.9764],[75.0631,36.9599],[75.0853,36.9437],[75.096,36.9428],[75.1511,36.9671],[75.1734,36.9861],[75.1809,37.0005],[75.2023,37.0211],[75.209,37.0368],[75.2257,37.0374],[75.265,37.0519],[75.2792,37.0469],[75.3155,37.0539],[75.3438,37.0525],[75.3452,37.0031],[75.352,36.981],[75.3763,36.9605],[75.3866,36.9594],[75.4012,36.968],[75.4135,36.9675],[75.4231,36.9607],[75.4282,36.9506],[75.4268,36.939],[75.4088,36.9167],[75.4151,36.9033],[75.4142,36.8919],[75.417,36.8872],[75.4378,36.8915],[75.444,36.8872],[75.46,36.8306],[75.4742,36.8108],[75.514,36.7921],[75.6165,36.7616],[75.6752,36.696],[75.7483,36.5884],[75.7694,36.5733],[75.8096,36.553],[75.8491,36.5443],[75.9234,36.5024],[75.9648,36.49],[75.997,36.4843],[76.0259,36.486],[76.0773,36.4743],[76.1251,36.4375],[76.1731,36.3903],[76.1986,36.3874],[76.2548,36.3478],[76.2921,36.3491],[76.3282,36.3625],[76.3524,36.3599],[76.4042,36.3195],[76.432,36.3082],[76.4366,36.2884],[76.45,36.2694],[76.4332,36.2512],[76.4571,36.2405],[76.4817,36.2114],[76.5449,36.1928],[76.563,36.1731],[76.6012,36.1655],[76.6373,36.1849],[76.6444,36.184],[76.6648,36.1581],[76.7037,36.1289],[76.7196,36.0832],[76.8019,36.0479],[76.7988,36.0384],[76.8078,36.0187],[76.7697,36.0094],[76.7543,35.9901],[76.7543,35.9827],[76.7228,35.9534],[76.779,35.8987],[76.7941,35.8628],[76.8118,35.8448],[76.8579,35.8312],[76.8949,35.7997],[76.9352,35.7841],[77.0207,35.7746],[77.0587,35.7843],[77.0801,35.7976],[77.1157,35.7978],[77.127,35.7827],[77.1361,35.7818],[77.1435,35.7697],[77.1642,35.7667],[77.1631,35.7405],[77.1673,35.7346],[77.1937,35.733],[77.2072,35.7265],[77.221,35.7282],[77.2282,35.7125],[77.2678,35.7091],[77.2775,35.7204],[77.2855,35.7111],[77.3152,35.6991],[77.3276,35.7191],[77.3584,35.7177],[77.3692,35.7044],[77.3708,35.6952],[77.3865,35.6898],[77.4016,35.6625],[77.4221,35.6616],[77.431,35.6546],[77.4379,35.6411],[77.4335,35.6303],[77.4368,35.6222],[77.4271,35.6105],[77.4569,35.5936],[77.4656,35.5733],[77.4606,35.5477],[77.4866,35.532],[77.4724,35.5211],[77.4518,35.5266],[77.4353,35.5174],[77.4089,35.5282],[77.3919,35.5458],[77.3784,35.5503],[77.3454,35.5468],[77.3208,35.5326],[77.3425,35.5122],[77.3487,35.4937],[77.3663,35.4937],[77.3792,35.4777],[77.4138,35.4731],[77.4396,35.4615],[77.5125,35.4886],[77.54,35.4813],[77.5688,35.4851],[77.582,35.4751],[77.5938,35.4764],[77.6141,35.4696],[77.6279,35.4743],[77.645,35.4891],[77.6724,35.4706],[77.6801,35.471],[77.6867,35.4777],[77.723,35.4755],[77.7265,35.4849],[77.7245,35.5151],[77.7336,35.5245],[77.7583,35.5022],[77.7728,35.4954],[77.7871,35.4953],[77.8083,35.5112],[77.8185,35.5129],[77.8547,35.4927],[77.8645,35.4812],[77.8871,35.485],[77.9013,35.4681],[77.922,35.4945],[77.9719,35.4582],[77.9825,35.4559],[77.9843,35.4646],[77.9651,35.4791],[77.9649,35.496],[77.9312,35.5158],[77.9376,35.5322],[77.9668,35.5716],[77.966,35.5876],[77.9525,35.607],[77.9651,35.6039],[77.991,35.5818],[78.042,35.5874],[78.0777,35.5492],[78.0929,35.5562],[78.1373,35.5389],[78.1473,35.5496],[78.1567,35.552],[78.1516,35.5782],[78.1665,35.6132],[78.1622,35.6294],[78.1682,35.6302],[78.1792,35.6223],[78.1861,35.624],[78.1985,35.6486],[78.1997,35.6692],[78.2303,35.6519],[78.2551,35.6456],[78.2593,35.6584],[78.2721,35.6689],[78.2675,35.711],[78.2733,35.722],[78.2894,35.7257],[78.3389,35.7206],[78.3861,35.7355],[78.3975,35.7462],[78.3998,35.7563],[78.4126,35.7659],[78.4163,35.7793],[78.4232,35.7853],[78.4647,35.7742],[78.5091,35.7727],[78.5213,35.7638],[78.5605,35.7925],[78.5749,35.7897],[78.5806,35.8081],[78.6195,35.8171],[78.665,35.8574],[78.6914,35.8563],[78.7189,35.8683],[78.7688,35.8697],[78.7902,35.8593],[78.8238,35.8558],[78.9399,35.8796],[78.9605,35.8926],[78.9704,35.8889],[79.0038,35.8568],[79.0216,35.8487],[79.1325,35.8362],[79.157,35.8503],[79.194,35.8869],[79.1978,35.8986],[79.1881,35.9274],[79.1898,35.9472],[79.2155,35.9788],[79.2418,35.9868],[79.3448,35.9886],[79.3781,35.9953],[79.3868,35.9905],[79.4031,35.9188],[79.4221,35.8965],[79.5184,35.8835],[79.5599,35.8618],[79.712,35.8195],[79.725,35.806],[79.7375,35.802],[79.7964,35.7972],[79.8711,35.783],[79.9102,35.8172],[79.93,35.8274],[79.9722,35.8407],[79.9992,35.8378],[80.0382,35.7998],[80.0582,35.7499],[80.0882,35.7252],[80.1081,35.6809],[80.2373,35.6419],[80.2743,35.6228],[80.2915,35.6074],[80.3113,35.5542],[80.328,35.4697],[80.318,35.4635],[80.2976,35.4608],[80.2811,35.4409],[80.2835,35.3879],[80.2709,35.3442],[80.2357,35.2766],[80.226,35.22],[80.1835,35.1667],[80.1779,35.1369],[80.1859,35.0632],[80.1748,35.0023],[80.1237,34.8934],[80.1068,34.868],[80.084,34.8488],[80.0731,34.8284],[80.067,34.7906],[80.0728,34.7461],[80.069,34.7148],[80.0445,34.7044],[79.9446,34.6811],[79.9003,34.6913],[79.8607,34.6888],[79.8248,34.6611],[79.8165,34.6434],[79.8043,34.643],[79.7759,34.6276],[79.7726,34.6205],[79.793,34.5896],[79.771,34.5821],[79.759,34.566],[79.7585,34.5547],[79.775,34.552],[79.8103,34.5313],[79.8152,34.5202],[79.8145,34.5001],[79.794,34.4851],[79.7334,34.4783],[79.6846,34.4787],[79.673,34.4836],[79.662,34.4797],[79.6524,34.4884],[79.6089,34.492],[79.5933,34.5008],[79.5709,34.4867],[79.5085,34.4743],[79.5273,34.4455],[79.5281,34.418],[79.5419,34.4101],[79.5612,34.41],[79.554,34.388],[79.5622,34.3635],[79.5596,34.3324],[79.5919,34.2828],[79.5857,34.2444],[79.5724,34.2229],[79.5501,34.2151],[79.5445,34.2073],[79.5371,34.2058],[79.5196,34.2129],[79.5072,34.2058],[79.4897,34.1572],[79.4947,34.1359],[79.4612,34.102],[79.4326,34.0927],[79.4203,34.0781],[79.4145,34.0549],[79.43,34.0434],[79.4379,34.0286],[79.4266,34.0174],[79.4143,34.0149],[79.3988,34.0271],[79.3555,34.0369],[79.306,34.043],[79.2744,34.0394],[79.2477,34.0513],[79.1981,34.0512],[79.1788,34.0721],[79.1712,34.0729],[79.1649,34.0666],[79.1516,34.0681],[79.1438,34.0352],[79.1358,34.0272],[79.1126,34.0197],[79.062,34.0287],[79.0224,34.0509],[78.952,34.0289],[78.9406,34.024],[78.9234,33.9937],[78.9057,33.9762],[78.9067,33.9689],[78.9212,33.9573],[78.937,33.9272],[78.9483,33.9207],[78.9438,33.9086],[78.9527,33.9024],[78.9617,33.871],[79.0008,33.8033],[79.0065,33.7976],[79.0192,33.7988],[79.0125,33.7869],[79.0168,33.7787],[79.0245,33.7752],[79.0341,33.7837],[79.0473,33.7661],[79.0538,33.7784],[79.0603,33.7803],[79.0685,33.7564],[79.043,33.7497],[79.0431,33.7385],[79.0262,33.7227],[79.0205,33.7057],[79.029,33.6918],[79.054,33.6781],[79.0718,33.6791],[79.0863,33.6884],[79.0912,33.687],[79.0905,33.6571],[79.1071,33.6169],[79.0995,33.6137],[79.0654,33.6268],[79.0478,33.6277],[79.0201,33.6235],[78.9899,33.6112],[78.9498,33.6207],[78.9224,33.6332],[78.9145,33.6279],[78.9182,33.5871],[78.9152,33.5743],[78.9278,33.5598],[78.9428,33.5093],[78.9315,33.4739],[78.9333,33.4328],[78.9403,33.4123],[78.95,33.4084],[78.9537,33.3811],[78.9687,33.3755],[78.9726,33.3605],[78.9803,33.3559],[78.9892,33.3335],[78.9964,33.3305],[79.0178,33.3355],[79.0619,33.3098],[79.1108,33.2919],[79.1663,33.2901],[79.1769,33.2945],[79.2086,33.2924],[79.2406,33.2978],[79.3157,33.2732],[79.3701,33.2827],[79.4475,33.2648],[79.4549,33.2585],[79.4467,33.2058],[79.3934,33.1244],[79.3774,33.0847],[79.3935,33.0541],[79.3938,33.0362],[79.3823,33.0277],[79.341,33.0185],[79.332,33.0121],[79.3552,33.0029],[79.3682,32.9909],[79.3841,32.9891],[79.3856,32.968],[79.4093,32.9701],[79.4223,32.9615],[79.464,32.9201],[79.4889,32.8813],[79.5161,32.8557],[79.568,32.7868],[79.5823,32.7811],[79.5873,32.774],[79.6032,32.777],[79.6272,32.7393],[79.5784,32.6787],[79.5671,32.6733],[79.5157,32.6081],[79.4698,32.5763],[79.4617,32.553],[79.4481,32.5325],[79.4242,32.5272],[79.4068,32.5297],[79.3994,32.5371],[79.3945,32.5723],[79.3395,32.592],[79.3207,32.5927],[79.2951,32.5501],[79.2736,32.5324],[79.2509,32.5341],[79.2378,32.5059],[79.1951,32.483],[79.1479,32.4811],[79.1374,32.4769],[79.1313,32.4661],[79.1466,32.4429],[79.1443,32.4227],[79.1257,32.4136],[79.1151,32.3842],[79.071,32.3907],[79.0337,32.3859],[79.0146,32.3773],[78.9938,32.3452],[78.9819,32.3378],[78.9617,32.3661],[78.95,32.3673],[78.9035,32.3929],[78.8753,32.4172],[78.8589,32.4406],[78.8344,32.4361],[78.8272,32.4387],[78.7768,32.5584],[78.7764,32.5731],[78.7943,32.5891],[78.7959,32.6104],[78.7632,32.6535],[78.7698,32.6921],[78.7691,32.6971],[78.7627,32.6978],[78.7423,32.6737],[78.7231,32.6612],[78.6623,32.654],[78.639,32.6097],[78.6209,32.5967],[78.5881,32.6159],[78.5734,32.6176],[78.5357,32.6086],[78.4996,32.5817],[78.4598,32.58],[78.4366,32.5616],[78.428,32.5318],[78.4,32.526],[78.3278,32.4722],[78.296,32.5043],[78.3167,32.5257],[78.3142,32.574],[78.3494,32.5813],[78.4066,32.6197],[78.3937,32.626],[78.3887,32.6346],[78.381,32.6685],[78.3855,32.6961],[78.3958,32.7159],[78.3892,32.7303],[78.3894,32.7584],[78.3627,32.7601],[78.3056,32.7345],[78.316,32.7214],[78.3136,32.7094],[78.2544,32.6913],[78.251,32.6803],[78.2307,32.6658],[78.2017,32.6605],[78.1882,32.6739],[78.1703,32.6757],[78.1537,32.667],[78.1391,32.639],[78.1338,32.6391],[78.111,32.6589],[78.0966,32.6495],[78.0829,32.621],[78.0515,32.6324],[78.052,32.6124],[78.059,32.602],[78.0533,32.5886],[78.0349,32.5837],[78.0,32.5832],[77.9718,32.6228],[77.9702,32.6372],[77.9565,32.6449],[77.9378,32.6764],[77.9209,32.69],[77.9271,32.7184],[77.9362,32.7278],[77.9295,32.7335],[77.9357,32.7539],[77.9329,32.7631],[77.9173,32.7724],[77.8987,32.7725],[77.8848,32.7874],[77.8868,32.7975],[77.8791,32.8133],[77.8655,32.8256],[77.843,32.8371],[77.8261,32.8332],[77.8169,32.8431],[77.7793,32.8621],[77.7907,32.8882],[77.8049,32.889],[77.8105,32.8954],[77.8081,32.9027],[77.7776,32.9248],[77.7628,32.9433],[77.7545,32.9453],[77.7306,32.9693],[77.7217,32.9636],[77.7131,32.9753],[77.6976,32.9753],[77.6889,32.9838],[77.6833,32.9836],[77.6713,32.9569],[77.6565,32.9537],[77.6309,32.939],[77.6043,32.9375],[77.6019,32.9414],[77.5875,32.9192],[77.5626,32.9093],[77.5374,32.885],[77.5121,32.8791],[77.5023,32.8842],[77.4729,32.8594],[77.4539,32.8636],[77.4434,32.8814],[77.4278,32.8759],[77.415,32.8847],[77.4052,32.8833],[77.3773,32.8573],[77.3803,32.8443],[77.374,32.823],[77.3454,32.8176],[77.3284,32.8355],[77.3301,32.8441],[77.3227,32.8519],[77.2988,32.8535],[77.2759,32.8743],[77.2652,32.8628],[77.2564,32.8631],[77.2539,32.8702],[77.2424,32.878],[77.2459,32.8935],[77.2066,32.9081],[77.1915,32.9292],[77.1814,32.9232],[77.1751,32.9113],[77.1638,32.9121],[77.1684,32.9183],[77.1664,32.9395],[77.1638,32.9546],[77.153,32.9591],[77.1541,32.9787],[77.1209,32.9855],[77.1148,32.9759],[77.0926,32.9716],[77.0836,32.9839],[77.053,32.9981],[77.0376,32.9902],[77.0161,32.988],[76.9842,33.0057],[76.9798,33.0125],[76.9352,33.0323],[76.9085,33.0795],[76.9121,33.0939],[76.9026,33.0962],[76.8951,33.113],[76.8866,33.1191],[76.8704,33.1104],[76.8623,33.1112],[76.8519,33.1194],[76.8552,33.1253],[76.8459,33.1306],[76.8471,33.1366],[76.8351,33.1409],[76.8213,33.1547],[76.816,33.1723],[76.8245,33.1838],[76.8213,33.1929],[76.8366,33.2046],[76.8291,33.2145],[76.8464,33.2455],[76.832,33.2465],[76.8208,33.2358],[76.7963,33.2549],[76.7734,33.2487],[76.7804,33.2387],[76.7779,33.2238],[76.7601,33.1966],[76.7523,33.1923],[76.7478,33.1786],[76.7146,33.1807],[76.7031,33.1732],[76.6689,33.1711],[76.6448,33.1618],[76.6174,33.1731],[76.6151,33.1874],[76.6018,33.1925],[76.604,33.2037],[76.5997,33.2063],[76.5653,33.209],[76.552,33.1989],[76.5137,33.1956],[76.4868,33.1795],[76.4395,33.1815],[76.4254,33.1881],[76.4094,33.1864],[76.3838,33.1678],[76.3734,33.1544],[76.3094,33.12],[76.2924,33.1038],[76.2726,33.0521],[76.2546,33.0324],[76.1694,33.0229],[76.1454,33.0101],[76.1108,33.0049],[76.0992,32.9688],[76.0674,32.9443],[76.045,32.9375],[76.0341,32.9177],[76.0215,32.9141],[76.0042,32.9007],[75.9625,32.8853],[75.9506,32.8845],[75.9169,32.916],[75.8839,32.9306],[75.8507,32.9351],[75.8247,32.9303],[75.815,32.9199],[75.8167,32.9044],[75.8041,32.8938],[75.8065,32.8819],[75.8221,32.8565],[75.8376,32.8431],[75.8904,32.8139],[75.9166,32.7699],[75.929,32.7571],[75.9263,32.7209],[75.9129,32.691],[75.9217,32.6722],[75.9404,32.6581],[75.9399,32.6435],[75.9024,32.5918],[75.8538,32.5375],[75.841,32.5091],[75.8202,32.4869],[75.7947,32.4749],[75.7617,32.4763],[75.7272,32.4181],[75.7006,32.4006],[75.6636,32.3889],[75.6082,32.3819],[75.5606,32.3611],[75.5396,32.3403],[75.5311,32.2982],[75.5142,32.2755],[75.5053,32.2882],[75.5055,32.3105],[75.4952,32.3106],[75.483,32.3179],[75.4876,32.3404],[75.4302,32.3247],[75.3938,32.3294],[75.347,32.3454],[75.3247,32.3413],[75.318,32.3345],[75.3054,32.3378],[75.3005,32.3461],[75.2891,32.3517],[75.2917,32.3592],[75.287,32.3662],[75.2589,32.3648],[75.255,32.385],[75.2397,32.3798],[75.2166,32.3952],[75.2055,32.3906],[75.1966,32.393],[75.1929,32.4029],[75.2014,32.411],[75.1897,32.4199],[75.1672,32.419],[75.1324,32.4027],[75.1292,32.4209],[75.137,32.425],[75.1233,32.4353],[75.1081,32.4732],[75.1019,32.4735],[75.0898,32.4643],[75.0736,32.4736],[75.0548,32.4759],[75.0333,32.4927],[75.0219,32.4844],[75.0177,32.4657],[75.0046,32.4523],[74.9915,32.4474],[74.9626,32.4495],[74.9504,32.4405],[74.9361,32.4626],[74.9169,32.459],[74.9068,32.4659],[74.9029,32.4608],[74.8956,32.4614],[74.8783,32.4721],[74.8765,32.4825],[74.8473,32.4819],[74.8174,32.4888],[74.8123,32.4767],[74.801,32.4759],[74.7937,32.4689],[74.7684,32.4747],[74.7519,32.4697],[74.7352,32.4743],[74.716,32.4706],[74.7044,32.4854],[74.6852,32.482],[74.681,32.4865],[74.6796,32.5066],[74.6885,32.525],[74.6631,32.536],[74.6603,32.5413],[74.6703,32.5502],[74.6682,32.5595],[74.6521,32.5593],[74.6473,32.578],[74.6495,32.591],[74.6398,32.5943],[74.6348,32.6026],[74.637,32.6106],[74.6493,32.6128],[74.6522,32.6297],[74.6637,32.6303],[74.6699,32.6411],[74.6832,32.6449],[74.6927,32.6548],[74.679,32.668],[74.6622,32.6728],[74.6504,32.6983],[74.6821,32.7819],[74.7,32.8105],[74.7014,32.8351],[74.6643,32.8216],[74.6524,32.8271],[74.636,32.8135],[74.6328,32.7998],[74.6539,32.7813],[74.65,32.7769],[74.6363,32.7781],[74.6315,32.7743],[74.6293,32.7659],[74.6353,32.7508],[74.6311,32.7469],[74.6131,32.7555],[74.5756,32.745],[74.5688,32.7544],[74.557,32.7571],[74.5439,32.7433],[74.5267,32.7404],[74.5146,32.7435],[74.5094,32.7387],[74.5013,32.7604],[74.483,32.7622],[74.4724,32.7723],[74.461,32.7732],[74.4545,32.7844],[74.4399,32.7798],[74.4065,32.7827],[74.3973,32.7664],[74.388,32.7686],[74.385,32.7583],[74.3708,32.759],[74.3306,32.7765],[74.3192,32.792],[74.3092,32.7925],[74.3022,32.8047],[74.3018,32.8233],[74.2841,32.8301],[74.2645,32.8302],[74.2443,32.8424],[74.2174,32.8453],[74.2025,32.8707],[74.1873,32.8732],[74.1782,32.883],[74.06,32.9093],[74.0528,32.916],[74.0523,32.9307],[74.0486,32.9324],[74.0143,32.9298],[73.9883,32.9357],[73.9979,32.9519],[73.9973,32.9602],[73.9685,32.9692],[73.9583,32.987],[73.9291,32.985],[73.8965,33.0024],[73.8296,33.0074],[73.8183,33.0004],[73.8158,32.984],[73.8083,32.9725],[73.7865,32.9657],[73.7797,32.9747],[73.7902,32.9935],[73.7887,32.9985],[73.7434,33.0394],[73.7353,33.0667],[73.6886,33.0884],[73.6526,33.0852],[73.6279,33.0899],[73.6256,33.1119],[73.6305,33.1281],[73.6261,33.14],[73.6376,33.1423],[73.6464,33.162],[73.6564,33.1693],[73.6577,33.2081],[73.6453,33.2171],[73.6409,33.2268],[73.6364,33.226],[73.6314,33.2139],[73.6287,33.2157],[73.6253,33.2369],[73.6056,33.2517],[73.598,33.2827],[73.6041,33.2953],[73.5898,33.3053],[73.5821,33.3265],[73.5908,33.3369],[73.5868,33.341],[73.5751,33.3342],[73.5658,33.3425],[73.5714,33.3562],[73.5585,33.3684],[73.5649,33.3943],[73.5858,33.4207],[73.5914,33.4222],[73.5827,33.4294],[73.5883,33.4358],[73.5879,33.4435],[73.6249,33.4576],[73.6244,33.4657],[73.615,33.4721],[73.6131,33.4802],[73.6016,33.4784],[73.5966,33.5005],[73.6002,33.505],[73.6095,33.5009],[73.6073,33.52],[73.6321,33.5293],[73.6331,33.5335],[73.619,33.544],[73.621,33.5742],[73.6009,33.5933],[73.6038,33.6076],[73.5895,33.6046],[73.5783,33.6162],[73.5645,33.6168],[73.5614,33.6215],[73.5691,33.6411],[73.5619,33.6643],[73.5632,33.6759],[73.5911,33.6989],[73.5976,33.7162],[73.5913,33.7542],[73.5664,33.769],[73.5584,33.7836],[73.5729,33.8458],[73.5857,33.8646],[73.5899,33.8843],[73.579,33.9108],[73.5496,33.9315],[73.5165,34.0005],[73.5083,34.0603],[73.4975,34.0844],[73.4987,34.1076],[73.4928,34.1204],[73.4953,34.134],[73.489,34.1448],[73.4922,34.1566],[73.4882,34.1884],[73.4931,34.2202],[73.4779,34.2348],[73.47,34.2518],[73.4786,34.2906],[73.4748,34.296],[73.4678,34.296],[73.4617,34.2821],[73.4538,34.2783],[73.4536,34.2973],[73.4445,34.3093],[73.4381,34.3296],[73.4242,34.3397],[73.4251,34.3535],[73.4015,34.3584],[73.3913,34.3772],[73.4093,34.3868],[73.4202,34.4178],[73.4254,34.4423],[73.4222,34.4707],[73.4375,34.5045],[73.4299,34.5214],[73.4413,34.5384],[73.4429,34.5653],[73.4478,34.5742],[73.4605,34.5784],[73.4758,34.5742],[73.5007,34.5806],[73.523,34.5747],[73.5355,34.5777],[73.5574,34.5934],[73.6184,34.5861],[73.6395,34.5662],[73.6509,34.5683],[73.6609,34.589],[73.6602,34.6104],[73.6962,34.6541],[73.6669,34.6661],[73.6635,34.671],[73.6675,34.6847],[73.6813,34.6956],[73.6916,34.7167],[73.7066,34.7254],[73.7314,34.7715],[73.7501,34.7872],[73.7738,34.7969],[73.8211,34.796],[73.8497,34.8177],[73.8674,34.8115],[73.8754,34.8184],[73.9012,34.8218],[73.9182,34.8145],[73.9357,34.8335],[73.955,34.8354],[73.9644,34.8417],[73.9744,34.8653],[74.0304,34.8776],[74.0422,34.8945],[74.0381,34.9033],[74.0439,34.9219],[74.0658,34.9301],[74.074,34.94],[74.0643,34.9649],[74.0655,34.9888],[74.0605,34.9936],[74.0909,35.0062],[74.1082,35.0195],[74.0977,35.0342],[74.0664,35.0485],[74.0933,35.0965],[74.13,35.1056],[74.1342,35.1126],[74.1107,35.1302],[74.1169,35.1464],[74.1142,35.1519],[74.102,35.1458],[74.0804,35.1547],[74.0391,35.1475],[74.0091,35.1661],[73.9998,35.1844],[73.9592,35.1744],[73.9332,35.2028],[73.9173,35.2122],[73.8652,35.2108],[73.8468,35.2296],[73.8116,35.2425],[73.7775,35.2439],[73.7561,35.2274],[73.7317,35.2173],[73.7164,35.226],[73.7271,35.2783],[73.6999,35.3232],[73.7004,35.3584],[73.7116,35.3872],[73.7389,35.4279],[73.7547,35.442],[73.7951,35.4602],[73.7849,35.5257],[73.7351,35.5366],[73.7208,35.5535],[73.6727,35.5512],[73.6355,35.5718],[73.6248,35.571],[73.6156,35.5631],[73.5711,35.5548],[73.5579,35.5557],[73.5321,35.5711],[73.5067,35.5654],[73.4818,35.5773],[73.4068,35.564],[73.3674,35.6055],[73.314,35.6156],[73.2727,35.6298],[73.2155,35.6751],[73.1878,35.6864],[73.1363,35.7192],[73.1328,35.7385],[73.1357,35.7938],[73.1542,35.8417],[73.1277,35.853],[73.1004,35.8782],[73.0778,35.8862],[73.056,35.8637],[73.0381,35.8548],[73.0141,35.8553],[72.9997,35.8635],[72.9578,35.8477],[72.9294,35.8455],[72.9047,35.8536],[72.9016,35.8817],[72.8576,35.8777],[72.8302,35.8874],[72.8253,35.8748],[72.799,35.8675],[72.7981,35.8558],[72.7773,35.844],[72.7375,35.8588],[72.6911,35.8329],[72.6604,35.8492],[72.6456,35.8663],[72.5982,35.8733],[72.5695,35.9073],[72.5383,35.9146],[72.53,35.9265],[72.5311,35.9529],[72.5386,35.9605],[72.5484,35.9625],[72.5561,35.9967],[72.5732,35.9964],[72.5822,36.0081],[72.5836,36.0197],[72.596,36.0273],[72.5862,36.0504],[72.55,36.0567],[72.5311,36.0747],[72.5366,36.1145],[72.5525,36.1367],[72.5738,36.151],[72.5627,36.1722],[72.5515,36.1812],[72.5603,36.1966],[72.5605,36.2124],[72.5854,36.2305],[72.5885,36.2512],[72.5971,36.2642],[72.6367,36.2765],[72.6635,36.2642],[72.6819,36.2628],[72.694,36.2501],[72.6953,36.2593],[72.6886,36.2686],[72.6924,36.2757],[72.7236,36.2841],[72.7505,36.3051],[72.7786,36.3099],[72.7991,36.3304],[72.8157,36.3384],[72.8297,36.3611],[72.8509,36.3727],[72.8664,36.3735],[72.8901,36.3978],[72.8867,36.4148],[72.8902,36.4247],[72.8775,36.4381],[72.8795,36.4433],[72.9025,36.4495],[72.9223,36.463],[72.9435,36.4585],[72.9628,36.4675],[72.9921,36.4581],[73.0039,36.4761],[72.9904,36.4805],[72.9925,36.4969],[72.9994,36.5074],[72.996,36.5149],[73.0615,36.5377],[73.0739,36.5615],[73.0906,36.5716],[73.0929,36.5866],[73.1125,36.6101],[73.092,36.6348],[73.0944,36.6671],[73.085,36.6823],[73.0854,36.6997],[73.1028,36.6877],[73.1265,36.6866],[73.1455,36.7],[73.1811,36.712],[73.1894,36.7218],[73.2027,36.7156],[73.215,36.7],[73.2344,36.6995],[73.2484,36.703],[73.2532,36.7091],[73.3147,36.7064],[73.3303,36.7155],[73.3608,36.7155],[73.3721,36.7349],[73.4,36.7317],[73.4416,36.7451],[73.4634,36.7317],[73.4825,36.7339],[73.5115,36.7154],[73.5299,36.7207],[73.5439,36.7094],[73.5604,36.7162],[73.5791,36.713],[73.6002,36.7203],[73.6063,36.7139],[73.6075,36.6985],[73.6332,36.6901],[73.6549,36.6961],[73.7006,36.6849],[73.7088,36.6889],[73.7251,36.71],[73.7484,36.71],[73.7831,36.7024],[73.8091,36.7167],[73.8663,36.7001],[73.8841,36.6993],[73.9016,36.707],[73.8972,36.7163],[73.9065,36.7315],[73.9001,36.7497],[73.8636,36.7882],[73.8294,36.7893],[73.8151,36.7984],[73.8063,36.8154],[73.7782,36.8153],[73.7442,36.8334],[73.7239,36.8344],[73.7191,36.8572],[73.6814,36.8856],[73.6903,36.9121],[73.7112,36.9128],[73.7454,36.8964],[73.7677,36.9047],[73.7933,36.8937],[73.8097,36.8965],[73.8181,36.8857],[73.8358,36.8869],[73.8422,36.8984],[73.8491,36.8999],[73.8788,36.8944],[73.9134,36.8713],[73.9238,36.878],[73.9378,36.8739],[73.9714,36.8401],[73.9943,36.8266],[74.026,36.8263],[74.0558,36.8064],[74.0927,36.8386],[74.121,36.8323],[74.1427,36.8401],[74.1568,36.8887],[74.1691,36.9025],[74.2178,36.8989],[74.2441,36.8876],[74.2614,36.8866],[74.2835,36.903],[74.3239,36.9227],[74.3683,36.9589],[74.4162,36.9731],[74.4299,36.99],[74.4688,36.9924],[74.5322,36.9868],[74.543,36.9765],[74.5545,36.9536],[74.5787,36.9486],[74.5894,37.0286],[74.5805,37.0387],[74.5865,37.0453],[74.6593,37.0577],[74.6851,37.0748],[74.7087,37.0776],[74.7185,37.0628],[74.722,37.0386],[74.7345,37.0207]]]}},{"type":"Feature","properties":{"ST_NM":"Jharkhand"},"geometry":{"type":"Polygon","coordinates":[[[87.6058,25.3151],[87.6128,25.3118],[87.6195,25.316],[87.6286,25.3113],[87.6319,25.3191],[87.6377,25.3123],[87.6577,25.3077],[87.69,25.3106],[87.6865,25.3048],[87.6993,25.3035],[87.7006,25.2959],[87.6949,25.2854],[87.7138,25.2719],[87.7136,25.2569],[87.789,25.2467],[87.7933,25.2211],[87.7767,25.1529],[87.7749,25.1277],[87.7821,25.092],[87.8054,25.0719],[87.8605,25.047],[87.8824,25.0288],[87.9088,24.9992],[87.9119,24.9866],[87.9718,24.9304],[87.9786,24.8974],[87.9717,24.8822],[87.9165,24.8568],[87.8943,24.8539],[87.903,24.8437],[87.8992,24.8301],[87.9037,24.8255],[87.8918,24.8206],[87.8729,24.8239],[87.8829,24.802],[87.8819,24.7947],[87.8753,24.7918],[87.8717,24.7771],[87.8598,24.7653],[87.8405,24.7642],[87.8428,24.7888],[87.8353,24.7839],[87.8309,24.7703],[87.8233,24.767],[87.8192,24.7543],[87.8306,24.7532],[87.845,24.7392],[87.8726,24.7304],[87.883,24.7401],[87.896,24.7236],[87.906,24.7226],[87.9081,24.711],[87.904,24.7109],[87.9017,24.6917],[87.8918,24.6752],[87.9185,24.6596],[87.9114,24.6338],[87.894,24.6325],[87.8897,24.6278],[87.9074,24.627],[87.9067,24.6137],[87.8934,24.6125],[87.8821,24.6174],[87.8779,24.6118],[87.8912,24.6063],[87.9132,24.6093],[87.915,24.595],[87.9105,24.585],[87.8966,24.5808],[87.8924,24.5639],[87.8709,24.562],[87.8614,24.5558],[87.8556,24.559],[87.8533,24.5522],[87.8296,24.5607],[87.8284,24.5677],[87.8141,24.5774],[87.7746,24.5829],[87.7728,24.5727],[87.7967,24.5669],[87.8115,24.5464],[87.8026,24.5399],[87.8063,24.5158],[87.8051,24.5055],[87.7977,24.4985],[87.8002,24.4923],[87.8061,24.4961],[87.8118,24.5118],[87.8153,24.4933],[87.828,24.4956],[87.8253,24.4871],[87.8181,24.4864],[87.8142,24.4778],[87.8229,24.4697],[87.82,24.4526],[87.8076,24.4514],[87.7961,24.4391],[87.7932,24.4334],[87.7973,24.4251],[87.7898,24.4159],[87.8037,24.4125],[87.8103,24.4195],[87.815,24.4079],[87.7976,24.3978],[87.8031,24.3921],[87.8025,24.3835],[87.7662,24.3347],[87.7695,24.3242],[87.7613,24.305],[87.7571,24.3061],[87.7414,24.2904],[87.7322,24.2877],[87.7154,24.2935],[87.7077,24.2614],[87.6937,24.2571],[87.6864,24.2479],[87.667,24.2464],[87.6621,24.2369],[87.6522,24.25],[87.6468,24.2513],[87.6408,24.244],[87.6481,24.2316],[87.6428,24.2131],[87.676,24.2073],[87.6833,24.1927],[87.6976,24.1877],[87.7014,24.1688],[87.6946,24.1514],[87.6851,24.1496],[87.662,24.1575],[87.6508,24.1554],[87.6211,24.1662],[87.6006,24.1614],[87.5848,24.1631],[87.5745,24.1572],[87.6126,24.1305],[87.5868,24.125],[87.5829,24.112],[87.5743,24.1084],[87.5812,24.0869],[87.5753,24.0893],[87.5613,24.084],[87.5443,24.0894],[87.5361,24.0965],[87.535,24.104],[87.5264,24.1058],[87.522,24.1126],[87.4987,24.1168],[87.5021,24.1009],[87.4941,24.0898],[87.5109,24.0837],[87.5064,24.075],[87.4948,24.0749],[87.4993,24.0643],[87.4963,24.0537],[87.5129,24.0473],[87.5156,24.0415],[87.5064,24.024],[87.4963,24.0251],[87.4878,24.0154],[87.4765,24.0126],[87.4537,24.018],[87.439,24.01],[87.4519,24.0101],[87.4465,24.005],[87.4634,23.9952],[87.4631,23.9832],[87.4541,23.986],[87.4442,23.9799],[87.4344,23.9836],[87.4315,23.9921],[87.4055,23.9956],[87.3949,24.0037],[87.3618,24.0109],[87.3533,23.9975],[87.3331,23.9977],[87.3206,24.0061],[87.3294,24.0192],[87.3376,24.0192],[87.3407,24.0255],[87.3376,24.0327],[87.2879,24.0286],[87.2433,24.0429],[87.238,24.0263],[87.2459,24.0074],[87.2554,23.9975],[87.2661,24.0046],[87.2733,23.9863],[87.266,23.9798],[87.2668,23.9679],[87.2971,23.9574],[87.2971,23.9405],[87.2903,23.9357],[87.2997,23.9004],[87.2959,23.9005],[87.2978,23.892],[87.2756,23.8748],[87.267,23.88],[87.2615,23.9],[87.2644,23.906],[87.2577,23.9119],[87.2535,23.9088],[87.2483,23.8867],[87.2501,23.8702],[87.2543,23.8677],[87.2527,23.8532],[87.2604,23.8412],[87.2479,23.8281],[87.2343,23.8249],[87.2238,23.8327],[87.2293,23.8446],[87.2369,23.8464],[87.2415,23.8549],[87.2277,23.8595],[87.222,23.8528],[87.2126,23.8549],[87.2083,23.848],[87.1938,23.8427],[87.2009,23.8561],[87.1926,23.859],[87.1859,23.8534],[87.162,23.8667],[87.1363,23.8688],[87.1356,23.8527],[87.1593,23.8276],[87.1675,23.8295],[87.1717,23.8215],[87.154,23.7963],[87.1445,23.802],[87.1295,23.7969],[87.1156,23.801],[87.1214,23.8067],[87.1112,23.8014],[87.101,23.8114],[87.0898,23.8071],[87.0623,23.8181],[87.0398,23.8387],[87.0075,23.8543],[86.9856,23.8582],[86.9724,23.8671],[86.965,23.8641],[86.9567,23.8477],[86.9419,23.8467],[86.9309,23.8556],[86.9297,23.8676],[86.9124,23.8813],[86.9006,23.8817],[86.8808,23.8641],[86.8809,23.8592],[86.8878,23.8584],[86.8857,23.844],[86.8932,23.824],[86.8878,23.8163],[86.8825,23.8153],[86.8768,23.846],[86.8626,23.8413],[86.85,23.8236],[86.8263,23.8131],[86.8149,23.8159],[86.8093,23.8325],[86.7985,23.8331],[86.8066,23.8151],[86.8033,23.7995],[86.8223,23.778],[86.8253,23.7629],[86.8216,23.7467],[86.8101,23.7417],[86.7965,23.7004],[86.8012,23.6954],[86.7976,23.6893],[86.7437,23.6796],[86.7373,23.6957],[86.7166,23.6991],[86.6995,23.6964],[86.6301,23.6747],[86.5973,23.6731],[86.5937,23.671],[86.5963,23.6642],[86.5344,23.6309],[86.4871,23.637],[86.4722,23.6315],[86.4457,23.6315],[86.4454,23.611],[86.4331,23.6123],[86.4162,23.6],[86.412,23.5899],[86.3953,23.5907],[86.3868,23.5863],[86.3887,23.574],[86.3706,23.559],[86.3638,23.545],[86.3655,23.5327],[86.3734,23.5246],[86.3709,23.5175],[86.3627,23.5149],[86.3595,23.4985],[86.3644,23.4916],[86.3764,23.4923],[86.3778,23.4847],[86.3613,23.4836],[86.3548,23.4746],[86.3577,23.4657],[86.3437,23.4632],[86.3462,23.4545],[86.3372,23.4493],[86.332,23.4597],[86.306,23.4458],[86.3116,23.4383],[86.3181,23.4394],[86.3201,23.4304],[86.3058,23.4222],[86.2882,23.4296],[86.2843,23.4432],[86.2525,23.4362],[86.2589,23.427],[86.2491,23.4217],[86.2454,23.4338],[86.237,23.4316],[86.2306,23.4378],[86.2446,23.4717],[86.2312,23.4719],[86.2269,23.458],[86.1847,23.4697],[86.1851,23.4771],[86.1783,23.4805],[86.1515,23.4751],[86.1512,23.496],[86.1611,23.5062],[86.1605,23.5211],[86.1489,23.5293],[86.1593,23.5535],[86.1508,23.5696],[86.1327,23.5686],[86.1255,23.5758],[86.0788,23.57],[86.0775,23.5803],[86.0574,23.5807],[86.053,23.5857],[86.0435,23.5853],[86.0414,23.5769],[86.0171,23.563],[86.0169,23.5535],[86.0272,23.5473],[86.0247,23.5443],[86.0388,23.5199],[86.0388,23.5067],[86.0569,23.5035],[86.0533,23.4956],[86.0117,23.4846],[85.95,23.4565],[85.9237,23.4642],[85.9125,23.4736],[85.8803,23.4781],[85.8722,23.4721],[85.8657,23.4528],[85.869,23.4119],[85.8846,23.41],[85.8879,23.4057],[85.8835,23.4024],[85.8909,23.3893],[85.8886,23.3831],[85.9005,23.3817],[85.9018,23.3726],[85.8914,23.3758],[85.8724,23.3668],[85.8792,23.3589],[85.8777,23.3322],[85.8841,23.3258],[85.8669,23.317],[85.8676,23.3054],[85.8398,23.2828],[85.8325,23.2652],[85.8377,23.1973],[85.8636,23.1966],[85.8833,23.1752],[85.8834,23.161],[85.9064,23.1504],[85.921,23.1319],[85.9275,23.1283],[85.9318,23.133],[85.9498,23.1318],[85.9576,23.1405],[85.9879,23.1483],[86.0085,23.1486],[86.0239,23.1429],[86.0343,23.1481],[86.0429,23.146],[86.0543,23.1316],[86.0502,23.1143],[86.0539,23.1111],[86.0759,23.1039],[86.0868,23.1068],[86.0977,23.0933],[86.1106,23.0914],[86.1216,23.0961],[86.1424,23.0856],[86.1404,23.0655],[86.1542,23.0553],[86.1558,23.0435],[86.166,23.0417],[86.1814,23.0156],[86.2101,23.0159],[86.206,23.0124],[86.2096,23.0006],[86.2182,22.9945],[86.267,22.9983],[86.2851,23.0134],[86.2997,23.0108],[86.3039,23.016],[86.3178,22.9979],[86.3378,22.9916],[86.347,22.996],[86.3561,22.9919],[86.3572,22.9977],[86.3656,22.9994],[86.3689,22.9955],[86.3751,22.9971],[86.386,22.9935],[86.3892,22.9829],[86.3986,22.977],[86.4219,22.9976],[86.4461,22.9929],[86.4508,22.9879],[86.5029,22.9927],[86.5028,22.986],[86.5131,22.9756],[86.5054,22.9714],[86.5177,22.9691],[86.5457,22.9901],[86.544,22.9647],[86.5321,22.9637],[86.5238,22.9472],[86.5021,22.9504],[86.5013,22.9442],[86.4949,22.9469],[86.49,22.9372],[86.4759,22.9523],[86.4635,22.9417],[86.4637,22.9358],[86.4384,22.9263],[86.438,22.9187],[86.454,22.9048],[86.4685,22.8996],[86.4525,22.8864],[86.4524,22.8618],[86.4383,22.8635],[86.4394,22.8316],[86.4271,22.8119],[86.4235,22.7929],[86.4181,22.7895],[86.4217,22.7796],[86.4494,22.7617],[86.4595,22.7628],[86.4844,22.7256],[86.4932,22.7265],[86.512,22.7048],[86.5154,22.7193],[86.5391,22.7198],[86.5446,22.7239],[86.5861,22.6923],[86.5966,22.6919],[86.6232,22.6767],[86.642,22.6585],[86.6396,22.6007],[86.6535,22.595],[86.6569,22.5793],[86.678,22.5759],[86.7112,22.5838],[86.7651,22.5759],[86.7726,22.5644],[86.7697,22.5542],[86.7892,22.5478],[86.7879,22.528],[86.7948,22.524],[86.7947,22.5112],[86.8037,22.5024],[86.7961,22.4973],[86.8031,22.4876],[86.7943,22.4782],[86.7534,22.4823],[86.7503,22.4742],[86.7566,22.4544],[86.7626,22.4501],[86.769,22.4266],[86.8234,22.4161],[86.8489,22.3999],[86.8433,22.3824],[86.846,22.3729],[86.834,22.3454],[86.8342,22.3285],[86.8457,22.3177],[86.8901,22.3007],[86.8935,22.2797],[86.8906,22.2561],[86.8633,22.2584],[86.8557,22.2645],[86.8463,22.2611],[86.8278,22.2653],[86.8214,22.2533],[86.8169,22.2679],[86.814,22.2505],[86.8046,22.245],[86.8014,22.2539],[86.8057,22.2659],[86.7953,22.2668],[86.7979,22.2428],[86.8026,22.238],[86.8064,22.2427],[86.8149,22.242],[86.8051,22.2177],[86.7964,22.2216],[86.7841,22.2156],[86.7811,22.2178],[86.7875,22.2294],[86.7962,22.2244],[86.7972,22.2279],[86.7809,22.2356],[86.7771,22.2317],[86.7803,22.2187],[86.7529,22.212],[86.7261,22.2209],[86.6873,22.2235],[86.6703,22.2426],[86.6563,22.2372],[86.6507,22.2653],[86.6137,22.2827],[86.5962,22.2788],[86.5837,22.3017],[86.5759,22.2968],[86.573,22.3009],[86.5573,22.2992],[86.5452,22.3076],[86.5377,22.3021],[86.5261,22.3153],[86.5304,22.3162],[86.529,22.3224],[86.5133,22.3278],[86.5053,22.3447],[86.4891,22.3482],[86.4839,22.3383],[86.4738,22.3361],[86.4636,22.3259],[86.4438,22.3272],[86.4447,22.3096],[86.4387,22.3054],[86.4298,22.3101],[86.4271,22.3177],[86.4067,22.3232],[86.381,22.3409],[86.3582,22.3491],[86.3528,22.3627],[86.3253,22.384],[86.3232,22.3942],[86.3078,22.4088],[86.3062,22.4189],[86.2935,22.4289],[86.2853,22.4491],[86.2707,22.4431],[86.226,22.4526],[86.2171,22.4632],[86.2238,22.4717],[86.2147,22.4663],[86.208,22.4738],[86.2023,22.4712],[86.1612,22.4825],[86.1508,22.4786],[86.1519,22.4826],[86.113,22.4883],[86.0749,22.5464],[86.0443,22.5669],[86.0241,22.5469],[86.034,22.5376],[86.0278,22.5239],[86.0212,22.5278],[86.0017,22.5123],[85.9865,22.5131],[85.9751,22.5031],[85.9726,22.4855],[85.9639,22.4795],[85.9593,22.4594],[85.9987,22.4256],[86.0145,22.4278],[86.027,22.3786],[86.0217,22.3765],[86.0226,22.3658],[85.9986,22.3418],[86.0042,22.3347],[86.0105,22.3393],[86.0262,22.333],[86.0117,22.3196],[86.0142,22.3136],[86.0235,22.3082],[86.049,22.3099],[86.0142,22.2964],[86.0033,22.279],[85.9909,22.2709],[85.9876,22.2558],[85.9755,22.2471],[85.9986,22.2193],[86.0231,22.2026],[86.0324,22.1891],[86.0205,22.1765],[86.0171,22.1616],[86.005,22.1488],[86.0004,22.1357],[86.0018,22.1246],[86.0083,22.117],[86.0062,22.1129],[85.9847,22.0874],[85.9483,22.0232],[85.9345,22.0235],[85.918,22.0089],[85.9112,21.9708],[85.8969,21.9827],[85.8875,21.979],[85.8462,21.9806],[85.8242,21.9741],[85.8212,21.9842],[85.7901,21.9827],[85.7666,21.9938],[85.762,22.0124],[85.7815,22.0323],[85.7848,22.0403],[85.7762,22.0552],[85.7938,22.0811],[85.8202,22.074],[85.8366,22.0809],[85.8308,22.0911],[85.8146,22.0958],[85.8206,22.106],[85.8079,22.1147],[85.7849,22.0973],[85.7637,22.0889],[85.752,22.0738],[85.7283,22.0621],[85.6938,22.06],[85.6875,22.0527],[85.6779,22.0554],[85.6783,22.0636],[85.6506,22.0941],[85.6322,22.0835],[85.6171,22.0806],[85.6133,22.0856],[85.5971,22.0783],[85.5772,22.0899],[85.5663,22.0887],[85.5604,22.0946],[85.5456,22.0904],[85.5396,22.1006],[85.5209,22.1119],[85.4919,22.1202],[85.4631,22.1394],[85.424,22.157],[85.4006,22.1622],[85.3916,22.1559],[85.3694,22.1581],[85.3643,22.1232],[85.3516,22.1306],[85.3292,22.1286],[85.3063,22.1107],[85.2804,22.0837],[85.2473,22.0162],[85.2372,22.004],[85.2212,22.0144],[85.2209,22.0409],[85.217,22.0468],[85.1898,22.0586],[85.1788,22.0718],[85.1707,22.0688],[85.1771,22.0518],[85.1701,22.0566],[85.1619,22.074],[85.1472,22.0771],[85.1252,22.07],[85.1153,22.0836],[85.1061,22.0881],[85.1018,22.1029],[85.0503,22.1141],[85.0335,22.1046],[85.0264,22.1068],[85.0088,22.0834],[84.9939,22.0802],[84.9863,22.0881],[84.987,22.0947],[85.0302,22.1154],[85.0376,22.1407],[85.0318,22.1574],[85.0542,22.1777],[85.0534,22.1891],[85.0759,22.2339],[85.0745,22.2467],[85.0807,22.2542],[85.0769,22.2754],[85.1117,22.2943],[85.1209,22.2937],[85.1204,22.3174],[85.0944,22.3172],[85.0994,22.3442],[85.0886,22.3444],[85.0805,22.3517],[85.0895,22.3815],[85.0837,22.4113],[85.0701,22.4262],[85.0694,22.439],[85.0635,22.4476],[85.0775,22.4588],[85.0801,22.4696],[85.0797,22.4757],[85.0689,22.4813],[85.0398,22.4798],[85.038,22.4726],[85.0006,22.4611],[84.9611,22.4418],[84.959,22.4556],[84.9538,22.4539],[84.9239,22.4372],[84.9264,22.4288],[84.9229,22.4262],[84.9003,22.4209],[84.8868,22.4204],[84.8831,22.446],[84.8619,22.4348],[84.848,22.4376],[84.8391,22.4292],[84.8382,22.4327],[84.8193,22.4344],[84.8144,22.4496],[84.7593,22.4447],[84.7505,22.4175],[84.6683,22.4166],[84.6388,22.4313],[84.602,22.4276],[84.6007,22.4314],[84.55,22.4198],[84.5334,22.4226],[84.5278,22.4175],[84.5126,22.4188],[84.4835,22.4085],[84.4844,22.3863],[84.4624,22.3778],[84.4547,22.3817],[84.4337,22.3672],[84.4383,22.3626],[84.4329,22.3514],[84.4259,22.3534],[84.4013,22.3464],[84.3742,22.3521],[84.3308,22.3415],[84.2961,22.3398],[84.2731,22.3503],[84.2534,22.3761],[84.201,22.3742],[84.1904,22.386],[84.1594,22.4032],[84.1428,22.4229],[84.1419,22.4731],[84.1131,22.476],[84.1099,22.4834],[84.0786,22.4963],[84.0646,22.5122],[84.0401,22.5141],[84.0262,22.5231],[84.0095,22.5229],[84.0119,22.5321],[84.0064,22.5415],[84.0121,22.5715],[84.0284,22.5891],[84.0552,22.5961],[84.0874,22.6384],[84.101,22.6345],[84.1142,22.6386],[84.1569,22.6364],[84.1873,22.6518],[84.204,22.6657],[84.2166,22.6649],[84.2276,22.6708],[84.2392,22.6905],[84.2346,22.6999],[84.2323,22.737],[84.2612,22.7648],[84.281,22.7674],[84.2884,22.762],[84.2922,22.7652],[84.2973,22.789],[84.3169,22.8008],[84.3246,22.819],[84.3253,22.8455],[84.3364,22.8613],[84.3768,22.8663],[84.3851,22.8896],[84.3836,22.8994],[84.3778,22.9033],[84.3932,22.9185],[84.396,22.9404],[84.3862,22.9505],[84.3775,22.9767],[84.3506,22.9753],[84.3321,22.9809],[84.3137,22.9691],[84.2856,22.9628],[84.2759,22.9805],[84.2784,22.9904],[84.2579,22.9729],[84.2485,22.9744],[84.2444,22.9819],[84.2241,22.9779],[84.2038,23.0055],[84.2053,23.0204],[84.197,23.0251],[84.1837,23.0219],[84.181,23.0017],[84.1757,22.9964],[84.1784,22.9785],[84.1749,22.9724],[84.1551,22.9653],[84.1513,22.9896],[84.1308,23.0379],[84.1319,23.0548],[84.1388,23.0687],[84.1365,23.0828],[84.1195,23.0884],[84.112,23.1004],[84.095,23.1107],[84.0686,23.1111],[84.06,23.1256],[84.0408,23.1395],[84.0383,23.1622],[84.0655,23.2046],[84.0595,23.2174],[84.0612,23.2352],[84.0576,23.2419],[84.071,23.2931],[84.0671,23.3091],[84.0774,23.3308],[84.0572,23.3527],[84.0506,23.3748],[84.028,23.3762],[84.0137,23.3536],[83.9821,23.3655],[83.9731,23.3819],[83.9867,23.4273],[83.9768,23.456],[83.9864,23.4612],[84.0045,23.4937],[84.016,23.5001],[84.03,23.5447],[84.0314,23.5883],[84.0296,23.5978],[84.0092,23.6208],[84.0143,23.6327],[83.9452,23.6228],[83.9389,23.6117],[83.9369,23.594],[83.9426,23.5634],[83.8974,23.5763],[83.8903,23.5731],[83.8183,23.5891],[83.8137,23.5826],[83.8078,23.5834],[83.7935,23.5984],[83.7823,23.5997],[83.7723,23.6217],[83.7552,23.6268],[83.7504,23.6406],[83.7595,23.6491],[83.7584,23.6535],[83.7222,23.6826],[83.7225,23.6903],[83.7396,23.7047],[83.7422,23.7136],[83.7369,23.7547],[83.7198,23.7723],[83.7183,23.7895],[83.7031,23.8075],[83.7061,23.8163],[83.7029,23.8205],[83.6895,23.8256],[83.6797,23.8199],[83.6658,23.8276],[83.6638,23.8434],[83.6571,23.8479],[83.6375,23.8471],[83.5887,23.8616],[83.5688,23.8627],[83.5652,23.8692],[83.5806,23.8768],[83.5837,23.8841],[83.5777,23.89],[83.5569,23.8925],[83.5504,23.8979],[83.5449,23.9142],[83.5465,23.9331],[83.5201,23.9665],[83.5154,23.979],[83.5152,24.0009],[83.5242,24.0101],[83.5144,24.0277],[83.4866,24.038],[83.4553,24.0419],[83.439,24.0573],[83.4331,24.0831],[83.4108,24.0801],[83.391,24.0991],[83.365,24.1009],[83.3535,24.0963],[83.3313,24.1005],[83.3468,24.1096],[83.3567,24.1256],[83.3651,24.156],[83.3861,24.1999],[83.3851,24.2347],[83.4012,24.2462],[83.4097,24.2651],[83.4107,24.2752],[83.404,24.2924],[83.3884,24.2995],[83.3837,24.3135],[83.4111,24.3364],[83.4344,24.3389],[83.4489,24.3599],[83.4592,24.3637],[83.451,24.3718],[83.4377,24.4027],[83.4198,24.4091],[83.408,24.4076],[83.4085,24.436],[83.3977,24.4364],[83.3893,24.4545],[83.4005,24.4791],[83.4034,24.5025],[83.5174,24.5264],[83.5503,24.525],[83.608,24.5122],[83.6903,24.5146],[83.7245,24.504],[83.7565,24.5096],[83.8023,24.5285],[83.8655,24.5367],[83.8758,24.532],[83.9408,24.5509],[83.9801,24.5958],[84.0,24.6371],[84.0223,24.6308],[84.0234,24.6267],[84.0319,24.6282],[84.0545,24.6115],[84.0526,24.6061],[84.0607,24.5872],[84.0691,24.5886],[84.0675,24.5762],[84.0802,24.5688],[84.0861,24.5443],[84.0974,24.5332],[84.0968,24.5035],[84.1174,24.4808],[84.1302,24.4861],[84.1326,24.4977],[84.1476,24.5042],[84.144,24.5287],[84.1537,24.5396],[84.1721,24.5331],[84.1613,24.517],[84.1869,24.5098],[84.1941,24.5219],[84.1806,24.5465],[84.1946,24.5487],[84.196,24.5547],[84.2076,24.5564],[84.2166,24.5365],[84.2251,24.5346],[84.2283,24.5497],[84.2427,24.5526],[84.2419,24.543],[84.2559,24.5382],[84.2562,24.531],[84.2648,24.5302],[84.2661,24.5371],[84.2877,24.5513],[84.2795,24.5534],[84.2769,24.5637],[84.3051,24.5626],[84.3339,24.5022],[84.3293,24.4893],[84.3018,24.4803],[84.2928,24.4654],[84.3008,24.4504],[84.3226,24.4471],[84.3379,24.4308],[84.3269,24.4289],[84.3226,24.4231],[84.3353,24.4218],[84.3334,24.4106],[84.3455,24.4009],[84.3434,24.3955],[84.3689,24.3863],[84.3897,24.3894],[84.3925,24.379],[84.4073,24.3744],[84.4024,24.3675],[84.43,24.3589],[84.4249,24.3312],[84.462,24.3385],[84.4694,24.3174],[84.4851,24.3159],[84.4987,24.3297],[84.5082,24.3324],[84.5064,24.3239],[84.4865,24.3091],[84.486,24.3028],[84.4945,24.3047],[84.4916,24.2968],[84.5009,24.2869],[84.5097,24.2944],[84.5106,24.3153],[84.5181,24.317],[84.5248,24.3335],[84.5329,24.3393],[84.5268,24.3457],[84.5262,24.353],[84.5354,24.3647],[84.5289,24.3761],[84.5533,24.3735],[84.5732,24.3838],[84.5665,24.3969],[84.5799,24.4122],[84.5875,24.4102],[84.5892,24.4013],[84.6303,24.4038],[84.6656,24.3936],[84.6703,24.4105],[84.6752,24.4128],[84.6736,24.431],[84.6863,24.4562],[84.7139,24.4722],[84.7203,24.4685],[84.7323,24.4728],[84.7474,24.4881],[84.7494,24.4963],[84.7873,24.5047],[84.791,24.5176],[84.8027,24.5293],[84.809,24.521],[84.8268,24.5247],[84.84,24.5114],[84.8345,24.47],[84.8408,24.4695],[84.8379,24.4592],[84.8417,24.4525],[84.8493,24.4554],[84.8548,24.4659],[84.8671,24.4566],[84.8747,24.4669],[84.8875,24.4628],[84.8852,24.4227],[84.9054,24.3939],[84.9077,24.3822],[84.9017,24.3751],[84.9052,24.3722],[84.9326,24.3782],[84.9551,24.3719],[84.9758,24.3761],[84.9976,24.4123],[85.0393,24.4255],[85.0605,24.4153],[85.0833,24.44],[85.0817,24.4086],[85.0726,24.387],[85.0966,24.3794],[85.1222,24.4092],[85.1624,24.4182],[85.165,24.4244],[85.1765,24.4297],[85.1659,24.4514],[85.157,24.456],[85.1578,24.463],[85.1704,24.4674],[85.2064,24.4676],[85.2104,24.4731],[85.231,24.4714],[85.2536,24.4955],[85.289,24.4974],[85.2864,24.5193],[85.2896,24.5269],[85.3256,24.5248],[85.3773,24.5298],[85.4136,24.5459],[85.4403,24.5363],[85.4636,24.5395],[85.4935,24.551],[85.5045,24.5488],[85.5095,24.5432],[85.5094,24.5317],[85.5253,24.5249],[85.5434,24.5363],[85.5473,24.5506],[85.5438,24.5655],[85.5616,24.5564],[85.5752,24.5655],[85.5698,24.5916],[85.5835,24.6033],[85.6052,24.5979],[85.6224,24.5833],[85.6512,24.5786],[85.6716,24.5823],[85.6801,24.5933],[85.679,24.6197],[85.6681,24.6469],[85.6703,24.665],[85.6669,24.675],[85.6552,24.6821],[85.6565,24.6873],[85.6866,24.694],[85.7036,24.7137],[85.7151,24.7479],[85.7117,24.769],[85.7168,24.7811],[85.728,24.7871],[85.73,24.7991],[85.7353,24.8008],[85.7437,24.8228],[85.7724,24.8127],[85.7764,24.803],[85.7842,24.7991],[85.8176,24.7947],[85.825,24.8072],[85.8341,24.8098],[85.8847,24.8005],[85.8966,24.7919],[85.8941,24.7858],[85.9173,24.754],[85.9345,24.7408],[85.9571,24.7325],[85.9769,24.7339],[85.984,24.748],[86.0068,24.7517],[86.0163,24.7683],[86.0573,24.7799],[86.0597,24.7621],[86.0483,24.7483],[86.0427,24.7477],[86.0458,24.7417],[86.0699,24.7521],[86.0933,24.7467],[86.116,24.7327],[86.1311,24.7056],[86.1402,24.676],[86.1326,24.6713],[86.1329,24.6547],[86.1249,24.6424],[86.1322,24.6124],[86.1399,24.6041],[86.1588,24.6003],[86.1635,24.5898],[86.1722,24.5843],[86.2015,24.5858],[86.2222,24.5918],[86.2239,24.6124],[86.2706,24.5765],[86.2727,24.5826],[86.2833,24.5749],[86.2802,24.5834],[86.2991,24.5868],[86.3165,24.5823],[86.3187,24.5866],[86.3293,24.5848],[86.3105,24.559],[86.3162,24.5481],[86.3078,24.5327],[86.3139,24.5271],[86.3188,24.5093],[86.3003,24.4772],[86.2919,24.4776],[86.2855,24.4628],[86.3073,24.4576],[86.3059,24.4498],[86.3101,24.4457],[86.3258,24.441],[86.357,24.4446],[86.3796,24.4168],[86.4049,24.4012],[86.4218,24.3802],[86.4584,24.3696],[86.4719,24.386],[86.472,24.4228],[86.4948,24.426],[86.4973,24.455],[86.4907,24.4597],[86.496,24.4685],[86.4965,24.4853],[86.5043,24.4882],[86.5038,24.4988],[86.512,24.5186],[86.5298,24.5366],[86.5529,24.5359],[86.5641,24.5493],[86.5609,24.5601],[86.5845,24.5687],[86.5894,24.5736],[86.5901,24.5861],[86.6091,24.6059],[86.6155,24.6082],[86.6131,24.5952],[86.6251,24.5955],[86.6245,24.5853],[86.6474,24.577],[86.6519,24.5681],[86.6745,24.5615],[86.6928,24.5713],[86.7015,24.5698],[86.7247,24.5791],[86.7377,24.5767],[86.7517,24.5904],[86.7507,24.6037],[86.757,24.6188],[86.7816,24.6164],[86.7832,24.6206],[86.7929,24.6003],[86.8004,24.5977],[86.7917,24.6181],[86.7979,24.6162],[86.8118,24.5954],[86.8137,24.5778],[86.8063,24.5655],[86.8431,24.5692],[86.8448,24.555],[86.8606,24.5514],[86.8676,24.5612],[86.8824,24.5683],[86.8901,24.5554],[86.8991,24.5558],[86.9171,24.5397],[86.904,24.5875],[86.9238,24.6117],[86.9249,24.6203],[86.9401,24.6274],[86.9361,24.6437],[86.9546,24.6437],[86.9514,24.6275],[86.9771,24.6312],[87.0161,24.6072],[87.0226,24.6187],[87.0302,24.6221],[87.0334,24.6103],[87.0426,24.6142],[87.0505,24.6064],[87.0563,24.6077],[87.0503,24.625],[87.0606,24.6715],[87.0752,24.6921],[87.0771,24.7082],[87.0878,24.7254],[87.0872,24.7368],[87.0815,24.7373],[87.0795,24.7439],[87.0922,24.7591],[87.0888,24.78],[87.1026,24.8023],[87.0833,24.8091],[87.0833,24.8189],[87.0863,24.8251],[87.1009,24.827],[87.1205,24.8563],[87.1293,24.8537],[87.1387,24.8603],[87.1569,24.8592],[87.1539,24.8686],[87.1642,24.8903],[87.1525,24.9135],[87.1613,24.9324],[87.1546,24.9428],[87.1597,24.9916],[87.1525,25.0005],[87.1503,25.0186],[87.1644,25.0316],[87.1827,25.0646],[87.2036,25.0742],[87.2174,25.0901],[87.2399,25.0864],[87.2459,25.1],[87.2514,25.0996],[87.2566,25.1064],[87.2648,25.1052],[87.2763,25.0942],[87.2971,25.0898],[87.304,25.1352],[87.3095,25.1387],[87.3083,25.1458],[87.3211,25.1655],[87.3167,25.1703],[87.3296,25.2235],[87.3366,25.2227],[87.3365,25.2175],[87.3611,25.2139],[87.3759,25.2055],[87.3832,25.2231],[87.3978,25.228],[87.4155,25.2156],[87.4736,25.1937],[87.4781,25.1952],[87.4786,25.2414],[87.4936,25.2625],[87.5017,25.263],[87.5005,25.2759],[87.4936,25.2781],[87.4875,25.2956],[87.4924,25.2965],[87.4961,25.3056],[87.5049,25.2927],[87.5189,25.2926],[87.5354,25.2801],[87.5457,25.2821],[87.5445,25.2967],[87.5534,25.3314],[87.5731,25.3343],[87.586,25.3488],[87.5936,25.341],[87.5871,25.3285],[87.6058,25.3151]],[[84.5009,24.2651],[84.5072,24.2632],[84.511,24.2685],[84.5012,24.2835],[84.4967,24.2769],[84.5009,24.2651]]]}},{"type":"Feature","properties":{"ST_NM":"Karnataka"},"geometry":{"type":"MultiPolygon","coordinates":[[[[74.6969,13.3278],[74.6956,13.3267],[74.6938,13.3268],[74.6922,13.3284],[74.6918,13.33],[74.6923,13.3318],[74.6929,13.3322],[74.6945,13.3324],[74.6967,13.3312],[74.6973,13.33],[74.6973,13.329],[74.6969,13.3278]]],[[[74.6912,13.3365],[74.6899,13.3354],[74.688,13.3355],[74.6865,13.3371],[74.6861,13.3387],[74.6865,13.3405],[74.6871,13.3409],[74.6887,13.3411],[74.6909,13.3399],[74.6916,13.3387],[74.6915,13.3377],[74.6912,13.3365]]],[[[74.6852,13.3452],[74.6838,13.344],[74.682,13.3442],[74.6805,13.3458],[74.68,13.3474],[74.6805,13.3492],[74.6811,13.3496],[74.6827,13.3498],[74.6849,13.3486],[74.6856,13.3474],[74.6855,13.3464],[74.6852,13.3452]]],[[[74.675,13.3764],[74.6684,13.3783],[74.6684,13.3857],[74.675,13.3764]]],[[[74.7429,13.6397],[74.7288,13.6427],[74.7425,13.6433],[74.7429,13.6397]]],[[[74.688,13.6528],[74.679,13.6539],[74.6777,13.6668],[74.6904,13.6608],[74.688,13.6528]]],[[[74.4848,14.0109],[74.4761,14.0148],[74.4832,14.0155],[74.4848,14.0109]]],[[[74.3322,14.0152],[74.3251,14.0168],[74.3261,14.0224],[74.3322,14.0152]]],[[[74.4896,14.0238],[74.4849,14.0236],[74.4841,14.0291],[74.4877,14.0298],[74.4896,14.0238]]],[[[74.4743,14.0849],[74.469,14.0852],[74.469,14.0902],[74.4749,14.089],[74.4743,14.0849]]],[[[74.4703,14.276],[74.4789,14.276],[74.482,14.2653],[74.4585,14.2721],[74.4703,14.276]]],[[[74.4016,14.3112],[74.394,14.3129],[74.3953,14.3177],[74.4004,14.3181],[74.4016,14.3112]]],[[[74.3991,14.4613],[74.3924,14.4629],[74.3918,14.477],[74.4019,14.4717],[74.3991,14.4613]]],[[[74.0875,14.7897],[74.0798,14.7904],[74.0828,14.7962],[74.0875,14.7897]]],[[[74.0583,14.8157],[74.0568,14.8121],[74.051,14.815],[74.0554,14.82],[74.0583,14.8157]]],[[[74.094,14.8316],[74.0926,14.828],[74.0867,14.8309],[74.0912,14.836],[74.094,14.8316]]],[[[74.1004,14.8384],[74.0916,14.8407],[74.0916,14.8444],[74.0981,14.8452],[74.1004,14.8384]]],[[[74.0969,14.8722],[74.0954,14.8686],[74.0896,14.8715],[74.094,14.8765],[74.0969,14.8722]]],[[[74.1952,14.8711],[74.1866,14.8726],[74.1981,14.8767],[74.1952,14.8711]]],[[[74.3091,15.7986],[74.2978,15.7886],[74.2923,15.7939],[74.2871,15.7883],[74.2664,15.7932],[74.2682,15.8092],[74.2603,15.8269],[74.2897,15.8308],[74.3091,15.7986]]],[[[77.3403,18.4369],[77.3451,18.4317],[77.3571,18.4502],[77.3727,18.4491],[77.3675,18.4313],[77.3729,18.4022],[77.4037,18.3994],[77.4133,18.3901],[77.4111,18.3801],[77.395,18.3675],[77.4015,18.3491],[77.396,18.3473],[77.396,18.3422],[77.3824,18.3407],[77.3812,18.3303],[77.3585,18.3201],[77.3656,18.3099],[77.411,18.3013],[77.4311,18.3109],[77.4396,18.3082],[77.4402,18.2838],[77.4482,18.279],[77.4485,18.2719],[77.4688,18.2618],[77.4837,18.2704],[77.4956,18.2677],[77.5137,18.2803],[77.513,18.3085],[77.5232,18.3092],[77.5645,18.285],[77.5742,18.2923],[77.6067,18.2799],[77.5956,18.2637],[77.5851,18.2582],[77.5761,18.2425],[77.5886,18.2187],[77.578,18.2019],[77.5679,18.2025],[77.5679,18.192],[77.5736,18.1911],[77.583,18.1642],[77.6015,18.1539],[77.5972,18.13],[77.6043,18.1016],[77.6012,18.0865],[77.571,18.0784],[77.5603,18.0643],[77.5511,18.0658],[77.5494,18.0559],[77.5557,18.0491],[77.5568,18.0369],[77.5887,18.027],[77.591,18.0156],[77.596,18.0124],[77.6104,18.0203],[77.6138,18.0128],[77.6261,18.007],[77.6253,18.0007],[77.6326,17.9948],[77.6421,17.9989],[77.65,17.9955],[77.6528,17.9808],[77.6475,17.9758],[77.6573,17.9717],[77.6559,17.9667],[77.6481,17.9651],[77.6467,17.9597],[77.6513,17.9556],[77.6479,17.9488],[77.6357,17.9559],[77.6336,17.9653],[77.6276,17.9601],[77.6327,17.9509],[77.6206,17.9405],[77.6204,17.9053],[77.5889,17.9106],[77.5868,17.9008],[77.6016,17.8795],[77.6005,17.8729],[77.5851,17.8782],[77.5815,17.8737],[77.5765,17.8752],[77.5712,17.8686],[77.5698,17.852],[77.5659,17.8516],[77.5672,17.8445],[77.5535,17.8205],[77.5485,17.8195],[77.5474,17.8287],[77.5297,17.8293],[77.5298,17.8141],[77.5145,17.8039],[77.5081,17.7851],[77.5267,17.7821],[77.5582,17.7638],[77.5698,17.7667],[77.5658,17.7497],[77.5431,17.728],[77.5313,17.7297],[77.5091,17.7171],[77.4979,17.7186],[77.4881,17.7062],[77.4847,17.7094],[77.4778,17.7039],[77.4752,17.7066],[77.4539,17.6938],[77.4486,17.651],[77.4568,17.6334],[77.4501,17.6099],[77.4441,17.6067],[77.4435,17.5841],[77.4649,17.5797],[77.4778,17.5678],[77.4937,17.569],[77.5006,17.5462],[77.5054,17.5437],[77.5312,17.576],[77.5405,17.5741],[77.5523,17.5523],[77.5938,17.5656],[77.5957,17.5356],[77.6206,17.5323],[77.6253,17.5252],[77.6607,17.5243],[77.6702,17.513],[77.6898,17.5087],[77.6922,17.5016],[77.6882,17.476],[77.6522,17.4842],[77.6569,17.5063],[77.6483,17.4979],[77.6445,17.4791],[77.615,17.473],[77.6147,17.4473],[77.5999,17.4457],[77.5772,17.4572],[77.5765,17.4325],[77.5374,17.4439],[77.514,17.4302],[77.5145,17.4155],[77.5394,17.4071],[77.5252,17.3894],[77.5341,17.3809],[77.5319,17.3752],[77.5247,17.3651],[77.503,17.3571],[77.4783,17.3622],[77.4762,17.3662],[77.4831,17.3726],[77.4553,17.3735],[77.4535,17.353],[77.4601,17.348],[77.4589,17.3409],[77.4534,17.3179],[77.4378,17.2913],[77.4566,17.2897],[77.4583,17.279],[77.4263,17.2563],[77.4187,17.233],[77.4092,17.2405],[77.384,17.2229],[77.3883,17.2161],[77.4025,17.2119],[77.3972,17.2101],[77.3952,17.1955],[77.3744,17.1932],[77.3686,17.1681],[77.3636,17.1648],[77.3705,17.1545],[77.3791,17.1519],[77.38,17.1411],[77.4026,17.1351],[77.4075,17.1265],[77.4273,17.1173],[77.4376,17.1144],[77.4425,17.1179],[77.4666,17.1074],[77.4642,17.0962],[77.4809,17.0796],[77.4821,17.0644],[77.4959,17.0423],[77.4961,17.0251],[77.5035,17.0108],[77.4873,17.0022],[77.4824,16.9938],[77.4832,16.9716],[77.4681,16.9562],[77.4718,16.9207],[77.4574,16.9126],[77.4563,16.8852],[77.4617,16.8829],[77.4644,16.8582],[77.4607,16.8275],[77.4669,16.8083],[77.4759,16.8],[77.4753,16.7829],[77.4416,16.7869],[77.4394,16.7533],[77.4275,16.7183],[77.4415,16.7114],[77.4496,16.7176],[77.471,16.7158],[77.4693,16.6822],[77.4659,16.6763],[77.4506,16.6781],[77.4413,16.6705],[77.4207,16.6667],[77.421,16.6586],[77.4404,16.6465],[77.4371,16.6416],[77.4483,16.6397],[77.4657,16.6528],[77.4736,16.6509],[77.4756,16.6475],[77.4581,16.6178],[77.4581,16.6114],[77.4679,16.6088],[77.4685,16.5992],[77.4631,16.5961],[77.4685,16.5882],[77.441,16.5852],[77.4215,16.5679],[77.3956,16.5692],[77.3944,16.5637],[77.4057,16.5508],[77.4199,16.548],[77.4195,16.5219],[77.4162,16.5179],[77.4048,16.52],[77.3832,16.5148],[77.3732,16.5061],[77.3704,16.4881],[77.3284,16.4849],[77.3006,16.4954],[77.296,16.4776],[77.2554,16.4718],[77.2427,16.4768],[77.239,16.472],[77.2621,16.4513],[77.2683,16.434],[77.2886,16.407],[77.3368,16.3924],[77.3471,16.3839],[77.3567,16.3808],[77.3774,16.3841],[77.4161,16.3669],[77.4321,16.3694],[77.4425,16.3787],[77.499,16.3801],[77.5235,16.3745],[77.5398,16.3574],[77.5592,16.346],[77.5766,16.3405],[77.5964,16.342],[77.5892,16.3326],[77.5956,16.3165],[77.5932,16.3002],[77.5971,16.2947],[77.5855,16.2907],[77.5698,16.3023],[77.5479,16.2916],[77.5385,16.2672],[77.524,16.2754],[77.5059,16.2723],[77.5036,16.2624],[77.4922,16.2543],[77.4934,16.2289],[77.5154,16.2279],[77.5135,16.2195],[77.5,16.2176],[77.4996,16.1917],[77.4883,16.1632],[77.4928,16.152],[77.4914,16.1204],[77.5002,16.1193],[77.5142,16.1083],[77.5027,16.1019],[77.4977,16.0885],[77.5078,16.078],[77.4955,16.0354],[77.5066,16.0104],[77.515,16.0071],[77.5104,15.9776],[77.5208,15.9624],[77.5144,15.9258],[77.5022,15.9313],[77.4718,15.9325],[77.4312,15.9471],[77.4123,15.9405],[77.3808,15.938],[77.3582,15.9484],[77.3192,15.9498],[77.3046,15.9551],[77.2868,15.952],[77.2532,15.9623],[77.2313,15.9561],[77.1847,15.9545],[77.1474,15.945],[77.1339,15.9348],[77.1085,15.9289],[77.0806,15.9141],[77.0369,15.8575],[77.026,15.8362],[77.0453,15.8261],[77.0678,15.8276],[77.0654,15.8024],[77.0712,15.8006],[77.0664,15.7829],[77.0524,15.7653],[77.0571,15.7634],[77.0556,15.7547],[77.0506,15.7559],[77.0471,15.739],[77.0512,15.7377],[77.051,15.7296],[77.0803,15.726],[77.0803,15.715],[77.0884,15.7136],[77.0857,15.7],[77.08,15.6955],[77.1049,15.6836],[77.1292,15.6638],[77.1204,15.6299],[77.0855,15.6576],[77.0729,15.6456],[77.0332,15.6385],[77.0329,15.603],[77.0277,15.5811],[77.0329,15.5299],[77.0307,15.5048],[77.0,15.5045],[76.9758,15.5111],[76.9743,15.4957],[77.0,15.4723],[77.0102,15.4531],[77.0315,15.4401],[77.0352,15.4233],[77.0327,15.4062],[77.0481,15.3887],[77.0423,15.3638],[77.0672,15.343],[77.0659,15.3269],[77.0735,15.3246],[77.1142,15.3324],[77.12,15.295],[77.1526,15.2909],[77.1498,15.2713],[77.1689,15.2644],[77.17,15.2563],[77.1449,15.2568],[77.1373,15.2399],[77.1281,15.2386],[77.1255,15.2265],[77.1461,15.2234],[77.1547,15.2132],[77.1663,15.1876],[77.168,15.1668],[77.1625,15.1544],[77.1417,15.1546],[77.1368,15.1481],[77.1401,15.1414],[77.1576,15.1371],[77.1589,15.126],[77.1525,15.1128],[77.1324,15.0991],[77.1303,15.0737],[77.1144,15.0341],[77.0955,15.0332],[77.0868,15.0277],[77.0836,15.0055],[77.0457,15.0109],[77.0534,15.0293],[77.0515,15.0346],[77.0052,15.0349],[76.988,15.0257],[76.9862,15.0157],[76.9712,15.0185],[76.9471,15.0323],[76.9004,15.0371],[76.8808,15.0338],[76.8646,15.0618],[76.8008,15.0957],[76.786,15.0838],[76.7877,15.0806],[76.778,15.0763],[76.7749,15.0591],[76.7884,15.0217],[76.7836,15.0109],[76.7734,15.0056],[76.769,14.9941],[76.7608,14.988],[76.7676,14.9749],[76.8008,14.968],[76.8195,14.9689],[76.832,14.9562],[76.8453,14.9663],[76.8686,14.9692],[76.8697,14.9428],[76.8645,14.8965],[76.8503,14.8956],[76.848,14.8917],[76.8584,14.8667],[76.8537,14.844],[76.8443,14.8354],[76.8539,14.8172],[76.853,14.8094],[76.8415,14.8095],[76.838,14.7903],[76.825,14.7919],[76.8152,14.7868],[76.7845,14.7845],[76.8023,14.7399],[76.7755,14.6792],[76.7652,14.6017],[76.777,14.5927],[76.7806,14.5958],[76.7906,14.5586],[76.8042,14.5333],[76.8243,14.5259],[76.8321,14.5287],[76.8589,14.5046],[76.875,14.4742],[76.9114,14.4899],[76.9785,14.4842],[76.9793,14.4763],[76.9694,14.4577],[76.9637,14.4513],[76.9488,14.451],[76.9467,14.4055],[76.9181,14.4194],[76.9016,14.4003],[76.888,14.3961],[76.884,14.3523],[76.904,14.3252],[76.9481,14.3114],[76.9554,14.3001],[76.949,14.2877],[76.93,14.2782],[76.9431,14.2462],[76.9488,14.2424],[76.9879,14.2443],[77.0096,14.2378],[77.0386,14.2467],[77.0552,14.2458],[77.0811,14.2157],[77.1109,14.2197],[77.1213,14.2632],[77.1127,14.2681],[77.1177,14.2938],[77.1315,14.3079],[77.1376,14.3369],[77.1463,14.3424],[77.1522,14.3385],[77.1579,14.3441],[77.2023,14.3207],[77.2289,14.3215],[77.238,14.3176],[77.2512,14.321],[77.2639,14.3322],[77.2873,14.3377],[77.2858,14.2827],[77.3657,14.2761],[77.3619,14.2368],[77.3882,14.217],[77.3904,14.1987],[77.3979,14.1978],[77.4216,14.2101],[77.4224,14.2189],[77.4076,14.2672],[77.3909,14.2724],[77.3815,14.3019],[77.3803,14.3119],[77.3921,14.3316],[77.4013,14.3359],[77.4324,14.3276],[77.4341,14.3117],[77.449,14.3166],[77.4503,14.2844],[77.4614,14.2791],[77.4861,14.2917],[77.4912,14.2822],[77.5031,14.2787],[77.5062,14.2675],[77.4969,14.2347],[77.5173,14.1791],[77.5074,14.1581],[77.4702,14.1713],[77.4302,14.1721],[77.4164,14.1767],[77.3964,14.1722],[77.3963,14.1605],[77.3893,14.1547],[77.3834,14.1365],[77.3544,14.1312],[77.3512,14.1029],[77.3656,14.1157],[77.3965,14.1256],[77.4032,14.1176],[77.4022,14.1104],[77.3864,14.0974],[77.3791,14.0789],[77.3681,14.0729],[77.3653,14.0659],[77.3569,14.0604],[77.3447,14.0608],[77.3329,14.0299],[77.3903,14.0144],[77.3801,13.9888],[77.3826,13.9762],[77.4275,13.9841],[77.4377,13.976],[77.4358,13.9506],[77.4148,13.9433],[77.4173,13.9218],[77.4346,13.9165],[77.4328,13.9093],[77.4042,13.8878],[77.3989,13.8871],[77.3975,13.9049],[77.3553,13.9037],[77.3495,13.9194],[77.3695,13.9494],[77.3506,13.958],[77.3606,13.9894],[77.3371,13.9974],[77.3202,14.0318],[77.3102,14.0337],[77.2851,14.0138],[77.2792,14.0149],[77.2781,14.035],[77.2623,14.0278],[77.2491,14.0131],[77.2253,14.0147],[77.2009,14.0096],[77.1777,14.0153],[77.1679,14.013],[77.1691,14.0045],[77.1607,13.9973],[77.1536,13.9983],[77.1405,14.0048],[77.1402,14.0163],[77.1272,14.0488],[77.0824,14.0446],[77.0755,14.046],[77.075,14.0537],[77.0295,14.0597],[77.026,14.0678],[77.0297,14.0898],[77.014,14.1045],[77.0223,14.1124],[77.0259,14.1287],[77.0195,14.1337],[77.0254,14.179],[76.9639,14.1817],[76.947,14.1955],[76.9424,14.1721],[76.9283,14.1695],[76.9225,14.1638],[76.902,14.168],[76.8967,14.1651],[76.8889,14.1371],[76.9179,14.1283],[76.9278,14.1352],[76.9324,14.1334],[76.9484,14.1181],[76.9537,14.1028],[76.9518,14.0915],[76.9737,14.086],[76.9806,14.0716],[76.9772,14.0587],[76.9435,14.0539],[76.9366,14.029],[76.9464,14.0269],[76.9542,14.0131],[76.9809,14.003],[77.0002,13.9879],[76.9948,13.9632],[77.0418,13.9322],[77.0473,13.904],[77.0233,13.8999],[77.012,13.8567],[77.0001,13.8455],[76.9922,13.8458],[76.99,13.8343],[76.9744,13.821],[76.9748,13.8168],[76.9897,13.8108],[76.9918,13.7996],[76.9873,13.7924],[77.0001,13.7482],[77.0176,13.7394],[77.026,13.7766],[77.0326,13.7782],[77.0414,13.776],[77.0664,13.7457],[77.087,13.7442],[77.0868,13.7602],[77.1017,13.7677],[77.13,13.7578],[77.1441,13.7626],[77.1732,13.7616],[77.178,13.779],[77.1651,13.794],[77.1606,13.8075],[77.1688,13.8276],[77.1544,13.8357],[77.1522,13.8418],[77.1317,13.8498],[77.1303,13.8562],[77.1458,13.8659],[77.169,13.8638],[77.1714,13.8731],[77.1623,13.9066],[77.1659,13.9153],[77.1835,13.9242],[77.1887,13.9081],[77.1816,13.8683],[77.1853,13.8667],[77.1993,13.8631],[77.2035,13.8664],[77.2115,13.8881],[77.2154,13.8854],[77.2147,13.8673],[77.2181,13.8684],[77.2321,13.9024],[77.2405,13.9019],[77.2467,13.901],[77.2482,13.8958],[77.2474,13.8729],[77.2598,13.8631],[77.2572,13.8465],[77.2898,13.8481],[77.2965,13.8571],[77.3138,13.8644],[77.327,13.8329],[77.3342,13.832],[77.3665,13.8529],[77.3802,13.8454],[77.38,13.8385],[77.4318,13.8425],[77.4335,13.8371],[77.4159,13.8066],[77.4265,13.8071],[77.4242,13.7983],[77.436,13.7954],[77.4479,13.8097],[77.4648,13.8045],[77.4582,13.793],[77.4701,13.7511],[77.4644,13.7202],[77.4523,13.7033],[77.4573,13.6834],[77.4841,13.6852],[77.4906,13.6873],[77.4928,13.6943],[77.4873,13.7108],[77.495,13.7144],[77.5104,13.712],[77.52,13.6933],[77.5293,13.6956],[77.5352,13.7267],[77.5228,13.7446],[77.5273,13.7515],[77.5472,13.7514],[77.5559,13.7281],[77.5639,13.7242],[77.5744,13.7371],[77.5814,13.7344],[77.6034,13.7513],[77.6121,13.7503],[77.6236,13.7362],[77.6292,13.7352],[77.6447,13.7431],[77.6417,13.7491],[77.6205,13.7547],[77.6183,13.7632],[77.657,13.7837],[77.6782,13.7854],[77.6798,13.778],[77.6717,13.7601],[77.7036,13.7693],[77.7103,13.739],[77.7169,13.7407],[77.7216,13.7541],[77.7209,13.7984],[77.7365,13.8097],[77.7867,13.8209],[77.7842,13.8439],[77.811,13.8487],[77.819,13.8601],[77.836,13.8687],[77.8274,13.8741],[77.8355,13.8796],[77.8332,13.8879],[77.8292,13.8973],[77.8192,13.9027],[77.8145,13.9166],[77.8166,13.9305],[77.8264,13.9428],[77.8383,13.9351],[77.8953,13.9393],[77.898,13.9195],[77.92,13.9054],[77.9282,13.9069],[77.9473,13.9328],[77.9592,13.9361],[77.9697,13.9582],[77.9871,13.9559],[77.9819,13.9281],[77.9866,13.9017],[77.951,13.8885],[77.9566,13.8377],[77.9532,13.8283],[77.9744,13.8285],[77.9938,13.87],[78.0134,13.8701],[78.0243,13.8628],[78.0466,13.8613],[78.0517,13.8722],[78.0498,13.8952],[78.0797,13.8805],[78.0837,13.8635],[78.1149,13.8621],[78.1225,13.8495],[78.1262,13.8304],[78.1167,13.8123],[78.1273,13.7856],[78.1201,13.7705],[78.1044,13.759],[78.094,13.7422],[78.1185,13.719],[78.1145,13.6932],[78.0943,13.6894],[78.0731,13.6969],[78.0732,13.6833],[78.0674,13.6757],[78.0892,13.6592],[78.0899,13.6441],[78.0998,13.6418],[78.1031,13.6491],[78.1166,13.6559],[78.1651,13.6576],[78.1699,13.6324],[78.1953,13.6302],[78.2034,13.6252],[78.2032,13.604],[78.189,13.588],[78.1928,13.5655],[78.2054,13.5698],[78.2181,13.591],[78.2322,13.5862],[78.2373,13.5964],[78.2593,13.5835],[78.3223,13.5928],[78.3535,13.5872],[78.3902,13.5908],[78.4007,13.5876],[78.4077,13.5757],[78.3773,13.5047],[78.3774,13.4764],[78.3727,13.4617],[78.3815,13.4007],[78.3654,13.3647],[78.3667,13.3564],[78.3851,13.3561],[78.4077,13.3421],[78.4056,13.3324],[78.4016,13.3335],[78.3988,13.3282],[78.3857,13.3362],[78.3879,13.3411],[78.3816,13.3422],[78.3773,13.3298],[78.3895,13.3266],[78.4017,13.3135],[78.4349,13.329],[78.4395,13.327],[78.4465,13.3083],[78.4769,13.3201],[78.4823,13.3179],[78.4831,13.3011],[78.5118,13.2873],[78.5227,13.2701],[78.5315,13.2657],[78.5395,13.286],[78.5579,13.2828],[78.5614,13.2862],[78.5664,13.3096],[78.578,13.282],[78.5883,13.2723],[78.5697,13.2374],[78.5681,13.2223],[78.5796,13.2146],[78.5693,13.2025],[78.5519,13.1975],[78.5534,13.1904],[78.5743,13.1877],[78.5801,13.1668],[78.5497,13.1619],[78.5437,13.1524],[78.5464,13.1411],[78.5324,13.1393],[78.5197,13.1299],[78.5221,13.1166],[78.539,13.1077],[78.5258,13.1014],[78.5248,13.095],[78.5129,13.092],[78.5096,13.0801],[78.5156,13.0631],[78.4821,13.0541],[78.4721,13.0423],[78.4626,13.0418],[78.4633,13.014],[78.4725,12.9894],[78.469,12.9736],[78.4337,12.9789],[78.4384,12.9608],[78.4275,12.9546],[78.4202,12.9571],[78.4217,12.948],[78.4121,12.943],[78.4187,12.9184],[78.4281,12.9305],[78.4674,12.9032],[78.4655,12.8636],[78.4639,12.8759],[78.4497,12.8901],[78.447,12.911],[78.4376,12.9124],[78.4358,12.9037],[78.4285,12.8994],[78.4141,12.9016],[78.3995,12.9158],[78.3962,12.9065],[78.3894,12.9054],[78.3564,12.9382],[78.3382,12.8994],[78.3274,12.9027],[78.3244,12.8987],[78.3219,12.8839],[78.3385,12.8842],[78.3326,12.873],[78.3151,12.8759],[78.3141,12.8573],[78.2866,12.8592],[78.2735,12.8666],[78.252,12.8574],[78.2512,12.8132],[78.2405,12.7721],[78.2316,12.7626],[78.2099,12.7651],[78.1948,12.7726],[78.1896,12.7699],[78.177,12.7749],[78.169,12.7701],[78.1473,12.779],[78.1314,12.7798],[78.1252,12.7969],[78.0971,12.813],[78.0867,12.8302],[78.0765,12.8286],[78.0751,12.8398],[78.0619,12.8419],[78.0572,12.852],[78.0504,12.8478],[78.0253,12.8554],[78.0272,12.8431],[78.0194,12.8432],[78.0175,12.8296],[78.0037,12.8232],[78.016,12.8128],[78.0119,12.805],[77.9918,12.8051],[77.9917,12.8199],[77.9816,12.8321],[77.9677,12.8309],[77.9682,12.8457],[77.9571,12.8475],[77.9557,12.8587],[77.9436,12.8541],[77.9501,12.8387],[77.9432,12.8223],[77.9206,12.829],[77.9255,12.8536],[77.9446,12.8654],[77.9437,12.871],[77.9298,12.8728],[77.9285,12.8782],[77.9388,12.8807],[77.9344,12.8871],[77.8975,12.8761],[77.8923,12.8676],[77.8355,12.8681],[77.8235,12.8531],[77.8097,12.8469],[77.8018,12.8489],[77.7947,12.8429],[77.7979,12.8327],[77.8109,12.8299],[77.8106,12.8147],[77.8043,12.8149],[77.8013,12.8054],[77.8094,12.796],[77.7979,12.7904],[77.7816,12.7689],[77.7838,12.7602],[77.7949,12.7542],[77.7929,12.7479],[77.763,12.7342],[77.7616,12.7275],[77.773,12.7236],[77.7603,12.6963],[77.7435,12.7006],[77.7372,12.6919],[77.7432,12.681],[77.7414,12.6731],[77.7253,12.6721],[77.7241,12.6793],[77.7137,12.6828],[77.7117,12.6673],[77.7054,12.6603],[77.6883,12.658],[77.6777,12.6596],[77.6791,12.6709],[77.6757,12.6733],[77.6801,12.6802],[77.6641,12.6831],[77.6,12.6663],[77.5976,12.6515],[77.6076,12.6299],[77.5918,12.6139],[77.5912,12.5931],[77.5798,12.5668],[77.5884,12.5159],[77.6152,12.5123],[77.6163,12.5088],[77.5853,12.4773],[77.6067,12.4736],[77.6273,12.4945],[77.6353,12.4863],[77.6283,12.4522],[77.6303,12.4175],[77.6235,12.4069],[77.6141,12.3628],[77.6014,12.3583],[77.5964,12.3454],[77.5788,12.3332],[77.5663,12.3062],[77.5554,12.3017],[77.5529,12.2927],[77.5337,12.29],[77.5285,12.2785],[77.5122,12.2752],[77.5007,12.282],[77.4803,12.2707],[77.473,12.2446],[77.4838,12.2338],[77.4758,12.2112],[77.4927,12.1991],[77.5216,12.193],[77.5489,12.2035],[77.5663,12.1962],[77.6147,12.2044],[77.6396,12.1956],[77.6662,12.1971],[77.7373,12.1768],[77.7501,12.1574],[77.7513,12.1388],[77.7796,12.1152],[77.7675,12.1016],[77.7573,12.0789],[77.7268,12.058],[77.7006,12.0195],[77.6749,11.9625],[77.6759,11.9492],[77.658,11.9482],[77.6546,11.9536],[77.6024,11.9357],[77.5968,11.9388],[77.5843,11.9333],[77.5589,11.94],[77.5345,11.9307],[77.4951,11.9415],[77.4878,11.8852],[77.4813,11.8927],[77.4636,11.8976],[77.466,11.8763],[77.4618,11.8534],[77.4672,11.8482],[77.4534,11.8156],[77.4518,11.8004],[77.4316,11.7694],[77.4302,11.7598],[77.4244,11.7602],[77.4234,11.7713],[77.3927,11.7851],[77.3702,11.7877],[77.3564,11.773],[77.3368,11.7678],[77.2953,11.8071],[77.2888,11.7985],[77.2521,11.8111],[77.2474,11.7968],[77.2374,11.7924],[77.1999,11.7914],[77.1761,11.7827],[77.1473,11.7804],[77.1375,11.7694],[77.1128,11.7715],[77.1194,11.7212],[77.1063,11.7315],[77.0816,11.7333],[77.0838,11.7379],[77.0599,11.766],[77.0717,11.7803],[77.0664,11.7854],[77.051,11.7858],[77.0373,11.7699],[77.0321,11.7729],[77.0414,11.7922],[77.0324,11.8032],[77.0185,11.8051],[77.014,11.8112],[76.9823,11.8092],[76.9844,11.7991],[76.9691,11.7733],[76.9539,11.7894],[76.9452,11.7848],[76.909,11.7912],[76.8973,11.7738],[76.8978,11.7584],[76.8902,11.7325],[76.8629,11.7067],[76.8651,11.7022],[76.8378,11.652],[76.8391,11.6372],[76.8483,11.6313],[76.8477,11.6237],[76.8604,11.6098],[76.8468,11.5824],[76.843,11.5949],[76.8259,11.6051],[76.7554,11.6182],[76.7446,11.6129],[76.6166,11.6078],[76.5895,11.6168],[76.5834,11.6131],[76.5686,11.6174],[76.5621,11.6202],[76.5487,11.6778],[76.5123,11.7052],[76.4934,11.6895],[76.4818,11.6913],[76.4817,11.6852],[76.4594,11.6622],[76.4392,11.6636],[76.4181,11.6716],[76.41,11.6901],[76.4107,11.7064],[76.4041,11.708],[76.4108,11.7137],[76.4164,11.7111],[76.4267,11.7241],[76.4197,11.7413],[76.4133,11.7403],[76.4185,11.7534],[76.4153,11.7603],[76.3799,11.7431],[76.3635,11.7468],[76.3537,11.7373],[76.3424,11.7374],[76.3178,11.7506],[76.3072,11.7829],[76.2908,11.7916],[76.2791,11.8102],[76.2513,11.8019],[76.2254,11.8066],[76.2123,11.8261],[76.2139,11.8383],[76.2076,11.8606],[76.1906,11.8702],[76.1559,11.8674],[76.1229,11.8494],[76.1144,11.8575],[76.114,11.9769],[76.0973,11.9679],[76.0788,11.9675],[76.0354,11.9389],[76.0097,11.9381],[76.0039,11.9297],[75.9819,11.931],[75.9539,11.9399],[75.9366,11.9371],[75.9091,11.9407],[75.871,11.9515],[75.8561,11.9629],[75.8494,11.9761],[75.8319,11.9838],[75.8284,12.0004],[75.8315,12.0116],[75.8047,12.036],[75.7979,12.0532],[75.8043,12.0769],[75.7883,12.0821],[75.7563,12.083],[75.7213,12.0677],[75.7214,12.084],[75.7048,12.0891],[75.7057,12.1059],[75.6883,12.1078],[75.6824,12.0986],[75.6664,12.0967],[75.652,12.111],[75.6477,12.1325],[75.6389,12.1478],[75.6208,12.1543],[75.595,12.1484],[75.5804,12.1561],[75.5738,12.1708],[75.5558,12.1814],[75.5521,12.1937],[75.537,12.2013],[75.5412,12.2163],[75.5285,12.2248],[75.5141,12.2585],[75.5069,12.2683],[75.4954,12.272],[75.4856,12.2913],[75.47,12.3005],[75.4611,12.2936],[75.4333,12.297],[75.4217,12.2914],[75.433,12.3046],[75.4188,12.3265],[75.4125,12.3463],[75.4202,12.3534],[75.4238,12.3717],[75.3808,12.3916],[75.3677,12.412],[75.3726,12.4339],[75.3686,12.4566],[75.3879,12.4556],[75.3941,12.45],[75.4113,12.4548],[75.4248,12.465],[75.4266,12.4712],[75.4167,12.5017],[75.4064,12.4945],[75.3994,12.5027],[75.394,12.4975],[75.3851,12.4976],[75.372,12.4884],[75.3741,12.4737],[75.3576,12.4629],[75.3428,12.4609],[75.3386,12.4626],[75.3424,12.4695],[75.3367,12.4951],[75.3066,12.5015],[75.3063,12.5221],[75.2827,12.5229],[75.2739,12.5446],[75.2723,12.5583],[75.2783,12.5688],[75.2882,12.5697],[75.2929,12.5796],[75.3178,12.5734],[75.3301,12.5819],[75.3295,12.59],[75.3098,12.5926],[75.303,12.6038],[75.2926,12.6014],[75.2903,12.6093],[75.2781,12.6164],[75.2691,12.6104],[75.2508,12.5796],[75.2399,12.5772],[75.2375,12.5665],[75.2241,12.5673],[75.2119,12.5886],[75.2045,12.5852],[75.2106,12.6019],[75.1997,12.6108],[75.2024,12.6297],[75.1835,12.632],[75.1709,12.6211],[75.16,12.6216],[75.1436,12.6378],[75.1419,12.6423],[75.151,12.6464],[75.162,12.6686],[75.1514,12.6734],[75.1513,12.6809],[75.1325,12.6753],[75.1131,12.6804],[75.1048,12.696],[75.0864,12.7022],[75.0827,12.6977],[75.0878,12.6804],[75.0834,12.6708],[75.0755,12.6699],[75.0706,12.6624],[75.048,12.6645],[75.0433,12.6749],[75.0448,12.6918],[75.0547,12.688],[75.057,12.6911],[75.0523,12.7025],[75.0559,12.7078],[75.0498,12.7191],[75.0382,12.723],[75.019,12.7191],[75.0143,12.7121],[75.007,12.7135],[75.003,12.718],[75.0121,12.7272],[74.9929,12.7374],[74.9845,12.7342],[74.9858,12.7428],[74.9916,12.7425],[75.0085,12.7647],[75.0051,12.7898],[75.0001,12.7878],[74.992,12.7947],[74.9885,12.7935],[74.9923,12.7879],[74.9816,12.7795],[74.9703,12.7768],[74.9538,12.7835],[74.9074,12.7668],[74.8849,12.7529],[74.8751,12.7594],[74.863,12.7583],[74.8597,12.7733],[74.8481,12.788],[74.8284,12.8313],[74.8071,12.8947],[74.7816,13.0543],[74.7707,13.0776],[74.773,13.0815],[74.7819,13.0581],[74.7793,13.0914],[74.79,13.1023],[74.7778,13.1027],[74.7735,13.0876],[74.7673,13.0888],[74.7517,13.176],[74.7387,13.2038],[74.7285,13.2519],[74.7161,13.2808],[74.7099,13.3189],[74.7006,13.338],[74.703,13.3443],[74.7192,13.3123],[74.7204,13.2882],[74.725,13.2857],[74.7247,13.3209],[74.7143,13.3406],[74.696,13.3521],[74.6946,13.3576],[74.6942,13.3977],[74.6859,13.4417],[74.6882,13.4539],[74.6997,13.4155],[74.7109,13.4028],[74.7145,13.406],[74.7329,13.4025],[74.743,13.387],[74.7455,13.3926],[74.739,13.4133],[74.7142,13.4197],[74.7052,13.4334],[74.7168,13.4407],[74.7224,13.4586],[74.7457,13.454],[74.7507,13.4585],[74.7394,13.4647],[74.7395,13.4729],[74.7319,13.4755],[74.7161,13.4672],[74.705,13.4424],[74.7009,13.445],[74.6954,13.4813],[74.6958,13.4646],[74.6894,13.463],[74.672,13.5998],[74.6637,13.631],[74.6733,13.6301],[74.6811,13.6074],[74.6847,13.6223],[74.6811,13.635],[74.6855,13.6384],[74.6962,13.6383],[74.6955,13.6193],[74.7088,13.6148],[74.7149,13.6212],[74.7236,13.6215],[74.7044,13.6385],[74.7558,13.6331],[74.7602,13.6385],[74.7407,13.6477],[74.7142,13.6485],[74.7019,13.6536],[74.6998,13.6602],[74.7073,13.6723],[74.6956,13.6668],[74.6795,13.6776],[74.6917,13.6887],[74.7133,13.6967],[74.6994,13.6962],[74.6892,13.7024],[74.6845,13.6993],[74.6682,13.7138],[74.6778,13.691],[74.6712,13.6782],[74.6657,13.6389],[74.6453,13.673],[74.6396,13.7134],[74.6325,13.729],[74.6273,13.7823],[74.6065,13.8586],[74.6239,13.8479],[74.6264,13.8589],[74.6174,13.8651],[74.6119,13.8634],[74.5984,13.8785],[74.5871,13.9205],[74.5716,13.9446],[74.5376,13.9601],[74.5403,13.9717],[74.5301,13.9736],[74.5158,13.9895],[74.506,14.0255],[74.5244,14.0248],[74.5236,14.0339],[74.5132,14.0355],[74.5051,14.0515],[74.5079,14.0309],[74.5011,14.0411],[74.4971,14.0683],[74.4834,14.0997],[74.4836,14.1242],[74.4746,14.1693],[74.465,14.1982],[74.455,14.2042],[74.4488,14.2155],[74.4327,14.2662],[74.4492,14.2595],[74.4583,14.2487],[74.4702,14.2557],[74.498,14.2434],[74.5271,14.2398],[74.491,14.2636],[74.4883,14.2778],[74.4723,14.2837],[74.4688,14.2919],[74.4607,14.2836],[74.4436,14.2811],[74.426,14.305],[74.4314,14.273],[74.4256,14.281],[74.4141,14.3119],[74.4035,14.3675],[74.405,14.3817],[74.3974,14.4083],[74.403,14.419],[74.3853,14.4238],[74.3755,14.4642],[74.3618,14.4872],[74.3567,14.5106],[74.37,14.5229],[74.3781,14.5147],[74.3731,14.4973],[74.3803,14.4873],[74.3751,14.4821],[74.3872,14.451],[74.4082,14.4485],[74.4119,14.4709],[74.4221,14.4726],[74.4415,14.4566],[74.4362,14.4716],[74.4157,14.4813],[74.401,14.4959],[74.3766,14.533],[74.3776,14.5405],[74.3691,14.5429],[74.3676,14.5592],[74.3523,14.536],[74.3517,14.524],[74.341,14.5166],[74.3308,14.5142],[74.3087,14.5202],[74.3131,14.5304],[74.3081,14.5368],[74.3143,14.5512],[74.2946,14.5919],[74.3293,14.6034],[74.3663,14.5918],[74.3841,14.5923],[74.4124,14.6074],[74.4296,14.6246],[74.4193,14.6234],[74.3914,14.6038],[74.3637,14.5982],[74.3477,14.6087],[74.3208,14.6105],[74.3169,14.6157],[74.3055,14.6013],[74.2847,14.6085],[74.2718,14.627],[74.2809,14.6289],[74.2847,14.6364],[74.2801,14.6571],[74.2856,14.663],[74.275,14.6652],[74.2795,14.6731],[74.2759,14.6888],[74.2556,14.7073],[74.2652,14.7172],[74.2465,14.7395],[74.2366,14.7473],[74.228,14.7469],[74.224,14.7447],[74.2242,14.7351],[74.2039,14.7328],[74.2067,14.7206],[74.2002,14.7202],[74.1797,14.7455],[74.1669,14.7521],[74.1772,14.7667],[74.1626,14.765],[74.1572,14.747],[74.1437,14.7745],[74.1321,14.7782],[74.1221,14.7739],[74.1194,14.7832],[74.1094,14.7845],[74.1074,14.7928],[74.095,14.7977],[74.0952,14.8031],[74.1146,14.7989],[74.1205,14.802],[74.1263,14.8344],[74.162,14.8381],[74.1568,14.8128],[74.1699,14.8245],[74.1706,14.8406],[74.1789,14.8451],[74.1762,14.8551],[74.1917,14.8636],[74.2158,14.8684],[74.2313,14.8597],[74.2501,14.8713],[74.2488,14.876],[74.2342,14.8716],[74.2087,14.8758],[74.2101,14.8889],[74.1914,14.8797],[74.1791,14.8811],[74.1748,14.8703],[74.1667,14.873],[74.1622,14.8624],[74.1425,14.8571],[74.1375,14.8458],[74.1242,14.8473],[74.121,14.8384],[74.1125,14.8458],[74.1062,14.868],[74.0965,14.8801],[74.0978,14.8923],[74.088,14.896],[74.1061,14.9137],[74.1252,14.9152],[74.1326,14.9231],[74.1687,14.9115],[74.1707,14.9158],[74.1593,14.9394],[74.1655,14.9536],[74.1837,14.9543],[74.1859,14.9476],[74.1976,14.9405],[74.1966,14.93],[74.2054,14.924],[74.2183,14.944],[74.2353,14.9491],[74.2375,14.9601],[74.2447,14.9634],[74.2558,14.9602],[74.2639,14.9693],[74.2677,14.9778],[74.2554,14.9934],[74.2644,14.9975],[74.2702,15.0122],[74.2837,15.0242],[74.2829,15.0327],[74.2962,15.0425],[74.2891,15.0653],[74.2811,15.0719],[74.2776,15.0966],[74.2721,15.0985],[74.2821,15.1081],[74.2869,15.1225],[74.2833,15.1457],[74.2953,15.1524],[74.3159,15.1866],[74.3005,15.2257],[74.2881,15.2345],[74.2571,15.2443],[74.2511,15.2601],[74.2616,15.2608],[74.2766,15.2837],[74.2829,15.2815],[74.2961,15.2883],[74.3281,15.2853],[74.3356,15.2954],[74.3219,15.3157],[74.3172,15.332],[74.3223,15.3458],[74.3164,15.3597],[74.3222,15.3697],[74.2994,15.3829],[74.2799,15.385],[74.2763,15.391],[74.2782,15.4039],[74.2692,15.4263],[74.2763,15.4356],[74.2761,15.4455],[74.2498,15.4918],[74.2543,15.5031],[74.2755,15.5152],[74.2809,15.5283],[74.2765,15.5439],[74.2634,15.5634],[74.2477,15.5681],[74.2498,15.5848],[74.2586,15.5924],[74.262,15.6118],[74.2559,15.6251],[74.2459,15.626],[74.2506,15.6362],[74.2486,15.6564],[74.2383,15.6678],[74.2301,15.6641],[74.2248,15.6687],[74.2173,15.6611],[74.222,15.6552],[74.2064,15.6512],[74.2047,15.6632],[74.1894,15.6671],[74.1908,15.6811],[74.1832,15.6831],[74.1684,15.6723],[74.1664,15.6542],[74.1562,15.6508],[74.1188,15.6525],[74.0972,15.6614],[74.0891,15.673],[74.1102,15.6729],[74.1264,15.6806],[74.1343,15.7025],[74.1234,15.72],[74.153,15.7365],[74.1606,15.7514],[74.1975,15.7555],[74.2044,15.7607],[74.2105,15.7809],[74.2205,15.7878],[74.2322,15.7867],[74.2285,15.7561],[74.2434,15.7433],[74.2674,15.7553],[74.2857,15.7415],[74.3177,15.7587],[74.3234,15.7725],[74.3447,15.7655],[74.3587,15.7758],[74.3697,15.8033],[74.3679,15.8126],[74.3602,15.8176],[74.3684,15.8296],[74.3834,15.8384],[74.3832,15.8462],[74.3383,15.8541],[74.3609,15.8732],[74.3644,15.8925],[74.368,15.8937],[74.3874,15.8539],[74.3971,15.8511],[74.4056,15.8547],[74.4063,15.8598],[74.3932,15.8764],[74.3965,15.8804],[74.3933,15.8979],[74.3858,15.9032],[74.4293,15.9532],[74.4441,15.9853],[74.4438,16.0006],[74.4645,16.0426],[74.4622,16.0487],[74.4304,16.0587],[74.4095,16.053],[74.3839,16.0371],[74.3724,16.0386],[74.3756,16.0555],[74.3619,16.0549],[74.3739,16.0715],[74.3748,16.0802],[74.3911,16.0803],[74.3912,16.0891],[74.4092,16.0938],[74.4124,16.1028],[74.4286,16.1126],[74.4587,16.1041],[74.4761,16.0889],[74.4834,16.0893],[74.4907,16.1035],[74.4853,16.1439],[74.4801,16.1489],[74.489,16.157],[74.4921,16.1833],[74.5073,16.1902],[74.5077,16.2031],[74.4964,16.216],[74.5027,16.2248],[74.4974,16.2329],[74.4783,16.2486],[74.4674,16.2404],[74.4576,16.2437],[74.4554,16.2503],[74.4368,16.2514],[74.4359,16.256],[74.4165,16.2593],[74.4152,16.2824],[74.3851,16.2774],[74.3842,16.292],[74.3738,16.2953],[74.3562,16.2889],[74.3469,16.2936],[74.3453,16.29],[74.3535,16.2814],[74.3306,16.2675],[74.3242,16.2748],[74.3253,16.288],[74.3423,16.2933],[74.3384,16.3051],[74.3337,16.3058],[74.3341,16.3134],[74.3256,16.3125],[74.325,16.3182],[74.3336,16.3187],[74.3308,16.3252],[74.3165,16.3269],[74.3226,16.3344],[74.3169,16.3416],[74.3279,16.3423],[74.3172,16.3554],[74.3257,16.3587],[74.3189,16.381],[74.3261,16.3773],[74.3285,16.3904],[74.3366,16.3924],[74.3455,16.368],[74.3553,16.3665],[74.3532,16.3806],[74.3628,16.3961],[74.3582,16.405],[74.3362,16.4022],[74.3308,16.4219],[74.3373,16.4272],[74.3324,16.4538],[74.3154,16.4517],[74.298,16.4625],[74.2896,16.4607],[74.2932,16.5043],[74.2822,16.5054],[74.2738,16.491],[74.2758,16.4842],[74.262,16.4777],[74.2463,16.4965],[74.279,16.505],[74.2777,16.5181],[74.2699,16.5222],[74.2652,16.535],[74.2696,16.5461],[74.2815,16.5411],[74.2829,16.5242],[74.2878,16.5332],[74.3003,16.5308],[74.3075,16.5037],[74.3173,16.5079],[74.3157,16.5461],[74.3172,16.5531],[74.3229,16.5551],[74.3396,16.5481],[74.3592,16.5587],[74.3629,16.5549],[74.3565,16.5502],[74.3562,16.5404],[74.3837,16.5295],[74.3894,16.5373],[74.3892,16.5611],[74.3949,16.5625],[74.3922,16.567],[74.3973,16.5803],[74.4227,16.5843],[74.4275,16.596],[74.4348,16.6003],[74.4665,16.6064],[74.4569,16.6461],[74.4588,16.6545],[74.4715,16.6623],[74.48,16.6407],[74.4922,16.6282],[74.5045,16.633],[74.5459,16.6348],[74.5443,16.5938],[74.5601,16.592],[74.5643,16.5829],[74.5542,16.573],[74.5542,16.5614],[74.5686,16.5536],[74.5866,16.5572],[74.588,16.5655],[74.5995,16.5638],[74.6117,16.5696],[74.6187,16.5836],[74.6312,16.5774],[74.6376,16.6084],[74.6588,16.6027],[74.6735,16.6082],[74.6854,16.6061],[74.6894,16.6168],[74.6688,16.6301],[74.6609,16.6303],[74.6554,16.6392],[74.6667,16.6651],[74.6911,16.6766],[74.6823,16.6806],[74.6907,16.6874],[74.6933,16.7168],[74.7318,16.7174],[74.7704,16.7424],[74.7744,16.7502],[74.7959,16.7472],[74.7996,16.7523],[74.846,16.7619],[74.8507,16.7723],[74.9198,16.7715],[74.9118,16.7873],[74.9079,16.8575],[74.9331,16.8707],[74.9357,16.878],[74.9447,16.8816],[74.9602,16.8794],[74.9634,16.9069],[74.9489,16.908],[74.923,16.9271],[74.9245,16.9367],[74.9344,16.9424],[74.9485,16.9377],[74.9506,16.9315],[74.9656,16.9374],[74.982,16.9305],[75.0,16.9473],[75.0267,16.943],[75.0283,16.9272],[75.0446,16.9402],[75.0619,16.9408],[75.087,16.9502],[75.0908,16.9487],[75.0946,16.9154],[75.1155,16.9115],[75.1203,16.902],[75.1352,16.8945],[75.1379,16.8751],[75.1687,16.8664],[75.1867,16.8751],[75.1895,16.8712],[75.1802,16.8437],[75.213,16.842],[75.2272,16.8426],[75.2407,16.8661],[75.2656,16.8625],[75.2801,16.8759],[75.2892,16.9028],[75.2829,16.9111],[75.2809,16.9445],[75.282,16.9551],[75.2858,16.9564],[75.3429,16.9541],[75.3572,16.9585],[75.3694,16.9703],[75.3925,16.978],[75.4289,16.9651],[75.4417,16.9811],[75.4659,16.987],[75.4666,16.9812],[75.4806,16.9776],[75.4878,16.9671],[75.4906,16.9446],[75.5088,16.949],[75.5311,16.9684],[75.5687,16.9654],[75.5683,17.0079],[75.5742,17.0095],[75.608,17.0048],[75.6092,16.9714],[75.635,16.9676],[75.6437,16.9528],[75.6734,16.9621],[75.6772,16.9658],[75.6676,16.9795],[75.671,17.0375],[75.6527,17.0324],[75.6424,17.0381],[75.6614,17.0635],[75.6772,17.0646],[75.6772,17.0959],[75.6728,17.1152],[75.6523,17.1148],[75.6513,17.1344],[75.6266,17.1717],[75.6292,17.1877],[75.6412,17.1897],[75.6421,17.1956],[75.6607,17.2099],[75.6585,17.2629],[75.6561,17.2721],[75.6308,17.2737],[75.6232,17.2952],[75.6044,17.3047],[75.6145,17.3302],[75.6115,17.3437],[75.5832,17.3512],[75.5768,17.3843],[75.6142,17.3932],[75.6085,17.4209],[75.6138,17.4234],[75.6238,17.4594],[75.6297,17.4625],[75.6341,17.4788],[75.6481,17.4747],[75.6609,17.461],[75.6762,17.4593],[75.6794,17.4375],[75.6899,17.414],[75.7139,17.4103],[75.7359,17.4233],[75.7577,17.4098],[75.7687,17.4083],[75.7813,17.3803],[75.8014,17.3716],[75.8142,17.3753],[75.8154,17.3993],[75.8238,17.4243],[75.8381,17.422],[75.8552,17.4091],[75.8612,17.3874],[75.8782,17.4018],[75.8777,17.418],[75.8866,17.4188],[75.8958,17.3965],[75.893,17.3552],[75.9101,17.3474],[75.9307,17.3257],[75.9712,17.3381],[76.0,17.3394],[76.0152,17.3523],[76.0365,17.3506],[76.0544,17.356],[76.0631,17.3536],[76.0787,17.3318],[76.0868,17.3354],[76.096,17.3595],[76.1213,17.368],[76.1378,17.3543],[76.1634,17.3427],[76.1641,17.3021],[76.1761,17.299],[76.1841,17.3129],[76.1766,17.3233],[76.1726,17.3505],[76.1832,17.3583],[76.2294,17.365],[76.2308,17.372],[76.2448,17.3765],[76.2509,17.3685],[76.2505,17.3597],[76.2708,17.3584],[76.2765,17.3324],[76.3179,17.3313],[76.3137,17.3451],[76.3444,17.3518],[76.3531,17.3125],[76.3826,17.3138],[76.3939,17.3382],[76.4116,17.3496],[76.409,17.3712],[76.3628,17.377],[76.374,17.4362],[76.3344,17.4341],[76.3315,17.4706],[76.3508,17.4739],[76.3731,17.4875],[76.3759,17.4953],[76.3442,17.4961],[76.3471,17.5132],[76.3672,17.5184],[76.3669,17.5239],[76.3617,17.538],[76.3407,17.5442],[76.3323,17.5965],[76.4166,17.6059],[76.4296,17.646],[76.4437,17.6435],[76.4418,17.651],[76.4525,17.6531],[76.4533,17.6572],[76.4904,17.6623],[76.4857,17.6713],[76.4874,17.7151],[76.5248,17.7168],[76.5249,17.7605],[76.561,17.7647],[76.5746,17.7616],[76.5659,17.7553],[76.5707,17.7054],[76.5746,17.7039],[76.5884,17.7096],[76.5946,17.7192],[76.6055,17.7575],[76.6159,17.7699],[76.6284,17.7576],[76.6321,17.7307],[76.6568,17.7181],[76.6647,17.6896],[76.6798,17.6891],[76.6922,17.6818],[76.6925,17.7037],[76.7025,17.709],[76.7051,17.7204],[76.6998,17.7278],[76.7293,17.7388],[76.7236,17.7498],[76.7197,17.7496],[76.7227,17.7693],[76.7145,17.7731],[76.7174,17.7836],[76.7263,17.7868],[76.7412,17.7809],[76.7507,17.7881],[76.7646,17.7888],[76.7682,17.7984],[76.7781,17.8011],[76.79,17.8282],[76.7675,17.8525],[76.7563,17.8582],[76.7392,17.8587],[76.7424,17.8996],[76.7677,17.9],[76.7764,17.8786],[76.8047,17.87],[76.8101,17.8848],[76.835,17.8844],[76.8337,17.8923],[76.8558,17.8995],[76.8833,17.8948],[76.8915,17.8989],[76.9024,17.9164],[76.9186,17.9168],[76.9214,17.9384],[76.9154,17.9389],[76.9217,17.987],[76.9199,18.0348],[76.9569,18.0413],[76.9508,18.0473],[76.9549,18.065],[76.9492,18.0753],[76.9519,18.0839],[76.9666,18.0898],[76.9705,18.0986],[76.9556,18.1116],[76.9343,18.1125],[76.9247,18.1176],[76.9339,18.138],[76.9275,18.1463],[76.9355,18.1593],[76.9459,18.1562],[76.9563,18.1863],[76.9901,18.1899],[77.0001,18.1683],[77.0264,18.1642],[77.0241,18.1797],[77.0352,18.1853],[77.0519,18.1747],[77.0527,18.1628],[77.0601,18.1539],[77.0887,18.1519],[77.0992,18.1597],[77.1115,18.1543],[77.1189,18.1692],[77.0981,18.1966],[77.1236,18.2082],[77.1421,18.2088],[77.1448,18.2176],[77.1526,18.2181],[77.1504,18.2392],[77.1599,18.2546],[77.1684,18.2574],[77.1732,18.2824],[77.1805,18.2833],[77.1944,18.2758],[77.2016,18.2807],[77.209,18.2795],[77.1982,18.3142],[77.2029,18.3206],[77.2127,18.3152],[77.2301,18.3464],[77.2242,18.3487],[77.2336,18.367],[77.2479,18.372],[77.2357,18.3875],[77.243,18.41],[77.2612,18.4118],[77.2674,18.4198],[77.3052,18.4399],[77.3162,18.4408],[77.3204,18.4552],[77.3286,18.4565],[77.3403,18.4369]]],[[[77.3009,18.4767],[77.3008,18.4669],[77.2939,18.4582],[77.2751,18.4499],[77.2683,18.453],[77.2749,18.4749],[77.3009,18.4767]]]]}},{"type":"Feature","properties":{"ST_NM":"Kerala"},"geometry":{"type":"Polygon","coordinates":[[[74.9958,12.7923],[75.0001,12.7878],[75.0051,12.7898],[75.0085,12.7647],[74.9916,12.7425],[74.9858,12.7428],[74.9845,12.7342],[74.9929,12.7374],[75.0121,12.7272],[75.003,12.718],[75.007,12.7135],[75.0143,12.7121],[75.019,12.7191],[75.0382,12.723],[75.0498,12.7191],[75.0559,12.7078],[75.0523,12.7025],[75.057,12.6911],[75.0547,12.688],[75.0448,12.6918],[75.0433,12.6749],[75.048,12.6645],[75.0706,12.6624],[75.0755,12.6699],[75.0834,12.6708],[75.0878,12.6804],[75.0827,12.6977],[75.0864,12.7022],[75.1048,12.696],[75.1131,12.6804],[75.1325,12.6753],[75.1513,12.6809],[75.1514,12.6734],[75.162,12.6686],[75.151,12.6464],[75.1419,12.6423],[75.1436,12.6378],[75.16,12.6216],[75.1709,12.6211],[75.1835,12.632],[75.2024,12.6297],[75.1997,12.6108],[75.2106,12.6019],[75.2045,12.5852],[75.2119,12.5886],[75.2241,12.5673],[75.2375,12.5665],[75.2399,12.5772],[75.2508,12.5796],[75.2691,12.6104],[75.2781,12.6164],[75.2903,12.6093],[75.2926,12.6014],[75.303,12.6038],[75.3098,12.5926],[75.3295,12.59],[75.3301,12.5819],[75.3178,12.5734],[75.2929,12.5796],[75.2882,12.5697],[75.2783,12.5688],[75.2723,12.5583],[75.2827,12.5229],[75.3063,12.5221],[75.3066,12.5015],[75.3367,12.4951],[75.3424,12.4695],[75.3386,12.4626],[75.3576,12.4629],[75.3741,12.4737],[75.372,12.4884],[75.3851,12.4976],[75.394,12.4975],[75.3994,12.5027],[75.4064,12.4945],[75.4167,12.5017],[75.4266,12.4712],[75.4248,12.465],[75.4113,12.4548],[75.3941,12.45],[75.3879,12.4556],[75.3686,12.4566],[75.3726,12.4339],[75.3677,12.412],[75.3808,12.3916],[75.4238,12.3717],[75.4202,12.3534],[75.4125,12.3463],[75.4188,12.3265],[75.433,12.3046],[75.4217,12.2914],[75.4333,12.297],[75.4611,12.2936],[75.47,12.3005],[75.4856,12.2913],[75.4954,12.272],[75.5069,12.2683],[75.5141,12.2585],[75.5285,12.2248],[75.5412,12.2163],[75.537,12.2013],[75.5521,12.1937],[75.5558,12.1814],[75.5738,12.1708],[75.5804,12.1561],[75.595,12.1484],[75.6208,12.1543],[75.6389,12.1478],[75.6477,12.1325],[75.652,12.111],[75.6622,12.0998],[75.6768,12.0962],[75.6883,12.1078],[75.7057,12.1059],[75.7048,12.0891],[75.7214,12.084],[75.7213,12.0677],[75.7563,12.083],[75.7999,12.0799],[75.8063,12.0737],[75.7979,12.0532],[75.8047,12.036],[75.8315,12.0116],[75.8284,12.0004],[75.8319,11.9838],[75.8494,11.9761],[75.8561,11.9629],[75.8819,11.9466],[75.9366,11.9371],[75.9539,11.9399],[75.9819,11.931],[76.0039,11.9297],[76.0097,11.9381],[76.0354,11.9389],[76.0788,11.9675],[76.0973,11.9679],[76.114,11.9769],[76.1144,11.8575],[76.1229,11.8494],[76.1559,11.8674],[76.1906,11.8702],[76.2076,11.8606],[76.2139,11.8383],[76.2123,11.8261],[76.2254,11.8066],[76.2513,11.8019],[76.2791,11.8102],[76.2908,11.7916],[76.3072,11.7829],[76.3178,11.7506],[76.3424,11.7374],[76.3537,11.7373],[76.3635,11.7468],[76.3799,11.7431],[76.4153,11.7603],[76.4185,11.7534],[76.4133,11.7403],[76.4197,11.7413],[76.4267,11.7241],[76.4164,11.7111],[76.4108,11.7137],[76.4041,11.708],[76.4107,11.7064],[76.41,11.6901],[76.4152,11.6765],[76.4314,11.6663],[76.4426,11.6486],[76.4422,11.6406],[76.4339,11.6361],[76.4328,11.6303],[76.3879,11.6294],[76.3786,11.6004],[76.3433,11.5852],[76.3363,11.5954],[76.3055,11.5711],[76.3014,11.5718],[76.2982,11.5873],[76.2855,11.5903],[76.2784,11.5996],[76.2331,11.5711],[76.25,11.5355],[76.2505,11.5309],[76.2407,11.5254],[76.2523,11.501],[76.2477,11.4663],[76.2656,11.4799],[76.2738,11.4754],[76.2858,11.4813],[76.2955,11.4728],[76.2919,11.4692],[76.2969,11.4631],[76.3058,11.4657],[76.3289,11.4516],[76.3417,11.4656],[76.3696,11.4549],[76.3989,11.435],[76.4187,11.4406],[76.4166,11.4219],[76.457,11.3886],[76.5189,11.3684],[76.5184,11.3539],[76.5472,11.3589],[76.5488,11.3283],[76.5376,11.3108],[76.5395,11.3031],[76.5493,11.2997],[76.531,11.2885],[76.5226,11.2693],[76.4553,11.2376],[76.4518,11.2073],[76.447,11.2017],[76.4618,11.1874],[76.4756,11.1933],[76.4749,11.206],[76.4968,11.21],[76.5152,11.2093],[76.5305,11.1976],[76.6029,11.205],[76.6327,11.1932],[76.678,11.2183],[76.6879,11.2265],[76.6891,11.2347],[76.7068,11.239],[76.7355,11.2167],[76.7279,11.2061],[76.7312,11.1923],[76.7237,11.1858],[76.7164,11.1874],[76.699,11.1728],[76.696,11.1654],[76.7012,11.1522],[76.7067,11.1404],[76.7137,11.1397],[76.713,11.1495],[76.7199,11.148],[76.7324,11.1303],[76.7451,11.1329],[76.7489,11.1291],[76.7508,11.1177],[76.7444,11.1012],[76.7489,11.0918],[76.756,11.0918],[76.7584,11.083],[76.7448,11.0717],[76.7475,11.0553],[76.7615,11.0546],[76.7652,11.0471],[76.7777,11.0401],[76.786,11.0422],[76.8005,11.0576],[76.803,11.0503],[76.7924,11.0369],[76.7675,11.0325],[76.7168,11.0391],[76.7007,11.0252],[76.6901,11.0071],[76.6881,10.9874],[76.6708,10.9681],[76.6676,10.9463],[76.6577,10.9366],[76.6595,10.9318],[76.6853,10.9141],[76.711,10.9086],[76.7434,10.8888],[76.7547,10.8928],[76.7728,10.8877],[76.7839,10.8896],[76.7962,10.8794],[76.8286,10.8698],[76.8564,10.8346],[76.8484,10.8236],[76.8517,10.8158],[76.8639,10.8166],[76.8714,10.8079],[76.8998,10.8081],[76.9091,10.779],[76.9047,10.7586],[76.892,10.7344],[76.8954,10.7156],[76.8867,10.7149],[76.8672,10.6834],[76.8819,10.6723],[76.8845,10.6376],[76.8642,10.6321],[76.8166,10.6344],[76.8149,10.6221],[76.8213,10.6123],[76.8203,10.6025],[76.8415,10.5931],[76.8373,10.5696],[76.8421,10.5611],[76.8364,10.5457],[76.8434,10.5327],[76.8323,10.4987],[76.8295,10.4465],[76.8195,10.423],[76.8272,10.4098],[76.8337,10.4115],[76.8349,10.4021],[76.8279,10.3946],[76.8517,10.3678],[76.8482,10.3545],[76.8381,10.3423],[76.8322,10.3033],[76.8425,10.2992],[76.8512,10.2857],[76.8532,10.2917],[76.8634,10.291],[76.8769,10.2982],[76.875,10.2752],[76.8974,10.2633],[76.9052,10.2409],[76.9116,10.2408],[76.9184,10.233],[76.9408,10.2379],[76.9523,10.2295],[76.9719,10.2271],[76.984,10.2171],[77.0199,10.2449],[77.0519,10.2567],[77.0558,10.2706],[77.0471,10.2807],[77.0594,10.2829],[77.0666,10.2885],[77.0651,10.2941],[77.1056,10.313],[77.1217,10.3159],[77.1764,10.3552],[77.2358,10.3493],[77.2282,10.3148],[77.2645,10.2629],[77.2588,10.2543],[77.2606,10.2297],[77.2696,10.2347],[77.2841,10.2335],[77.2946,10.2164],[77.2839,10.2059],[77.2786,10.1889],[77.2717,10.145],[77.2741,10.1282],[77.2676,10.1205],[77.2394,10.1275],[77.2175,10.1126],[77.2088,10.1152],[77.202,10.1014],[77.2095,10.0825],[77.2325,10.0659],[77.2627,10.0293],[77.2555,10.0092],[77.2623,10.0039],[77.2598,9.9953],[77.2654,9.9905],[77.2645,9.9819],[77.2762,9.9728],[77.2647,9.9516],[77.2495,9.9519],[77.2317,9.9147],[77.2192,9.9033],[77.2214,9.8867],[77.214,9.8749],[77.2241,9.8627],[77.2386,9.858],[77.2387,9.852],[77.2288,9.8475],[77.2239,9.8235],[77.2422,9.8153],[77.2491,9.7975],[77.2249,9.7889],[77.2258,9.7753],[77.2338,9.769],[77.2276,9.7643],[77.2213,9.7464],[77.2235,9.7306],[77.2052,9.7244],[77.207,9.695],[77.1949,9.6692],[77.181,9.657],[77.1777,9.6286],[77.1673,9.6148],[77.1901,9.606],[77.2015,9.6148],[77.2115,9.613],[77.2122,9.6046],[77.221,9.6012],[77.2385,9.5817],[77.2456,9.5849],[77.2708,9.574],[77.2912,9.5856],[77.2908,9.59],[77.3202,9.6022],[77.3308,9.5978],[77.3267,9.5937],[77.3267,9.5795],[77.3408,9.5724],[77.3569,9.6043],[77.3674,9.5973],[77.3592,9.5941],[77.357,9.5869],[77.3613,9.5765],[77.352,9.566],[77.3542,9.5595],[77.365,9.5554],[77.3668,9.5355],[77.3871,9.518],[77.4031,9.5261],[77.4028,9.5161],[77.4113,9.5137],[77.4127,9.5059],[77.4019,9.4955],[77.4033,9.4767],[77.3939,9.4679],[77.3951,9.46],[77.3801,9.4525],[77.3681,9.4589],[77.3507,9.4402],[77.3511,9.4331],[77.3382,9.4148],[77.3442,9.3989],[77.3424,9.3878],[77.3364,9.3852],[77.3397,9.3677],[77.3263,9.3437],[77.328,9.337],[77.3008,9.3365],[77.2989,9.3286],[77.3035,9.319],[77.3002,9.3099],[77.2835,9.2998],[77.2909,9.2721],[77.2844,9.2713],[77.2763,9.2333],[77.2837,9.2177],[77.2672,9.1991],[77.2566,9.1987],[77.2535,9.188],[77.2653,9.1846],[77.2688,9.1518],[77.2547,9.1387],[77.2472,9.1235],[77.2288,9.115],[77.2264,9.1062],[77.2129,9.097],[77.2068,9.0838],[77.21,9.0736],[77.1973,9.0533],[77.1992,9.0451],[77.1708,9.045],[77.1624,9.0357],[77.164,9.03],[77.1493,9.0202],[77.1514,9.0084],[77.1604,9.0063],[77.1641,8.9954],[77.1757,8.9866],[77.1806,8.9708],[77.1921,8.9653],[77.1976,8.9555],[77.198,8.9242],[77.2023,8.9186],[77.2114,8.9304],[77.2223,8.9259],[77.225,8.9224],[77.2197,8.9152],[77.2239,8.9017],[77.2392,8.8967],[77.2449,8.8804],[77.2594,8.8734],[77.2583,8.86],[77.265,8.8405],[77.2454,8.8091],[77.2354,8.8055],[77.2327,8.7842],[77.2164,8.7779],[77.2203,8.7693],[77.2159,8.7661],[77.201,8.7695],[77.2017,8.7565],[77.1946,8.7433],[77.1808,8.7434],[77.1752,8.749],[77.1733,8.7458],[77.1798,8.7234],[77.1975,8.7079],[77.206,8.6921],[77.2087,8.6632],[77.2373,8.6267],[77.2469,8.6212],[77.2471,8.6061],[77.2704,8.5794],[77.284,8.551],[77.2666,8.5097],[77.2415,8.4965],[77.2253,8.5126],[77.2175,8.5121],[77.2053,8.5015],[77.2178,8.4684],[77.2281,8.4588],[77.2286,8.4458],[77.2077,8.4428],[77.2017,8.4355],[77.1989,8.4171],[77.1728,8.3853],[77.1685,8.3833],[77.1598,8.3907],[77.1539,8.3864],[77.1624,8.3701],[77.155,8.3535],[77.1667,8.3624],[77.1738,8.3593],[77.1761,8.3531],[77.1704,8.3388],[77.179,8.3204],[77.1691,8.3298],[77.1412,8.3307],[77.1201,8.3193],[77.1239,8.3093],[77.1086,8.305],[77.1001,8.2914],[77.0231,8.3551],[77.0065,8.3604],[76.9984,8.3785],[76.9904,8.3754],[76.9828,8.3803],[76.9733,8.3921],[76.971,8.4128],[76.8845,8.5096],[76.7953,8.6291],[76.7701,8.6548],[76.6723,8.7807],[76.6718,8.7904],[76.6555,8.8026],[76.6032,8.8678],[76.5787,8.8844],[76.5669,8.8821],[76.5495,8.8981],[76.5074,9.0407],[76.4819,9.0958],[76.4653,9.1194],[76.3429,9.4027],[76.3189,9.5039],[76.29,9.6724],[76.2779,9.8072],[76.2585,9.9022],[76.2422,9.9464],[76.2433,9.9693],[76.2205,10.0021],[76.2024,10.049],[76.1795,10.1432],[76.1698,10.1648],[76.1689,10.1839],[76.155,10.1994],[76.1399,10.2329],[76.1395,10.2578],[76.1337,10.2641],[76.0982,10.384],[76.0638,10.4624],[76.043,10.4944],[76.0585,10.4796],[76.0402,10.5219],[76.055,10.5267],[76.0687,10.5095],[76.0616,10.5272],[76.067,10.5298],[76.0657,10.5353],[76.0531,10.541],[76.0477,10.5672],[76.0414,10.5656],[76.0376,10.5578],[76.0483,10.533],[76.0355,10.5285],[76.0386,10.5054],[76.0329,10.5067],[76.0106,10.572],[75.9352,10.729],[75.9247,10.7653],[75.9017,10.8025],[75.8521,11.0536],[75.8293,11.1242],[75.8102,11.1542],[75.8119,11.1595],[75.8238,11.1591],[75.8231,11.168],[75.8148,11.1721],[75.8069,11.167],[75.801,11.1721],[75.7674,11.2701],[75.7484,11.3168],[75.7395,11.3279],[75.7396,11.3571],[75.7286,11.3683],[75.7001,11.4234],[75.6767,11.4503],[75.6538,11.4617],[75.6332,11.4621],[75.6207,11.4773],[75.5737,11.6126],[75.537,11.6927],[75.543,11.6986],[75.5423,11.7071],[75.5367,11.7097],[75.5291,11.7053],[75.5112,11.7283],[75.4813,11.7517],[75.4737,11.7685],[75.4581,11.7659],[75.4615,11.7731],[75.4574,11.7802],[75.4283,11.807],[75.4102,11.8346],[75.388,11.8578],[75.3772,11.8596],[75.3659,11.8512],[75.3578,11.8545],[75.3562,11.8663],[75.3494,11.8753],[75.3317,11.8943],[75.3208,11.8991],[75.3239,11.9083],[75.311,11.9297],[75.3094,11.9413],[75.3228,11.9407],[75.3424,11.9267],[75.3506,11.9296],[75.3378,11.9451],[75.3233,11.9531],[75.3186,11.9733],[75.3146,11.9766],[75.3101,11.9673],[75.3067,11.9688],[75.2931,11.9892],[75.2883,11.9896],[75.3012,11.9556],[75.2961,11.9525],[75.2758,11.9731],[75.2493,12.0161],[75.2361,12.0234],[75.2075,12.0017],[75.2039,12.0041],[75.1992,12.0253],[75.1595,12.1134],[75.0904,12.2889],[75.0454,12.3842],[75.002,12.4477],[74.9905,12.4918],[74.9835,12.4853],[74.9798,12.4903],[74.9165,12.6479],[74.863,12.7583],[74.8751,12.7594],[74.8849,12.7529],[74.9074,12.7668],[74.9538,12.7835],[74.9703,12.7768],[74.9816,12.7795],[74.9923,12.7879],[74.9891,12.7951],[74.9958,12.7923]],[[75.5397,11.7351],[75.5301,11.7318],[75.5283,11.7202],[75.5406,11.7141],[75.5575,11.7182],[75.5588,11.7251],[75.545,11.734],[75.5436,11.7593],[75.5334,11.7557],[75.5406,11.7438],[75.5397,11.7351]]]}},{"type":"Feature","properties":{"ST_NM":"Lakshadweep"},"geometry":{"type":"MultiPolygon","coordinates":[[[[74.1013,11.2043],[74.0821,11.203],[74.0557,11.2112],[74.0007,11.2502],[73.9651,11.306],[73.9637,11.3285],[73.9727,11.3437],[73.9914,11.3521],[74.0121,11.3485],[74.0619,11.3233],[74.09,11.2978],[74.1127,11.2668],[74.1228,11.2392],[74.1188,11.2185],[74.1013,11.2043]]],[[[71.8449,11.8355],[71.8452,11.8241],[71.8401,11.8215],[71.8149,11.8313],[71.7837,11.8344],[71.761,11.8723],[71.7518,11.9279],[71.7376,11.9404],[71.7315,11.9544],[71.7734,12.0035],[71.7839,12.0038],[71.7949,11.9865],[71.8085,11.94],[71.8307,11.893],[71.8449,11.8355]]],[[[72.2649,10.0113],[72.2444,10.0063],[72.2359,10.0148],[72.2436,10.0542],[72.2693,10.0773],[72.2763,10.0931],[72.3296,10.1391],[72.3421,10.1014],[72.3343,10.0788],[72.3057,10.0339],[72.2649,10.0113]]],[[[72.1788,11.4913],[72.1614,11.4932],[72.1486,11.5013],[72.1387,11.5238],[72.1374,11.5431],[72.1376,11.5541],[72.1514,11.5795],[72.1744,11.6067],[72.1906,11.5999],[72.1953,11.5883],[72.1901,11.5517],[72.1971,11.4992],[72.1915,11.4935],[72.1788,11.4913]]],[[[72.0956,11.1924],[72.0797,11.1356],[72.0693,11.1253],[72.0546,11.1214],[72.0431,11.1282],[72.0009,11.1939],[72.0282,11.1874],[72.0671,11.1929],[72.0828,11.202],[72.1001,11.2221],[72.1021,11.2109],[72.0956,11.1924]]],[[[71.9009,12.2853],[71.8922,12.2873],[71.8893,12.2954],[71.891,12.3158],[71.883,12.3373],[71.8795,12.3894],[71.882,12.3971],[71.8967,12.4032],[71.9204,12.3878],[71.9266,12.3739],[71.9198,12.3164],[71.9009,12.2853]]],[[[73.0627,8.329],[73.0852,8.3274],[73.0684,8.2983],[73.0692,8.2821],[73.0472,8.2606],[73.0233,8.2635],[73.0105,8.2701],[73.0066,8.2812],[73.0103,8.3025],[73.049,8.3274],[73.0627,8.329]]],[[[73.6459,10.0534],[73.6215,10.0751],[73.62,10.1019],[73.6602,10.155],[73.6659,10.138],[73.6546,10.1099],[73.6459,10.0534]]],[[[72.6471,10.5778],[72.6526,10.5702],[72.6514,10.5616],[72.6175,10.539],[72.6153,10.5525],[72.6326,10.5783],[72.6386,10.5823],[72.6471,10.5778]]],[[[73.67,10.8169],[73.6998,10.8165],[73.7039,10.8115],[73.6796,10.8009],[73.663,10.8016],[73.6588,10.8142],[73.67,10.8169]]],[[[72.17,10.8087],[72.1626,10.8118],[72.1779,10.8271],[72.1951,10.8704],[72.2066,10.8778],[72.2045,10.8661],[72.17,10.8087]]],[[[72.7912,11.2591],[72.7781,11.2141],[72.7624,11.1807],[72.7795,11.2404],[72.7912,11.2591]]],[[[73.0094,11.467],[73.0003,11.4779],[72.9973,11.4918],[73.0007,11.4974],[73.0109,11.4878],[73.0132,11.4717],[73.0094,11.467]]],[[[72.7189,11.6952],[72.7091,11.6792],[72.7005,11.6837],[72.7079,11.7003],[72.7174,11.7035],[72.7189,11.6952]]],[[[72.7219,11.1115],[72.7169,11.1175],[72.7189,11.1261],[72.7352,11.1353],[72.7331,11.1246],[72.7219,11.1115]]],[[[72.2915,10.9451],[72.2955,10.9448],[72.2908,10.9427],[72.2937,10.9354],[72.2858,10.9345],[72.2876,10.9454],[72.2915,10.9451]]],[[[72.3272,10.9491],[72.3155,10.9418],[72.3169,10.9481],[72.3272,10.9491]]],[[[72.5344,10.7797],[72.531,10.7798],[72.5373,10.7831],[72.5344,10.7797]]],[[[72.3342,10.9508],[72.3341,10.9506],[72.334,10.9505],[72.3339,10.9504],[72.3336,10.9503],[72.3334,10.9502],[72.3332,10.9501],[72.3331,10.9499],[72.3329,10.9498],[72.3327,10.9496],[72.3326,10.9494],[72.3325,10.9493],[72.3324,10.9491],[72.3323,10.949],[72.3321,10.949],[72.3319,10.949],[72.3316,10.9492],[72.3314,10.9493],[72.3313,10.9495],[72.3312,10.9496],[72.331,10.9497],[72.3308,10.9498],[72.3306,10.95],[72.3304,10.95],[72.3301,10.95],[72.3299,10.95],[72.3297,10.95],[72.3294,10.95],[72.3292,10.95],[72.329,10.95],[72.3288,10.95],[72.3286,10.9501],[72.3285,10.9501],[72.3284,10.9502],[72.3283,10.9503],[72.3283,10.9504],[72.3284,10.9505],[72.3285,10.9505],[72.3287,10.9506],[72.3288,10.9506],[72.3289,10.9506],[72.329,10.9506],[72.3291,10.9506],[72.3292,10.9506],[72.3293,10.9506],[72.3294,10.9506],[72.3297,10.9506],[72.3299,10.9506],[72.3301,10.9506],[72.3303,10.9506],[72.3306,10.9506],[72.3308,10.9506],[72.331,10.9506],[72.3313,10.9506],[72.3314,10.9506],[72.3317,10.9506],[72.3319,10.9507],[72.3321,10.9508],[72.3324,10.951],[72.3327,10.9512],[72.3328,10.9513],[72.333,10.9514],[72.3332,10.9515],[72.3334,10.9516],[72.3336,10.9517],[72.3338,10.9517],[72.334,10.9516],[72.3342,10.9516],[72.3343,10.9514],[72.3343,10.9513],[72.3343,10.951],[72.3342,10.9508]]],[[[72.335,10.9546],[72.3348,10.9545],[72.3346,10.9545],[72.3345,10.9545],[72.3343,10.9546],[72.3343,10.9547],[72.3342,10.9548],[72.3342,10.955],[72.3342,10.9551],[72.3343,10.9553],[72.3344,10.9554],[72.3344,10.9555],[72.3345,10.9557],[72.3345,10.9558],[72.3345,10.9559],[72.3345,10.956],[72.3346,10.9562],[72.3346,10.9563],[72.3346,10.9564],[72.3346,10.9566],[72.3346,10.9567],[72.3346,10.9569],[72.3346,10.957],[72.3346,10.957],[72.3346,10.9571],[72.3346,10.9572],[72.3345,10.9573],[72.3345,10.9574],[72.3345,10.9576],[72.3346,10.9577],[72.3346,10.9577],[72.3347,10.9578],[72.3348,10.9579],[72.3348,10.9579],[72.3349,10.9579],[72.335,10.9579],[72.335,10.9578],[72.3351,10.9577],[72.3352,10.9576],[72.3353,10.9575],[72.3354,10.9573],[72.3355,10.9572],[72.3357,10.9572],[72.3359,10.957],[72.336,10.9569],[72.3361,10.9568],[72.3361,10.9566],[72.3361,10.9565],[72.3361,10.9564],[72.3361,10.9563],[72.3361,10.9562],[72.3362,10.9559],[72.3362,10.9556],[72.3361,10.9552],[72.3361,10.9551],[72.3361,10.955],[72.336,10.9549],[72.3358,10.9548],[72.3356,10.9546],[72.3355,10.9546],[72.3353,10.9546],[72.3351,10.9546],[72.335,10.9546]]],[[[72.3347,10.9536],[72.3348,10.9536],[72.3349,10.9536],[72.3349,10.9537],[72.335,10.9538],[72.3352,10.9539],[72.3353,10.9539],[72.3354,10.9539],[72.3355,10.9539],[72.3355,10.9538],[72.3355,10.9537],[72.3355,10.9536],[72.3355,10.9534],[72.3355,10.9533],[72.3354,10.953],[72.3354,10.9528],[72.3353,10.9525],[72.3352,10.9523],[72.3351,10.952],[72.335,10.9518],[72.3348,10.9517],[72.3347,10.9516],[72.3346,10.9516],[72.3346,10.9516],[72.3344,10.9516],[72.3344,10.9517],[72.3343,10.9518],[72.3343,10.9519],[72.3343,10.952],[72.3344,10.9521],[72.3344,10.9523],[72.3344,10.9524],[72.3344,10.9525],[72.3343,10.9526],[72.3341,10.9527],[72.334,10.9527],[72.3339,10.9527],[72.3338,10.9527],[72.3336,10.9526],[72.3335,10.9526],[72.3332,10.9525],[72.3331,10.9525],[72.3328,10.9524],[72.3327,10.9524],[72.3325,10.9525],[72.3325,10.9526],[72.3325,10.9528],[72.3325,10.9529],[72.3325,10.953],[72.3327,10.9531],[72.3327,10.9532],[72.3329,10.9533],[72.3331,10.9534],[72.3333,10.9535],[72.3333,10.9535],[72.3334,10.9536],[72.3334,10.9537],[72.3336,10.9538],[72.3337,10.9539],[72.3338,10.954],[72.334,10.9541],[72.3342,10.9541],[72.3344,10.954],[72.3346,10.954],[72.3346,10.9539],[72.3346,10.9538],[72.3347,10.9538],[72.3347,10.9537],[72.3347,10.9536]]]]}},{"type":"Feature","properties":{"ST_NM":"Madhya Pradesh"},"geometry":{"type":"MultiPolygon","coordinates":[[[[74.1793,22.3906],[74.1672,22.3962],[74.166,22.406],[74.159,22.413],[74.1726,22.4187],[74.1793,22.3906]]],[[[80.4876,25.0562],[80.4829,25.0556],[80.4777,25.0666],[80.4854,25.0739],[80.4905,25.0651],[80.4876,25.0562]]],[[[78.3732,26.863],[78.3982,26.8191],[78.4344,26.8265],[78.4593,26.7922],[78.5241,26.7793],[78.5744,26.7519],[78.6105,26.7503],[78.6291,26.7694],[78.6676,26.7634],[78.6761,26.7684],[78.686,26.7866],[78.7241,26.7944],[78.7301,26.7919],[78.7265,26.7813],[78.7316,26.7735],[78.7498,26.7867],[78.7751,26.7587],[78.8074,26.7633],[78.8201,26.7597],[78.8494,26.7203],[78.8736,26.6989],[78.8916,26.6986],[78.9127,26.7076],[78.9569,26.691],[78.9586,26.6862],[78.9457,26.6665],[78.9466,26.6569],[78.9566,26.6569],[78.9826,26.6768],[79.0019,26.6788],[79.0099,26.6681],[78.9959,26.6384],[79.0118,26.6209],[79.0143,26.6047],[78.9867,26.5867],[78.9882,26.5684],[79.0,26.5766],[79.0068,26.5685],[79.0066,26.5583],[79.0154,26.5521],[79.0063,26.5502],[79.0066,26.5452],[79.0167,26.5421],[79.0292,26.546],[79.0282,26.5358],[79.0417,26.5303],[79.0399,26.5191],[79.0496,26.5171],[79.0479,26.5101],[79.0595,26.4951],[79.0695,26.4976],[79.0729,26.4812],[79.0556,26.4558],[79.057,26.4504],[79.066,26.4505],[79.0699,26.4438],[79.0895,26.4383],[79.0919,26.4474],[79.098,26.4453],[79.1035,26.4515],[79.1353,26.4392],[79.1277,26.4273],[79.1258,26.4115],[79.1092,26.4061],[79.0954,26.4122],[79.0892,26.3999],[79.099,26.3738],[79.0877,26.3673],[79.0853,26.3571],[79.1052,26.354],[79.1089,26.3495],[79.1119,26.3539],[79.1251,26.348],[79.1317,26.3391],[79.1422,26.3394],[79.1335,26.3324],[79.1355,26.3261],[79.1241,26.3295],[79.1242,26.3229],[79.1357,26.3158],[79.135,26.3105],[79.1172,26.3031],[79.1064,26.3091],[79.1023,26.3064],[79.0915,26.2883],[79.0947,26.2781],[79.092,26.2669],[79.0845,26.2696],[79.0861,26.2817],[79.0757,26.2821],[79.0617,26.274],[79.0552,26.265],[79.0569,26.2604],[79.0454,26.2614],[79.0573,26.2481],[79.0668,26.2484],[79.071,26.2414],[79.0639,26.2341],[79.0654,26.2273],[79.0544,26.228],[79.0489,26.2237],[79.0379,26.2265],[79.0265,26.2428],[79.0187,26.2462],[78.9926,26.2375],[78.9985,26.2262],[79.0225,26.2216],[79.029,26.2041],[79.0182,26.1994],[79.0232,26.1919],[79.0106,26.1912],[79.0,26.1984],[78.984,26.1873],[79.0,26.1718],[79.0116,26.1674],[79.0089,26.1495],[78.9944,26.145],[78.9735,26.1503],[78.9508,26.1336],[78.9774,26.1179],[78.98,26.1032],[78.9983,26.0904],[79.0117,26.0888],[79.0113,26.0763],[79.0052,26.0685],[78.9906,26.0683],[78.9839,26.0544],[78.9763,26.0537],[78.9524,26.0315],[78.9585,26.0144],[78.9534,26.0085],[78.9512,25.9853],[78.9442,25.9799],[78.9352,25.9811],[78.9316,25.9754],[78.9391,25.9709],[78.9335,25.96],[78.9375,25.9439],[78.9291,25.9454],[78.9318,25.9473],[78.9177,25.9407],[78.9022,25.9204],[78.8843,25.9102],[78.8951,25.8936],[78.8892,25.883],[78.8905,25.8649],[78.8714,25.8693],[78.8544,25.8551],[78.854,25.8334],[78.8607,25.8382],[78.8735,25.829],[78.8697,25.7938],[78.8637,25.7891],[78.8575,25.7905],[78.8491,25.7998],[78.8488,25.8153],[78.819,25.8247],[78.8066,25.8128],[78.8082,25.8075],[78.8118,25.8049],[78.824,25.8122],[78.83,25.8099],[78.8282,25.794],[78.8073,25.794],[78.7876,25.7698],[78.7835,25.7562],[78.7735,25.7536],[78.7701,25.7469],[78.7544,25.7437],[78.7534,25.7327],[78.76,25.7221],[78.7989,25.7052],[78.797,25.6945],[78.8189,25.6692],[78.8188,25.6402],[78.8128,25.6193],[78.8021,25.6123],[78.7484,25.5986],[78.7318,25.6032],[78.7186,25.6013],[78.6844,25.5888],[78.656,25.5604],[78.6308,25.5657],[78.6255,25.5817],[78.616,25.5838],[78.5885,25.559],[78.5728,25.5626],[78.5491,25.5599],[78.5348,25.5677],[78.5187,25.5677],[78.4935,25.5769],[78.4694,25.5622],[78.4624,25.5467],[78.4522,25.5497],[78.4443,25.5591],[78.4365,25.5586],[78.4158,25.5276],[78.4239,25.5125],[78.4167,25.5134],[78.4165,25.499],[78.4266,25.4853],[78.4278,25.4724],[78.4138,25.474],[78.4008,25.466],[78.3927,25.4489],[78.3844,25.4432],[78.368,25.4414],[78.3597,25.4501],[78.3546,25.4496],[78.3422,25.4258],[78.3372,25.3958],[78.3176,25.3799],[78.3066,25.3786],[78.3024,25.3696],[78.3031,25.3598],[78.3301,25.3501],[78.3382,25.3316],[78.3347,25.3224],[78.3149,25.3058],[78.3233,25.2994],[78.352,25.2928],[78.352,25.2778],[78.3691,25.2603],[78.3614,25.241],[78.3758,25.2366],[78.382,25.2207],[78.4046,25.2127],[78.3908,25.2009],[78.3922,25.1901],[78.4104,25.1839],[78.4241,25.1677],[78.4351,25.1646],[78.4508,25.1675],[78.4533,25.164],[78.4488,25.1523],[78.4277,25.1526],[78.4251,25.1485],[78.4497,25.1237],[78.4315,25.1197],[78.4021,25.1255],[78.3811,25.1035],[78.3344,25.0838],[78.3316,25.0675],[78.3447,25.0224],[78.3341,24.9946],[78.3162,24.9863],[78.2961,24.9632],[78.2203,24.9106],[78.2061,24.8913],[78.1717,24.8768],[78.1701,24.8522],[78.1716,24.8433],[78.1979,24.8348],[78.2153,24.8082],[78.2321,24.7717],[78.2267,24.7426],[78.2571,24.7008],[78.2747,24.6624],[78.2629,24.6439],[78.2761,24.6107],[78.265,24.5535],[78.2615,24.5476],[78.2303,24.5367],[78.2226,24.527],[78.2258,24.5181],[78.2463,24.5049],[78.2457,24.4848],[78.2693,24.4785],[78.2757,24.4716],[78.2664,24.4554],[78.273,24.4428],[78.3244,24.4058],[78.3428,24.3993],[78.351,24.3875],[78.3671,24.3813],[78.3687,24.3736],[78.3327,24.334],[78.3321,24.3251],[78.3455,24.3129],[78.3506,24.2988],[78.3678,24.2917],[78.3884,24.2695],[78.4131,24.2726],[78.4174,24.2832],[78.4326,24.2858],[78.4409,24.2932],[78.4397,24.309],[78.4465,24.3211],[78.474,24.3349],[78.4816,24.363],[78.496,24.3816],[78.5117,24.3895],[78.5255,24.3829],[78.5339,24.37],[78.5589,24.3562],[78.5848,24.3526],[78.591,24.339],[78.6,24.3349],[78.6084,24.3139],[78.6291,24.3055],[78.6237,24.2917],[78.628,24.2819],[78.6405,24.285],[78.6608,24.2694],[78.6755,24.2407],[78.6875,24.2398],[78.7052,24.2302],[78.725,24.2349],[78.7329,24.2484],[78.7386,24.2495],[78.7439,24.2378],[78.7523,24.235],[78.759,24.2394],[78.7631,24.2554],[78.7667,24.2542],[78.7729,24.2463],[78.767,24.2296],[78.7827,24.2058],[78.791,24.1809],[78.7981,24.176],[78.8121,24.1801],[78.82,24.2061],[78.8307,24.1971],[78.8452,24.2105],[78.8693,24.2098],[78.8854,24.2188],[78.8856,24.2498],[78.9183,24.2723],[78.9194,24.2852],[78.9144,24.297],[78.9391,24.3146],[78.9736,24.3494],[78.9809,24.3943],[78.9936,24.4189],[78.9911,24.437],[78.9887,24.4429],[78.9511,24.4389],[78.9378,24.4556],[78.9153,24.4624],[78.9077,24.4839],[78.9205,24.4964],[78.9311,24.4946],[78.9301,24.484],[78.9375,24.4801],[78.9553,24.4818],[78.9732,24.4925],[78.9509,24.5051],[78.9468,24.5296],[78.9515,24.5517],[78.92,24.5768],[78.9124,24.5977],[78.8998,24.6093],[78.8885,24.6351],[78.8799,24.6424],[78.8733,24.6409],[78.8592,24.6164],[78.8511,24.6244],[78.8458,24.6237],[78.8376,24.6043],[78.8085,24.6033],[78.8005,24.5937],[78.7836,24.5885],[78.7561,24.6004],[78.7547,24.6324],[78.7468,24.6553],[78.7516,24.6647],[78.7617,24.6689],[78.7667,24.6889],[78.7792,24.6995],[78.7754,24.7501],[78.77,24.7621],[78.7714,24.7903],[78.787,24.8023],[78.7874,24.8102],[78.7714,24.8566],[78.7535,24.8661],[78.7413,24.8662],[78.7257,24.8779],[78.7098,24.8792],[78.7032,24.8899],[78.6752,24.8976],[78.6663,24.9127],[78.6606,24.9394],[78.6473,24.9355],[78.6493,24.9478],[78.6289,24.96],[78.6389,24.9788],[78.6431,25.0165],[78.6511,25.0303],[78.6489,25.0565],[78.6273,25.0866],[78.6041,25.0929],[78.6007,25.1524],[78.5768,25.1969],[78.5685,25.2224],[78.5756,25.2535],[78.5641,25.2642],[78.5355,25.2694],[78.5279,25.2829],[78.5123,25.2764],[78.5037,25.2887],[78.461,25.2655],[78.4427,25.2681],[78.4343,25.2835],[78.4368,25.2919],[78.4476,25.299],[78.474,25.2879],[78.4762,25.2982],[78.4992,25.3187],[78.5073,25.299],[78.5321,25.3014],[78.5485,25.3215],[78.5386,25.3297],[78.5323,25.3579],[78.5422,25.3589],[78.5631,25.3435],[78.5833,25.3468],[78.5849,25.372],[78.5775,25.3796],[78.564,25.379],[78.5683,25.3905],[78.5861,25.3849],[78.5955,25.3869],[78.6018,25.4039],[78.6107,25.4119],[78.6216,25.4112],[78.6265,25.4019],[78.6358,25.4013],[78.644,25.4089],[78.6409,25.4329],[78.6527,25.4327],[78.66,25.4388],[78.6822,25.433],[78.6931,25.4426],[78.7087,25.4237],[78.6763,25.3987],[78.6638,25.415],[78.6593,25.408],[78.6651,25.3828],[78.6767,25.3878],[78.681,25.386],[78.6788,25.3794],[78.6944,25.3755],[78.7,25.3826],[78.7163,25.3736],[78.7111,25.3535],[78.7209,25.3479],[78.7429,25.3441],[78.7717,25.3533],[78.7685,25.377],[78.7602,25.3852],[78.7662,25.3884],[78.767,25.3969],[78.762,25.4011],[78.7489,25.3934],[78.7505,25.4076],[78.7635,25.4142],[78.815,25.4201],[78.8203,25.4253],[78.7968,25.4369],[78.7727,25.4249],[78.7624,25.4287],[78.7555,25.4433],[78.732,25.4581],[78.7337,25.4849],[78.7391,25.4954],[78.7435,25.4991],[78.751,25.4797],[78.7639,25.471],[78.7969,25.4783],[78.8373,25.4605],[78.8532,25.4492],[78.8446,25.4428],[78.8213,25.4412],[78.8271,25.4326],[78.8417,25.4273],[78.8611,25.4472],[78.8646,25.462],[78.8535,25.4862],[78.8345,25.4985],[78.8358,25.5048],[78.8414,25.5108],[78.8835,25.5191],[78.8851,25.528],[78.8759,25.539],[78.8765,25.546],[78.8931,25.5556],[78.9179,25.5541],[78.9244,25.5361],[78.9333,25.5548],[78.9493,25.5463],[78.9495,25.526],[78.9398,25.5192],[78.9272,25.5223],[78.9239,25.5156],[78.9427,25.4891],[78.9432,25.4749],[78.935,25.4606],[78.9107,25.4418],[78.9366,25.4232],[78.9501,25.4366],[78.9676,25.4338],[78.9764,25.42],[78.973,25.4064],[78.9757,25.3915],[78.9833,25.3836],[78.986,25.371],[78.9559,25.3649],[78.9461,25.3478],[78.9361,25.3467],[78.9246,25.3549],[78.9043,25.3601],[78.8999,25.3702],[78.9028,25.3757],[78.9386,25.372],[78.9463,25.384],[78.9587,25.3914],[78.9568,25.3951],[78.9385,25.3981],[78.9229,25.3945],[78.9085,25.3842],[78.8822,25.3826],[78.8451,25.3471],[78.8432,25.3419],[78.8528,25.3336],[78.8508,25.3273],[78.8406,25.3263],[78.8219,25.3059],[78.7992,25.3097],[78.7905,25.2981],[78.7905,25.2925],[78.7985,25.288],[78.811,25.2969],[78.819,25.2948],[78.8129,25.2659],[78.849,25.2242],[78.8696,25.2781],[78.8797,25.2832],[78.8742,25.3059],[78.8638,25.3119],[78.883,25.3289],[78.8839,25.3394],[78.8926,25.3416],[78.9153,25.3343],[78.9263,25.3409],[78.935,25.3267],[78.9532,25.3422],[78.9632,25.3427],[78.9602,25.3068],[78.9777,25.2861],[78.9774,25.2802],[78.9549,25.2787],[78.9512,25.2751],[78.9535,25.2588],[78.9408,25.2585],[78.9226,25.2707],[78.9159,25.2693],[78.899,25.2405],[78.8832,25.2508],[78.8795,25.2458],[78.8743,25.2275],[78.8897,25.2061],[78.8746,25.185],[78.879,25.1611],[78.8844,25.1572],[78.9079,25.1756],[78.9315,25.2056],[78.9557,25.2152],[78.9712,25.2145],[78.9897,25.1942],[79.0031,25.191],[79.0077,25.2111],[79.0007,25.2173],[79.002,25.2288],[78.9785,25.2399],[78.9942,25.27],[79.0124,25.272],[79.0198,25.2691],[79.0234,25.2602],[79.0195,25.2433],[79.0368,25.2444],[79.0339,25.2297],[79.0638,25.2208],[79.0625,25.2123],[79.0559,25.2049],[79.0502,25.2052],[79.0319,25.1816],[79.0431,25.169],[79.0291,25.1383],[79.0504,25.1333],[79.0562,25.1426],[79.0654,25.146],[79.0714,25.1676],[79.0917,25.1876],[79.098,25.1713],[79.1278,25.1593],[79.1152,25.1388],[79.1325,25.1244],[79.1222,25.113],[79.1317,25.107],[79.1407,25.1062],[79.1456,25.1136],[79.164,25.1071],[79.1763,25.107],[79.1798,25.1137],[79.1867,25.1129],[79.1873,25.124],[79.1762,25.1267],[79.1742,25.1375],[79.1923,25.1463],[79.2042,25.1381],[79.2036,25.1268],[79.2145,25.1196],[79.2138,25.109],[79.2302,25.1185],[79.2458,25.1116],[79.2451,25.1265],[79.251,25.136],[79.2323,25.1354],[79.2214,25.1436],[79.2326,25.1533],[79.2533,25.1571],[79.2667,25.1485],[79.2696,25.1364],[79.262,25.1257],[79.2656,25.1192],[79.2775,25.1214],[79.284,25.1155],[79.2897,25.1287],[79.3085,25.1261],[79.3221,25.1471],[79.3094,25.1705],[79.2863,25.1926],[79.2891,25.2223],[79.2812,25.2433],[79.3009,25.2353],[79.3184,25.2146],[79.3329,25.2176],[79.3334,25.206],[79.3402,25.196],[79.3546,25.2094],[79.3367,25.2251],[79.3487,25.2257],[79.3522,25.2594],[79.3477,25.2679],[79.3395,25.2714],[79.3223,25.2565],[79.3115,25.2605],[79.2954,25.2853],[79.2941,25.2762],[79.2787,25.2616],[79.2696,25.2628],[79.2641,25.2746],[79.2678,25.3053],[79.2853,25.3231],[79.299,25.3244],[79.3024,25.3353],[79.3119,25.3349],[79.3536,25.3281],[79.3422,25.3125],[79.3495,25.2997],[79.3384,25.2892],[79.3574,25.2836],[79.3606,25.2605],[79.3734,25.2632],[79.3751,25.2895],[79.3912,25.2788],[79.3963,25.2814],[79.4096,25.2744],[79.4089,25.2575],[79.423,25.2544],[79.4389,25.2547],[79.4593,25.2688],[79.4608,25.2777],[79.4652,25.279],[79.4809,25.2773],[79.484,25.2683],[79.4981,25.2655],[79.4975,25.2608],[79.4917,25.2602],[79.4669,25.2646],[79.456,25.246],[79.4462,25.2435],[79.4347,25.2202],[79.4501,25.2162],[79.4504,25.2078],[79.4398,25.198],[79.4172,25.204],[79.4115,25.1848],[79.3915,25.1655],[79.3878,25.1444],[79.3968,25.1158],[79.4067,25.1087],[79.4167,25.1109],[79.4225,25.1183],[79.426,25.1288],[79.4227,25.1344],[79.4387,25.1307],[79.4428,25.1218],[79.4386,25.1028],[79.4524,25.1084],[79.476,25.1297],[79.4681,25.0917],[79.4791,25.0825],[79.4975,25.0781],[79.5078,25.0945],[79.5248,25.0971],[79.5214,25.121],[79.5363,25.1327],[79.535,25.1384],[79.558,25.1647],[79.5732,25.1728],[79.5817,25.1548],[79.5974,25.1426],[79.6105,25.1501],[79.6031,25.131],[79.6056,25.1268],[79.6278,25.138],[79.6456,25.1264],[79.6739,25.1225],[79.6844,25.1324],[79.7255,25.1292],[79.7534,25.1393],[79.777,25.1207],[79.813,25.1065],[79.8265,25.1056],[79.8391,25.0936],[79.857,25.0925],[79.8637,25.094],[79.8505,25.1118],[79.8555,25.1289],[79.8595,25.1353],[79.88,25.144],[79.8685,25.1515],[79.8705,25.1724],[79.8597,25.1989],[79.871,25.2146],[79.8551,25.2278],[79.8551,25.2356],[79.8689,25.2384],[79.8804,25.2492],[79.9016,25.2416],[79.9104,25.2523],[79.9214,25.2289],[79.929,25.2461],[79.9405,25.2457],[79.9413,25.2584],[79.9506,25.2673],[79.9572,25.2607],[80.0047,25.2641],[79.9993,25.2786],[80.0067,25.2892],[80.0207,25.2971],[80.018,25.3202],[80.0288,25.3386],[80.0781,25.3385],[80.0914,25.3512],[80.1314,25.3339],[80.1453,25.3512],[80.1673,25.3617],[80.1674,25.3731],[80.1961,25.3791],[80.1971,25.4019],[80.2022,25.4117],[80.2196,25.3994],[80.2348,25.4061],[80.2534,25.4004],[80.2641,25.4242],[80.282,25.4205],[80.3036,25.4033],[80.319,25.3828],[80.3215,25.3678],[80.3109,25.3538],[80.32,25.3298],[80.3122,25.2845],[80.3202,25.2778],[80.3492,25.2742],[80.3659,25.2468],[80.3862,25.2332],[80.3989,25.2414],[80.4072,25.2387],[80.4098,25.2167],[80.4318,25.1699],[80.4236,25.1611],[80.3949,25.1586],[80.3594,25.1406],[80.3556,25.1258],[80.3769,25.1111],[80.3687,25.0997],[80.35,25.0893],[80.3452,25.0671],[80.354,25.0614],[80.3531,25.0544],[80.3401,25.0529],[80.3351,25.0574],[80.3318,25.051],[80.3114,25.0431],[80.2896,25.0558],[80.2858,25.0398],[80.2749,25.026],[80.2865,25.0175],[80.3069,25.0119],[80.3221,24.9994],[80.3339,24.999],[80.346,25.0168],[80.3559,25.0123],[80.3668,25.0219],[80.3758,25.0213],[80.3808,25.0042],[80.3954,25.0083],[80.3889,25.0235],[80.3804,25.025],[80.3882,25.0375],[80.3721,25.0436],[80.3738,25.0536],[80.3873,25.0518],[80.4022,25.0679],[80.4133,25.0567],[80.418,25.0726],[80.4326,25.0674],[80.4488,25.0779],[80.4532,25.076],[80.4497,25.0719],[80.454,25.0617],[80.464,25.0697],[80.4681,25.0656],[80.4695,25.0539],[80.4782,25.0406],[80.4939,25.0432],[80.5017,25.0375],[80.4929,25.0298],[80.4728,25.0317],[80.4544,25.0412],[80.4336,25.0266],[80.4335,25.0199],[80.444,25.0222],[80.4495,25.0101],[80.4662,25.0001],[80.4603,24.9826],[80.4813,24.9763],[80.4848,24.9895],[80.4951,24.993],[80.5013,25.0026],[80.52,25.0041],[80.5215,25.0087],[80.5337,25.002],[80.5503,25.0027],[80.5439,25.0177],[80.5485,25.0318],[80.5023,25.0412],[80.5013,25.0502],[80.5083,25.0547],[80.5102,25.0633],[80.4987,25.0741],[80.5065,25.0785],[80.5081,25.0854],[80.4857,25.0923],[80.4826,25.0977],[80.5028,25.1008],[80.5176,25.0969],[80.5271,25.0778],[80.5515,25.0636],[80.5681,25.0709],[80.5706,25.0874],[80.5762,25.0812],[80.5957,25.0818],[80.6149,25.0681],[80.5959,25.105],[80.5995,25.1139],[80.6096,25.1187],[80.5989,25.1275],[80.6028,25.1511],[80.614,25.1452],[80.6165,25.1289],[80.6331,25.1336],[80.6406,25.1192],[80.6394,25.1157],[80.6274,25.1161],[80.6215,25.1025],[80.6095,25.1003],[80.6282,25.0855],[80.6317,25.0912],[80.6421,25.0898],[80.6434,25.0935],[80.6587,25.0835],[80.6645,25.0704],[80.6765,25.0827],[80.6874,25.0778],[80.68,25.0633],[80.6817,25.0502],[80.7135,25.0575],[80.7354,25.0679],[80.7418,25.0585],[80.7841,25.0578],[80.7896,25.0656],[80.7842,25.0804],[80.7593,25.0872],[80.7603,25.0915],[80.754,25.0954],[80.7334,25.094],[80.7272,25.1],[80.7281,25.1133],[80.7336,25.1189],[80.7255,25.1249],[80.7091,25.124],[80.7079,25.1331],[80.7188,25.1344],[80.7235,25.1426],[80.7313,25.1448],[80.7463,25.1306],[80.7823,25.1426],[80.7904,25.1331],[80.8078,25.1425],[80.8165,25.1369],[80.8178,25.1268],[80.8269,25.1266],[80.8359,25.1064],[80.8417,25.1094],[80.846,25.1236],[80.8404,25.1375],[80.8506,25.1672],[80.8446,25.1887],[80.8725,25.1839],[80.8864,25.1916],[80.8944,25.1732],[80.9138,25.1606],[80.9132,25.1564],[80.8967,25.1373],[80.8837,25.1405],[80.8732,25.1197],[80.8812,25.0987],[80.8725,25.0843],[80.8833,25.0757],[80.8789,25.0672],[80.8493,25.0474],[80.8434,25.0358],[80.8349,25.0353],[80.8584,24.9993],[80.8563,24.9943],[80.8445,24.9823],[80.8329,24.9823],[80.8268,24.9698],[80.7981,24.968],[80.7998,24.9601],[80.811,24.9531],[80.8103,24.9407],[80.843,24.9308],[80.8831,24.937],[80.893,24.9452],[80.9082,24.9359],[80.9014,24.9467],[80.9054,24.953],[80.945,24.9688],[80.953,24.9643],[80.952,24.947],[80.9604,24.9392],[80.9592,24.9234],[80.9634,24.9221],[80.9738,24.935],[80.9804,24.9359],[80.9875,24.9344],[80.9892,24.926],[81.0082,24.9366],[81.0169,24.9288],[81.025,24.9288],[81.0293,24.9346],[81.0207,24.9401],[81.0177,24.9507],[81.0274,24.9414],[81.0281,24.9483],[81.0349,24.9513],[81.0846,24.9487],[81.0907,24.9441],[81.0887,24.9348],[81.0977,24.9209],[81.1406,24.8886],[81.1415,24.9021],[81.1483,24.9129],[81.1605,24.9128],[81.1593,24.9237],[81.1696,24.955],[81.1848,24.9514],[81.2072,24.9313],[81.1926,24.9257],[81.2077,24.9235],[81.2208,24.931],[81.2142,24.9358],[81.2142,24.9546],[81.2082,24.9633],[81.221,24.9781],[81.21,24.9922],[81.2134,24.9996],[81.2248,25.0009],[81.239,25.0146],[81.2699,25.0649],[81.2683,25.072],[81.2614,25.0755],[81.2675,25.0837],[81.254,25.1019],[81.2663,25.1132],[81.2698,25.1407],[81.2832,25.1498],[81.2775,25.1641],[81.3148,25.1624],[81.3127,25.1417],[81.323,25.1127],[81.3314,25.1148],[81.3193,25.1454],[81.3214,25.1599],[81.3383,25.1689],[81.3444,25.1627],[81.3578,25.1638],[81.374,25.1407],[81.3729,25.1343],[81.3949,25.1304],[81.3996,25.1196],[81.4146,25.1199],[81.4086,25.1303],[81.4386,25.1301],[81.4467,25.107],[81.4153,25.1085],[81.4092,25.1043],[81.4672,25.0895],[81.4667,25.0833],[81.4921,25.0715],[81.4948,25.0807],[81.503,25.0787],[81.5058,25.0926],[81.5026,25.0983],[81.5112,25.0983],[81.516,25.1034],[81.4901,25.1139],[81.4813,25.1336],[81.498,25.1308],[81.5038,25.1489],[81.5331,25.1402],[81.5271,25.1484],[81.5384,25.1599],[81.5163,25.1728],[81.518,25.1835],[81.5575,25.1831],[81.5749,25.1923],[81.5965,25.1804],[81.5902,25.1648],[81.6139,25.1622],[81.6184,25.1702],[81.6274,25.1563],[81.6235,25.1406],[81.6184,25.1438],[81.6005,25.133],[81.5994,25.1196],[81.6107,25.1142],[81.6096,25.0969],[81.6252,25.1193],[81.6335,25.1171],[81.631,25.1079],[81.6403,25.0999],[81.6232,25.0907],[81.6179,25.0818],[81.6022,25.0765],[81.6181,25.0614],[81.6116,25.0611],[81.6127,25.0574],[81.6303,25.0536],[81.6336,25.0592],[81.644,25.0585],[81.6552,25.0718],[81.6671,25.0764],[81.6706,25.0619],[81.6842,25.0627],[81.6914,25.0535],[81.6903,25.0405],[81.7137,25.0347],[81.7218,25.0369],[81.7248,25.0498],[81.7408,25.0455],[81.7466,25.0359],[81.7976,25.007],[81.8377,25.0162],[81.8547,25.004],[81.8897,24.9965],[81.8945,24.9898],[81.9024,25.0004],[81.8977,25.0101],[81.9068,25.0066],[81.9028,24.9844],[81.91,24.9798],[81.9067,24.9723],[81.9124,24.9393],[81.9203,24.928],[81.9047,24.8896],[81.911,24.8812],[81.9367,24.8702],[81.935,24.8579],[81.9509,24.8392],[81.9631,24.8364],[81.9674,24.8278],[81.9763,24.8411],[82.0131,24.8479],[82.0326,24.8419],[82.0455,24.8302],[82.0901,24.8194],[82.113,24.8029],[82.116,24.7911],[82.1204,24.7896],[82.1346,24.7913],[82.1405,24.8019],[82.1676,24.7897],[82.1816,24.7984],[82.1711,24.8024],[82.2042,24.8219],[82.1873,24.8021],[82.1968,24.7956],[82.217,24.7952],[82.2132,24.783],[82.2177,24.779],[82.1976,24.7797],[82.2039,24.7612],[82.1997,24.7506],[82.1811,24.737],[82.1969,24.7413],[82.2108,24.7383],[82.2166,24.7365],[82.2219,24.7262],[82.2216,24.7417],[82.2077,24.7496],[82.2174,24.757],[82.231,24.7493],[82.2291,24.7645],[82.2466,24.7519],[82.2485,24.773],[82.2519,24.7732],[82.2578,24.7539],[82.2541,24.7382],[82.2496,24.736],[82.2512,24.6993],[82.2368,24.6883],[82.2381,24.6672],[82.2433,24.6635],[82.2437,24.674],[82.2561,24.6732],[82.2612,24.6637],[82.2749,24.676],[82.2665,24.6797],[82.2715,24.684],[82.2867,24.6785],[82.2899,24.6694],[82.3046,24.6677],[82.3,24.6624],[82.3062,24.6542],[82.3028,24.6515],[82.3066,24.6257],[82.302,24.6115],[82.3175,24.6107],[82.3379,24.6215],[82.3541,24.6166],[82.3586,24.606],[82.369,24.5998],[82.4173,24.5957],[82.4227,24.6042],[82.4138,24.6153],[82.4117,24.6339],[82.4199,24.6556],[82.4098,24.6815],[82.4155,24.6929],[82.4283,24.703],[82.4405,24.704],[82.453,24.6941],[82.4566,24.6884],[82.453,24.6779],[82.457,24.6757],[82.4848,24.6814],[82.4949,24.6733],[82.5266,24.6762],[82.5374,24.6498],[82.5821,24.6609],[82.5958,24.6716],[82.6446,24.6858],[82.6661,24.6983],[82.6737,24.6978],[82.7041,24.6737],[82.6998,24.6466],[82.7033,24.6423],[82.7709,24.6437],[82.776,24.6087],[82.7682,24.5979],[82.8045,24.5979],[82.8088,24.5509],[82.7541,24.5397],[82.7534,24.5507],[82.7493,24.5527],[82.7416,24.5498],[82.7206,24.5544],[82.7237,24.5115],[82.7446,24.498],[82.7418,24.4855],[82.7318,24.4746],[82.7386,24.4686],[82.7331,24.443],[82.7353,24.4324],[82.7407,24.431],[82.7337,24.4246],[82.7282,24.428],[82.7151,24.3835],[82.7265,24.3696],[82.7547,24.3709],[82.7624,24.3779],[82.7685,24.3714],[82.7669,24.3615],[82.7725,24.346],[82.7678,24.3175],[82.774,24.3107],[82.772,24.2909],[82.7585,24.2666],[82.7578,24.2347],[82.7349,24.2218],[82.744,24.167],[82.7309,24.1554],[82.7282,24.1376],[82.6962,24.1428],[82.6873,24.1553],[82.6787,24.157],[82.6731,24.1497],[82.6737,24.1414],[82.6653,24.1334],[82.6714,24.1225],[82.7092,24.0957],[82.7162,24.0795],[82.7341,24.0813],[82.7493,24.0738],[82.7559,24.0793],[82.7627,24.072],[82.7684,24.0784],[82.7741,24.0766],[82.7636,24.0424],[82.7477,24.0298],[82.7498,24.0202],[82.7601,24.0073],[82.8051,24.004],[82.8093,23.9999],[82.8067,23.9698],[82.8155,23.962],[82.8046,23.9603],[82.7826,23.9375],[82.7615,23.9348],[82.7559,23.9212],[82.7097,23.9238],[82.6849,23.9087],[82.6643,23.9067],[82.6539,23.8876],[82.6679,23.8693],[82.6597,23.8554],[82.6484,23.8569],[82.6373,23.8379],[82.6136,23.8351],[82.5937,23.8218],[82.556,23.8258],[82.5351,23.8229],[82.5486,23.809],[82.5522,23.7931],[82.5239,23.7831],[82.5044,23.7839],[82.4928,23.7872],[82.4904,23.7964],[82.4678,23.8102],[82.4535,23.8097],[82.4442,23.8035],[82.396,23.8001],[82.3761,23.8098],[82.3548,23.8024],[82.336,23.8024],[82.3189,23.8099],[82.3028,23.8072],[82.263,23.8205],[82.2339,23.8055],[82.2238,23.8195],[82.207,23.8305],[82.2144,23.8396],[82.2116,23.8515],[82.1813,23.8376],[82.1775,23.8232],[82.1702,23.8185],[82.1418,23.8167],[82.1252,23.8216],[82.1165,23.8172],[82.0858,23.8155],[82.0531,23.819],[82.0399,23.8277],[82.0429,23.841],[82.0194,23.8506],[82.0085,23.8615],[81.9585,23.8512],[81.94,23.8609],[81.9394,23.8662],[81.9242,23.8713],[81.9018,23.8423],[81.8698,23.8331],[81.8607,23.8226],[81.8394,23.8196],[81.8195,23.8077],[81.7804,23.8124],[81.7382,23.8375],[81.7268,23.8386],[81.7307,23.8571],[81.7104,23.8615],[81.7051,23.884],[81.6947,23.883],[81.6901,23.8878],[81.6872,23.9057],[81.6694,23.9236],[81.637,23.9056],[81.6183,23.9049],[81.6111,23.8904],[81.6046,23.887],[81.6226,23.8708],[81.6192,23.865],[81.6051,23.8599],[81.6136,23.8362],[81.6358,23.8324],[81.6502,23.8027],[81.6473,23.7693],[81.6818,23.7522],[81.686,23.7471],[81.6798,23.7382],[81.695,23.7196],[81.6809,23.6917],[81.6571,23.6817],[81.6508,23.6586],[81.6209,23.6592],[81.6171,23.6313],[81.6087,23.6122],[81.6103,23.5984],[81.6024,23.5938],[81.5879,23.5951],[81.5773,23.587],[81.5847,23.5532],[81.6133,23.5489],[81.6146,23.5053],[81.6248,23.4933],[81.6358,23.4889],[81.6428,23.4968],[81.6552,23.5009],[81.6612,23.5124],[81.6621,23.53],[81.7007,23.5218],[81.714,23.5321],[81.7268,23.5545],[81.7436,23.5659],[81.7556,23.5639],[81.764,23.551],[81.8122,23.5444],[81.8202,23.5162],[81.8348,23.5099],[81.8584,23.5151],[81.8773,23.5132],[81.9076,23.5328],[81.924,23.5308],[81.9421,23.5043],[81.9566,23.4955],[81.9552,23.4704],[81.979,23.4463],[81.9827,23.4307],[81.9781,23.4227],[81.9837,23.412],[81.995,23.4184],[82.0071,23.4117],[82.0236,23.4224],[82.0308,23.4091],[82.0249,23.407],[82.0275,23.3999],[82.0221,23.3869],[82.0308,23.3827],[82.037,23.3865],[82.0533,23.3769],[82.0644,23.3925],[82.0875,23.3962],[82.0927,23.3923],[82.1061,23.3967],[82.1127,23.3819],[82.1121,23.3623],[82.1185,23.3549],[82.1454,23.3609],[82.1656,23.3325],[82.1934,23.3246],[82.1976,23.3108],[82.1939,23.2769],[82.1774,23.2694],[82.15,23.227],[82.1542,23.2088],[82.1452,23.1875],[82.1492,23.1741],[82.1448,23.1643],[82.1613,23.1574],[82.1586,23.1412],[82.1403,23.131],[82.1357,23.1116],[82.1234,23.1032],[82.0746,23.1162],[82.0689,23.1153],[82.0316,23.0795],[82.0097,23.0778],[81.9897,23.0856],[81.9768,23.0787],[81.9456,23.0771],[81.9454,23.0689],[81.9336,23.0615],[81.9259,23.0403],[81.9447,23.0089],[81.9499,22.9747],[81.9477,22.9566],[81.9213,22.9477],[81.9089,22.9325],[81.882,22.9128],[81.8674,22.9145],[81.8685,22.8935],[81.8638,22.8904],[81.7768,22.873],[81.7767,22.8506],[81.7683,22.8338],[81.7804,22.8087],[81.7818,22.7852],[81.7917,22.7662],[81.7714,22.7464],[81.7699,22.7349],[81.7565,22.7328],[81.754,22.7261],[81.7734,22.6758],[81.7701,22.6633],[81.7563,22.6458],[81.7479,22.6478],[81.7443,22.6688],[81.7303,22.6759],[81.7144,22.6493],[81.7062,22.6456],[81.6859,22.6486],[81.6705,22.6324],[81.6639,22.6317],[81.6622,22.6213],[81.6558,22.6197],[81.6487,22.6072],[81.6475,22.5863],[81.6568,22.5758],[81.656,22.5687],[81.6453,22.5619],[81.6309,22.564],[81.6267,22.5583],[81.6292,22.5436],[81.6231,22.5388],[81.6071,22.5355],[81.5953,22.5438],[81.5704,22.5507],[81.5647,22.5466],[81.5646,22.5373],[81.5701,22.5339],[81.5642,22.5319],[81.5495,22.5296],[81.5353,22.5395],[81.5264,22.5397],[81.5193,22.5232],[81.5139,22.5215],[81.5102,22.5265],[81.5005,22.5193],[81.4871,22.493],[81.4453,22.4936],[81.4515,22.4867],[81.4464,22.4792],[81.4512,22.4784],[81.4506,22.4712],[81.4576,22.4723],[81.4553,22.4671],[81.4432,22.4692],[81.439,22.4802],[81.4317,22.4789],[81.4249,22.4733],[81.4262,22.4539],[81.4038,22.441],[81.3934,22.4508],[81.386,22.5049],[81.3738,22.5139],[81.3552,22.5136],[81.3302,22.5238],[81.3221,22.5154],[81.3231,22.4893],[81.3112,22.4813],[81.2827,22.4989],[81.2677,22.4931],[81.2627,22.472],[81.2476,22.4587],[81.2256,22.4512],[81.2014,22.4616],[81.1998,22.4819],[81.1873,22.4896],[81.1713,22.4813],[81.1553,22.4553],[81.1172,22.4405],[81.1121,22.4322],[81.1081,22.3827],[81.1228,22.3437],[81.1164,22.3292],[81.1219,22.3122],[81.121,22.294],[81.104,22.2771],[81.0918,22.2464],[81.0797,22.2414],[81.0764,22.2459],[81.056,22.2438],[81.0266,22.2288],[81.0229,22.2138],[81.0329,22.1974],[81.0322,22.1885],[81.0188,22.1837],[81.0262,22.165],[81.0229,22.1325],[80.9938,22.1306],[80.9788,22.1212],[80.9793,22.1117],[80.9943,22.1104],[81.0108,22.0967],[81.0045,22.0807],[81.0114,22.0699],[80.9968,22.0564],[80.9948,22.0484],[80.9859,22.0482],[80.9705,22.0582],[80.9726,22.0818],[80.9576,22.1127],[80.9319,22.1204],[80.9131,22.1141],[80.9052,22.101],[80.8983,22.0657],[80.8837,22.0566],[80.876,22.0334],[80.8756,22.011],[80.8663,22.0],[80.8528,21.9608],[80.8254,21.9566],[80.8304,21.9472],[80.8404,21.9465],[80.8436,21.9355],[80.8315,21.9084],[80.8311,21.8893],[80.8466,21.8754],[80.844,21.8625],[80.8482,21.8565],[80.8387,21.8462],[80.8447,21.8299],[80.8387,21.8049],[80.8185,21.7641],[80.8182,21.7476],[80.7897,21.7397],[80.7691,21.758],[80.7499,21.758],[80.7255,21.712],[80.732,21.6984],[80.7143,21.6717],[80.7144,21.6643],[80.7193,21.6463],[80.7274,21.6409],[80.7294,21.623],[80.7163,21.6042],[80.7162,21.587],[80.7265,21.5718],[80.7205,21.556],[80.7376,21.5391],[80.7289,21.4961],[80.7372,21.4725],[80.7281,21.4499],[80.7044,21.4277],[80.7062,21.4147],[80.6985,21.3887],[80.6698,21.3379],[80.6552,21.327],[80.6246,21.3198],[80.6,21.3254],[80.5899,21.3317],[80.5885,21.3421],[80.5786,21.3461],[80.5682,21.3438],[80.5652,21.3536],[80.571,21.3584],[80.5437,21.3696],[80.5262,21.39],[80.5074,21.3912],[80.4923,21.398],[80.4824,21.3951],[80.4806,21.3996],[80.475,21.3956],[80.4551,21.4026],[80.4472,21.3724],[80.4101,21.3768],[80.3958,21.4076],[80.4181,21.4384],[80.4077,21.4656],[80.3936,21.4736],[80.3821,21.4912],[80.3773,21.521],[80.3311,21.5487],[80.3368,21.5547],[80.3269,21.5735],[80.2986,21.5779],[80.2947,21.5921],[80.2821,21.5989],[80.2775,21.6104],[80.2669,21.6199],[80.2229,21.6201],[80.2113,21.6333],[80.1948,21.6339],[80.1545,21.606],[80.1215,21.6067],[80.1165,21.5931],[80.1006,21.586],[80.0701,21.5543],[80.0347,21.557],[80.0,21.5344],[79.992,21.5364],[79.9727,21.5569],[79.9428,21.5564],[79.9277,21.5458],[79.9222,21.5241],[79.8987,21.5228],[79.8922,21.5292],[79.8634,21.5305],[79.8569,21.537],[79.8314,21.5462],[79.8245,21.5585],[79.7981,21.5808],[79.7389,21.6019],[79.7201,21.5904],[79.7,21.5903],[79.6911,21.58],[79.6643,21.5766],[79.6537,21.5565],[79.6149,21.5552],[79.5823,21.5426],[79.5664,21.5473],[79.5427,21.5434],[79.5436,21.5682],[79.5167,21.5823],[79.5119,21.5894],[79.5129,21.6015],[79.5043,21.6115],[79.5093,21.6214],[79.5185,21.6256],[79.5177,21.6302],[79.5087,21.6337],[79.4946,21.6731],[79.4645,21.6863],[79.4468,21.6812],[79.4218,21.6904],[79.4007,21.6735],[79.3549,21.6778],[79.3543,21.6833],[79.3232,21.6847],[79.2907,21.6927],[79.2707,21.7137],[79.2345,21.7227],[79.2406,21.7139],[79.2267,21.6953],[79.224,21.68],[79.2342,21.6702],[79.2327,21.6565],[79.2274,21.6557],[79.2257,21.6496],[79.1536,21.6593],[79.1468,21.6383],[79.1334,21.6268],[79.1048,21.6177],[79.1098,21.6081],[79.0937,21.598],[79.0817,21.6064],[79.0151,21.6002],[79.0,21.6174],[78.9803,21.6162],[78.9458,21.5924],[78.9187,21.591],[78.9171,21.5696],[78.9339,21.5631],[78.9333,21.559],[78.9182,21.5618],[78.9099,21.5535],[78.93,21.5374],[78.9289,21.5225],[78.9461,21.5125],[78.9373,21.4862],[78.926,21.4864],[78.9012,21.4993],[78.8959,21.497],[78.8908,21.4843],[78.8853,21.4837],[78.8569,21.4944],[78.8495,21.4887],[78.7899,21.4878],[78.7775,21.4658],[78.7696,21.473],[78.7663,21.4884],[78.7517,21.4925],[78.7441,21.4716],[78.7349,21.47],[78.7294,21.463],[78.7014,21.476],[78.6896,21.4766],[78.6892,21.4806],[78.6642,21.4775],[78.6425,21.4828],[78.626,21.4761],[78.6104,21.4869],[78.6037,21.4834],[78.5899,21.4854],[78.5703,21.5045],[78.5716,21.5142],[78.5135,21.5268],[78.4853,21.5046],[78.4612,21.5029],[78.4566,21.4957],[78.4434,21.5022],[78.4349,21.5002],[78.437,21.5183],[78.4254,21.5471],[78.4271,21.562],[78.4183,21.576],[78.4274,21.6002],[78.4093,21.6084],[78.3941,21.6088],[78.3843,21.6169],[78.3765,21.6133],[78.3824,21.5939],[78.3657,21.5766],[78.3524,21.5771],[78.3415,21.5887],[78.3277,21.5756],[78.3088,21.5697],[78.3047,21.5833],[78.2863,21.585],[78.2708,21.5925],[78.2598,21.588],[78.26,21.5834],[78.2739,21.5689],[78.2433,21.5637],[78.22,21.5519],[78.1854,21.5568],[78.1772,21.5515],[78.1725,21.5242],[78.1821,21.5125],[78.1738,21.4967],[78.068,21.4371],[78.0477,21.4333],[78.0238,21.4188],[78.0039,21.4144],[77.9844,21.401],[77.9452,21.3972],[77.9429,21.3851],[77.8859,21.3759],[77.8874,21.3837],[77.8587,21.3889],[77.8219,21.4069],[77.8032,21.4104],[77.7973,21.3889],[77.7503,21.3823],[77.7376,21.3628],[77.709,21.3572],[77.7081,21.3758],[77.6963,21.3787],[77.6948,21.3951],[77.6709,21.3696],[77.6657,21.386],[77.6546,21.3915],[77.6428,21.386],[77.6051,21.3916],[77.6084,21.3651],[77.588,21.3625],[77.5744,21.3713],[77.566,21.3714],[77.5577,21.3884],[77.5624,21.3962],[77.5306,21.419],[77.5241,21.3917],[77.5139,21.3748],[77.4904,21.3757],[77.4851,21.4136],[77.4725,21.435],[77.4726,21.4548],[77.4605,21.465],[77.4416,21.4708],[77.4384,21.4795],[77.4425,21.4872],[77.4241,21.5141],[77.4202,21.5309],[77.4268,21.5404],[77.45,21.5434],[77.4553,21.5534],[77.4609,21.5544],[77.5078,21.5525],[77.5154,21.5453],[77.5705,21.5276],[77.5928,21.5282],[77.6107,21.5406],[77.6094,21.5488],[77.5943,21.5595],[77.5777,21.5553],[77.5745,21.5605],[77.5714,21.6188],[77.5749,21.6248],[77.5639,21.6429],[77.5621,21.6664],[77.5509,21.6793],[77.5457,21.6987],[77.5369,21.7104],[77.5246,21.7118],[77.5214,21.7246],[77.5004,21.7468],[77.4793,21.7555],[77.4789,21.769],[77.4045,21.7537],[77.3455,21.7594],[77.3245,21.7546],[77.2894,21.7603],[77.2802,21.7573],[77.2814,21.7467],[77.2876,21.744],[77.2864,21.736],[77.29,21.734],[77.2863,21.7218],[77.2705,21.7266],[77.2611,21.7134],[77.2276,21.7154],[77.2246,21.6977],[77.2104,21.6916],[77.1873,21.702],[77.191,21.7201],[77.1744,21.7248],[77.1607,21.7109],[77.1239,21.7228],[77.0865,21.7161],[77.0751,21.7204],[77.0622,21.7069],[76.9999,21.6791],[76.9139,21.6125],[76.9035,21.5984],[76.8544,21.6126],[76.8358,21.5906],[76.7975,21.5951],[76.7857,21.5755],[76.7823,21.56],[76.7899,21.5377],[76.765,21.5203],[76.7939,21.4875],[76.7862,21.4642],[76.7454,21.4408],[76.734,21.4065],[76.6702,21.3672],[76.6262,21.3329],[76.6628,21.2802],[76.6602,21.2457],[76.6442,21.2456],[76.6333,21.2268],[76.6332,21.2033],[76.625,21.1905],[76.6184,21.1965],[76.5883,21.1966],[76.5608,21.2037],[76.5306,21.1872],[76.4925,21.1957],[76.4838,21.1861],[76.4783,21.1532],[76.4702,21.1485],[76.4668,21.1372],[76.4587,21.1363],[76.4539,21.1128],[76.4349,21.1046],[76.4129,21.1052],[76.4105,21.092],[76.3912,21.086],[76.3774,21.0753],[76.3623,21.0779],[76.2826,21.0733],[76.27,21.0909],[76.2629,21.0926],[76.1844,21.0879],[76.1732,21.0825],[76.1676,21.0875],[76.169,21.1033],[76.1361,21.1241],[76.1404,21.1379],[76.1289,21.1546],[76.1144,21.1625],[76.1148,21.1683],[76.1279,21.1758],[76.1674,21.1686],[76.1733,21.1861],[76.1665,21.1933],[76.1685,21.2059],[76.1621,21.2145],[76.1646,21.222],[76.1461,21.231],[76.145,21.2359],[76.1598,21.2569],[76.1456,21.2855],[76.1298,21.2953],[76.1165,21.3365],[76.0992,21.3716],[76.0528,21.3504],[76.0278,21.3658],[75.9851,21.3749],[75.969,21.3916],[75.9166,21.3875],[75.8881,21.3973],[75.8761,21.3959],[75.8627,21.385],[75.8433,21.3871],[75.8325,21.381],[75.8012,21.3878],[75.7586,21.3832],[75.7437,21.3909],[75.7326,21.391],[75.7223,21.3869],[75.6944,21.3873],[75.6729,21.3781],[75.6288,21.379],[75.6188,21.3912],[75.6082,21.3927],[75.5758,21.3833],[75.5805,21.3776],[75.5634,21.3758],[75.559,21.38],[75.5473,21.3702],[75.5237,21.3849],[75.4674,21.392],[75.4122,21.3888],[75.3972,21.3808],[75.3832,21.3834],[75.3601,21.401],[75.3524,21.3913],[75.3105,21.3931],[75.3004,21.3871],[75.2981,21.4135],[75.2575,21.403],[75.2347,21.4149],[75.2182,21.4087],[75.1279,21.4471],[75.1132,21.4574],[75.0929,21.4917],[75.088,21.5122],[75.0557,21.5628],[75.0157,21.5704],[75.0113,21.579],[74.9926,21.5889],[74.9171,21.611],[74.8995,21.6281],[74.8665,21.6283],[74.8624,21.6319],[74.833,21.6169],[74.8289,21.6085],[74.8002,21.6141],[74.7993,21.608],[74.7863,21.6088],[74.7008,21.6274],[74.6611,21.6506],[74.5881,21.6619],[74.5802,21.6832],[74.5555,21.6802],[74.5575,21.701],[74.549,21.7165],[74.5199,21.7162],[74.5078,21.7249],[74.5144,21.7618],[74.5026,21.7807],[74.5002,21.8053],[74.5085,21.8193],[74.5152,21.8881],[74.5243,21.9068],[74.5114,21.9205],[74.5123,21.9319],[74.4865,21.9452],[74.4901,21.9525],[74.4689,21.9635],[74.4566,21.9609],[74.4452,21.9692],[74.4393,21.9917],[74.4329,21.9975],[74.4424,22.0049],[74.4506,22.0003],[74.4392,22.0196],[74.4427,22.0245],[74.4322,22.029],[74.3848,22.0183],[74.3708,21.995],[74.351,21.9773],[74.2982,21.9656],[74.2858,21.934],[74.1964,21.924],[74.1829,21.9274],[74.1589,21.9482],[74.1417,21.9524],[74.1446,21.9591],[74.1393,21.9706],[74.1489,21.9739],[74.1496,21.9848],[74.1006,21.9973],[74.0959,22.0],[74.0933,22.0138],[74.1123,22.023],[74.1208,22.0342],[74.141,22.042],[74.1336,22.0518],[74.1588,22.0589],[74.1576,22.0694],[74.1634,22.0806],[74.1766,22.0849],[74.1661,22.0996],[74.1505,22.1038],[74.1261,22.096],[74.1271,22.1227],[74.1224,22.1304],[74.1309,22.1599],[74.1208,22.1704],[74.1187,22.2112],[74.1035,22.2189],[74.0715,22.2202],[74.0703,22.2329],[74.0874,22.242],[74.0765,22.2483],[74.0741,22.2666],[74.0604,22.2743],[74.055,22.2841],[74.0549,22.3037],[74.0623,22.3038],[74.0641,22.329],[74.0719,22.3396],[74.0679,22.3585],[74.0913,22.3607],[74.0959,22.3712],[74.108,22.3699],[74.1131,22.3558],[74.1205,22.3565],[74.1252,22.3509],[74.1304,22.3306],[74.1873,22.3201],[74.192,22.3236],[74.1911,22.3475],[74.1985,22.3412],[74.2031,22.3658],[74.2129,22.3559],[74.2234,22.3566],[74.2218,22.3763],[74.2421,22.3756],[74.2425,22.3812],[74.2526,22.3841],[74.2545,22.3981],[74.2705,22.3911],[74.2908,22.3925],[74.2678,22.403],[74.2607,22.4227],[74.2506,22.4311],[74.215,22.4409],[74.2127,22.4325],[74.201,22.4353],[74.2009,22.4648],[74.199,22.4704],[74.1873,22.476],[74.1791,22.4627],[74.1831,22.4423],[74.169,22.4402],[74.1671,22.4317],[74.1574,22.4303],[74.1523,22.438],[74.1526,22.4549],[74.1405,22.4549],[74.1273,22.4345],[74.1266,22.4197],[74.1192,22.419],[74.1012,22.4316],[74.0969,22.4436],[74.1019,22.4541],[74.0995,22.4661],[74.0742,22.4639],[74.0764,22.4843],[74.085,22.478],[74.0866,22.4808],[74.0814,22.5068],[74.0549,22.5088],[74.0417,22.4912],[74.0331,22.4898],[74.0307,22.5067],[74.0396,22.5151],[74.0368,22.5284],[74.0407,22.5404],[74.0742,22.5499],[74.102,22.5359],[74.1149,22.538],[74.1298,22.5169],[74.1497,22.5156],[74.1551,22.5324],[74.1917,22.5549],[74.1866,22.5655],[74.2104,22.5655],[74.2151,22.5796],[74.2229,22.5831],[74.2334,22.6119],[74.2404,22.6119],[74.2466,22.621],[74.2544,22.6224],[74.2532,22.6337],[74.2622,22.6428],[74.2704,22.6386],[74.2751,22.6456],[74.3142,22.6344],[74.3224,22.6365],[74.3251,22.6421],[74.3611,22.6344],[74.3783,22.6365],[74.3821,22.6674],[74.3942,22.6899],[74.4004,22.7285],[74.4368,22.7833],[74.4367,22.8072],[74.4626,22.8128],[74.4766,22.8563],[74.4606,22.9111],[74.4492,22.9217],[74.4363,22.9154],[74.4296,22.9203],[74.4163,22.9161],[74.3979,22.8971],[74.3791,22.9077],[74.3595,22.9309],[74.3575,22.94],[74.3391,22.9625],[74.3547,22.975],[74.3684,22.9778],[74.3529,23.0008],[74.3468,23.028],[74.3253,23.0405],[74.3203,23.0605],[74.3527,23.0735],[74.3588,23.088],[74.389,23.1097],[74.4311,23.1033],[74.4433,23.0905],[74.4652,23.0829],[74.5104,23.0864],[74.5117,23.0934],[74.5408,23.1044],[74.5457,23.116],[74.5439,23.1296],[74.6065,23.1422],[74.6242,23.1603],[74.6533,23.1794],[74.6678,23.1988],[74.7143,23.192],[74.7445,23.2094],[74.7497,23.2276],[74.7447,23.23],[74.7231,23.2174],[74.6937,23.2204],[74.6943,23.2259],[74.721,23.2398],[74.7021,23.2589],[74.6999,23.2694],[74.6718,23.2722],[74.6449,23.2571],[74.6307,23.2608],[74.6209,23.2787],[74.5853,23.2819],[74.5704,23.2983],[74.5519,23.28],[74.5341,23.307],[74.5321,23.3205],[74.5177,23.3194],[74.5167,23.3262],[74.5412,23.3361],[74.5444,23.3612],[74.5588,23.3619],[74.5693,23.3752],[74.5727,23.4199],[74.5972,23.4271],[74.6119,23.4489],[74.6122,23.4587],[74.6536,23.4617],[74.6683,23.4811],[74.6827,23.4838],[74.6865,23.493],[74.6997,23.5009],[74.7328,23.4977],[74.7416,23.5166],[74.7632,23.5219],[74.7734,23.5404],[74.7844,23.5451],[74.7957,23.5434],[74.8023,23.5311],[74.8449,23.5512],[74.8722,23.5752],[74.8742,23.5871],[74.8857,23.6034],[74.8977,23.6092],[74.9058,23.6199],[74.9217,23.6193],[74.9395,23.6273],[74.9388,23.6401],[74.9304,23.6452],[74.924,23.6654],[74.9074,23.6798],[74.9229,23.6935],[74.9241,23.7161],[74.9405,23.7318],[74.9319,23.7533],[74.9395,23.7676],[74.9299,23.7911],[74.9276,23.7952],[74.9103,23.7977],[74.9158,23.8426],[74.9069,23.8533],[74.9057,23.8708],[74.9147,23.9093],[74.9235,23.9218],[74.9215,23.9326],[74.93,23.9378],[74.9417,23.9574],[74.969,23.9765],[74.9726,24.0004],[74.9882,24.0111],[74.9934,24.0265],[74.9816,24.0378],[74.9799,24.0688],[74.9656,24.0795],[74.96,24.1069],[74.9366,24.1206],[74.9371,24.1358],[74.924,24.1461],[74.928,24.154],[74.9008,24.1711],[74.8815,24.2103],[74.8872,24.2218],[74.9064,24.2305],[74.906,24.2421],[74.8975,24.246],[74.8948,24.2585],[74.8702,24.2776],[74.8538,24.2668],[74.8155,24.2739],[74.7728,24.2689],[74.753,24.2796],[74.7577,24.2932],[74.784,24.3137],[74.7866,24.3457],[74.7821,24.3553],[74.7874,24.3686],[74.8028,24.3842],[74.8129,24.406],[74.8258,24.4052],[74.8276,24.4205],[74.8582,24.4483],[74.8589,24.4642],[74.8415,24.4641],[74.8344,24.4573],[74.8189,24.4588],[74.8254,24.4761],[74.8175,24.488],[74.7925,24.4902],[74.7796,24.4803],[74.7668,24.4876],[74.7512,24.489],[74.7313,24.507],[74.7124,24.5079],[74.7162,24.5198],[74.7291,24.5318],[74.7483,24.5332],[74.7491,24.5487],[74.7574,24.5516],[74.7486,24.5937],[74.7909,24.6076],[74.7843,24.6337],[74.7958,24.6516],[74.8058,24.6564],[74.8096,24.6668],[74.818,24.6685],[74.8143,24.683],[74.7932,24.6812],[74.7903,24.6758],[74.7761,24.6846],[74.7841,24.7151],[74.7906,24.7235],[74.7848,24.7272],[74.781,24.7396],[74.8042,24.7517],[74.8004,24.7925],[74.8109,24.7932],[74.8196,24.7622],[74.8499,24.7055],[74.8509,24.6954],[74.8553,24.6935],[74.8574,24.702],[74.8609,24.6907],[74.868,24.6873],[74.8745,24.6663],[74.8939,24.6521],[74.8981,24.6623],[74.9035,24.6531],[74.9096,24.6583],[74.944,24.6571],[74.9442,24.6656],[74.9532,24.667],[74.9585,24.6794],[74.9632,24.6762],[74.9634,24.6975],[75.0012,24.7051],[74.9921,24.7304],[74.9948,24.7494],[75.0217,24.7494],[75.0229,24.7694],[75.0144,24.7904],[75.0086,24.7927],[74.9718,24.7875],[74.9307,24.7922],[74.9182,24.7839],[74.9113,24.7849],[74.9064,24.7942],[74.8859,24.7992],[74.8793,24.8099],[74.8598,24.8098],[74.8591,24.7914],[74.8501,24.7895],[74.8387,24.8053],[74.8587,24.8146],[74.8603,24.8258],[74.8572,24.85],[74.8436,24.8718],[74.8407,24.8897],[74.8284,24.8959],[74.8254,24.9116],[74.8263,24.9427],[74.8341,24.9642],[74.8546,24.9715],[74.8635,24.9626],[74.8686,24.9337],[74.8787,24.9361],[74.8806,24.9455],[74.8861,24.9465],[74.8914,24.9382],[74.902,24.9365],[74.9058,24.9268],[74.9144,24.9251],[74.9083,24.9039],[74.914,24.8958],[74.931,24.8846],[74.9322,24.8907],[74.9502,24.8915],[74.9463,24.8746],[75.0142,24.8707],[75.0314,24.8571],[75.045,24.8558],[75.0615,24.8713],[75.058,24.8785],[75.0649,24.874],[75.0834,24.8856],[75.0919,24.8762],[75.1207,24.8855],[75.1173,24.9576],[75.1218,24.9722],[75.1489,24.976],[75.1431,24.9804],[75.1665,24.9881],[75.1707,25.0096],[75.1674,25.0187],[75.1568,25.0253],[75.1613,25.0419],[75.1691,25.0406],[75.176,25.0502],[75.2028,25.0308],[75.2077,25.0387],[75.2293,25.0348],[75.3129,25.0423],[75.3481,25.039],[75.3567,25.0335],[75.3525,25.0295],[75.354,25.0213],[75.3319,25.0138],[75.3213,25.0027],[75.3255,24.9971],[75.3255,24.9785],[75.3398,24.9593],[75.3161,24.8967],[75.3049,24.9394],[75.2927,24.9483],[75.2876,24.9729],[75.2782,24.973],[75.2685,24.9582],[75.2739,24.9457],[75.2795,24.9442],[75.278,24.9365],[75.2871,24.9334],[75.2953,24.9194],[75.2846,24.9188],[75.2801,24.9094],[75.2739,24.9142],[75.2692,24.9105],[75.2629,24.9016],[75.2636,24.886],[75.2902,24.876],[75.2963,24.8676],[75.3135,24.8657],[75.3282,24.8832],[75.3743,24.8742],[75.4099,24.8881],[75.4267,24.8889],[75.4195,24.8601],[75.3463,24.829],[75.3324,24.828],[75.322,24.814],[75.3078,24.8096],[75.3026,24.8115],[75.2925,24.8372],[75.281,24.8498],[75.2437,24.8573],[75.2294,24.8555],[75.2501,24.8772],[75.252,24.892],[75.2433,24.8989],[75.2255,24.8864],[75.2217,24.8885],[75.2213,24.9028],[75.2102,24.9064],[75.2102,24.8941],[75.2033,24.8806],[75.2297,24.8441],[75.2431,24.8432],[75.2539,24.8335],[75.2487,24.8182],[75.2193,24.8168],[75.2083,24.8063],[75.2046,24.7852],[75.1941,24.7851],[75.1873,24.7644],[75.1886,24.7567],[75.2,24.7533],[75.2187,24.7188],[75.2259,24.7318],[75.2514,24.7255],[75.2692,24.729],[75.3063,24.717],[75.3529,24.7133],[75.366,24.7058],[75.4541,24.6894],[75.4858,24.6937],[75.5375,24.7161],[75.5546,24.7098],[75.5844,24.7187],[75.6158,24.6844],[75.6366,24.6871],[75.6618,24.6977],[75.6827,24.7238],[75.7336,24.7514],[75.7625,24.7607],[75.7755,24.7579],[75.7891,24.7614],[75.8084,24.7521],[75.8417,24.7257],[75.845,24.7133],[75.83,24.6673],[75.8311,24.6641],[75.8468,24.6652],[75.8516,24.6604],[75.8517,24.6489],[75.8468,24.6351],[75.8491,24.6272],[75.8332,24.6158],[75.831,24.6092],[75.842,24.6046],[75.8382,24.5934],[75.8412,24.5916],[75.8479,24.6062],[75.8663,24.6087],[75.8685,24.6032],[75.877,24.6029],[75.8787,24.5866],[75.8872,24.5776],[75.914,24.5729],[75.9203,24.5673],[75.9107,24.5612],[75.9095,24.548],[75.9234,24.5396],[75.9279,24.5292],[75.9122,24.5107],[75.905,24.5179],[75.8954,24.5174],[75.8939,24.5054],[75.9083,24.5012],[75.9147,24.4883],[75.9118,24.452],[75.9061,24.4498],[75.9014,24.4375],[75.8499,24.4149],[75.8316,24.4184],[75.8267,24.4267],[75.8151,24.4327],[75.8122,24.4372],[75.8177,24.461],[75.8076,24.4687],[75.7937,24.4711],[75.7867,24.4607],[75.7861,24.4478],[75.7787,24.4498],[75.7707,24.4363],[75.7512,24.4244],[75.7589,24.4236],[75.7577,24.4053],[75.7382,24.3994],[75.7293,24.4013],[75.7321,24.3855],[75.741,24.3913],[75.7442,24.349],[75.7403,24.344],[75.7674,24.3067],[75.7834,24.3046],[75.7998,24.3103],[75.8136,24.2994],[75.8193,24.2867],[75.8138,24.2807],[75.8142,24.2664],[75.8209,24.2642],[75.8151,24.2529],[75.8293,24.2424],[75.8237,24.237],[75.8101,24.2367],[75.8077,24.2257],[75.7942,24.2193],[75.7758,24.2169],[75.7701,24.2036],[75.7708,24.1894],[75.7456,24.1357],[75.7785,24.135],[75.7812,24.1207],[75.7918,24.1059],[75.8046,24.1144],[75.8144,24.0989],[75.8381,24.1074],[75.8328,24.0776],[75.836,24.0715],[75.7817,24.0582],[75.7823,24.0324],[75.7733,24.0083],[75.7629,24.009],[75.764,23.9941],[75.7398,23.9915],[75.7374,23.9767],[75.7284,23.9749],[75.7252,23.9693],[75.7022,23.9652],[75.698,23.9866],[75.6859,23.9893],[75.6877,24.0141],[75.6789,24.0163],[75.6711,24.0297],[75.6432,24.0146],[75.6365,23.996],[75.5991,23.9949],[75.5855,23.9882],[75.5776,23.9969],[75.5709,23.9956],[75.5734,24.0137],[75.5686,24.019],[75.5442,24.0218],[75.5159,24.045],[75.4906,23.9966],[75.4661,23.9771],[75.4578,23.9171],[75.4888,23.9072],[75.5055,23.8883],[75.5181,23.8851],[75.5621,23.8563],[75.5776,23.8378],[75.5737,23.8312],[75.5615,23.8332],[75.5575,23.8223],[75.5639,23.8133],[75.5847,23.8115],[75.5839,23.7967],[75.6136,23.8029],[75.6274,23.7966],[75.6534,23.7982],[75.6606,23.7852],[75.676,23.7807],[75.6861,23.7569],[75.7003,23.7881],[75.689,23.8155],[75.7195,23.8153],[75.7239,23.8231],[75.7174,23.8418],[75.7257,23.8442],[75.7309,23.8544],[75.7293,23.8607],[75.7083,23.8644],[75.7065,23.871],[75.6999,23.8733],[75.7041,23.9003],[75.7148,23.8962],[75.7331,23.8977],[75.7383,23.8903],[75.7516,23.8862],[75.761,23.8775],[75.7635,23.8531],[75.7789,23.8501],[75.7961,23.8705],[75.8046,23.8673],[75.8324,23.8809],[75.839,23.8775],[75.8434,23.8846],[75.8627,23.8917],[75.8807,23.8807],[75.9234,23.9002],[75.934,23.898],[75.9505,23.9183],[75.9781,23.929],[75.9833,23.939],[75.9826,23.9704],[75.9626,23.9935],[75.9626,24.0214],[76.0046,24.0312],[76.0293,24.0464],[76.0356,24.0602],[76.0496,24.0716],[76.0872,24.0781],[76.1113,24.093],[76.1261,24.0882],[76.1375,24.0912],[76.132,24.1148],[76.1397,24.1272],[76.1318,24.1707],[76.1228,24.176],[76.1242,24.1922],[76.1262,24.2012],[76.15,24.2236],[76.1574,24.2396],[76.146,24.2811],[76.1525,24.288],[76.1723,24.2919],[76.1752,24.3113],[76.1886,24.3273],[76.2094,24.3067],[76.1978,24.2806],[76.2053,24.2725],[76.2093,24.2285],[76.2186,24.2126],[76.2264,24.219],[76.2508,24.2237],[76.2859,24.2115],[76.2903,24.214],[76.2929,24.2328],[76.3302,24.2493],[76.3563,24.2446],[76.4035,24.2185],[76.4178,24.2031],[76.4259,24.2099],[76.4215,24.22],[76.427,24.2226],[76.4567,24.2125],[76.4734,24.2271],[76.4829,24.2132],[76.5089,24.2011],[76.5168,24.1685],[76.5267,24.1589],[76.535,24.1591],[76.5583,24.1639],[76.5833,24.1763],[76.5806,24.1869],[76.5694,24.1964],[76.5751,24.2091],[76.6011,24.2255],[76.5917,24.2452],[76.6177,24.2378],[76.6201,24.2584],[76.6439,24.2579],[76.6511,24.268],[76.6722,24.2629],[76.6826,24.2662],[76.6887,24.2783],[76.6969,24.2806],[76.7064,24.2444],[76.6916,24.228],[76.6806,24.2061],[76.678,24.189],[76.705,24.1671],[76.7245,24.1573],[76.7332,24.1662],[76.7589,24.1677],[76.7634,24.1615],[76.7728,24.1603],[76.7949,24.1214],[76.805,24.116],[76.8186,24.1221],[76.8317,24.1212],[76.86,24.1345],[76.8774,24.1354],[76.8903,24.1273],[76.904,24.1267],[76.9203,24.1843],[76.9373,24.1824],[76.9481,24.1944],[76.9487,24.2018],[76.9268,24.2123],[76.9207,24.2275],[76.8784,24.2666],[76.8678,24.2853],[76.863,24.3078],[76.8444,24.3342],[76.8412,24.3562],[76.8565,24.3703],[76.8522,24.3743],[76.8526,24.3917],[76.8401,24.412],[76.8503,24.4148],[76.8554,24.4308],[76.8422,24.446],[76.8429,24.4496],[76.8502,24.4487],[76.8557,24.4645],[76.8506,24.4709],[76.8496,24.4863],[76.8397,24.4898],[76.8189,24.5298],[76.8504,24.5464],[76.8706,24.5447],[76.8786,24.5384],[76.8773,24.5274],[76.884,24.5207],[76.8934,24.5221],[76.9043,24.5432],[76.9174,24.5389],[76.9233,24.5253],[76.9191,24.483],[76.9455,24.4627],[76.9698,24.4562],[76.9795,24.4603],[76.9842,24.47],[76.9971,24.4688],[77.0061,24.4733],[77.0106,24.4893],[77.0287,24.4967],[77.0294,24.5124],[77.0366,24.5241],[77.055,24.5219],[77.0566,24.5366],[77.0662,24.5501],[77.0694,24.5652],[77.0632,24.5901],[77.0643,24.6377],[77.0315,24.7062],[76.9969,24.7126],[76.9767,24.7269],[76.9681,24.7548],[76.9565,24.7607],[76.9264,24.7441],[76.9141,24.7421],[76.8913,24.7494],[76.8519,24.7457],[76.8514,24.7653],[76.8062,24.8151],[76.8069,24.8218],[76.8363,24.8355],[76.8998,24.8347],[76.9313,24.845],[76.948,24.8553],[76.9538,24.8681],[76.9406,24.8739],[76.9388,24.8795],[76.9187,24.8831],[76.9175,24.8924],[76.9295,24.9055],[76.9257,24.912],[76.9123,24.9184],[76.8961,24.9149],[76.8981,24.9306],[76.8846,24.9409],[76.8721,24.9606],[76.8729,24.9965],[76.8592,25.0055],[76.8794,25.0083],[76.887,25.0292],[76.9148,25.0308],[76.9737,25.051],[76.9798,25.0658],[76.9989,25.075],[77.0825,25.0531],[77.0957,25.0614],[77.1198,25.0641],[77.1336,25.0841],[77.1455,25.0912],[77.1458,25.0859],[77.1631,25.0833],[77.17,25.0936],[77.1682,25.1047],[77.175,25.1087],[77.1942,25.1068],[77.2028,25.1117],[77.2263,25.1052],[77.2678,25.1142],[77.2811,25.1071],[77.3084,25.0789],[77.3628,25.0965],[77.3742,25.1035],[77.374,25.1091],[77.3924,25.1169],[77.4042,25.1082],[77.3926,25.1279],[77.3965,25.1831],[77.4088,25.1815],[77.4238,25.188],[77.4122,25.2212],[77.3975,25.2261],[77.3814,25.2439],[77.3685,25.245],[77.3661,25.2558],[77.3555,25.2667],[77.3784,25.2892],[77.3777,25.3151],[77.3696,25.3279],[77.359,25.3272],[77.3552,25.319],[77.3423,25.3205],[77.3619,25.3628],[77.3507,25.3747],[77.3502,25.3828],[77.3673,25.4078],[77.3603,25.4189],[77.3497,25.4173],[77.3112,25.4313],[77.2889,25.4184],[77.2658,25.3943],[77.226,25.3683],[77.2207,25.3194],[77.2161,25.3194],[77.2164,25.3286],[77.2038,25.3254],[77.2108,25.3063],[77.1592,25.3082],[77.1214,25.33],[77.081,25.3346],[77.0637,25.3169],[77.0448,25.32],[77.0296,25.2961],[76.9641,25.2922],[76.958,25.2736],[76.9471,25.2704],[76.934,25.2742],[76.9379,25.2825],[76.9345,25.2923],[76.8985,25.3174],[76.8482,25.3256],[76.8004,25.3169],[76.7752,25.3073],[76.7282,25.3271],[76.7083,25.3427],[76.6861,25.3406],[76.6486,25.3715],[76.6413,25.3754],[76.6305,25.3702],[76.6145,25.3834],[76.6075,25.3841],[76.5939,25.4266],[76.5692,25.4375],[76.5613,25.4749],[76.5253,25.5251],[76.5272,25.5455],[76.5148,25.5749],[76.5209,25.6021],[76.5199,25.6288],[76.5105,25.6333],[76.5046,25.6435],[76.516,25.6679],[76.4942,25.6785],[76.4829,25.6902],[76.4876,25.7132],[76.5082,25.7237],[76.5359,25.729],[76.5275,25.7614],[76.5347,25.793],[76.5983,25.8692],[76.6322,25.8658],[76.6373,25.8702],[76.644,25.8965],[76.6518,25.9038],[76.68,25.9068],[76.7279,25.8952],[76.7512,25.9041],[76.7682,25.917],[76.7593,25.9271],[76.7617,25.9366],[76.7918,25.9353],[76.8122,25.9479],[76.8248,25.9661],[76.8258,25.9835],[76.843,25.9969],[76.8462,26.0061],[76.8364,26.0244],[76.8765,26.0513],[76.894,26.0881],[76.9125,26.0959],[76.945,26.1008],[76.9924,26.1271],[77.0008,26.1325],[77.0112,26.154],[77.0412,26.1766],[77.0982,26.1855],[77.1116,26.2038],[77.1202,26.226],[77.1306,26.2326],[77.1647,26.2332],[77.1769,26.2391],[77.1912,26.2314],[77.2098,26.232],[77.2446,26.2573],[77.2739,26.2707],[77.2968,26.2902],[77.3151,26.3096],[77.325,26.3409],[77.3363,26.3426],[77.3417,26.3518],[77.3733,26.366],[77.3899,26.3569],[77.4089,26.3632],[77.4395,26.3595],[77.4439,26.3626],[77.4469,26.3732],[77.4335,26.39],[77.4349,26.4014],[77.4822,26.4091],[77.5301,26.4094],[77.5445,26.4179],[77.5588,26.435],[77.5765,26.4375],[77.5865,26.4455],[77.6161,26.4538],[77.6342,26.4774],[77.6752,26.5027],[77.7025,26.4952],[77.7215,26.4986],[77.7346,26.5097],[77.7383,26.5242],[77.752,26.5396],[77.7747,26.5478],[77.8053,26.5446],[77.8207,26.5491],[77.8324,26.5671],[77.8282,26.5942],[77.8502,26.6095],[77.8872,26.6146],[77.8966,26.6271],[77.9025,26.6565],[77.9115,26.6605],[77.9558,26.6593],[77.9768,26.6709],[78.0002,26.6969],[78.0572,26.684],[78.0775,26.6728],[78.0938,26.6773],[78.0973,26.7323],[78.1243,26.7488],[78.1039,26.766],[78.1036,26.7836],[78.1138,26.795],[78.1273,26.7968],[78.1541,26.7859],[78.1844,26.7857],[78.1877,26.7954],[78.1693,26.8212],[78.1759,26.8261],[78.2004,26.824],[78.2314,26.8314],[78.2693,26.8151],[78.2737,26.8189],[78.2762,26.8438],[78.2905,26.8583],[78.3497,26.8681],[78.3732,26.863]],[[81.1979,23.2895],[81.203,23.2785],[81.199,23.2869],[81.1979,23.2895]],[[80.4573,25.0041],[80.4423,25.0042],[80.438,25.0001],[80.4408,24.9951],[80.448,24.9963],[80.4573,25.0041]],[[79.3996,25.0307],[79.4131,25.0336],[79.4261,25.0525],[79.4098,25.0634],[79.4068,25.0766],[79.3916,25.0832],[79.381,25.1214],[79.3673,25.127],[79.3761,25.141],[79.3636,25.1419],[79.3527,25.116],[79.3572,25.1091],[79.3812,25.099],[79.3752,25.0905],[79.3812,25.0832],[79.3783,25.0687],[79.3821,25.0647],[79.3685,25.0579],[79.3546,25.0675],[79.3514,25.0611],[79.3618,25.0547],[79.3582,25.0552],[79.3618,25.0521],[79.3607,25.0388],[79.3671,25.0394],[79.3654,25.0477],[79.3756,25.0503],[79.3768,25.0435],[79.3996,25.0307]],[[79.3715,25.1812],[79.3627,25.1866],[79.3566,25.1743],[79.3691,25.1704],[79.3739,25.1777],[79.3715,25.1812]]]]}},{"type":"Feature","properties":{"ST_NM":"Maharashtra"},"geometry":{"type":"MultiPolygon","coordinates":[[[[73.4627,16.0371],[73.4565,16.0378],[73.4562,16.0475],[73.4608,16.0464],[73.4627,16.0371]]],[[[73.387,16.6159],[73.3824,16.6174],[73.3841,16.6213],[73.3884,16.6201],[73.387,16.6159]]],[[[72.7296,19.4643],[72.7343,19.462],[72.7354,19.4527],[72.7306,19.4552],[72.7296,19.4643]]],[[[74.4482,22.007],[74.4506,22.0003],[74.4424,22.0049],[74.4328,22.0003],[74.4452,21.9692],[74.4566,21.9609],[74.4689,21.9635],[74.4901,21.9525],[74.4865,21.9452],[74.5123,21.9319],[74.5114,21.9205],[74.5243,21.9068],[74.5152,21.8881],[74.5085,21.8193],[74.5002,21.8053],[74.5026,21.7807],[74.5144,21.7618],[74.5079,21.7239],[74.5199,21.7162],[74.5484,21.717],[74.5576,21.7001],[74.5539,21.6816],[74.5614,21.6779],[74.5809,21.6828],[74.5873,21.6622],[74.6602,21.6509],[74.7008,21.6274],[74.7903,21.6083],[74.7993,21.608],[74.8002,21.6141],[74.8298,21.6088],[74.833,21.6169],[74.8624,21.6319],[74.8665,21.6283],[74.8995,21.6281],[74.9171,21.611],[74.9926,21.5889],[75.0113,21.579],[75.0157,21.5704],[75.0557,21.5628],[75.088,21.5122],[75.1047,21.4675],[75.121,21.4512],[75.2182,21.4087],[75.2347,21.4149],[75.2575,21.403],[75.2981,21.4135],[75.3004,21.3871],[75.3105,21.3931],[75.3524,21.3913],[75.3601,21.401],[75.3832,21.3834],[75.3972,21.3808],[75.4122,21.3888],[75.4674,21.392],[75.5237,21.3849],[75.5473,21.3702],[75.559,21.38],[75.5634,21.3758],[75.5805,21.3776],[75.5758,21.3833],[75.6082,21.3927],[75.6188,21.3912],[75.6288,21.379],[75.6729,21.3781],[75.6944,21.3873],[75.7223,21.3869],[75.7326,21.391],[75.7437,21.3909],[75.7586,21.3832],[75.8012,21.3878],[75.8325,21.381],[75.8433,21.3871],[75.8627,21.385],[75.8761,21.3959],[75.8881,21.3973],[75.9166,21.3875],[75.9596,21.3939],[75.969,21.3916],[75.9851,21.3749],[76.0278,21.3658],[76.0528,21.3504],[76.0992,21.3716],[76.1165,21.3365],[76.1298,21.2953],[76.1456,21.2855],[76.1598,21.2569],[76.145,21.2359],[76.1461,21.231],[76.1646,21.222],[76.1621,21.2145],[76.1685,21.2059],[76.1665,21.1933],[76.1733,21.1861],[76.1674,21.1686],[76.1279,21.1758],[76.1148,21.1683],[76.1144,21.1625],[76.1289,21.1546],[76.1404,21.1379],[76.1361,21.1241],[76.169,21.1033],[76.1692,21.0837],[76.2629,21.0926],[76.27,21.0909],[76.2826,21.0733],[76.3623,21.0779],[76.3774,21.0753],[76.3912,21.086],[76.4105,21.092],[76.4129,21.1052],[76.4349,21.1046],[76.4539,21.1128],[76.4587,21.1363],[76.4668,21.1372],[76.4702,21.1485],[76.4783,21.1532],[76.4838,21.1861],[76.4925,21.1957],[76.5306,21.1872],[76.5608,21.2037],[76.5883,21.1966],[76.6184,21.1965],[76.625,21.1905],[76.6332,21.2033],[76.6333,21.2268],[76.6442,21.2456],[76.6602,21.2457],[76.6628,21.2802],[76.6262,21.3329],[76.6702,21.3672],[76.734,21.4065],[76.7454,21.4408],[76.7862,21.4642],[76.7939,21.4875],[76.765,21.5203],[76.7899,21.5377],[76.7823,21.56],[76.7857,21.5755],[76.7975,21.5951],[76.8358,21.5906],[76.8544,21.6126],[76.9035,21.5984],[76.9139,21.6125],[76.9999,21.6791],[77.0622,21.7069],[77.0751,21.7204],[77.0865,21.7161],[77.1239,21.7228],[77.1607,21.7109],[77.1744,21.7248],[77.191,21.7201],[77.1873,21.702],[77.2104,21.6916],[77.2246,21.6977],[77.2276,21.7154],[77.2611,21.7134],[77.2705,21.7266],[77.2863,21.7218],[77.29,21.734],[77.2864,21.736],[77.2876,21.744],[77.2814,21.7467],[77.2802,21.7573],[77.2894,21.7603],[77.3245,21.7546],[77.3455,21.7594],[77.4045,21.7537],[77.4789,21.769],[77.4793,21.7555],[77.5004,21.7468],[77.5214,21.7246],[77.5246,21.7118],[77.5369,21.7104],[77.5457,21.6987],[77.5509,21.6793],[77.5621,21.6664],[77.5639,21.6429],[77.5749,21.6248],[77.5714,21.6188],[77.5745,21.5605],[77.5777,21.5553],[77.5943,21.5595],[77.6094,21.5488],[77.6107,21.5406],[77.5928,21.5282],[77.5705,21.5276],[77.5154,21.5453],[77.5078,21.5525],[77.4609,21.5544],[77.4553,21.5534],[77.45,21.5434],[77.4268,21.5404],[77.4202,21.5309],[77.4241,21.5141],[77.4425,21.4872],[77.4384,21.4795],[77.4416,21.4708],[77.4605,21.465],[77.4726,21.4548],[77.4725,21.435],[77.4851,21.4136],[77.4904,21.3757],[77.5139,21.3748],[77.5241,21.3917],[77.5306,21.419],[77.5624,21.3962],[77.5577,21.3884],[77.566,21.3714],[77.5744,21.3713],[77.588,21.3625],[77.6084,21.3651],[77.6051,21.3916],[77.6428,21.386],[77.6546,21.3915],[77.6657,21.386],[77.6709,21.3696],[77.6948,21.3951],[77.6963,21.3787],[77.7081,21.3758],[77.709,21.3572],[77.7376,21.3628],[77.7503,21.3823],[77.7973,21.3889],[77.8032,21.4104],[77.8219,21.4069],[77.8587,21.3889],[77.8874,21.3837],[77.8859,21.3759],[77.9429,21.3851],[77.9452,21.3972],[77.9844,21.401],[78.0039,21.4144],[78.0238,21.4188],[78.0477,21.4333],[78.068,21.4371],[78.1738,21.4967],[78.1821,21.5125],[78.1725,21.5242],[78.1772,21.5515],[78.1854,21.5568],[78.22,21.5519],[78.2433,21.5637],[78.2739,21.5689],[78.26,21.5834],[78.2598,21.588],[78.2708,21.5925],[78.2863,21.585],[78.3047,21.5833],[78.3088,21.5697],[78.3277,21.5756],[78.3415,21.5887],[78.3524,21.5771],[78.3657,21.5766],[78.3824,21.5939],[78.3765,21.6133],[78.3843,21.6169],[78.3941,21.6088],[78.4093,21.6084],[78.4274,21.6002],[78.4183,21.576],[78.4271,21.562],[78.4254,21.5471],[78.437,21.5183],[78.4349,21.5002],[78.4434,21.5022],[78.4566,21.4957],[78.4612,21.5029],[78.4853,21.5046],[78.5135,21.5268],[78.5716,21.5142],[78.5703,21.5045],[78.5899,21.4854],[78.6037,21.4834],[78.6104,21.4869],[78.626,21.4761],[78.6425,21.4828],[78.6642,21.4775],[78.6892,21.4806],[78.6896,21.4766],[78.7014,21.476],[78.7294,21.463],[78.7349,21.47],[78.7441,21.4716],[78.7517,21.4925],[78.7663,21.4884],[78.7696,21.473],[78.7775,21.4658],[78.7899,21.4878],[78.8495,21.4887],[78.8569,21.4944],[78.8853,21.4837],[78.8908,21.4843],[78.8959,21.497],[78.9012,21.4993],[78.926,21.4864],[78.9373,21.4862],[78.9461,21.5125],[78.9289,21.5225],[78.93,21.5374],[78.9099,21.5535],[78.9182,21.5618],[78.9333,21.559],[78.9339,21.5631],[78.9171,21.5696],[78.9187,21.591],[78.9458,21.5924],[78.9803,21.6162],[79.0,21.6174],[79.0151,21.6002],[79.0817,21.6064],[79.0937,21.598],[79.1098,21.6081],[79.1048,21.6177],[79.1334,21.6268],[79.1468,21.6383],[79.1536,21.6593],[79.2257,21.6496],[79.2274,21.6557],[79.2327,21.6565],[79.2342,21.6702],[79.224,21.68],[79.2267,21.6953],[79.2406,21.7139],[79.2345,21.7227],[79.2707,21.7137],[79.2907,21.6927],[79.3232,21.6847],[79.3543,21.6833],[79.3549,21.6778],[79.4007,21.6735],[79.4218,21.6904],[79.4468,21.6812],[79.4645,21.6863],[79.4946,21.6731],[79.5087,21.6337],[79.5177,21.6302],[79.5185,21.6256],[79.5093,21.6214],[79.5043,21.6115],[79.5129,21.6015],[79.5119,21.5894],[79.5167,21.5823],[79.5436,21.5682],[79.5427,21.5434],[79.5664,21.5473],[79.5823,21.5426],[79.6149,21.5552],[79.6537,21.5565],[79.6643,21.5766],[79.6911,21.58],[79.7,21.5903],[79.7201,21.5904],[79.7389,21.6019],[79.7981,21.5808],[79.8245,21.5585],[79.8314,21.5462],[79.8569,21.537],[79.8634,21.5305],[79.8922,21.5292],[79.8987,21.5228],[79.9222,21.5241],[79.9277,21.5458],[79.9428,21.5564],[79.9727,21.5569],[79.992,21.5364],[80.0,21.5344],[80.0347,21.557],[80.0701,21.5543],[80.1006,21.586],[80.1165,21.5931],[80.1215,21.6067],[80.1545,21.606],[80.1948,21.6339],[80.2113,21.6333],[80.2229,21.6201],[80.2669,21.6199],[80.2775,21.6104],[80.2821,21.5989],[80.2947,21.5921],[80.2986,21.5779],[80.3269,21.5735],[80.3368,21.5547],[80.3311,21.5487],[80.3773,21.521],[80.3821,21.4912],[80.3936,21.4736],[80.4077,21.4656],[80.4181,21.4384],[80.3958,21.4076],[80.4101,21.3768],[80.4472,21.3724],[80.4551,21.4026],[80.475,21.3956],[80.4806,21.3996],[80.4824,21.3951],[80.4923,21.398],[80.5074,21.3912],[80.5182,21.3922],[80.5366,21.3814],[80.5437,21.3696],[80.571,21.3584],[80.5652,21.3536],[80.5682,21.3438],[80.5786,21.3461],[80.5885,21.3421],[80.5899,21.3317],[80.6,21.3254],[80.6246,21.3198],[80.6634,21.3314],[80.6807,21.3097],[80.6778,21.2966],[80.6617,21.2902],[80.6518,21.2767],[80.6422,21.2509],[80.6226,21.2407],[80.6103,21.2281],[80.5884,21.2225],[80.5575,21.2019],[80.5276,21.2042],[80.5144,21.1831],[80.5023,21.1839],[80.4817,21.1721],[80.4641,21.1735],[80.4454,21.1221],[80.456,21.1127],[80.4463,21.1125],[80.4401,21.0979],[80.4488,21.0814],[80.4541,21.0375],[80.4305,21.0105],[80.4449,20.993],[80.4475,20.9664],[80.4634,20.9383],[80.4623,20.9331],[80.4807,20.9284],[80.5487,20.935],[80.545,20.9272],[80.5566,20.8901],[80.5572,20.8469],[80.5628,20.821],[80.5502,20.7931],[80.5524,20.7668],[80.5614,20.7486],[80.5671,20.7132],[80.5818,20.6999],[80.587,20.6852],[80.5797,20.6758],[80.5596,20.6746],[80.5145,20.6561],[80.4917,20.6367],[80.4884,20.6186],[80.507,20.5885],[80.5188,20.5867],[80.5583,20.6007],[80.5659,20.6116],[80.5742,20.6141],[80.5926,20.6158],[80.6293,20.6056],[80.6198,20.5923],[80.6266,20.5691],[80.6169,20.5581],[80.6204,20.5434],[80.6103,20.4644],[80.6016,20.4484],[80.6104,20.4352],[80.5967,20.4148],[80.593,20.3976],[80.5971,20.3864],[80.6092,20.3785],[80.6079,20.3713],[80.6248,20.3358],[80.6237,20.3279],[80.6137,20.3275],[80.6124,20.3224],[80.5912,20.3214],[80.549,20.309],[80.5428,20.2968],[80.5178,20.2717],[80.5014,20.2769],[80.4723,20.2737],[80.4298,20.2547],[80.3898,20.2438],[80.4049,20.2149],[80.4189,20.2044],[80.4209,20.1924],[80.4015,20.1837],[80.3929,20.165],[80.3914,20.1607],[80.4007,20.1462],[80.4465,20.1314],[80.4583,20.1471],[80.505,20.1413],[80.5105,20.1312],[80.5305,20.1269],[80.5473,20.1123],[80.542,20.0879],[80.5532,20.0682],[80.5396,20.0065],[80.5505,19.9977],[80.5526,19.9898],[80.5394,19.9697],[80.5409,19.9557],[80.5333,19.9513],[80.5274,19.9336],[80.5087,19.9274],[80.4875,19.9305],[80.4768,19.9363],[80.4715,19.9489],[80.4599,19.9478],[80.4507,19.9553],[80.4321,19.9399],[80.4132,19.9351],[80.4096,19.9122],[80.4146,19.9085],[80.4514,19.8962],[80.4682,19.9061],[80.4896,19.9016],[80.4987,19.8933],[80.5045,19.8715],[80.482,19.8598],[80.4756,19.8403],[80.4673,19.8308],[80.4387,19.8131],[80.4243,19.8119],[80.4045,19.819],[80.4017,19.7974],[80.4247,19.7999],[80.4497,19.7934],[80.4595,19.7958],[80.4851,19.7753],[80.4896,19.7836],[80.4873,19.7983],[80.4666,19.8142],[80.4762,19.8275],[80.5146,19.8328],[80.5249,19.8317],[80.5424,19.821],[80.5495,19.8222],[80.5468,19.7776],[80.5776,19.7578],[80.5892,19.7412],[80.6407,19.7217],[80.673,19.6955],[80.664,19.6157],[80.6692,19.6122],[80.7282,19.6119],[80.7716,19.5884],[80.7737,19.5719],[80.7925,19.5641],[80.8269,19.5691],[80.8349,19.5664],[80.8527,19.533],[80.8596,19.528],[80.881,19.5262],[80.8929,19.5131],[80.8988,19.4948],[80.8995,19.4696],[80.8749,19.4474],[80.8424,19.4463],[80.7953,19.4306],[80.8159,19.401],[80.8201,19.3867],[80.8502,19.3702],[80.8524,19.365],[80.8102,19.3364],[80.8068,19.3293],[80.7855,19.3226],[80.7566,19.2908],[80.696,19.2875],[80.6891,19.2998],[80.6915,19.324],[80.6792,19.3304],[80.6652,19.3282],[80.6328,19.3107],[80.6174,19.311],[80.6074,19.3219],[80.5959,19.3482],[80.5912,19.3809],[80.575,19.4046],[80.5387,19.378],[80.521,19.3519],[80.4828,19.3387],[80.4526,19.2736],[80.4353,19.2581],[80.3956,19.247],[80.3863,19.2363],[80.3842,19.2211],[80.3938,19.1928],[80.3801,19.1789],[80.3527,19.1667],[80.3427,19.1514],[80.332,19.1453],[80.328,19.1283],[80.3387,19.105],[80.3271,19.0921],[80.3293,19.0788],[80.323,19.0685],[80.296,19.0502],[80.3025,19.0327],[80.3006,19.0256],[80.2749,18.9913],[80.2762,18.9682],[80.2713,18.9446],[80.2748,18.9329],[80.343,18.8604],[80.3558,18.8283],[80.3536,18.8155],[80.3261,18.8004],[80.3015,18.795],[80.2791,18.7666],[80.2618,18.7703],[80.2494,18.7641],[80.2481,18.7531],[80.2748,18.7224],[80.254,18.7058],[80.2326,18.7006],[80.2152,18.7049],[80.2014,18.6929],[80.1962,18.68],[80.1782,18.6818],[80.1653,18.7003],[80.118,18.6805],[80.069,18.7207],[80.0535,18.7251],[80.04,18.7506],[80.0258,18.7551],[80.0194,18.7708],[79.939,18.7883],[79.9232,18.8012],[79.9009,18.8346],[79.9325,18.8414],[79.9459,18.8627],[79.9479,18.9413],[79.9382,18.9784],[79.9414,19.0252],[79.9328,19.046],[79.923,19.0508],[79.8977,19.0489],[79.8664,19.038],[79.8648,19.1074],[79.878,19.126],[79.9128,19.1451],[79.9329,19.1642],[79.9475,19.1677],[79.95,19.1739],[79.9293,19.2066],[79.9269,19.2296],[79.952,19.2872],[79.9686,19.3006],[79.9639,19.3376],[79.9713,19.3537],[79.9798,19.404],[79.9525,19.4436],[79.9517,19.4616],[79.9469,19.4673],[79.9177,19.495],[79.8768,19.5076],[79.8348,19.5395],[79.8232,19.5715],[79.7998,19.5825],[79.792,19.596],[79.7468,19.6055],[79.7194,19.5857],[79.6461,19.5773],[79.6222,19.5609],[79.6044,19.5061],[79.589,19.5053],[79.5588,19.5223],[79.549,19.5507],[79.5213,19.5441],[79.5197,19.5203],[79.4767,19.4996],[79.4644,19.5211],[79.4474,19.5356],[79.4198,19.5355],[79.3773,19.5635],[79.3751,19.5732],[79.3357,19.5756],[79.3203,19.5674],[79.3108,19.592],[79.2498,19.6143],[79.243,19.6112],[79.2436,19.6013],[79.2546,19.5887],[79.256,19.5795],[79.2457,19.5613],[79.2426,19.5287],[79.2216,19.5125],[79.2128,19.4936],[79.2289,19.4697],[79.1949,19.4606],[79.1837,19.4626],[79.1461,19.5029],[79.1105,19.5145],[79.1086,19.5297],[79.0691,19.5329],[79.0572,19.5469],[79.024,19.5416],[78.9985,19.5636],[78.9841,19.5525],[78.9601,19.5534],[78.9551,19.559],[78.9861,19.5866],[78.9712,19.606],[78.9684,19.6188],[78.9745,19.6506],[78.9598,19.6648],[78.9405,19.6635],[78.9214,19.669],[78.8965,19.6566],[78.8642,19.6576],[78.8689,19.698],[78.8623,19.7325],[78.851,19.7594],[78.8437,19.7632],[78.813,19.7591],[78.7902,19.7798],[78.7685,19.7766],[78.7436,19.7804],[78.7217,19.7678],[78.7011,19.7906],[78.6403,19.8046],[78.6087,19.8183],[78.59,19.8124],[78.5312,19.8224],[78.5173,19.815],[78.5086,19.7931],[78.4988,19.7939],[78.481,19.817],[78.4334,19.8237],[78.4024,19.8369],[78.3906,19.8532],[78.3888,19.8797],[78.3409,19.8836],[78.3276,19.8954],[78.3392,19.9047],[78.3397,19.9105],[78.333,19.9165],[78.3148,19.9131],[78.2987,19.85],[78.3436,19.8397],[78.346,19.8334],[78.3406,19.8192],[78.3438,19.814],[78.3652,19.8063],[78.3717,19.7951],[78.3724,19.7817],[78.3579,19.7384],[78.3501,19.7351],[78.3499,19.7142],[78.3273,19.7043],[78.3207,19.6912],[78.2904,19.6903],[78.2743,19.6638],[78.2921,19.6552],[78.3156,19.605],[78.3158,19.5726],[78.3045,19.5676],[78.3011,19.5592],[78.2837,19.559],[78.2996,19.5382],[78.304,19.505],[78.3147,19.4874],[78.3136,19.4574],[78.3019,19.4498],[78.2778,19.4548],[78.2566,19.431],[78.2288,19.435],[78.2026,19.4084],[78.1866,19.4127],[78.192,19.3966],[78.1841,19.354],[78.1916,19.3396],[78.2016,19.3328],[78.1977,19.304],[78.1876,19.2801],[78.1909,19.2505],[78.1878,19.2427],[78.1745,19.2375],[78.1542,19.2312],[78.1311,19.2475],[78.1037,19.2466],[78.0866,19.2558],[78.0794,19.2476],[78.0618,19.2408],[78.0554,19.2428],[78.05,19.2719],[78.0371,19.2751],[78.0224,19.2973],[77.9896,19.3099],[77.981,19.3219],[77.953,19.3421],[77.9447,19.3433],[77.9163,19.3188],[77.9098,19.3166],[77.8972,19.3219],[77.892,19.3132],[77.8648,19.3029],[77.8658,19.2849],[77.9046,19.278],[77.9097,19.2681],[77.9044,19.257],[77.8886,19.2611],[77.8713,19.2561],[77.8654,19.2272],[77.8504,19.1979],[77.8484,19.1891],[77.8623,19.1817],[77.8569,19.1778],[77.8531,19.1563],[77.8416,19.1393],[77.8349,19.1366],[77.8491,19.1152],[77.8481,19.0971],[77.8521,19.0911],[77.8325,19.086],[77.819,19.1047],[77.8065,19.103],[77.8051,19.0854],[77.7973,19.0722],[77.801,19.0524],[77.7654,19.0631],[77.7611,19.0296],[77.7691,19.0165],[77.7711,18.9825],[77.7853,18.9775],[77.791,18.9854],[77.821,18.9835],[77.8166,18.9507],[77.8313,18.9469],[77.8344,18.9514],[77.8577,18.9535],[77.8444,18.9126],[77.8606,18.9074],[77.8856,18.9099],[77.8917,18.8865],[77.9027,18.8851],[77.9033,18.8693],[77.9294,18.8607],[77.9287,18.8556],[77.9365,18.8524],[77.9338,18.848],[77.9483,18.8438],[77.9467,18.8238],[77.9329,18.8232],[77.9117,18.831],[77.8414,18.8089],[77.8066,18.7308],[77.8061,18.7176],[77.7904,18.6959],[77.7903,18.6857],[77.7733,18.6921],[77.7682,18.7094],[77.7615,18.7086],[77.7538,18.6993],[77.7533,18.6913],[77.7367,18.6775],[77.7319,18.6657],[77.737,18.6637],[77.7335,18.6443],[77.7519,18.6069],[77.7403,18.5565],[77.7318,18.5532],[77.7161,18.5561],[77.6796,18.543],[77.6613,18.5288],[77.649,18.5379],[77.6559,18.5512],[77.6525,18.5542],[77.6441,18.5555],[77.638,18.5468],[77.6327,18.5522],[77.6199,18.5502],[77.6169,18.544],[77.6144,18.5493],[77.6008,18.5491],[77.5968,18.5247],[77.605,18.5235],[77.5906,18.5114],[77.5898,18.5045],[77.5975,18.4955],[77.6064,18.493],[77.6046,18.4759],[77.5967,18.4751],[77.5943,18.4827],[77.58,18.4854],[77.5742,18.4685],[77.5497,18.465],[77.5533,18.4596],[77.5872,18.4552],[77.5888,18.4471],[77.5637,18.4367],[77.538,18.444],[77.5319,18.4421],[77.5294,18.429],[77.5386,18.4228],[77.5587,18.4195],[77.5528,18.3894],[77.5451,18.3869],[77.5248,18.3664],[77.523,18.351],[77.5308,18.3412],[77.5569,18.333],[77.5705,18.3198],[77.5738,18.31],[77.5535,18.2932],[77.5232,18.3092],[77.513,18.3085],[77.5137,18.2803],[77.4956,18.2677],[77.4837,18.2704],[77.4688,18.2618],[77.4485,18.2719],[77.4482,18.279],[77.4402,18.2838],[77.4396,18.3082],[77.4311,18.3109],[77.411,18.3013],[77.3656,18.3099],[77.3585,18.3201],[77.3812,18.3303],[77.3824,18.3407],[77.396,18.3422],[77.396,18.3473],[77.4015,18.3491],[77.395,18.3675],[77.4111,18.3801],[77.4133,18.3901],[77.4037,18.3994],[77.3729,18.4022],[77.3675,18.4313],[77.3727,18.4491],[77.3571,18.4502],[77.3451,18.4317],[77.3357,18.4499],[77.329,18.4503],[77.3286,18.4565],[77.3204,18.4552],[77.3162,18.4408],[77.3052,18.4399],[77.2674,18.4198],[77.2612,18.4118],[77.243,18.41],[77.2357,18.3875],[77.2479,18.372],[77.2336,18.367],[77.2242,18.3487],[77.2301,18.3464],[77.2127,18.3152],[77.2029,18.3206],[77.1982,18.3142],[77.209,18.2795],[77.2016,18.2807],[77.1944,18.2758],[77.1805,18.2833],[77.1732,18.2824],[77.1684,18.2574],[77.1599,18.2546],[77.1504,18.2392],[77.1526,18.2181],[77.1448,18.2176],[77.1421,18.2088],[77.1236,18.2082],[77.0981,18.1966],[77.1189,18.1692],[77.1115,18.1543],[77.0992,18.1597],[77.0887,18.1519],[77.0601,18.1539],[77.0527,18.1628],[77.0519,18.1747],[77.0352,18.1853],[77.0241,18.1797],[77.0264,18.1642],[77.0001,18.1683],[76.9901,18.1899],[76.9563,18.1863],[76.9459,18.1562],[76.9355,18.1593],[76.9275,18.1463],[76.9339,18.138],[76.9247,18.1176],[76.9343,18.1125],[76.9556,18.1116],[76.9705,18.0986],[76.9666,18.0898],[76.9519,18.0839],[76.9492,18.0753],[76.9549,18.065],[76.9508,18.0473],[76.9569,18.0413],[76.9199,18.0348],[76.9217,17.987],[76.9154,17.9389],[76.9214,17.9384],[76.9186,17.9168],[76.9024,17.9164],[76.8915,17.8989],[76.8833,17.8948],[76.8558,17.8995],[76.8337,17.8923],[76.835,17.8844],[76.8101,17.8848],[76.8047,17.87],[76.7764,17.8786],[76.7677,17.9],[76.7424,17.8996],[76.7392,17.8587],[76.7563,17.8582],[76.7675,17.8525],[76.79,17.8282],[76.7781,17.8011],[76.7682,17.7984],[76.7646,17.7888],[76.7507,17.7881],[76.7412,17.7809],[76.7263,17.7868],[76.7174,17.7836],[76.7145,17.7731],[76.7227,17.7693],[76.7197,17.7496],[76.7236,17.7498],[76.7293,17.7388],[76.6998,17.7278],[76.7051,17.7204],[76.7025,17.709],[76.6925,17.7037],[76.6922,17.6818],[76.6798,17.6891],[76.6647,17.6896],[76.6568,17.7181],[76.6321,17.7307],[76.6284,17.7576],[76.6159,17.7699],[76.6055,17.7575],[76.5946,17.7192],[76.5884,17.7096],[76.5746,17.7039],[76.5707,17.7054],[76.5659,17.7553],[76.5746,17.7616],[76.561,17.7647],[76.5249,17.7605],[76.5248,17.7168],[76.4874,17.7151],[76.4857,17.6713],[76.4904,17.6623],[76.4533,17.6572],[76.4525,17.6531],[76.4418,17.651],[76.4437,17.6435],[76.4296,17.646],[76.4166,17.6059],[76.3323,17.5965],[76.3407,17.5442],[76.3617,17.538],[76.3669,17.5239],[76.3672,17.5184],[76.3471,17.5132],[76.3442,17.4961],[76.3759,17.4953],[76.3731,17.4875],[76.3508,17.4739],[76.3315,17.4706],[76.3344,17.4341],[76.374,17.4362],[76.3628,17.377],[76.409,17.3712],[76.4116,17.3496],[76.3939,17.3382],[76.3826,17.3138],[76.3531,17.3125],[76.3444,17.3518],[76.3137,17.3451],[76.3179,17.3313],[76.2765,17.3324],[76.2708,17.3584],[76.2505,17.3597],[76.2509,17.3685],[76.2448,17.3765],[76.2308,17.372],[76.2294,17.365],[76.1832,17.3583],[76.1726,17.3505],[76.1766,17.3233],[76.1841,17.3129],[76.1761,17.299],[76.1641,17.3021],[76.1634,17.3427],[76.1378,17.3543],[76.1213,17.368],[76.096,17.3595],[76.0868,17.3354],[76.0787,17.3318],[76.0631,17.3536],[76.0544,17.356],[76.0365,17.3506],[76.0152,17.3523],[76.0,17.3394],[75.9712,17.3381],[75.9307,17.3257],[75.9101,17.3474],[75.893,17.3552],[75.8958,17.3965],[75.8866,17.4188],[75.8777,17.418],[75.8782,17.4018],[75.8612,17.3874],[75.8552,17.4091],[75.8381,17.422],[75.8238,17.4243],[75.8154,17.3993],[75.8142,17.3753],[75.8014,17.3716],[75.7813,17.3803],[75.7687,17.4083],[75.7577,17.4098],[75.7359,17.4233],[75.7139,17.4103],[75.6899,17.414],[75.6794,17.4375],[75.6762,17.4593],[75.6609,17.461],[75.6481,17.4747],[75.6341,17.4788],[75.6297,17.4625],[75.6238,17.4594],[75.6138,17.4234],[75.6085,17.4209],[75.6142,17.3932],[75.5768,17.3843],[75.5832,17.3512],[75.6115,17.3437],[75.6145,17.3302],[75.6044,17.3047],[75.6232,17.2952],[75.6308,17.2737],[75.6561,17.2721],[75.6585,17.2629],[75.6607,17.2099],[75.6421,17.1956],[75.6412,17.1897],[75.6292,17.1877],[75.6266,17.1717],[75.6513,17.1344],[75.6523,17.1148],[75.6728,17.1152],[75.6772,17.0959],[75.6772,17.0646],[75.6614,17.0635],[75.6424,17.0381],[75.6527,17.0324],[75.671,17.0375],[75.6676,16.9795],[75.6772,16.9658],[75.6734,16.9621],[75.6437,16.9528],[75.635,16.9676],[75.6092,16.9714],[75.608,17.0048],[75.5742,17.0095],[75.5683,17.0079],[75.5687,16.9654],[75.5311,16.9684],[75.5088,16.949],[75.4906,16.9446],[75.4878,16.9671],[75.4806,16.9776],[75.4666,16.9812],[75.4659,16.987],[75.4417,16.9811],[75.4289,16.9651],[75.3925,16.978],[75.3694,16.9703],[75.3572,16.9585],[75.3429,16.9541],[75.2858,16.9564],[75.282,16.9551],[75.2809,16.9445],[75.2829,16.9111],[75.2892,16.9028],[75.2801,16.8759],[75.2656,16.8625],[75.2407,16.8661],[75.2272,16.8426],[75.213,16.842],[75.1802,16.8437],[75.1895,16.8712],[75.1867,16.8751],[75.1687,16.8664],[75.1379,16.8751],[75.1352,16.8945],[75.1203,16.902],[75.1155,16.9115],[75.0946,16.9154],[75.0908,16.9487],[75.087,16.9502],[75.0619,16.9408],[75.0446,16.9402],[75.0283,16.9272],[75.0267,16.943],[75.0,16.9473],[74.982,16.9305],[74.9656,16.9374],[74.9506,16.9315],[74.9485,16.9377],[74.9344,16.9424],[74.9245,16.9367],[74.923,16.9271],[74.9489,16.908],[74.9634,16.9069],[74.9602,16.8794],[74.9447,16.8816],[74.9357,16.878],[74.9331,16.8707],[74.9079,16.8575],[74.9118,16.7873],[74.9198,16.7715],[74.8507,16.7723],[74.846,16.7619],[74.7996,16.7523],[74.7959,16.7472],[74.7744,16.7502],[74.7704,16.7424],[74.7318,16.7174],[74.6933,16.7168],[74.6907,16.6874],[74.6823,16.6806],[74.6911,16.6766],[74.6667,16.6651],[74.6554,16.6392],[74.6609,16.6303],[74.6688,16.6301],[74.6894,16.6168],[74.6854,16.6061],[74.6735,16.6082],[74.6588,16.6027],[74.6376,16.6084],[74.6312,16.5774],[74.6187,16.5836],[74.6117,16.5696],[74.5995,16.5638],[74.588,16.5655],[74.5866,16.5572],[74.5686,16.5536],[74.5542,16.5614],[74.5542,16.573],[74.5643,16.5829],[74.5601,16.592],[74.5443,16.5938],[74.5459,16.6348],[74.5045,16.633],[74.4922,16.6282],[74.48,16.6407],[74.4715,16.6623],[74.4588,16.6545],[74.4569,16.6461],[74.4665,16.6064],[74.4348,16.6003],[74.4275,16.596],[74.4227,16.5843],[74.3973,16.5803],[74.3922,16.567],[74.3949,16.5625],[74.3892,16.5611],[74.3894,16.5373],[74.3837,16.5295],[74.3562,16.5404],[74.3565,16.5502],[74.3629,16.5549],[74.3592,16.5587],[74.3396,16.5481],[74.3229,16.5551],[74.3172,16.5531],[74.3157,16.5461],[74.3173,16.5079],[74.3075,16.5037],[74.3003,16.5308],[74.2878,16.5332],[74.2829,16.5242],[74.2776,16.5447],[74.2696,16.5461],[74.2648,16.5403],[74.2699,16.5222],[74.2777,16.5181],[74.279,16.505],[74.2463,16.4965],[74.262,16.4777],[74.2758,16.4842],[74.2738,16.491],[74.2822,16.5054],[74.2932,16.5043],[74.2896,16.4607],[74.298,16.4625],[74.3154,16.4517],[74.3324,16.4538],[74.3373,16.4272],[74.3308,16.4219],[74.3362,16.4022],[74.3582,16.405],[74.3628,16.3961],[74.3532,16.3806],[74.3553,16.3665],[74.3455,16.368],[74.3366,16.3924],[74.3285,16.3904],[74.3261,16.3773],[74.3189,16.381],[74.3257,16.3587],[74.3172,16.3554],[74.3279,16.3423],[74.3169,16.3416],[74.3226,16.3344],[74.3165,16.3269],[74.3308,16.3252],[74.3336,16.3187],[74.325,16.3182],[74.3256,16.3125],[74.3341,16.3134],[74.3337,16.3058],[74.3384,16.3051],[74.3423,16.2933],[74.3253,16.288],[74.3222,16.2812],[74.3274,16.2699],[74.3306,16.2675],[74.3535,16.2814],[74.3453,16.29],[74.3469,16.2936],[74.3562,16.2889],[74.3738,16.2953],[74.3842,16.292],[74.3851,16.2774],[74.4152,16.2824],[74.4165,16.2593],[74.4359,16.256],[74.4368,16.2514],[74.4554,16.2503],[74.4576,16.2437],[74.4674,16.2404],[74.4783,16.2486],[74.5027,16.2248],[74.4964,16.216],[74.5077,16.2031],[74.5073,16.1902],[74.4921,16.1833],[74.489,16.157],[74.4801,16.1489],[74.4853,16.1439],[74.4914,16.1143],[74.4834,16.0893],[74.4732,16.0899],[74.4587,16.1041],[74.4286,16.1126],[74.4124,16.1028],[74.4092,16.0938],[74.3912,16.0891],[74.3911,16.0803],[74.3748,16.0802],[74.3739,16.0715],[74.3619,16.0549],[74.3756,16.0555],[74.3724,16.0386],[74.3839,16.0371],[74.4095,16.053],[74.4304,16.0587],[74.4622,16.0487],[74.4645,16.0426],[74.4438,16.0006],[74.4441,15.9853],[74.4293,15.9532],[74.3858,15.9032],[74.3933,15.8979],[74.3965,15.8804],[74.3932,15.8764],[74.4063,15.8598],[74.4056,15.8547],[74.3971,15.8511],[74.3874,15.8539],[74.368,15.8937],[74.3644,15.8925],[74.3609,15.8732],[74.3383,15.8541],[74.3832,15.8462],[74.3834,15.8384],[74.3684,15.8296],[74.3602,15.8176],[74.3679,15.8126],[74.3697,15.8033],[74.3587,15.7758],[74.3447,15.7655],[74.3234,15.7725],[74.3177,15.7587],[74.2857,15.7415],[74.2674,15.7553],[74.2434,15.7433],[74.2285,15.7561],[74.2322,15.7867],[74.2205,15.7878],[74.2105,15.7809],[74.2044,15.7607],[74.1975,15.7555],[74.1606,15.7514],[74.153,15.7365],[74.1234,15.72],[74.1343,15.7025],[74.1264,15.6806],[74.1102,15.6729],[74.0891,15.673],[74.0972,15.6614],[74.1188,15.6525],[74.1155,15.6474],[74.0731,15.6283],[74.0316,15.623],[74.0279,15.6115],[74.0202,15.6068],[73.9945,15.6112],[73.968,15.6311],[73.9612,15.6465],[73.9677,15.6619],[73.9633,15.6894],[73.9577,15.6971],[73.9491,15.6989],[73.9507,15.7134],[73.9372,15.7436],[73.9065,15.7476],[73.9002,15.7444],[73.8739,15.7514],[73.8784,15.7724],[73.8665,15.785],[73.8649,15.7974],[73.8569,15.7996],[73.8529,15.7959],[73.8483,15.7803],[73.8432,15.7805],[73.8364,15.7654],[73.83,15.763],[73.8243,15.7398],[73.8115,15.742],[73.7842,15.7258],[73.7491,15.7348],[73.7395,15.7327],[73.7278,15.7193],[73.7183,15.7246],[73.7016,15.7223],[73.6757,15.728],[73.6729,15.7368],[73.659,15.749],[73.6889,15.7546],[73.6664,15.7647],[73.6564,15.7978],[73.6422,15.8187],[73.6332,15.8511],[73.6289,15.8558],[73.6177,15.8534],[73.6117,15.8757],[73.5895,15.9102],[73.5746,15.9129],[73.5454,15.9358],[73.5373,15.9373],[73.53,15.9319],[73.5076,15.9434],[73.5092,15.9622],[73.4999,15.9624],[73.4988,15.9697],[73.4876,15.9749],[73.4945,16.0047],[73.4865,16.0376],[73.4586,16.0571],[73.4579,16.0647],[73.4685,16.0678],[73.4683,16.09],[73.4741,16.096],[73.4687,16.1169],[73.4724,16.1586],[73.4648,16.1539],[73.4608,16.1374],[73.4615,16.1103],[73.4417,16.1964],[73.4322,16.2014],[73.4117,16.2812],[73.3944,16.3098],[73.3944,16.3266],[73.3863,16.3355],[73.3905,16.3561],[73.4051,16.3536],[73.4205,16.3648],[73.4078,16.3598],[73.3946,16.3664],[73.3816,16.3576],[73.3726,16.3629],[73.372,16.3787],[73.3745,16.3852],[73.4017,16.3898],[73.414,16.4028],[73.4441,16.4063],[73.4695,16.4151],[73.4122,16.411],[73.4021,16.3996],[73.3892,16.401],[73.378,16.3921],[73.3698,16.3938],[73.3469,16.4539],[73.3444,16.475],[73.3343,16.4785],[73.3275,16.51],[73.3192,16.5128],[73.3142,16.5327],[73.323,16.5529],[73.3411,16.5606],[73.346,16.5676],[73.3442,16.5746],[73.326,16.5828],[73.32,16.5995],[73.3242,16.6034],[73.355,16.591],[73.3544,16.5971],[73.3437,16.6019],[73.3434,16.6098],[73.3547,16.6089],[73.3678,16.6247],[73.3788,16.6111],[73.3791,16.5943],[73.4031,16.5864],[73.3854,16.5987],[73.3898,16.6122],[73.399,16.6151],[73.3924,16.6267],[73.37,16.6362],[73.344,16.6161],[73.3355,16.6192],[73.3419,16.6315],[73.3242,16.6357],[73.3321,16.6478],[73.3286,16.6783],[73.3427,16.6804],[73.3454,16.6906],[73.3397,16.6864],[73.3225,16.6909],[73.3044,16.7428],[73.3036,16.7634],[73.3176,16.7971],[73.3148,16.8046],[73.3054,16.8102],[73.2935,16.8343],[73.2928,16.8832],[73.3019,16.8884],[73.3154,16.888],[73.3063,16.8948],[73.2824,16.8931],[73.2898,16.926],[73.2848,16.9483],[73.2905,16.9544],[73.2947,16.9749],[73.3078,16.9568],[73.3287,16.9503],[73.3321,16.95],[73.3337,16.9679],[73.3199,16.9618],[73.3133,16.9653],[73.3134,16.9797],[73.3073,16.9733],[73.305,16.9803],[73.2834,16.991],[73.2727,16.985],[73.272,16.9935],[73.2842,17.0023],[73.2827,17.0111],[73.2754,17.0225],[73.2606,17.018],[73.2581,17.0473],[73.265,17.049],[73.2805,17.0397],[73.2941,17.0557],[73.2917,17.0705],[73.3023,17.0676],[73.3124,17.0768],[73.2929,17.0801],[73.2825,17.1113],[73.2714,17.1143],[73.2694,17.1464],[73.2775,17.1553],[73.2669,17.1576],[73.2586,17.1821],[73.2391,17.1942],[73.2389,17.2001],[73.2495,17.2003],[73.249,17.2197],[73.2378,17.2293],[73.2197,17.2751],[73.2156,17.2786],[73.2075,17.2735],[73.2015,17.2931],[73.1899,17.2994],[73.1968,17.3061],[73.2318,17.2984],[73.246,17.3171],[73.2237,17.3269],[73.2237,17.3312],[73.2311,17.3345],[73.2207,17.3463],[73.2263,17.3561],[73.2175,17.3607],[73.2191,17.3714],[73.2123,17.3722],[73.2121,17.3803],[73.2059,17.3875],[73.1972,17.39],[73.188,17.3837],[73.1778,17.389],[73.1686,17.4037],[73.1876,17.4113],[73.1902,17.4317],[73.2045,17.4394],[73.1885,17.4464],[73.1875,17.4532],[73.1935,17.4562],[73.1946,17.4639],[73.1826,17.5103],[73.1531,17.5387],[73.1413,17.5566],[73.1429,17.5661],[73.1561,17.5735],[73.1601,17.5908],[73.145,17.6037],[73.1305,17.6398],[73.1386,17.6415],[73.1381,17.6451],[73.1213,17.6724],[73.117,17.6895],[73.121,17.6968],[73.1373,17.7052],[73.1381,17.7186],[73.0977,17.8083],[73.0933,17.8345],[73.1302,17.8313],[73.1021,17.8446],[73.0921,17.8387],[73.0759,17.8778],[73.0803,17.8944],[73.0753,17.8956],[73.067,17.8876],[73.056,17.8934],[73.0553,17.9181],[73.0336,17.9365],[73.0281,17.9868],[73.02,17.9913],[73.0068,18.0218],[73.0158,18.0254],[73.0246,18.0215],[73.0304,18.0343],[73.0466,18.0439],[73.0363,18.0475],[73.0176,18.0302],[73.0118,18.0317],[73.0093,18.0488],[72.9923,18.0496],[72.9925,18.0593],[72.9984,18.0626],[73.0016,18.0737],[72.9708,18.1292],[72.9806,18.1344],[72.9858,18.1578],[72.9762,18.1992],[72.9503,18.2187],[72.9376,18.2108],[72.9321,18.2141],[72.9416,18.2362],[72.9327,18.2807],[72.9472,18.2849],[72.9625,18.3162],[72.9515,18.3351],[72.9134,18.3593],[72.9135,18.3677],[72.9256,18.3712],[72.9261,18.3838],[72.9108,18.3943],[72.9029,18.4389],[72.8921,18.4593],[72.8998,18.4673],[72.9025,18.4959],[72.9097,18.501],[72.9041,18.5357],[72.9237,18.5302],[72.9333,18.5344],[72.9314,18.5414],[72.9214,18.5482],[72.9023,18.5872],[72.8677,18.6204],[72.8617,18.6394],[72.8624,18.6782],[72.8525,18.6992],[72.866,18.7567],[72.86,18.7823],[72.8649,18.8043],[72.8075,18.8958],[72.8062,18.9087],[72.822,18.9343],[72.8223,18.9431],[72.8128,18.9515],[72.7941,18.938],[72.7876,18.9395],[72.8079,18.9801],[72.8133,19.0144],[72.8202,19.0187],[72.8169,19.0644],[72.8225,19.0808],[72.8217,19.1089],[72.8271,19.112],[72.8258,19.1245],[72.8177,19.1225],[72.8067,19.1374],[72.7998,19.1375],[72.7952,19.1246],[72.7836,19.1252],[72.7877,19.1454],[72.78,19.1563],[72.7917,19.1685],[72.7946,19.1828],[72.7942,19.1906],[72.7842,19.1946],[72.779,19.2161],[72.7813,19.2677],[72.7844,19.2999],[72.7939,19.3041],[72.8001,19.3303],[72.7552,19.3784],[72.7587,19.3891],[72.7558,19.417],[72.7458,19.464],[72.7487,19.4859],[72.7303,19.5001],[72.728,19.5201],[72.7154,19.5346],[72.7096,19.5531],[72.7212,19.6165],[72.699,19.6407],[72.6947,19.6679],[72.6978,19.68],[72.7124,19.685],[72.7139,19.6934],[72.6955,19.7169],[72.6761,19.714],[72.6777,19.746],[72.6712,19.7514],[72.6709,19.7619],[72.6868,19.7736],[72.6857,19.7927],[72.7135,19.8017],[72.7227,19.8191],[72.7197,19.8219],[72.7097,19.8181],[72.6994,19.81],[72.687,19.8113],[72.6825,19.8047],[72.6651,19.8217],[72.6605,19.8097],[72.655,19.8121],[72.6444,19.839],[72.6444,19.869],[72.6505,19.8693],[72.6559,19.8605],[72.667,19.8637],[72.6728,19.8733],[72.6633,19.9178],[72.6504,19.9424],[72.6689,19.9426],[72.6806,19.9501],[72.6843,19.9604],[72.6991,19.9619],[72.708,19.9684],[72.7112,19.9544],[72.7239,19.9515],[72.7201,19.9426],[72.7283,19.9245],[72.7381,19.9213],[72.7348,19.9097],[72.7398,19.9061],[72.7472,19.9132],[72.7515,19.9094],[72.7537,19.8824],[72.7625,19.8944],[72.7726,19.8973],[72.7658,19.9038],[72.7707,19.9072],[72.7623,19.9297],[72.7633,19.9365],[72.7705,19.9389],[72.7693,19.9465],[72.7657,19.9503],[72.7561,19.9479],[72.7533,19.954],[72.7688,19.9589],[72.7619,19.9786],[72.7525,19.9814],[72.7442,19.972],[72.7376,19.9787],[72.731,19.9757],[72.7279,19.9835],[72.7195,19.979],[72.7201,19.9995],[72.7149,20.0164],[72.7249,20.0363],[72.7215,20.0417],[72.7118,20.0367],[72.7042,20.081],[72.7208,20.1028],[72.7293,20.1368],[72.7903,20.1257],[72.7937,20.1277],[72.7906,20.1492],[72.8044,20.154],[72.824,20.1453],[72.8175,20.1573],[72.8242,20.1883],[72.8384,20.1899],[72.8329,20.1984],[72.8391,20.2086],[72.8609,20.2088],[72.8635,20.2264],[72.8889,20.2222],[72.8999,20.2266],[72.9597,20.2128],[72.9655,20.1805],[72.9754,20.177],[72.976,20.1718],[72.9753,20.158],[72.9625,20.1313],[72.9785,20.1137],[72.9937,20.1184],[72.9999,20.1406],[73.0069,20.1354],[72.9996,20.1108],[73.0089,20.1055],[73.0347,20.0722],[73.0487,20.0683],[73.0502,20.0994],[73.0882,20.094],[73.1073,20.0791],[73.1176,20.0784],[73.1266,20.0855],[73.1344,20.0781],[73.1533,20.0734],[73.1715,20.0519],[73.189,20.0625],[73.1882,20.078],[73.2093,20.0977],[73.2066,20.1222],[73.217,20.1227],[73.223,20.1407],[73.2285,20.1282],[73.2499,20.1247],[73.2589,20.1394],[73.2842,20.1539],[73.2813,20.1745],[73.2847,20.1939],[73.3019,20.2072],[73.3437,20.1984],[73.3527,20.2119],[73.3586,20.2133],[73.3557,20.2009],[73.3653,20.1926],[73.3673,20.2052],[73.3747,20.2023],[73.3864,20.2091],[73.3892,20.1959],[73.418,20.2014],[73.4215,20.2122],[73.4136,20.2316],[73.4116,20.2569],[73.4159,20.2767],[73.4282,20.2819],[73.4174,20.3158],[73.4148,20.3519],[73.4061,20.3814],[73.399,20.3837],[73.3828,20.3727],[73.3826,20.39],[73.3868,20.3978],[73.3989,20.3961],[73.4001,20.404],[73.4072,20.406],[73.4077,20.4105],[73.4212,20.4142],[73.4223,20.4286],[73.4406,20.4664],[73.4677,20.4947],[73.464,20.5137],[73.4926,20.5399],[73.4736,20.543],[73.4777,20.5637],[73.4726,20.5833],[73.4292,20.5972],[73.4224,20.6202],[73.4076,20.6259],[73.4096,20.6302],[73.3943,20.6423],[73.3932,20.6489],[73.4108,20.6602],[73.4317,20.6645],[73.4353,20.6777],[73.4463,20.6857],[73.4484,20.693],[73.4391,20.7008],[73.4506,20.714],[73.4671,20.7213],[73.4746,20.7168],[73.4893,20.6856],[73.4892,20.6806],[73.4793,20.6752],[73.4904,20.653],[73.5099,20.6697],[73.5172,20.6667],[73.5305,20.6734],[73.5551,20.6469],[73.5665,20.6506],[73.5764,20.6474],[73.6146,20.6248],[73.6219,20.6118],[73.6292,20.5788],[73.6434,20.5759],[73.6632,20.5618],[73.6937,20.5778],[73.7304,20.5734],[73.741,20.5667],[73.7568,20.5827],[73.7729,20.5912],[73.78,20.6016],[73.7954,20.6051],[73.799,20.6008],[73.8185,20.6133],[73.8315,20.615],[73.8396,20.6228],[73.8386,20.6663],[73.8348,20.6744],[73.8186,20.6729],[73.8159,20.6931],[73.8361,20.7013],[73.857,20.6935],[73.8791,20.7288],[73.8973,20.7298],[73.9023,20.7244],[73.9145,20.7226],[73.9432,20.7414],[73.9389,20.7484],[73.9409,20.7599],[73.932,20.7599],[73.934,20.8079],[73.9414,20.8241],[73.9389,20.8392],[73.9248,20.8474],[73.9211,20.8981],[73.9141,20.9103],[73.8901,20.932],[73.8888,20.9392],[73.8956,20.9607],[73.9092,20.9638],[73.9003,20.9822],[73.8729,20.9855],[73.8474,20.9982],[73.7962,21.045],[73.8125,21.0598],[73.8113,21.0838],[73.7917,21.0673],[73.7754,21.0709],[73.7638,21.0674],[73.7338,21.084],[73.7324,21.094],[73.746,21.1132],[73.7322,21.1005],[73.708,21.1064],[73.7022,21.1115],[73.7039,21.1182],[73.6866,21.1002],[73.672,21.1085],[73.653,21.1076],[73.6508,21.1203],[73.6217,21.1194],[73.6166,21.1373],[73.6221,21.1409],[73.6072,21.1463],[73.6044,21.1537],[73.5817,21.1535],[73.5812,21.1672],[73.5999,21.1777],[73.6061,21.1753],[73.6127,21.1572],[73.6305,21.1524],[73.6294,21.1319],[73.6745,21.1513],[73.7065,21.1496],[73.7104,21.1409],[73.7301,21.1374],[73.7414,21.1506],[73.7342,21.1595],[73.7351,21.1662],[73.7772,21.1641],[73.79,21.1808],[73.8058,21.1711],[73.8163,21.1709],[73.8297,21.1942],[73.8151,21.1943],[73.8125,21.2029],[73.8139,21.2209],[73.8302,21.2413],[73.826,21.2664],[73.8524,21.2689],[73.8861,21.2613],[73.9428,21.2964],[73.9514,21.3433],[73.9473,21.4012],[73.9632,21.3908],[74.0104,21.4167],[74.0433,21.4181],[74.062,21.4806],[74.0712,21.4709],[74.073,21.4564],[74.0987,21.4525],[74.104,21.4466],[74.1175,21.4493],[74.1184,21.4603],[74.124,21.4621],[74.1359,21.4611],[74.1398,21.4533],[74.1516,21.4517],[74.1645,21.462],[74.1736,21.4594],[74.1808,21.4655],[74.1962,21.4582],[74.218,21.4575],[74.2184,21.474],[74.2245,21.4781],[74.2342,21.4769],[74.2397,21.4634],[74.2451,21.4613],[74.2587,21.4641],[74.2639,21.4732],[74.3016,21.4778],[74.3091,21.488],[74.3235,21.4941],[74.3313,21.5386],[74.3116,21.5415],[74.3057,21.5657],[74.2993,21.5582],[74.281,21.5533],[74.2657,21.534],[74.2505,21.5349],[74.2347,21.5487],[74.2281,21.5462],[74.2232,21.5367],[74.2006,21.5277],[74.1951,21.5295],[74.1782,21.56],[74.1583,21.5581],[74.1509,21.5506],[74.141,21.5489],[74.1304,21.5554],[74.0642,21.5581],[74.0421,21.5483],[74.0204,21.5513],[74.0001,21.5394],[73.9782,21.5407],[73.9804,21.5201],[73.9691,21.5228],[73.9609,21.5378],[73.9518,21.5152],[73.9339,21.5089],[73.9283,21.5223],[73.9049,21.519],[73.9045,21.5121],[73.898,21.5075],[73.8809,21.5035],[73.8769,21.5086],[73.8711,21.5],[73.855,21.4947],[73.8392,21.5204],[73.8174,21.5995],[73.801,21.6012],[73.7817,21.6239],[73.7943,21.6335],[73.8233,21.6386],[73.8396,21.632],[73.8546,21.6406],[73.8647,21.6376],[73.8801,21.6438],[73.8926,21.666],[73.8909,21.699],[73.8848,21.7094],[73.8408,21.7408],[73.8256,21.7617],[73.8358,21.7674],[73.8329,21.7829],[73.8395,21.7894],[73.8302,21.7922],[73.8334,21.7989],[73.8266,21.8096],[73.808,21.8089],[73.805,21.8221],[73.8361,21.8373],[73.8743,21.8373],[73.8943,21.8532],[73.9168,21.8552],[73.9312,21.8618],[74.0183,21.9045],[74.042,21.9213],[74.1338,21.9517],[74.1535,21.9508],[74.1699,21.9417],[74.1829,21.9274],[74.1974,21.9238],[74.2858,21.934],[74.2982,21.9656],[74.351,21.9773],[74.3708,21.995],[74.3848,22.0183],[74.4322,22.029],[74.4427,22.0245],[74.4392,22.0196],[74.4482,22.007]],[[77.2917,18.4762],[77.2749,18.4749],[77.2683,18.453],[77.2751,18.4499],[77.2939,18.4582],[77.3008,18.4669],[77.3009,18.4767],[77.2917,18.4762]],[[74.2662,15.7997],[74.2664,15.7932],[74.2871,15.7883],[74.2896,15.7938],[74.2978,15.7886],[74.3091,15.7986],[74.2897,15.8308],[74.2603,15.8269],[74.2655,15.8215],[74.2662,15.7997]]]]}},{"type":"Feature","properties":{"ST_NM":"Manipur"},"geometry":{"type":"Polygon","coordinates":[[[94.576,25.6422],[94.5749,25.6386],[94.5939,25.6377],[94.5825,25.6283],[94.5544,25.5797],[94.5602,25.5722],[94.5591,25.5618],[94.5633,25.5618],[94.556,25.5066],[94.6314,25.4592],[94.6644,25.4489],[94.6808,25.4532],[94.6746,25.414],[94.6693,25.406],[94.6428,25.3951],[94.6343,25.3526],[94.6002,25.2922],[94.5975,25.2604],[94.5836,25.2092],[94.607,25.1845],[94.629,25.1837],[94.6459,25.1677],[94.6852,25.151],[94.7015,25.1529],[94.7116,25.143],[94.7436,25.1296],[94.7485,25.0564],[94.74,25.0182],[94.7009,24.9713],[94.7016,24.9565],[94.7168,24.9354],[94.6992,24.9205],[94.6866,24.888],[94.6545,24.8666],[94.6538,24.8559],[94.6355,24.8354],[94.6324,24.8078],[94.6225,24.7889],[94.6309,24.758],[94.6153,24.7371],[94.6084,24.7152],[94.5886,24.7041],[94.5821,24.708],[94.5834,24.7232],[94.5793,24.7245],[94.571,24.7152],[94.5742,24.7052],[94.5601,24.7115],[94.5486,24.7098],[94.5442,24.7007],[94.5506,24.686],[94.5483,24.6681],[94.529,24.6256],[94.5,24.5897],[94.4829,24.5756],[94.4631,24.569],[94.4271,24.4868],[94.401,24.4813],[94.409,24.4631],[94.398,24.4556],[94.4055,24.4473],[94.4064,24.4376],[94.4014,24.4146],[94.3967,24.4066],[94.3643,24.3981],[94.3629,24.3933],[94.3836,24.3781],[94.3808,24.3729],[94.3492,24.3356],[94.3238,24.3326],[94.3254,24.2861],[94.3107,24.2478],[94.2926,24.2336],[94.2811,24.1736],[94.2601,24.1615],[94.2554,24.1367],[94.257,24.0833],[94.2445,24.0564],[94.2304,24.0607],[94.2426,24.038],[94.1918,23.9589],[94.1932,23.9316],[94.1877,23.928],[94.1742,23.9328],[94.168,23.9291],[94.1587,23.8468],[94.1365,23.8499],[94.1324,23.8401],[94.1199,23.8368],[94.112,23.8466],[94.1114,23.8608],[94.0934,23.8877],[94.054,23.8919],[94.0485,23.8947],[94.0406,23.9123],[94.0151,23.9284],[93.9669,23.9285],[93.9513,23.9448],[93.9046,23.9518],[93.8747,23.9417],[93.8639,23.9327],[93.8137,23.9248],[93.8058,23.9281],[93.7913,23.9625],[93.7834,23.9645],[93.7713,23.9775],[93.7548,24.0046],[93.7445,24.0037],[93.7378,23.9943],[93.6755,24.0064],[93.6608,24.0],[93.6504,24.0089],[93.6187,24.0097],[93.6143,24.0062],[93.6189,23.9867],[93.6015,23.9651],[93.5781,23.9658],[93.5669,23.9842],[93.5616,23.9852],[93.553,23.9608],[93.5286,23.9564],[93.5132,23.9429],[93.5068,23.9446],[93.4839,23.9634],[93.467,23.9698],[93.4652,23.9951],[93.4515,24.0187],[93.4423,24.0236],[93.4312,24.0576],[93.423,24.0676],[93.4026,24.0803],[93.3648,24.089],[93.3499,24.1085],[93.3453,24.1091],[93.3523,24.0938],[93.3325,24.0863],[93.3404,24.0636],[93.3358,24.0495],[93.2866,24.0478],[93.2724,24.0302],[93.2538,24.0201],[93.2509,24.0301],[93.2651,24.0565],[93.2622,24.0691],[93.2466,24.0817],[93.2253,24.0829],[93.2153,24.0465],[93.1926,24.0527],[93.1684,24.0515],[93.1685,24.0678],[93.1571,24.0804],[93.1409,24.0834],[93.128,24.0607],[93.0996,24.0417],[93.101,24.0707],[93.0882,24.0807],[93.0783,24.0997],[93.0525,24.0874],[93.0365,24.092],[93.0261,24.1005],[93.013,24.1014],[92.9996,24.1121],[92.9753,24.1118],[92.9725,24.1208],[92.985,24.1258],[92.9918,24.1373],[92.9901,24.1472],[93.0044,24.1575],[93.0022,24.1709],[93.0098,24.1791],[93.002,24.1944],[93.0156,24.1969],[93.0212,24.2069],[93.0184,24.2257],[93.0255,24.2294],[93.017,24.2332],[93.0057,24.2508],[93.0058,24.2596],[93.0129,24.2685],[93.0072,24.2773],[93.0343,24.3152],[93.0424,24.3402],[93.0206,24.3436],[93.0212,24.371],[93.0162,24.3768],[93.0234,24.3873],[92.9996,24.4001],[93.0056,24.4088],[93.0151,24.3994],[93.0383,24.4079],[93.0313,24.4257],[93.0371,24.4579],[93.0474,24.4607],[93.0477,24.4722],[93.035,24.4937],[93.0435,24.5026],[93.0406,24.5114],[93.052,24.5164],[93.0477,24.5277],[93.0519,24.5415],[93.0604,24.5515],[93.0648,24.544],[93.0719,24.5578],[93.0604,24.5716],[93.0864,24.5679],[93.0965,24.5792],[93.1062,24.5802],[93.0979,24.588],[93.0878,24.5867],[93.0747,24.5929],[93.076,24.6005],[93.086,24.608],[93.0787,24.618],[93.0786,24.623],[93.0887,24.6243],[93.0842,24.6444],[93.0956,24.6494],[93.104,24.672],[93.1011,24.677],[93.0911,24.6745],[93.0925,24.6845],[93.0752,24.7071],[93.0781,24.7109],[93.0881,24.7059],[93.0966,24.7285],[93.1066,24.7386],[93.1023,24.7436],[93.1009,24.7386],[93.098,24.7411],[93.1051,24.7662],[93.1008,24.775],[93.1121,24.7989],[93.1092,24.8064],[93.1221,24.8165],[93.1207,24.8052],[93.1308,24.8027],[93.1365,24.8077],[93.1523,24.7864],[93.1738,24.8002],[93.1781,24.7927],[93.1809,24.8015],[93.1924,24.8027],[93.1967,24.8078],[93.191,24.8191],[93.1967,24.8304],[93.1923,24.8329],[93.2009,24.8367],[93.1938,24.8404],[93.2009,24.8404],[93.1966,24.853],[93.2081,24.853],[93.2285,24.8737],[93.2256,24.8775],[93.2342,24.8863],[93.2299,24.8913],[93.2356,24.8989],[93.2428,24.9002],[93.2384,24.9115],[93.2527,24.9152],[93.2496,24.9265],[93.2425,24.9278],[93.2479,24.9365],[93.2394,24.9353],[93.2435,24.9403],[93.2536,24.939],[93.2487,24.9515],[93.2618,24.9478],[93.2627,24.9628],[93.2582,24.9691],[93.2524,24.9691],[93.251,24.9778],[93.2552,24.9986],[93.2628,25.0007],[93.2464,25.0001],[93.2512,25.0125],[93.2484,25.0152],[93.2573,25.0182],[93.2551,25.0251],[93.2633,25.0323],[93.2677,25.0461],[93.284,25.0479],[93.2914,25.0435],[93.2996,25.0489],[93.3041,25.0443],[93.3122,25.0743],[93.3231,25.088],[93.3353,25.0921],[93.34,25.1107],[93.3487,25.1217],[93.3469,25.1602],[93.3527,25.1781],[93.3844,25.222],[93.3883,25.2422],[93.4032,25.2593],[93.4203,25.2624],[93.4261,25.2772],[93.4444,25.2885],[93.4596,25.2908],[93.4736,25.3054],[93.4722,25.2815],[93.4763,25.2751],[93.5103,25.2716],[93.5046,25.2401],[93.5201,25.2448],[93.5407,25.2413],[93.5542,25.2464],[93.5625,25.2425],[93.5742,25.2234],[93.5896,25.2158],[93.5942,25.2069],[93.5924,25.1997],[93.6073,25.1978],[93.6429,25.2616],[93.6492,25.2648],[93.651,25.2747],[93.665,25.2941],[93.6655,25.304],[93.6723,25.3072],[93.6715,25.3244],[93.6865,25.3269],[93.6922,25.3573],[93.711,25.3537],[93.7174,25.3572],[93.7225,25.3712],[93.7392,25.38],[93.7395,25.3908],[93.7461,25.4013],[93.7805,25.4202],[93.7799,25.425],[93.8084,25.4611],[93.8133,25.4802],[93.8035,25.4945],[93.788,25.502],[93.7729,25.4934],[93.7653,25.4955],[93.7638,25.5111],[93.7688,25.5133],[93.7702,25.5359],[93.8192,25.5399],[93.8246,25.5515],[93.8328,25.5519],[93.836,25.5586],[93.8617,25.553],[93.8997,25.5641],[93.9646,25.5518],[93.9798,25.5664],[94.0097,25.5664],[94.007,25.5861],[94.0141,25.5913],[94.0249,25.5885],[94.0342,25.5766],[94.0534,25.5718],[94.0687,25.554],[94.0852,25.5547],[94.0954,25.5366],[94.0913,25.5276],[94.1378,25.5185],[94.1473,25.5265],[94.152,25.5426],[94.1593,25.55],[94.167,25.5418],[94.1819,25.548],[94.194,25.5471],[94.1898,25.5255],[94.2119,25.5028],[94.2138,25.4949],[94.2281,25.4906],[94.251,25.4936],[94.2562,25.4979],[94.2731,25.4975],[94.2857,25.5062],[94.3015,25.489],[94.3079,25.4882],[94.3279,25.5027],[94.3635,25.5158],[94.3874,25.5308],[94.4191,25.5368],[94.4252,25.5556],[94.4212,25.5702],[94.4289,25.5869],[94.4467,25.5922],[94.4729,25.6157],[94.49,25.6139],[94.4923,25.6084],[94.5007,25.6141],[94.5042,25.611],[94.5075,25.6209],[94.523,25.6374],[94.5295,25.6366],[94.5304,25.6441],[94.5384,25.6451],[94.5506,25.6564],[94.5719,25.6916],[94.5944,25.6852],[94.5958,25.6808],[94.5841,25.6687],[94.584,25.6556],[94.576,25.6422]]]}},{"type":"Feature","properties":{"ST_NM":"Meghalaya"},"geometry":{"type":"Polygon","coordinates":[[[91.8563,26.1035],[91.8783,26.0964],[91.8718,26.0556],[91.8856,26.0287],[91.9098,26.0258],[91.9193,26.0201],[91.9179,26.009],[91.9244,25.9982],[91.9362,26.0133],[91.9486,26.0131],[91.9804,26.0244],[91.9933,26.0396],[92.0369,26.0382],[92.055,26.0313],[92.0955,26.047],[92.1352,26.0443],[92.1568,26.0665],[92.1804,26.0779],[92.1825,26.0669],[92.214,26.0693],[92.2432,26.0608],[92.2706,26.0662],[92.2757,26.0633],[92.29,26.0682],[92.2979,26.0771],[92.3035,26.0747],[92.2577,26.0272],[92.2093,25.9865],[92.1936,25.9835],[92.1694,25.966],[92.1673,25.9523],[92.1583,25.9432],[92.1656,25.9101],[92.1828,25.9069],[92.1886,25.9141],[92.199,25.9164],[92.2024,25.9066],[92.2244,25.9096],[92.2273,25.9053],[92.2174,25.8921],[92.2051,25.8884],[92.1817,25.8685],[92.1827,25.8497],[92.1549,25.8111],[92.1527,25.782],[92.1672,25.7328],[92.1512,25.7129],[92.1575,25.7075],[92.1659,25.6832],[92.1623,25.6702],[92.1725,25.6652],[92.1895,25.6817],[92.2122,25.6942],[92.2306,25.7145],[92.2384,25.7066],[92.272,25.7091],[92.3098,25.7243],[92.335,25.7233],[92.3644,25.7346],[92.3865,25.7516],[92.3884,25.7411],[92.4121,25.7411],[92.4178,25.7385],[92.4138,25.7354],[92.4183,25.7277],[92.4345,25.7294],[92.4433,25.7188],[92.4285,25.7084],[92.4356,25.6855],[92.4667,25.6804],[92.4826,25.6618],[92.5028,25.6208],[92.5117,25.615],[92.5415,25.6156],[92.5587,25.6098],[92.562,25.572],[92.5735,25.5581],[92.5824,25.5575],[92.5884,25.5507],[92.6035,25.5551],[92.6096,25.5634],[92.6298,25.5671],[92.6415,25.585],[92.6544,25.5898],[92.6614,25.5827],[92.6615,25.5679],[92.6508,25.5576],[92.6455,25.5351],[92.6225,25.5134],[92.6104,25.5103],[92.5765,25.4881],[92.5687,25.4785],[92.5682,25.4652],[92.5723,25.4618],[92.5831,25.4706],[92.5863,25.4653],[92.599,25.4693],[92.6098,25.4142],[92.6294,25.4226],[92.63,25.4323],[92.6387,25.4264],[92.6424,25.4171],[92.655,25.4329],[92.6543,25.4215],[92.6608,25.4079],[92.6744,25.4147],[92.6941,25.3975],[92.701,25.3853],[92.7135,25.382],[92.7187,25.3725],[92.7376,25.3787],[92.7406,25.3621],[92.761,25.3327],[92.7729,25.337],[92.7848,25.3299],[92.7884,25.315],[92.7842,25.3053],[92.7926,25.2825],[92.7895,25.2759],[92.7701,25.2663],[92.7771,25.2579],[92.765,25.2467],[92.7726,25.2306],[92.7866,25.2287],[92.8038,25.2145],[92.7799,25.2004],[92.7475,25.2051],[92.705,25.188],[92.6943,25.1788],[92.6798,25.1806],[92.6673,25.1746],[92.6561,25.1517],[92.6384,25.1428],[92.6303,25.1226],[92.622,25.1153],[92.5821,25.1295],[92.5583,25.1277],[92.5252,25.1378],[92.5257,25.1233],[92.5434,25.0973],[92.527,25.1036],[92.4848,25.1059],[92.4751,25.0686],[92.4603,25.0525],[92.4651,25.0451],[92.4637,25.035],[92.4573,25.0329],[92.447,25.0399],[92.4384,25.0316],[92.4253,25.0295],[92.4183,25.0339],[92.4048,25.033],[92.3679,25.0489],[92.3479,25.0499],[92.344,25.0775],[92.3365,25.0819],[92.3115,25.0712],[92.3003,25.0715],[92.2324,25.0965],[92.2123,25.1111],[92.2257,25.1145],[92.2278,25.1179],[92.2223,25.1211],[92.2027,25.1248],[92.1907,25.1354],[92.1873,25.1326],[92.1928,25.1217],[92.179,25.1227],[92.1386,25.1427],[92.1376,25.1562],[92.1255,25.1653],[92.0652,25.1873],[92.0496,25.1817],[92.0052,25.1871],[91.9862,25.171],[91.9501,25.1827],[91.8623,25.1744],[91.8442,25.1781],[91.8094,25.1688],[91.7749,25.1665],[91.7497,25.1711],[91.7468,25.1666],[91.7506,25.1533],[91.747,25.148],[91.7078,25.1562],[91.6972,25.1398],[91.6749,25.1366],[91.6638,25.1288],[91.6536,25.1303],[91.645,25.1237],[91.6311,25.1302],[91.627,25.143],[91.6216,25.1461],[91.6081,25.1425],[91.604,25.1464],[91.6046,25.1661],[91.6113,25.1717],[91.6059,25.1731],[91.5826,25.1696],[91.5505,25.1484],[91.5108,25.1445],[91.4961,25.1341],[91.4805,25.1345],[91.4739,25.1356],[91.4698,25.1489],[91.4423,25.1516],[91.4169,25.1719],[91.4069,25.1656],[91.3911,25.1697],[91.3793,25.1666],[91.3595,25.1767],[91.3414,25.1731],[91.3239,25.1845],[91.2945,25.1863],[91.2887,25.1968],[91.2676,25.2062],[91.255,25.197],[91.1961,25.1992],[91.1377,25.1924],[91.0845,25.2014],[91.0667,25.1916],[90.9726,25.172],[90.9115,25.1615],[90.8945,25.1656],[90.8723,25.1591],[90.8224,25.163],[90.7931,25.1818],[90.783,25.1832],[90.7634,25.1646],[90.7443,25.1646],[90.7432,25.1568],[90.735,25.1541],[90.7236,25.1643],[90.6964,25.1592],[90.6828,25.1694],[90.6778,25.167],[90.658,25.1926],[90.6543,25.1851],[90.6398,25.1777],[90.6392,25.1726],[90.5133,25.1679],[90.4556,25.1501],[90.4474,25.1432],[90.3802,25.1612],[90.355,25.1736],[90.3346,25.1912],[90.3038,25.1871],[90.2783,25.1974],[90.2631,25.1949],[90.2365,25.2032],[90.2173,25.2026],[90.1721,25.2212],[90.1152,25.2237],[90.1036,25.2342],[90.0752,25.2434],[90.0627,25.2555],[89.9838,25.2848],[89.9751,25.3005],[89.9321,25.299],[89.9109,25.3073],[89.8774,25.2867],[89.8377,25.2955],[89.8429,25.318],[89.8231,25.347],[89.8168,25.3694],[89.8185,25.3881],[89.8289,25.4033],[89.837,25.4344],[89.8558,25.4627],[89.8561,25.4766],[89.8635,25.4757],[89.8794,25.4915],[89.8698,25.5244],[89.8707,25.5398],[89.8903,25.558],[89.9397,25.5629],[89.9455,25.5678],[89.9703,25.5718],[89.9767,25.5747],[89.983,25.5909],[90.006,25.5843],[90.0223,25.6085],[90.0084,25.6239],[89.9872,25.6268],[89.9844,25.6377],[89.9509,25.6589],[89.9411,25.6867],[89.9252,25.6945],[89.9226,25.7028],[89.8984,25.7273],[89.8996,25.7442],[89.926,25.7393],[89.9376,25.7446],[89.9378,25.7526],[89.9594,25.7745],[89.9562,25.811],[89.9498,25.8162],[89.9488,25.8245],[89.9721,25.8262],[89.9801,25.8341],[89.995,25.8355],[90.0057,25.8423],[90.0016,25.8442],[90.0044,25.8486],[90.0125,25.8469],[90.0261,25.8655],[90.0089,25.8787],[90.0254,25.8932],[90.0463,25.8907],[90.0675,25.9155],[90.0821,25.9177],[90.0849,25.9245],[90.0961,25.9287],[90.0921,25.9362],[90.1095,25.9419],[90.1228,25.9612],[90.1274,25.9571],[90.1442,25.9581],[90.1575,25.9646],[90.1625,25.9582],[90.1802,25.957],[90.1866,25.9444],[90.1981,25.9569],[90.2125,25.9615],[90.2168,25.9538],[90.2314,25.9551],[90.3283,25.9743],[90.3339,25.9883],[90.3409,25.99],[90.3433,25.9967],[90.369,26.0101],[90.4004,26.014],[90.415,26.0057],[90.4213,25.9921],[90.4325,25.9888],[90.4614,25.9994],[90.4812,26.015],[90.5095,25.9958],[90.5382,25.9578],[90.5375,25.9361],[90.5148,25.8999],[90.5162,25.896],[90.5291,25.9008],[90.557,25.9289],[90.575,25.9388],[90.5765,25.9479],[90.5861,25.9595],[90.5909,25.9536],[90.6056,25.9515],[90.6326,25.9371],[90.6112,25.9193],[90.6101,25.912],[90.6178,25.8992],[90.6284,25.8986],[90.6325,25.9063],[90.6309,25.9167],[90.6792,25.9362],[90.6896,25.9505],[90.7213,25.9544],[90.7289,25.9484],[90.7509,25.9569],[90.7438,25.9405],[90.7476,25.9324],[90.7561,25.9336],[90.744,25.9148],[90.7489,25.9119],[90.7535,25.9189],[90.7624,25.9213],[90.7612,25.9107],[90.7815,25.9079],[90.7951,25.9353],[90.8133,25.9517],[90.8273,25.9447],[90.8396,25.9468],[90.8401,25.9378],[90.8466,25.9444],[90.8762,25.9425],[90.8758,25.9463],[90.8836,25.9458],[90.8863,25.9513],[90.8998,25.937],[90.8987,25.9311],[90.9224,25.9128],[90.9192,25.9427],[90.9354,25.9392],[90.9461,25.9471],[90.9488,25.9386],[90.9612,25.9334],[90.9639,25.9272],[90.9706,25.8867],[90.988,25.8894],[91.0168,25.8838],[91.0323,25.8875],[91.0296,25.8661],[91.0162,25.8567],[91.0038,25.8217],[91.0238,25.8221],[91.0521,25.8482],[91.0689,25.8458],[91.0815,25.852],[91.0759,25.8378],[91.0529,25.8283],[91.0662,25.8198],[91.0695,25.8252],[91.0843,25.8288],[91.1237,25.8307],[91.1346,25.8413],[91.1558,25.8494],[91.1819,25.8421],[91.1994,25.8583],[91.2055,25.8399],[91.1927,25.8201],[91.1938,25.81],[91.1827,25.7757],[91.192,25.7628],[91.1947,25.7289],[91.2266,25.7227],[91.2581,25.7471],[91.2783,25.7462],[91.3363,25.838],[91.356,25.8369],[91.4215,25.8538],[91.447,25.8401],[91.4713,25.8581],[91.5104,25.8638],[91.5279,25.8719],[91.5352,25.8831],[91.5323,25.8887],[91.5284,25.8891],[91.5103,25.8665],[91.4963,25.8646],[91.4774,25.8703],[91.486,25.8901],[91.4955,25.8946],[91.5059,25.8912],[91.5038,25.8975],[91.5111,25.9088],[91.5339,25.9228],[91.5385,25.933],[91.5082,25.9121],[91.5043,25.9198],[91.5224,25.9399],[91.5212,25.9572],[91.5398,25.9611],[91.5399,25.9674],[91.5539,25.9739],[91.5688,26.0028],[91.5727,26.0265],[91.5785,26.0321],[91.5908,26.0291],[91.5997,26.016],[91.5995,26.0198],[91.6229,26.026],[91.6348,26.0214],[91.6356,26.0038],[91.6273,25.9848],[91.6405,25.9638],[91.6326,25.9436],[91.6135,25.9435],[91.6137,25.9389],[91.6539,25.9066],[91.6644,25.9088],[91.6717,25.9043],[91.7044,25.9368],[91.7034,25.9408],[91.7226,25.9529],[91.7257,26.0292],[91.729,26.0458],[91.7371,26.0555],[91.7338,26.0581],[91.762,26.0701],[91.7811,26.0901],[91.7929,26.0858],[91.8043,26.1037],[91.8133,26.1039],[91.8219,26.1175],[91.8563,26.1035]]]}},{"type":"Feature","properties":{"ST_NM":"Mizoram"},"geometry":{"type":"Polygon","coordinates":[[[92.8002,24.4163],[92.8089,24.4165],[92.8105,24.4109],[92.8177,24.41],[92.8307,24.3977],[92.8244,24.3877],[92.832,24.3736],[92.8436,24.377],[92.851,24.3895],[92.8622,24.3966],[92.8732,24.3944],[92.8901,24.3994],[92.8937,24.3924],[92.9044,24.3915],[92.9108,24.4099],[92.9349,24.3925],[92.9505,24.4018],[92.9595,24.3928],[92.9794,24.4066],[93.0234,24.3873],[93.0162,24.3768],[93.0212,24.371],[93.0206,24.3436],[93.0424,24.3402],[93.0343,24.3152],[93.0101,24.2849],[93.0072,24.2773],[93.0129,24.2685],[93.0058,24.2596],[93.0057,24.2508],[93.017,24.2332],[93.0255,24.2294],[93.0184,24.2257],[93.0226,24.2144],[93.0156,24.1969],[93.002,24.1944],[93.0098,24.1791],[93.0022,24.1709],[93.0044,24.1575],[92.9901,24.1472],[92.9918,24.1373],[92.985,24.1258],[92.9725,24.1208],[92.9753,24.1118],[92.9996,24.1121],[93.013,24.1014],[93.0261,24.1005],[93.0365,24.092],[93.0525,24.0874],[93.0783,24.0997],[93.0882,24.0807],[93.101,24.0707],[93.0996,24.0417],[93.128,24.0607],[93.1338,24.0758],[93.1466,24.0846],[93.1571,24.0804],[93.1685,24.0678],[93.1684,24.0515],[93.1926,24.0527],[93.2153,24.0465],[93.2253,24.0829],[93.2466,24.0817],[93.2622,24.0691],[93.2651,24.0565],[93.2509,24.0301],[93.2538,24.0201],[93.2724,24.0302],[93.2866,24.0478],[93.3358,24.0495],[93.3406,24.0407],[93.3344,24.0387],[93.336,24.0303],[93.3405,24.0268],[93.3353,24.0199],[93.3387,24.0085],[93.3328,23.9831],[93.3499,23.9741],[93.3542,23.9573],[93.3693,23.9366],[93.3969,23.9263],[93.3952,23.8369],[93.3973,23.8202],[93.4091,23.8037],[93.4033,23.7576],[93.4157,23.7285],[93.4149,23.7081],[93.4345,23.6921],[93.4426,23.6783],[93.4262,23.6495],[93.4326,23.5848],[93.4219,23.5575],[93.4256,23.5342],[93.4054,23.5045],[93.4038,23.4633],[93.395,23.4293],[93.396,23.4073],[93.412,23.384],[93.3942,23.3701],[93.3965,23.3603],[93.3741,23.3587],[93.3636,23.3506],[93.377,23.3288],[93.3747,23.3089],[93.3789,23.2897],[93.3727,23.2707],[93.3761,23.2522],[93.3923,23.2204],[93.385,23.2073],[93.3715,23.1465],[93.3767,23.1398],[93.3882,23.144],[93.3912,23.1347],[93.3626,23.1129],[93.3596,23.0916],[93.3486,23.0765],[93.3558,23.0742],[93.355,23.069],[93.3505,23.0611],[93.3427,23.061],[93.3302,23.032],[93.3188,23.0182],[93.3125,23.0185],[93.2953,23.0022],[93.2762,23.0021],[93.2657,23.0088],[93.2508,23.003],[93.2318,23.0184],[93.2179,23.0418],[93.1922,23.0569],[93.1656,23.0457],[93.1534,23.0548],[93.1397,23.0574],[93.1308,23.0443],[93.1336,23.032],[93.1294,23.0227],[93.1336,23.0097],[93.127,22.9976],[93.1403,22.9905],[93.1458,22.9723],[93.1402,22.9612],[93.1494,22.9468],[93.1511,22.9274],[93.166,22.9159],[93.1604,22.9103],[93.1365,22.91],[93.1309,22.8721],[93.1193,22.8596],[93.1185,22.8343],[93.1089,22.8252],[93.1138,22.8132],[93.097,22.8074],[93.1103,22.7412],[93.0931,22.7081],[93.1045,22.6833],[93.1011,22.6711],[93.1161,22.6485],[93.1123,22.6362],[93.1339,22.6199],[93.1431,22.5831],[93.1334,22.5785],[93.113,22.5518],[93.1092,22.5289],[93.1283,22.5231],[93.1311,22.517],[93.128,22.503],[93.1358,22.4836],[93.1319,22.4719],[93.1395,22.4603],[93.1541,22.4491],[93.1728,22.4483],[93.1881,22.4242],[93.1862,22.4104],[93.1916,22.4058],[93.1895,22.3878],[93.1937,22.3811],[93.1899,22.3678],[93.1967,22.3341],[93.2038,22.3264],[93.1936,22.3216],[93.2058,22.258],[93.1876,22.2467],[93.1488,22.2452],[93.1437,22.2383],[93.1537,22.2258],[93.1563,22.2069],[93.167,22.1972],[93.1602,22.1795],[93.1516,22.1753],[93.128,22.1763],[93.1172,22.1958],[93.0946,22.1966],[93.0789,22.2057],[93.0512,22.2006],[93.044,22.195],[93.0523,22.1629],[93.0442,22.1361],[93.0565,22.125],[93.0638,22.1107],[93.0629,22.0995],[93.0494,22.0967],[93.0365,22.1024],[93.0133,22.103],[93.0118,22.0828],[92.9973,22.048],[92.9989,22.0298],[93.0077,22.0088],[93.0066,21.9816],[92.9963,21.9757],[92.9897,21.9786],[92.9769,22.0042],[92.9668,22.0119],[92.9639,22.0249],[92.9532,22.0277],[92.9395,22.0162],[92.932,22.0179],[92.9365,22.0064],[92.9251,21.9938],[92.9131,21.963],[92.9135,21.9473],[92.9083,21.9442],[92.9033,21.9515],[92.9021,21.9787],[92.8917,22.0099],[92.8722,22.0281],[92.8653,22.0633],[92.8466,22.0604],[92.8341,22.0744],[92.8232,22.0778],[92.8147,22.0937],[92.7751,22.108],[92.7669,22.114],[92.7678,22.1213],[92.7634,22.1245],[92.7355,22.1373],[92.7305,22.1479],[92.7157,22.1509],[92.7058,22.1518],[92.6971,22.1467],[92.6953,22.0846],[92.6913,22.0757],[92.6873,22.1055],[92.6816,22.1038],[92.6877,22.0394],[92.6821,22.0164],[92.6785,22.0127],[92.661,22.0141],[92.6388,21.9908],[92.6101,21.979],[92.6089,21.984],[92.6157,21.9885],[92.6102,22.0017],[92.6,22.0111],[92.6052,22.0263],[92.5991,22.0377],[92.6011,22.062],[92.5958,22.0661],[92.5948,22.0789],[92.5736,22.1202],[92.565,22.1282],[92.5697,22.1383],[92.5843,22.1441],[92.5923,22.1397],[92.5972,22.1269],[92.6085,22.1265],[92.6144,22.1691],[92.5997,22.1808],[92.602,22.1999],[92.5929,22.2179],[92.5927,22.2547],[92.5798,22.2787],[92.5834,22.3132],[92.5569,22.4161],[92.5473,22.5236],[92.5293,22.5678],[92.5393,22.5771],[92.5384,22.5961],[92.5269,22.6218],[92.535,22.6298],[92.527,22.6422],[92.5206,22.7012],[92.5105,22.7351],[92.5032,22.7424],[92.4805,22.7507],[92.467,22.8042],[92.4565,22.8171],[92.4561,22.8283],[92.4627,22.8307],[92.4588,22.8408],[92.4647,22.847],[92.4599,22.8553],[92.463,22.8619],[92.4584,22.8639],[92.4586,22.8734],[92.4486,22.8927],[92.4367,22.8883],[92.4217,22.9167],[92.4039,22.9127],[92.4018,22.9278],[92.3754,22.9337],[92.3784,22.9626],[92.374,22.9707],[92.3861,22.984],[92.3912,23.0055],[92.3843,23.0174],[92.3967,23.055],[92.3861,23.0882],[92.3766,23.0872],[92.3738,23.0993],[92.3666,23.1052],[92.3737,23.1262],[92.3634,23.1384],[92.368,23.149],[92.3653,23.1828],[92.3589,23.1949],[92.3615,23.2132],[92.3574,23.2342],[92.394,23.2403],[92.4059,23.2382],[92.4055,23.2425],[92.3931,23.2636],[92.3998,23.2717],[92.3881,23.2944],[92.3918,23.3072],[92.387,23.3175],[92.3767,23.3214],[92.3731,23.3285],[92.3848,23.341],[92.3854,23.3601],[92.379,23.3722],[92.3655,23.3751],[92.3678,23.3797],[92.3599,23.3863],[92.362,23.3958],[92.357,23.4015],[92.3612,23.414],[92.351,23.4196],[92.348,23.4347],[92.3325,23.4295],[92.3348,23.4642],[92.323,23.4713],[92.3293,23.4806],[92.3211,23.5181],[92.3242,23.5271],[92.3131,23.5343],[92.31,23.5904],[92.295,23.5966],[92.2948,23.6152],[92.3023,23.6238],[92.2841,23.6262],[92.2847,23.6342],[92.2799,23.6378],[92.2929,23.6711],[92.2948,23.6936],[92.2824,23.715],[92.2685,23.7244],[92.2673,23.7684],[92.2589,23.8134],[92.2863,23.8151],[92.2735,23.84],[92.2743,23.8474],[92.2848,23.8557],[92.2915,23.8698],[92.2946,23.8638],[92.3094,23.8609],[92.3197,23.8641],[92.3216,23.872],[92.3158,23.8815],[92.3225,23.9024],[92.3294,23.9037],[92.3307,23.91],[92.3292,23.9213],[92.313,23.9328],[92.311,23.9588],[92.3122,23.9685],[92.3217,23.9735],[92.3286,23.9879],[92.3271,24.0024],[92.3168,24.0158],[92.3213,24.017],[92.3163,24.0262],[92.319,24.0295],[92.3138,24.0329],[92.3172,24.0377],[92.3149,24.0469],[92.3214,24.0569],[92.3165,24.065],[92.327,24.0727],[92.3225,24.0757],[92.3287,24.0803],[92.3312,24.0969],[92.328,24.0968],[92.3321,24.105],[92.328,24.1368],[92.3366,24.1449],[92.3283,24.1643],[92.3292,24.1893],[92.32,24.2007],[92.3244,24.2039],[92.3096,24.213],[92.3136,24.2211],[92.3007,24.2202],[92.2975,24.2254],[92.2965,24.2499],[92.4221,24.2511],[92.4186,24.1923],[92.4338,24.1793],[92.4362,24.1504],[92.4435,24.151],[92.4502,24.1416],[92.4664,24.133],[92.4744,24.1408],[92.4804,24.1392],[92.4783,24.1466],[92.4854,24.1601],[92.4997,24.1584],[92.5044,24.1652],[92.5123,24.1604],[92.5082,24.167],[92.5143,24.168],[92.5147,24.1733],[92.5292,24.1726],[92.5502,24.2436],[92.5641,24.2478],[92.5875,24.2425],[92.6111,24.251],[92.6238,24.3303],[92.6373,24.3331],[92.6405,24.3263],[92.6445,24.3252],[92.6448,24.3294],[92.6485,24.3263],[92.657,24.341],[92.6743,24.3473],[92.6833,24.345],[92.6902,24.3523],[92.6964,24.3715],[92.7036,24.3737],[92.7029,24.3812],[92.7541,24.4985],[92.7532,24.5044],[92.7647,24.5182],[92.8023,24.4245],[92.8002,24.4163]]]}},{"type":"Feature","properties":{"ST_NM":"Nagaland"},"geometry":{"type":"Polygon","coordinates":[[[95.2146,26.9309],[95.2257,26.9284],[95.232,26.9201],[95.2339,26.8847],[95.23,26.8795],[95.2129,26.8795],[95.1845,26.8588],[95.1956,26.8435],[95.2086,26.8446],[95.199,26.8338],[95.215,26.7922],[95.2448,26.781],[95.2315,26.7714],[95.233,26.7656],[95.2199,26.7535],[95.2159,26.729],[95.2358,26.7058],[95.2334,26.6907],[95.2373,26.6798],[95.2095,26.6451],[95.1817,26.6369],[95.1544,26.6131],[95.1541,26.5744],[95.144,26.5566],[95.1264,26.556],[95.1144,26.5416],[95.1203,26.5234],[95.103,26.5065],[95.1019,26.4968],[95.0755,26.4713],[95.0658,26.4504],[95.0659,26.444],[95.0864,26.4456],[95.1056,26.4235],[95.1041,26.3947],[95.121,26.3914],[95.135,26.3812],[95.1275,26.348],[95.1327,26.3359],[95.1267,26.3292],[95.1303,26.2857],[95.1198,26.2681],[95.1287,26.2494],[95.1203,26.2319],[95.1415,26.2073],[95.1237,26.1898],[95.1248,26.1758],[95.117,26.1621],[95.1268,26.13],[95.1194,26.1028],[95.1255,26.094],[95.1369,26.0955],[95.1504,26.0878],[95.1698,26.0897],[95.1844,26.0732],[95.1643,26.0462],[95.1613,26.0242],[95.1162,25.9806],[95.1051,25.961],[95.0776,25.9438],[95.0561,25.94],[95.0436,25.9278],[95.0354,25.9281],[95.035,25.9201],[95.0205,25.903],[95.0208,25.8805],[95.0142,25.8737],[95.014,25.865],[95.0318,25.8395],[95.036,25.8131],[95.0503,25.798],[95.044,25.7756],[95.051,25.7554],[95.0321,25.7343],[95.0078,25.7314],[94.9874,25.702],[94.936,25.662],[94.918,25.6041],[94.8873,25.5861],[94.886,25.5806],[94.9033,25.5601],[94.8514,25.5564],[94.8323,25.5399],[94.8108,25.4885],[94.7828,25.4834],[94.7711,25.4745],[94.755,25.4853],[94.7449,25.4724],[94.6941,25.4615],[94.6682,25.4488],[94.6314,25.4592],[94.556,25.5066],[94.5633,25.5618],[94.5591,25.5618],[94.5602,25.5722],[94.5544,25.5797],[94.5825,25.6283],[94.5939,25.6377],[94.5749,25.6386],[94.5756,25.6467],[94.584,25.6556],[94.5841,25.6687],[94.5958,25.6808],[94.5944,25.6852],[94.5719,25.6916],[94.5506,25.6564],[94.5384,25.6451],[94.5304,25.6441],[94.5295,25.6366],[94.523,25.6374],[94.5075,25.6209],[94.5042,25.611],[94.5007,25.6141],[94.4923,25.6084],[94.49,25.6139],[94.4729,25.6157],[94.4467,25.5922],[94.4289,25.5869],[94.4212,25.5702],[94.4252,25.5556],[94.4191,25.5368],[94.3874,25.5308],[94.3635,25.5158],[94.3279,25.5027],[94.3124,25.4888],[94.3015,25.489],[94.2857,25.5062],[94.2731,25.4975],[94.2562,25.4979],[94.251,25.4936],[94.2281,25.4906],[94.2138,25.4949],[94.2119,25.5028],[94.1898,25.5255],[94.194,25.5471],[94.1819,25.548],[94.167,25.5418],[94.1593,25.55],[94.152,25.5426],[94.1473,25.5265],[94.1378,25.5185],[94.0913,25.5276],[94.0954,25.5366],[94.0852,25.5547],[94.0687,25.554],[94.0534,25.5718],[94.0342,25.5766],[94.0249,25.5885],[94.0141,25.5913],[94.007,25.5861],[94.0097,25.5664],[93.9798,25.5664],[93.9646,25.5518],[93.8997,25.5641],[93.8617,25.553],[93.836,25.5586],[93.8328,25.5519],[93.8246,25.5515],[93.8192,25.5399],[93.7702,25.5359],[93.7688,25.5133],[93.7638,25.5111],[93.7653,25.4955],[93.7729,25.4934],[93.788,25.502],[93.8035,25.4945],[93.8133,25.4802],[93.8084,25.4611],[93.7799,25.425],[93.7805,25.4202],[93.7461,25.4013],[93.7395,25.3908],[93.7392,25.38],[93.7225,25.3712],[93.7174,25.3572],[93.711,25.3537],[93.6922,25.3573],[93.6865,25.3269],[93.6715,25.3244],[93.6723,25.3072],[93.6655,25.304],[93.665,25.2941],[93.6119,25.202],[93.6073,25.1978],[93.5924,25.1997],[93.5942,25.2069],[93.5896,25.2158],[93.5742,25.2234],[93.5625,25.2425],[93.5542,25.2464],[93.5407,25.2413],[93.5201,25.2448],[93.5046,25.2401],[93.5103,25.2716],[93.4763,25.2751],[93.4722,25.2815],[93.4736,25.3054],[93.4563,25.3214],[93.4616,25.3327],[93.4516,25.3403],[93.4779,25.376],[93.463,25.4071],[93.4616,25.4309],[93.4348,25.451],[93.417,25.4491],[93.3958,25.4604],[93.3903,25.4655],[93.3863,25.4897],[93.3718,25.4975],[93.3502,25.5301],[93.3524,25.534],[93.3405,25.5337],[93.3318,25.5433],[93.3484,25.5597],[93.3642,25.5571],[93.3652,25.5662],[93.3735,25.5656],[93.3765,25.5737],[93.3848,25.5743],[93.3825,25.5811],[93.3907,25.5855],[93.3901,25.5911],[93.4069,25.5928],[93.4077,25.6058],[93.4169,25.6112],[93.4276,25.6278],[93.4342,25.6262],[93.4469,25.6351],[93.462,25.6297],[93.4572,25.6369],[93.4748,25.6405],[93.476,25.6442],[93.4834,25.642],[93.4836,25.648],[93.5,25.6527],[93.5203,25.6799],[93.5169,25.6843],[93.526,25.6959],[93.5306,25.6889],[93.538,25.6994],[93.5436,25.6979],[93.5498,25.7151],[93.5449,25.7231],[93.5468,25.7306],[93.557,25.7339],[93.5564,25.7381],[93.5655,25.7375],[93.5733,25.7569],[93.5838,25.7539],[93.5883,25.7643],[93.5938,25.7604],[93.6028,25.7669],[93.6056,25.7635],[93.6081,25.7729],[93.6224,25.7759],[93.6291,25.8004],[93.6411,25.814],[93.6486,25.82],[93.6781,25.8248],[93.6826,25.8367],[93.6921,25.8401],[93.6906,25.8435],[93.7036,25.8494],[93.7024,25.8429],[93.7055,25.8446],[93.686,25.9009],[93.6878,25.9054],[93.7052,25.9173],[93.7167,25.9177],[93.752,25.9323],[93.7495,25.938],[93.7629,25.9508],[93.7704,25.9494],[93.7732,25.9619],[93.7895,25.9484],[93.7867,25.9433],[93.7934,25.9326],[93.7887,25.9288],[93.7933,25.9268],[93.7984,25.9055],[93.7875,25.8747],[93.7918,25.8655],[93.7814,25.8551],[93.7838,25.8457],[93.7798,25.8421],[93.7912,25.8118],[93.7957,25.8101],[93.8075,25.8121],[93.8187,25.8219],[93.8242,25.8428],[93.8423,25.8583],[93.8516,25.8586],[93.8826,25.8415],[93.8933,25.8604],[93.8985,25.8593],[93.9158,25.8832],[93.9345,25.8869],[93.94,25.8965],[93.9597,25.9007],[93.9792,25.9151],[93.9825,25.9217],[93.971,25.9403],[93.9691,25.9563],[93.956,25.9697],[93.9606,25.9926],[93.9549,26.0029],[93.9659,26.038],[93.9727,26.0405],[93.9912,26.0682],[93.9865,26.0839],[93.9926,26.0883],[93.9942,26.1017],[94.0023,26.1069],[93.9914,26.1137],[93.9985,26.1266],[93.9909,26.1295],[94.0054,26.1374],[93.9998,26.1538],[94.005,26.1689],[94.0132,26.1819],[94.0359,26.1988],[94.0384,26.2251],[94.0494,26.2458],[94.0649,26.2573],[94.0707,26.2556],[94.0781,26.2709],[94.0771,26.2808],[94.0875,26.286],[94.103,26.3042],[94.1084,26.3219],[94.129,26.3187],[94.1197,26.3292],[94.1391,26.337],[94.147,26.3309],[94.1758,26.3397],[94.1803,26.3495],[94.168,26.3488],[94.1648,26.3556],[94.1759,26.3672],[94.1794,26.3842],[94.1744,26.4164],[94.187,26.456],[94.2015,26.4654],[94.2119,26.4854],[94.2404,26.5069],[94.2772,26.5543],[94.2903,26.5595],[94.2858,26.5537],[94.2854,26.5357],[94.2943,26.4761],[94.3036,26.4626],[94.3168,26.4582],[94.3246,26.466],[94.3242,26.4747],[94.3524,26.491],[94.3559,26.4987],[94.3514,26.5039],[94.3779,26.5083],[94.3786,26.5205],[94.3917,26.528],[94.3998,26.5275],[94.4017,26.5393],[94.4083,26.5449],[94.4051,26.5504],[94.4123,26.5536],[94.4081,26.5566],[94.4152,26.5785],[94.4064,26.5972],[94.4083,26.6096],[94.455,26.6342],[94.4629,26.6306],[94.459,26.6506],[94.465,26.6627],[94.4987,26.6689],[94.516,26.6824],[94.5232,26.6995],[94.5282,26.6964],[94.5455,26.706],[94.5639,26.7024],[94.5634,26.6857],[94.5751,26.686],[94.5719,26.6913],[94.5832,26.7006],[94.5928,26.6977],[94.5966,26.7132],[94.6051,26.7122],[94.6036,26.7188],[94.5938,26.7212],[94.6046,26.7343],[94.6105,26.7351],[94.6231,26.7145],[94.6537,26.7185],[94.6869,26.7274],[94.7369,26.7622],[94.7462,26.7769],[94.7567,26.767],[94.7687,26.7781],[94.7735,26.7897],[94.8026,26.8008],[94.8057,26.8069],[94.797,26.8132],[94.8134,26.8195],[94.8215,26.8492],[94.852,26.876],[94.8701,26.9097],[94.8867,26.9272],[94.9286,26.9467],[94.9341,26.9332],[94.9577,26.9381],[94.986,26.9127],[94.9924,26.9128],[94.9934,26.9206],[95.0217,26.9198],[95.0384,26.9329],[95.0872,26.947],[95.1104,26.9612],[95.1173,26.978],[95.1498,26.9941],[95.1959,27.0372],[95.2004,27.0004],[95.1955,26.9841],[95.2102,26.9767],[95.2054,26.9763],[95.2153,26.9644],[95.207,26.9566],[95.2136,26.9528],[95.2094,26.9507],[95.2146,26.9309]]]}},{"type":"Feature","properties":{"ST_NM":"NCT of Delhi"},"geometry":{"type":"Polygon","coordinates":[[[77.0936,28.8694],[77.12,28.8609],[77.1388,28.8601],[77.1454,28.8532],[77.1441,28.8394],[77.1495,28.8364],[77.1749,28.8554],[77.194,28.857],[77.1972,28.8615],[77.2152,28.8576],[77.2276,28.83],[77.2239,28.8082],[77.2049,28.81],[77.2072,28.7899],[77.2187,28.7818],[77.2349,28.7823],[77.2273,28.7763],[77.2482,28.7538],[77.2634,28.7474],[77.2664,28.7345],[77.2871,28.729],[77.2946,28.7185],[77.2951,28.707],[77.3031,28.7043],[77.3117,28.7113],[77.3337,28.7104],[77.33,28.6982],[77.3373,28.6797],[77.3281,28.6739],[77.3213,28.6392],[77.3443,28.6215],[77.3463,28.6034],[77.3172,28.5914],[77.3036,28.5743],[77.3038,28.5613],[77.313,28.545],[77.3439,28.5152],[77.3477,28.5035],[77.3389,28.5028],[77.3167,28.4852],[77.2879,28.4927],[77.2638,28.4801],[77.2524,28.4792],[77.2355,28.4586],[77.2496,28.4482],[77.2529,28.4282],[77.225,28.4103],[77.1754,28.4031],[77.1521,28.4303],[77.1279,28.4371],[77.1124,28.4651],[77.1174,28.4885],[77.0822,28.515],[77.0666,28.5086],[77.0584,28.51],[77.0158,28.5375],[77.0056,28.5317],[77.0211,28.5189],[77.0152,28.5092],[76.9781,28.5224],[76.9542,28.5084],[76.9322,28.5141],[76.918,28.5097],[76.907,28.5126],[76.8889,28.5039],[76.8833,28.5093],[76.889,28.5189],[76.8859,28.5233],[76.8663,28.5427],[76.8472,28.5519],[76.8446,28.5863],[76.8644,28.5872],[76.8877,28.6325],[76.9034,28.6276],[76.9201,28.6327],[76.9334,28.6235],[76.9437,28.6325],[76.9273,28.6521],[76.9396,28.6693],[76.9571,28.672],[76.9645,28.7002],[76.9512,28.7119],[76.9606,28.7313],[76.9603,28.7415],[76.9482,28.7545],[76.9566,28.7689],[76.9475,28.7984],[76.9524,28.8156],[76.9658,28.8149],[76.9709,28.8266],[76.9838,28.8207],[76.9936,28.834],[77.0417,28.8316],[77.06,28.868],[77.0759,28.8678],[77.0861,28.8793],[77.0936,28.8694]]]}},{"type":"Feature","properties":{"ST_NM":"Puducherry"},"geometry":{"type":"MultiPolygon","coordinates":[[[[79.7653,10.9968],[79.7893,10.9949],[79.791,10.9864],[79.8005,10.9827],[79.809,10.9963],[79.8185,11.0016],[79.8269,10.9975],[79.831,11.0026],[79.8419,11.0021],[79.8415,10.995],[79.8516,10.9923],[79.8519,10.9155],[79.8504,10.9087],[79.8442,10.9057],[79.8489,10.9014],[79.8486,10.8798],[79.8355,10.8738],[79.8488,10.8708],[79.8495,10.827],[79.8308,10.8297],[79.8295,10.8484],[79.8233,10.8436],[79.8105,10.855],[79.8096,10.8643],[79.813,10.8593],[79.8255,10.8644],[79.8208,10.873],[79.8069,10.8772],[79.8287,10.88],[79.8263,10.883],[79.7976,10.8868],[79.7929,10.8912],[79.7843,10.8882],[79.7936,10.8971],[79.7904,10.905],[79.7785,10.9068],[79.7777,10.8985],[79.7691,10.8962],[79.7714,10.902],[79.7652,10.9106],[79.7603,10.8973],[79.7602,10.9147],[79.7441,10.9127],[79.7431,10.9222],[79.7368,10.9211],[79.738,10.926],[79.7213,10.9341],[79.7383,10.9506],[79.7363,10.9558],[79.7319,10.9494],[79.7214,10.9504],[79.7207,10.967],[79.7438,10.9676],[79.7497,10.9564],[79.7626,10.9586],[79.7616,10.9698],[79.7552,10.9739],[79.7609,10.9823],[79.7472,10.9863],[79.7472,11.0003],[79.7542,11.0044],[79.7653,10.9968]]],[[[75.5409,11.6961],[75.5365,11.693],[75.5291,11.7053],[75.5402,11.7093],[75.5442,11.7035],[75.5409,11.6961]]],[[[75.545,11.734],[75.5588,11.7251],[75.5575,11.7182],[75.5406,11.7141],[75.5283,11.7202],[75.5301,11.7318],[75.5405,11.7371],[75.5396,11.746],[75.5331,11.7527],[75.5357,11.7583],[75.5461,11.7577],[75.545,11.734]]],[[[79.6905,11.8027],[79.6757,11.8015],[79.676,11.8137],[79.6883,11.8118],[79.6905,11.8027]]],[[[79.7017,11.8202],[79.704,11.8121],[79.6933,11.8127],[79.6939,11.8211],[79.7017,11.8202]]],[[[79.7387,11.8428],[79.7634,11.8325],[79.7645,11.8228],[79.7735,11.822],[79.7823,11.8321],[79.7957,11.8278],[79.797,11.8231],[79.8019,11.829],[79.7934,11.8329],[79.7995,11.8375],[79.8076,11.8321],[79.7951,11.7849],[79.784,11.7872],[79.7809,11.78],[79.7701,11.7813],[79.7699,11.7904],[79.7634,11.7904],[79.7551,11.7742],[79.7125,11.7893],[79.7229,11.7966],[79.7267,11.8089],[79.7365,11.8086],[79.7293,11.8367],[79.7387,11.8428]]],[[[79.67,11.8149],[79.6463,11.8162],[79.6409,11.8227],[79.6466,11.8424],[79.6613,11.8387],[79.6593,11.8282],[79.6708,11.8228],[79.67,11.8149]]],[[[79.6293,11.8821],[79.6362,11.8805],[79.6367,11.8867],[79.6426,11.8861],[79.6421,11.8809],[79.6499,11.8803],[79.6492,11.8703],[79.6629,11.8668],[79.6643,11.8603],[79.6502,11.849],[79.6268,11.8524],[79.629,11.8672],[79.6196,11.8676],[79.6197,11.8604],[79.6124,11.8624],[79.6024,11.8565],[79.602,11.8826],[79.6085,11.8773],[79.6228,11.8901],[79.6314,11.8881],[79.6293,11.8821]]],[[[79.6889,11.9719],[79.6849,11.9531],[79.6757,11.9479],[79.6599,11.949],[79.6553,11.9536],[79.6544,11.9585],[79.6611,11.9574],[79.6625,11.9682],[79.6785,11.9672],[79.68,11.9723],[79.6889,11.9719]]],[[[79.8041,12.0204],[79.8034,12.0169],[79.7931,12.0173],[79.7915,12.027],[79.8071,12.0242],[79.8041,12.0204]]],[[[79.6277,12.0304],[79.6508,12.0279],[79.6543,12.0238],[79.6487,12.006],[79.6366,11.9964],[79.6405,11.9902],[79.6379,11.9771],[79.6485,11.9665],[79.6488,11.9532],[79.6437,11.9533],[79.6432,11.9464],[79.6454,11.942],[79.6582,11.9479],[79.6613,11.9375],[79.6713,11.9328],[79.6725,11.9147],[79.6614,11.9161],[79.6627,11.9113],[79.6445,11.9076],[79.6418,11.9012],[79.6265,11.9024],[79.6292,11.9195],[79.6201,11.9244],[79.6205,11.9441],[79.6294,11.9441],[79.6285,11.968],[79.6184,11.9701],[79.6272,11.9753],[79.619,11.9873],[79.625,11.988],[79.6275,11.9981],[79.6197,12.0004],[79.6223,12.0143],[79.6294,12.0208],[79.6277,12.0304]]],[[[79.7053,12.0153],[79.7248,11.9905],[79.7399,11.9922],[79.7496,12.0086],[79.7646,12.0005],[79.7674,11.9905],[79.7574,11.9814],[79.7419,11.9768],[79.7306,11.9817],[79.7294,11.9695],[79.7486,11.9616],[79.752,11.9216],[79.7626,11.9296],[79.7629,11.9433],[79.7793,11.949],[79.7868,11.9608],[79.7938,11.9609],[79.8026,11.9529],[79.8075,11.9715],[79.8148,11.9788],[79.8196,11.9776],[79.8261,11.9571],[79.8405,11.9546],[79.8081,11.8341],[79.8093,11.8448],[79.797,11.8548],[79.7824,11.855],[79.7757,11.8376],[79.7674,11.839],[79.7625,11.8472],[79.7709,11.865],[79.7701,11.8723],[79.765,11.875],[79.7588,11.8742],[79.7536,11.8495],[79.743,11.8468],[79.7455,11.8613],[79.7219,11.8615],[79.719,11.8527],[79.7086,11.8682],[79.7108,11.8877],[79.6741,11.8799],[79.6754,11.8916],[79.6838,11.8889],[79.6949,11.8936],[79.6979,11.919],[79.7176,11.9168],[79.7176,11.9128],[79.7067,11.9121],[79.7066,11.8927],[79.7305,11.8894],[79.7311,11.9011],[79.74,11.9059],[79.7191,11.9273],[79.721,11.943],[79.7096,11.9456],[79.7128,11.931],[79.6931,11.9508],[79.6981,11.9607],[79.7165,11.9664],[79.7102,11.9753],[79.714,11.9863],[79.686,11.9889],[79.6802,11.9817],[79.6745,11.9912],[79.6661,11.9861],[79.6572,11.9899],[79.6621,12.0113],[79.6741,12.011],[79.678,12.0205],[79.6913,12.027],[79.6938,12.0334],[79.7064,12.0316],[79.7053,12.0153]],[[79.7706,11.894],[79.7736,11.8762],[79.7799,11.8779],[79.7795,11.8624],[79.7845,11.862],[79.7976,11.8975],[79.79,11.8954],[79.7744,11.9034],[79.7706,11.894]]],[[[79.859,12.0076],[79.8579,12.0046],[79.8409,12.0132],[79.85,12.0502],[79.875,12.0433],[79.859,12.0076]]],[[[82.2205,16.739],[82.2366,16.7283],[82.2732,16.7305],[82.2902,16.7339],[82.3032,16.7542],[82.3124,16.734],[82.3044,16.7172],[82.2947,16.7087],[82.263,16.7009],[82.225,16.7208],[82.2031,16.7195],[82.1886,16.7273],[82.1842,16.7361],[82.1983,16.7382],[82.2207,16.7592],[82.2313,16.7614],[82.2205,16.739]]]]}},{"type":"Feature","properties":{"ST_NM":"Punjab"},"geometry":{"type":"Polygon","coordinates":[[[75.8847,32.4884],[75.9403,32.4385],[75.9505,32.4243],[75.948,32.4163],[75.8877,32.398],[75.8596,32.3789],[75.7788,32.3018],[75.7701,32.2857],[75.7518,32.2734],[75.6912,32.2638],[75.6677,32.2553],[75.6378,32.2346],[75.6353,32.185],[75.6713,32.1763],[75.6769,32.1644],[75.6706,32.1457],[75.6462,32.1192],[75.6255,32.0993],[75.5936,32.0814],[75.6134,32.0657],[75.6643,32.0768],[75.7048,32.061],[75.7153,32.043],[75.7254,32.0354],[75.7529,32.0352],[75.7992,31.9935],[75.8205,31.9842],[75.8513,31.9807],[75.8565,31.9727],[75.8811,31.9678],[75.9094,31.9487],[75.9108,31.9392],[75.9462,31.8826],[75.9704,31.831],[75.9823,31.8221],[75.9861,31.8132],[75.9676,31.8226],[75.9479,31.8137],[75.9364,31.8159],[75.951,31.783],[75.9596,31.7799],[75.974,31.7481],[75.972,31.739],[75.9805,31.732],[75.9918,31.7035],[75.9902,31.6938],[76.0066,31.6829],[76.0117,31.6673],[76.0191,31.6614],[76.0171,31.6449],[76.0375,31.6137],[76.0583,31.6012],[76.0574,31.5902],[76.0982,31.5352],[76.1048,31.517],[76.1223,31.4931],[76.1221,31.4802],[76.1296,31.4634],[76.1675,31.4118],[76.1708,31.4023],[76.167,31.395],[76.148,31.3805],[76.1489,31.3595],[76.1535,31.3509],[76.1802,31.3392],[76.18,31.3239],[76.1867,31.3044],[76.2202,31.3028],[76.2371,31.3106],[76.2695,31.3125],[76.2751,31.3033],[76.31,31.3167],[76.3162,31.3238],[76.31,31.3397],[76.3298,31.345],[76.3318,31.3497],[76.3441,31.3427],[76.3507,31.3504],[76.3453,31.3565],[76.3437,31.377],[76.3323,31.3786],[76.33,31.3999],[76.361,31.4032],[76.3733,31.4131],[76.371,31.4271],[76.3774,31.4388],[76.3895,31.4196],[76.3872,31.4111],[76.3958,31.408],[76.4045,31.3947],[76.3934,31.3886],[76.4421,31.3224],[76.4623,31.3032],[76.4425,31.2864],[76.4451,31.2801],[76.4598,31.2869],[76.4808,31.3074],[76.4865,31.3039],[76.4897,31.2894],[76.5026,31.2705],[76.5122,31.2704],[76.5283,31.2802],[76.5283,31.2616],[76.5321,31.2594],[76.5419,31.267],[76.5453,31.2806],[76.5512,31.281],[76.5467,31.2635],[76.5489,31.2524],[76.5599,31.2529],[76.5846,31.2771],[76.6156,31.2478],[76.5987,31.2366],[76.5899,31.2227],[76.5946,31.2133],[76.6303,31.2263],[76.64,31.2239],[76.6385,31.2179],[76.6494,31.2098],[76.6262,31.1995],[76.6043,31.1797],[76.6039,31.1541],[76.6126,31.148],[76.6031,31.1245],[76.6375,31.1148],[76.6395,31.107],[76.6256,31.0931],[76.6186,31.0751],[76.6232,31.0574],[76.6126,31.0503],[76.6272,31.0187],[76.6236,31.0009],[76.6395,30.9891],[76.6666,30.9784],[76.6762,30.9677],[76.7078,30.969],[76.7186,30.9598],[76.7262,30.9599],[76.7377,30.947],[76.7396,30.9358],[76.7519,30.9265],[76.7622,30.9256],[76.7674,30.9142],[76.7834,30.9028],[76.776,30.8898],[76.7825,30.8729],[76.8146,30.8388],[76.8412,30.8288],[76.8469,30.8008],[76.8602,30.7887],[76.8415,30.76],[76.8253,30.7628],[76.8147,30.759],[76.8046,30.7657],[76.8167,30.7738],[76.8111,30.7815],[76.7942,30.7701],[76.7826,30.7732],[76.7906,30.7817],[76.7809,30.7914],[76.7727,30.7953],[76.7642,30.7931],[76.7515,30.7861],[76.7525,30.7824],[76.736,30.767],[76.7211,30.7664],[76.7038,30.7564],[76.7038,30.743],[76.7144,30.7416],[76.7293,30.7249],[76.7283,30.7096],[76.7386,30.7062],[76.7394,30.6922],[76.746,30.6934],[76.7516,30.6854],[76.7581,30.6867],[76.8075,30.6655],[76.8236,30.6811],[76.833,30.6819],[76.8319,30.6567],[76.8481,30.6602],[76.8479,30.6519],[76.8754,30.6753],[76.8717,30.6366],[76.8902,30.633],[76.8967,30.6231],[76.9127,30.616],[76.9146,30.6044],[76.9237,30.6018],[76.9265,30.5956],[76.9116,30.5844],[76.9175,30.5765],[76.9119,30.5599],[76.9189,30.5543],[76.9152,30.547],[76.898,30.5363],[76.933,30.5206],[76.9332,30.5139],[76.9252,30.4895],[76.9018,30.4805],[76.9108,30.4636],[76.9016,30.4369],[76.9165,30.4207],[76.9179,30.4005],[76.9418,30.3957],[76.94,30.3844],[76.8998,30.3542],[76.889,30.3591],[76.8929,30.382],[76.8789,30.3907],[76.8774,30.4046],[76.8524,30.4166],[76.8452,30.4298],[76.8211,30.4078],[76.7834,30.4143],[76.777,30.421],[76.7794,30.432],[76.776,30.4357],[76.7705,30.4349],[76.7615,30.4226],[76.7378,30.4164],[76.7391,30.401],[76.7127,30.3896],[76.7174,30.3768],[76.7306,30.3731],[76.7214,30.3642],[76.7239,30.3611],[76.7429,30.3634],[76.751,30.3556],[76.7276,30.3359],[76.7276,30.3289],[76.6919,30.3174],[76.687,30.322],[76.6854,30.3088],[76.6748,30.2956],[76.6636,30.2954],[76.6386,30.28],[76.6351,30.2874],[76.6221,30.2667],[76.5598,30.261],[76.5581,30.2397],[76.5446,30.2233],[76.5565,30.227],[76.5881,30.2519],[76.5962,30.2526],[76.6242,30.227],[76.6164,30.2112],[76.6511,30.2019],[76.6493,30.1929],[76.6538,30.1852],[76.6348,30.1663],[76.6397,30.1511],[76.6353,30.1453],[76.5455,30.0788],[76.5129,30.0727],[76.5026,30.0932],[76.4639,30.0968],[76.4563,30.1191],[76.4583,30.1333],[76.4482,30.1332],[76.4379,30.1438],[76.4343,30.1598],[76.4405,30.176],[76.432,30.1941],[76.4222,30.1986],[76.4108,30.1953],[76.3929,30.1795],[76.4135,30.154],[76.3964,30.1421],[76.4018,30.1238],[76.3865,30.12],[76.3755,30.1238],[76.3549,30.1498],[76.3377,30.1456],[76.3607,30.124],[76.3346,30.1045],[76.3245,30.1049],[76.3048,30.115],[76.2916,30.11],[76.2628,30.1154],[76.2156,30.1554],[76.2136,30.1511],[76.2236,30.1316],[76.2175,30.1303],[76.2058,30.1373],[76.2023,30.1315],[76.2403,30.1058],[76.2667,30.101],[76.2468,30.0836],[76.2099,30.0344],[76.2269,30.0236],[76.2024,30.0129],[76.2008,30.0006],[76.2104,29.9696],[76.2061,29.9621],[76.2152,29.9405],[76.1902,29.9427],[76.1775,29.9251],[76.1828,29.9196],[76.1933,29.9196],[76.1959,29.8849],[76.2086,29.8804],[76.2365,29.8814],[76.2533,29.8653],[76.2397,29.8508],[76.2229,29.8494],[76.2223,29.8395],[76.2053,29.8413],[76.1969,29.8276],[76.1777,29.8147],[76.1503,29.8131],[76.1274,29.7928],[76.1054,29.808],[76.0886,29.8022],[76.0853,29.7777],[76.0693,29.7696],[76.0523,29.7452],[76.0465,29.7432],[76.0284,29.7526],[75.9756,29.728],[75.9339,29.7316],[75.9138,29.743],[75.908,29.7522],[75.89,29.7438],[75.8745,29.7491],[75.8653,29.7664],[75.8543,29.7728],[75.84,29.7975],[75.8398,29.8092],[75.8307,29.8122],[75.8068,29.804],[75.7824,29.8223],[75.7591,29.8091],[75.7205,29.8093],[75.7166,29.8057],[75.708,29.7522],[75.6979,29.7488],[75.6767,29.7698],[75.6669,29.7732],[75.6514,29.7682],[75.6359,29.7704],[75.6331,29.7508],[75.6237,29.7436],[75.6032,29.7463],[75.5792,29.7399],[75.5735,29.7415],[75.5668,29.7631],[75.5406,29.77],[75.5221,29.7574],[75.5167,29.7714],[75.4547,29.8054],[75.4458,29.7964],[75.4535,29.7917],[75.4541,29.7837],[75.4301,29.7719],[75.4203,29.7729],[75.4075,29.7586],[75.407,29.7462],[75.3939,29.7316],[75.3889,29.7089],[75.3721,29.7105],[75.3687,29.7034],[75.3454,29.6915],[75.3439,29.6857],[75.3605,29.6569],[75.3402,29.6699],[75.3277,29.6683],[75.3175,29.6302],[75.2904,29.6078],[75.2902,29.6009],[75.3143,29.5861],[75.3059,29.5657],[75.3004,29.5594],[75.2332,29.5439],[75.2379,29.5563],[75.2276,29.5762],[75.2209,29.5802],[75.233,29.5967],[75.231,29.6043],[75.2092,29.6205],[75.1945,29.6204],[75.1831,29.628],[75.1831,29.6474],[75.1677,29.6607],[75.1688,29.6673],[75.1988,29.6787],[75.2052,29.6857],[75.2076,29.6944],[75.1983,29.7017],[75.1972,29.7099],[75.2037,29.7231],[75.2162,29.7332],[75.2266,29.7279],[75.2314,29.731],[75.2411,29.75],[75.2268,29.7694],[75.2225,29.7845],[75.2081,29.7942],[75.2111,29.828],[75.1925,29.8368],[75.1853,29.8276],[75.1655,29.8179],[75.159,29.7942],[75.1692,29.7823],[75.1641,29.7791],[75.1517,29.7751],[75.1455,29.7785],[75.135,29.8038],[75.1123,29.8007],[75.1002,29.8049],[75.1034,29.8175],[75.1172,29.8247],[75.1142,29.8362],[75.0913,29.8476],[75.0948,29.8569],[75.1144,29.8714],[75.1129,29.8953],[75.095,29.9135],[75.0879,29.9106],[75.0756,29.8774],[75.0619,29.8732],[75.0476,29.8802],[75.0242,29.8631],[75.0157,29.866],[75.0041,29.8617],[74.9999,29.8549],[74.9795,29.8792],[74.98,29.8885],[74.9532,29.9012],[74.9342,29.9402],[74.9259,29.9479],[74.8953,29.9379],[74.9045,29.9517],[74.8916,29.9672],[74.8821,29.958],[74.8597,29.958],[74.8315,29.972],[74.8268,29.9835],[74.8113,29.9916],[74.786,29.9735],[74.7472,29.9682],[74.7339,29.961],[74.7073,29.9704],[74.7007,29.9685],[74.6931,29.9603],[74.6908,29.9484],[74.6496,29.9218],[74.6486,29.9138],[74.6567,29.904],[74.6494,29.9033],[74.5955,29.9142],[74.5826,29.9254],[74.5617,29.9288],[74.5343,29.9512],[74.5287,29.943],[74.4762,29.9445],[74.0784,29.9697],[73.9002,29.9714],[73.8902,29.9977],[73.891,30.0126],[73.904,30.0483],[73.9275,30.0695],[73.9674,30.1209],[73.9761,30.1225],[73.9703,30.1446],[73.9777,30.1857],[73.9676,30.2632],[73.9441,30.3046],[73.9184,30.3384],[73.9071,30.3508],[73.8854,30.3626],[73.9649,30.4217],[73.9721,30.4335],[73.9689,30.443],[73.9306,30.439],[73.9395,30.4497],[73.9352,30.4894],[73.9409,30.4917],[73.9477,30.4861],[73.95,30.4619],[73.9594,30.4594],[73.9674,30.4631],[73.9701,30.4869],[73.9887,30.5104],[74.0204,30.5133],[74.0109,30.5223],[74.0127,30.532],[74.0355,30.5312],[74.049,30.5409],[74.0561,30.5224],[74.0676,30.5207],[74.0775,30.5266],[74.0915,30.5422],[74.0929,30.5504],[74.0786,30.5523],[74.0783,30.5564],[74.1032,30.5768],[74.105,30.6073],[74.1016,30.6143],[74.109,30.617],[74.1201,30.6074],[74.129,30.6336],[74.1405,30.6294],[74.1509,30.6326],[74.1862,30.6636],[74.1993,30.6686],[74.2206,30.6924],[74.233,30.7232],[74.2625,30.7244],[74.2734,30.7326],[74.287,30.7353],[74.2878,30.7405],[74.2776,30.7481],[74.276,30.7583],[74.2657,30.766],[74.2641,30.7732],[74.2717,30.7771],[74.2832,30.773],[74.3085,30.7839],[74.308,30.7936],[74.2969,30.8008],[74.3189,30.8223],[74.3275,30.8488],[74.354,30.8556],[74.3627,30.8491],[74.3713,30.8604],[74.3846,30.8627],[74.3855,30.8661],[74.3717,30.8708],[74.3642,30.8788],[74.3723,30.8949],[74.3902,30.8997],[74.408,30.9124],[74.4268,30.9122],[74.4281,30.9183],[74.4134,30.9265],[74.4289,30.9271],[74.4209,30.9357],[74.4251,30.9429],[74.4479,30.9538],[74.4605,30.9529],[74.4609,30.9588],[74.4694,30.962],[74.4597,30.9697],[74.4926,30.9771],[74.5067,30.9664],[74.5261,30.9857],[74.5484,30.993],[74.5504,30.9982],[74.5437,31.0135],[74.5499,31.0325],[74.5648,31.0461],[74.5656,31.0542],[74.5918,31.0583],[74.5997,31.0436],[74.606,31.0413],[74.6456,31.0535],[74.6681,31.0551],[74.6903,31.0673],[74.6972,31.077],[74.6964,31.0869],[74.7066,31.096],[74.7021,31.1177],[74.6943,31.1208],[74.6896,31.1312],[74.6712,31.1281],[74.6633,31.1355],[74.6434,31.122],[74.6371,31.1233],[74.6384,31.1371],[74.6337,31.1378],[74.6045,31.1342],[74.6127,31.1096],[74.6049,31.0882],[74.5975,31.096],[74.5779,31.0852],[74.564,31.0865],[74.5584,31.0895],[74.5555,31.1227],[74.5484,31.126],[74.5386,31.1234],[74.5353,31.1306],[74.5167,31.1396],[74.5134,31.1827],[74.5217,31.1882],[74.5205,31.1986],[74.5268,31.2105],[74.5236,31.2325],[74.5345,31.2487],[74.5235,31.2736],[74.5446,31.3043],[74.5305,31.3113],[74.5304,31.3163],[74.541,31.3217],[74.5414,31.3319],[74.5528,31.335],[74.5481,31.3469],[74.5535,31.3669],[74.588,31.3838],[74.5903,31.3997],[74.6025,31.4227],[74.6239,31.4236],[74.6313,31.43],[74.6408,31.4184],[74.652,31.4173],[74.6495,31.4245],[74.6565,31.4299],[74.6421,31.4458],[74.655,31.4627],[74.6336,31.4792],[74.6394,31.4879],[74.622,31.4885],[74.608,31.5016],[74.5925,31.497],[74.5791,31.5023],[74.5854,31.5072],[74.5859,31.521],[74.612,31.5289],[74.6168,31.5355],[74.6203,31.5581],[74.6132,31.5643],[74.6205,31.5666],[74.619,31.5705],[74.5935,31.5791],[74.5827,31.5897],[74.5808,31.6041],[74.5578,31.6116],[74.5416,31.6595],[74.5336,31.6665],[74.5361,31.6809],[74.5072,31.6992],[74.486,31.7224],[74.5029,31.7304],[74.5086,31.7425],[74.518,31.741],[74.5423,31.7516],[74.5652,31.755],[74.5575,31.7783],[74.5684,31.7934],[74.5629,31.8002],[74.5738,31.8172],[74.5693,31.8296],[74.5941,31.8454],[74.597,31.8587],[74.6097,31.8667],[74.6128,31.887],[74.6403,31.8847],[74.6517,31.8985],[74.6646,31.8999],[74.6654,31.911],[74.6737,31.92],[74.6831,31.9186],[74.6986,31.9248],[74.7149,31.9179],[74.7231,31.9211],[74.7215,31.9371],[74.7352,31.9396],[74.7389,31.9445],[74.7478,31.9383],[74.7536,31.9401],[74.7597,31.9432],[74.7599,31.9534],[74.7735,31.9477],[74.8154,31.9632],[74.8232,31.9566],[74.834,31.9779],[74.8325,31.9989],[74.8419,32.0066],[74.8599,32.0106],[74.8545,32.0217],[74.8737,32.028],[74.8793,32.0253],[74.8819,32.0348],[74.8765,32.0465],[74.8936,32.0533],[74.9132,32.0512],[74.9212,32.0638],[74.9286,32.0665],[74.9403,32.0669],[74.9786,32.0532],[74.9781,32.0443],[75.0067,32.0444],[75.0134,32.035],[75.0245,32.0464],[75.0385,32.0502],[75.043,32.0434],[75.0723,32.0632],[75.0825,32.0589],[75.1003,32.0638],[75.1066,32.0603],[75.112,32.0712],[75.1308,32.0836],[75.159,32.0837],[75.1665,32.0812],[75.1729,32.0692],[75.179,32.0687],[75.1862,32.0797],[75.1997,32.0844],[75.1998,32.0959],[75.2083,32.1013],[75.21,32.1173],[75.2193,32.1167],[75.2237,32.1037],[75.2336,32.1016],[75.2347,32.0935],[75.2397,32.0909],[75.2537,32.1018],[75.2655,32.1002],[75.2665,32.1076],[75.2872,32.1279],[75.2814,32.136],[75.283,32.1428],[75.3025,32.1526],[75.3097,32.1698],[75.3217,32.1747],[75.32,32.1916],[75.3137,32.1923],[75.3139,32.1959],[75.3277,32.2141],[75.3382,32.2194],[75.3612,32.2185],[75.3782,32.2351],[75.3721,32.2523],[75.3821,32.2693],[75.3714,32.279],[75.3491,32.278],[75.3521,32.2868],[75.3274,32.2973],[75.3414,32.3187],[75.3328,32.3282],[75.3405,32.3436],[75.347,32.3454],[75.3938,32.3294],[75.4302,32.3247],[75.4876,32.3404],[75.483,32.3179],[75.4952,32.3106],[75.5055,32.3105],[75.5053,32.2882],[75.5142,32.2755],[75.5311,32.2982],[75.5446,32.3491],[75.5606,32.3611],[75.6082,32.3819],[75.6636,32.3889],[75.7006,32.4006],[75.7272,32.4181],[75.7617,32.4763],[75.7947,32.4749],[75.8202,32.4869],[75.841,32.5091],[75.8538,32.5375],[75.8886,32.576],[75.8915,32.5707],[75.8674,32.5211],[75.8712,32.4993],[75.8847,32.4884]]]}},{"type":"Feature","properties":{"ST_NM":"Rajasthan"},"geometry":{"type":"Polygon","coordinates":[[[73.8985,29.979],[73.9002,29.9714],[74.0784,29.9697],[74.2613,29.9556],[74.5287,29.943],[74.5146,29.9074],[74.5433,29.9022],[74.5631,29.8651],[74.542,29.8388],[74.5011,29.8261],[74.4799,29.8016],[74.4746,29.7872],[74.4812,29.7436],[74.5351,29.7408],[74.5471,29.7533],[74.5808,29.7526],[74.5876,29.7663],[74.5961,29.7678],[74.6148,29.7521],[74.611,29.7399],[74.6128,29.7206],[74.5877,29.654],[74.5952,29.6344],[74.5845,29.6265],[74.5796,29.5677],[74.5755,29.5626],[74.5908,29.5468],[74.6234,29.5261],[74.6015,29.4911],[74.6004,29.4789],[74.5877,29.4576],[74.5516,29.4657],[74.5434,29.4642],[74.5378,29.4487],[74.54,29.4241],[74.5665,29.4177],[74.5787,29.4052],[74.5815,29.3854],[74.6053,29.3611],[74.6086,29.3532],[74.6043,29.3272],[74.6504,29.33],[74.6589,29.3712],[74.6974,29.3639],[74.72,29.3676],[74.7405,29.3524],[74.7654,29.3545],[74.7847,29.3586],[74.8185,29.3969],[74.8501,29.4025],[74.8729,29.3947],[74.8796,29.3834],[74.8975,29.385],[74.9362,29.3628],[74.9449,29.3361],[74.9599,29.3242],[74.9595,29.3166],[74.949,29.3029],[74.962,29.28],[74.9858,29.2791],[74.9999,29.2697],[75.0328,29.2894],[75.0489,29.285],[75.0595,29.2703],[75.0599,29.2616],[75.0743,29.2444],[75.0716,29.2367],[75.087,29.2302],[75.1171,29.2245],[75.1227,29.2406],[75.1565,29.2435],[75.1699,29.2514],[75.1731,29.262],[75.1891,29.2662],[75.2044,29.2418],[75.221,29.232],[75.2326,29.2324],[75.2444,29.2494],[75.2586,29.2539],[75.2809,29.2518],[75.2886,29.2742],[75.2989,29.2751],[75.3286,29.2908],[75.3335,29.2875],[75.3346,29.2756],[75.3324,29.2491],[75.3241,29.2333],[75.3545,29.2234],[75.3594,29.2446],[75.3672,29.2519],[75.3889,29.2612],[75.405,29.2591],[75.4087,29.2374],[75.3966,29.2262],[75.3954,29.2184],[75.4057,29.2106],[75.4098,29.186],[75.3977,29.1678],[75.3781,29.1671],[75.3767,29.1476],[75.3702,29.1398],[75.4053,29.1255],[75.3898,29.1078],[75.3896,29.0674],[75.4393,29.0617],[75.4388,29.0532],[75.4495,29.0385],[75.4416,29.019],[75.4437,29.0135],[75.4824,29.0171],[75.5201,29.0077],[75.5255,28.9722],[75.5118,28.9583],[75.5124,28.9486],[75.5064,28.9383],[75.4777,28.9348],[75.4759,28.9231],[75.4972,28.8951],[75.4967,28.8564],[75.5064,28.8529],[75.522,28.8333],[75.5071,28.7844],[75.5247,28.7689],[75.5305,28.7528],[75.5375,28.7469],[75.5346,28.7396],[75.5482,28.6726],[75.548,28.6454],[75.5574,28.6397],[75.5641,28.6111],[75.5854,28.6132],[75.5933,28.6029],[75.6265,28.5986],[75.6374,28.5424],[75.645,28.5439],[75.6717,28.5324],[75.6723,28.5172],[75.6984,28.4954],[75.7449,28.4834],[75.7433,28.4688],[75.7866,28.4537],[75.7935,28.4468],[75.7934,28.4353],[75.7737,28.4169],[75.7786,28.4037],[75.7958,28.4005],[75.8109,28.4103],[75.825,28.4075],[75.8264,28.4019],[75.8365,28.4051],[75.8434,28.3937],[75.8915,28.3826],[75.8919,28.3879],[75.8976,28.3896],[75.9052,28.3859],[75.9055,28.376],[75.9307,28.3648],[75.9367,28.3519],[75.9357,28.341],[75.9646,28.3342],[75.9597,28.3293],[75.963,28.3144],[75.9759,28.3199],[75.9949,28.2917],[76.027,28.2767],[76.0156,28.2489],[76.0194,28.2375],[76.0446,28.2228],[76.0613,28.2199],[76.0533,28.1986],[76.0738,28.1946],[76.083,28.168],[76.1011,28.1508],[76.0961,28.1391],[76.0732,28.1401],[76.0745,28.1634],[76.0359,28.1684],[76.0193,28.1534],[76.0078,28.1521],[76.0027,28.1463],[76.0038,28.131],[75.9991,28.1239],[75.9851,28.1229],[75.9553,28.1054],[75.944,28.0893],[75.99,28.0759],[75.9955,28.0663],[75.9825,28.0527],[75.9924,28.0464],[76.0099,28.0564],[76.0236,28.0845],[76.0392,28.0795],[76.0436,28.0696],[76.0246,28.0517],[76.0133,28.0502],[76.0188,28.0427],[76.018,28.0323],[75.9884,28.0344],[75.9778,28.0266],[75.9805,28.0138],[75.9984,28.0058],[75.9969,28.0],[75.9877,27.9971],[75.9642,27.9967],[75.9632,27.9843],[75.9947,27.9803],[75.9761,27.958],[75.9809,27.9537],[75.9708,27.9326],[75.9523,27.9358],[75.9462,27.9468],[75.9312,27.9288],[75.9364,27.9125],[75.9635,27.9152],[75.9851,27.9049],[75.9749,27.895],[75.9828,27.8887],[75.9811,27.8731],[75.9718,27.8672],[75.9706,27.8604],[76.0129,27.853],[76.0169,27.8582],[76.0573,27.8434],[76.0677,27.8527],[76.0878,27.8466],[76.0958,27.8639],[76.1299,27.8499],[76.1362,27.8424],[76.1355,27.8286],[76.1806,27.8028],[76.2019,27.8266],[76.2155,27.8238],[76.2311,27.8363],[76.2138,27.8433],[76.2129,27.8509],[76.2009,27.8593],[76.1968,27.8718],[76.2076,27.8835],[76.2065,27.8944],[76.1776,27.9052],[76.1743,27.9105],[76.1875,27.9683],[76.1689,27.9755],[76.1705,27.9838],[76.1619,27.988],[76.1629,27.9944],[76.1823,28.0174],[76.204,28.0171],[76.2116,28.0258],[76.2219,28.0271],[76.2217,28.0356],[76.2123,28.0377],[76.2015,28.0306],[76.185,28.0444],[76.1855,28.0547],[76.2081,28.0562],[76.2165,28.051],[76.2341,28.0506],[76.2416,28.0518],[76.2518,28.0643],[76.2731,28.0641],[76.2983,28.0444],[76.2983,28.0252],[76.3053,28.0213],[76.3248,28.0163],[76.345,28.0249],[76.3629,28.0695],[76.3457,28.0683],[76.3332,28.0874],[76.3057,28.0964],[76.3164,28.1066],[76.3403,28.102],[76.3479,28.105],[76.364,28.1237],[76.3394,28.1343],[76.3257,28.1484],[76.31,28.1463],[76.3035,28.1524],[76.3069,28.1579],[76.2866,28.1639],[76.2875,28.1741],[76.2973,28.178],[76.3444,28.1726],[76.3617,28.1615],[76.3683,28.1386],[76.3852,28.1333],[76.4015,28.1363],[76.4055,28.143],[76.4358,28.1411],[76.4457,28.1473],[76.4796,28.1499],[76.4785,28.1337],[76.4983,28.1288],[76.4954,28.1179],[76.5066,28.1177],[76.5063,28.1017],[76.4858,28.1011],[76.4811,28.1078],[76.4694,28.107],[76.457,28.0883],[76.4673,28.0801],[76.4784,28.0815],[76.5061,28.0598],[76.4923,28.0534],[76.4664,28.0571],[76.4621,28.0448],[76.4701,28.0397],[76.5006,28.0422],[76.5137,28.0301],[76.5343,28.0405],[76.547,28.0342],[76.5469,28.0004],[76.5394,27.9744],[76.5465,27.9656],[76.5759,27.9786],[76.6074,28.0048],[76.6454,28.0056],[76.6686,28.014],[76.67,28.0242],[76.6596,28.0394],[76.6565,28.0626],[76.6599,28.0917],[76.6909,28.0927],[76.699,28.1097],[76.7075,28.1106],[76.7187,28.1273],[76.7479,28.1239],[76.7639,28.1415],[76.8004,28.1521],[76.8051,28.1653],[76.7992,28.1886],[76.8028,28.1944],[76.8069,28.1892],[76.8116,28.1909],[76.8146,28.1952],[76.8104,28.2065],[76.8148,28.2107],[76.8329,28.2095],[76.8425,28.2197],[76.8596,28.2215],[76.8727,28.2194],[76.8752,28.2063],[76.8957,28.2053],[76.9089,28.1995],[76.8931,28.1864],[76.9301,28.157],[76.9506,28.1499],[76.9508,28.1434],[76.9708,28.1387],[76.9555,28.066],[76.9425,28.0428],[76.9354,28.0072],[76.9274,27.9923],[76.9337,27.973],[76.9278,27.9196],[76.93,27.9157],[76.9475,27.9137],[76.9468,27.8907],[76.9347,27.8891],[76.9334,27.8715],[76.9385,27.8499],[76.9352,27.8289],[76.9123,27.8274],[76.9089,27.8158],[76.9151,27.8023],[76.9124,27.7896],[76.904,27.7808],[76.899,27.7367],[76.8924,27.7256],[76.8917,27.7191],[76.9111,27.7111],[76.9229,27.6955],[76.9086,27.6893],[76.8911,27.6981],[76.8892,27.6941],[76.905,27.6806],[76.8999,27.6746],[76.9109,27.6532],[76.9321,27.6554],[76.9425,27.6697],[76.9788,27.6518],[76.9875,27.7008],[77.002,27.7363],[77.0119,27.7332],[77.0199,27.7411],[77.0375,27.744],[77.0617,27.7224],[77.0878,27.733],[77.0759,27.7583],[77.0587,27.7556],[77.048,27.7695],[77.037,27.7749],[77.0292,27.7727],[77.0326,27.7928],[77.0469,27.8146],[77.0811,27.8041],[77.0853,27.796],[77.1098,27.78],[77.1286,27.784],[77.1352,27.771],[77.1601,27.7863],[77.1594,27.8101],[77.1811,27.8108],[77.1894,27.8031],[77.1709,27.7851],[77.1774,27.7794],[77.1977,27.7929],[77.1962,27.8095],[77.2026,27.8164],[77.2155,27.7955],[77.2356,27.7906],[77.2405,27.7803],[77.2616,27.7921],[77.2713,27.8106],[77.2882,27.7972],[77.3042,27.7943],[77.313,27.7824],[77.3101,27.7509],[77.3211,27.7331],[77.3051,27.7242],[77.3063,27.7131],[77.3111,27.7076],[77.3332,27.7076],[77.3427,27.7023],[77.3437,27.6758],[77.3514,27.6516],[77.3198,27.6061],[77.3344,27.5913],[77.3438,27.5959],[77.3587,27.5878],[77.3389,27.5655],[77.3421,27.549],[77.3487,27.5411],[77.341,27.5329],[77.3436,27.5244],[77.3607,27.5144],[77.3909,27.5109],[77.4005,27.4964],[77.4049,27.4722],[77.4159,27.4707],[77.4239,27.4605],[77.4381,27.4564],[77.4358,27.4453],[77.4267,27.4365],[77.4236,27.4197],[77.4352,27.411],[77.4403,27.3935],[77.475,27.3786],[77.4843,27.382],[77.5057,27.3757],[77.5304,27.3519],[77.5475,27.3474],[77.5512,27.3367],[77.583,27.321],[77.6014,27.3322],[77.6226,27.3377],[77.6219,27.309],[77.6001,27.2948],[77.6115,27.2892],[77.6226,27.2734],[77.615,27.267],[77.6212,27.2546],[77.6342,27.2566],[77.6475,27.2414],[77.6468,27.2349],[77.6526,27.2331],[77.6479,27.2115],[77.665,27.2073],[77.6814,27.1946],[77.6629,27.1698],[77.6442,27.1644],[77.6231,27.1691],[77.6134,27.1628],[77.6148,27.1484],[77.6019,27.1422],[77.6055,27.1233],[77.599,27.1174],[77.5526,27.1099],[77.5375,27.0985],[77.5219,27.1024],[77.5065,27.0895],[77.5255,27.0838],[77.5224,27.0647],[77.5294,27.0615],[77.5372,27.0614],[77.5544,27.075],[77.5738,27.0723],[77.5749,27.0546],[77.567,27.0431],[77.5655,27.0312],[77.5832,27.0359],[77.592,27.0336],[77.5987,27.0259],[77.6237,27.0217],[77.6355,27.0098],[77.6424,27.0213],[77.6651,27.017],[77.6815,27.0458],[77.6925,27.0392],[77.6902,27.0272],[77.7117,26.9946],[77.7305,26.9946],[77.7284,27.0083],[77.7347,27.0258],[77.7437,27.028],[77.7521,27.018],[77.7632,27.017],[77.7507,27.0006],[77.7559,26.9927],[77.7478,26.9922],[77.7445,26.9825],[77.7227,26.9859],[77.7,26.9733],[77.6783,26.9714],[77.6734,26.9612],[77.6647,26.9684],[77.657,26.9681],[77.6017,26.932],[77.5954,26.9389],[77.5877,26.9252],[77.4903,26.8981],[77.4629,26.8839],[77.4619,26.8711],[77.4496,26.872],[77.4442,26.8623],[77.4302,26.8614],[77.4339,26.8474],[77.4252,26.8372],[77.4469,26.8135],[77.4362,26.7802],[77.4362,26.7645],[77.4586,26.7751],[77.4719,26.7639],[77.4559,26.7411],[77.488,26.7483],[77.501,26.7614],[77.5043,26.7685],[77.4887,26.7822],[77.5057,26.8423],[77.5214,26.8395],[77.5198,26.8224],[77.5284,26.8164],[77.5435,26.8198],[77.5642,26.8163],[77.5799,26.8263],[77.596,26.8277],[77.608,26.8368],[77.6123,26.8271],[77.6241,26.8428],[77.6328,26.8411],[77.6726,26.8541],[77.6863,26.8726],[77.7017,26.8672],[77.7057,26.8743],[77.7238,26.8756],[77.7279,26.891],[77.7189,26.8973],[77.7269,26.9107],[77.737,26.9201],[77.7487,26.9212],[77.7524,26.9175],[77.7615,26.932],[77.7816,26.9305],[77.797,26.9165],[77.8074,26.9225],[77.8228,26.917],[77.8295,26.9204],[77.8796,26.8997],[77.8983,26.8837],[77.9043,26.884],[77.911,26.8954],[77.9051,26.9142],[77.9082,26.9188],[77.9148,26.9182],[77.9178,26.9085],[77.9371,26.9071],[77.9502,26.894],[77.9712,26.9068],[77.975,26.8972],[77.9834,26.8917],[77.9933,26.8956],[78.0002,26.9051],[78.015,26.9049],[78.0224,26.9026],[78.03,26.889],[78.0258,26.8762],[78.0362,26.8703],[78.0246,26.858],[78.0303,26.8551],[78.0394,26.8597],[78.0458,26.8712],[78.0561,26.869],[78.0506,26.9096],[78.0689,26.9101],[78.0952,26.8962],[78.0994,26.9058],[78.1098,26.8992],[78.1037,26.9232],[78.1211,26.9217],[78.1237,26.9324],[78.1165,26.9442],[78.1233,26.949],[78.1479,26.9513],[78.199,26.9409],[78.2137,26.9331],[78.2244,26.9481],[78.2412,26.9279],[78.2558,26.9249],[78.2668,26.9282],[78.2708,26.9177],[78.2612,26.8988],[78.2383,26.8881],[78.235,26.8768],[78.2133,26.8716],[78.1995,26.8828],[78.2129,26.8497],[78.2223,26.8427],[78.22,26.8326],[78.2111,26.8265],[78.1759,26.8261],[78.1693,26.8212],[78.1877,26.7954],[78.188,26.7878],[78.1541,26.7859],[78.1273,26.7968],[78.1081,26.7912],[78.1036,26.7836],[78.1039,26.766],[78.1243,26.7488],[78.0973,26.7323],[78.0938,26.6773],[78.0775,26.6728],[78.0572,26.684],[78.0002,26.6969],[77.9768,26.6709],[77.9558,26.6593],[77.9115,26.6605],[77.9025,26.6565],[77.8966,26.6271],[77.8872,26.6146],[77.8502,26.6095],[77.8282,26.5942],[77.8324,26.5671],[77.8207,26.5491],[77.8053,26.5446],[77.7747,26.5478],[77.752,26.5396],[77.7383,26.5242],[77.7346,26.5097],[77.7215,26.4986],[77.7025,26.4952],[77.6752,26.5027],[77.6342,26.4774],[77.6161,26.4538],[77.5865,26.4455],[77.5765,26.4375],[77.5588,26.435],[77.5445,26.4179],[77.5301,26.4094],[77.4822,26.4091],[77.4349,26.4014],[77.4335,26.39],[77.4469,26.3732],[77.4439,26.3626],[77.4395,26.3595],[77.4089,26.3632],[77.3899,26.3569],[77.3733,26.366],[77.3417,26.3518],[77.3363,26.3426],[77.325,26.3409],[77.3151,26.3096],[77.2968,26.2902],[77.2739,26.2707],[77.2446,26.2573],[77.2098,26.232],[77.1912,26.2314],[77.1769,26.2391],[77.1647,26.2332],[77.1306,26.2326],[77.1202,26.226],[77.1116,26.2038],[77.0982,26.1855],[77.0412,26.1766],[77.0112,26.154],[77.0008,26.1325],[76.9924,26.1271],[76.945,26.1008],[76.9125,26.0959],[76.894,26.0881],[76.8765,26.0513],[76.8364,26.0244],[76.8462,26.0061],[76.843,25.9969],[76.8258,25.9835],[76.8248,25.9661],[76.8122,25.9479],[76.7918,25.9353],[76.7617,25.9366],[76.7593,25.9271],[76.7682,25.917],[76.7512,25.9041],[76.7279,25.8952],[76.68,25.9068],[76.6518,25.9038],[76.644,25.8965],[76.6373,25.8702],[76.6322,25.8658],[76.5983,25.8692],[76.5347,25.793],[76.5275,25.7614],[76.5359,25.729],[76.5082,25.7237],[76.4876,25.7132],[76.4829,25.6902],[76.4942,25.6785],[76.516,25.6679],[76.5046,25.6435],[76.5105,25.6333],[76.5199,25.6288],[76.5209,25.6021],[76.5148,25.5749],[76.5272,25.5455],[76.5253,25.5251],[76.5613,25.4749],[76.5692,25.4375],[76.5939,25.4266],[76.6075,25.3841],[76.6145,25.3834],[76.6305,25.3702],[76.6413,25.3754],[76.6486,25.3715],[76.6861,25.3406],[76.7083,25.3427],[76.7282,25.3271],[76.7752,25.3073],[76.8004,25.3169],[76.8482,25.3256],[76.8985,25.3174],[76.9345,25.2923],[76.9379,25.2825],[76.934,25.2742],[76.9471,25.2704],[76.958,25.2736],[76.9641,25.2922],[77.0296,25.2961],[77.0448,25.32],[77.0637,25.3169],[77.081,25.3346],[77.1214,25.33],[77.1592,25.3082],[77.2108,25.3063],[77.2038,25.3254],[77.2164,25.3286],[77.2161,25.3194],[77.2207,25.3194],[77.226,25.3683],[77.2658,25.3943],[77.2889,25.4184],[77.3112,25.4313],[77.3497,25.4173],[77.3603,25.4189],[77.3673,25.4078],[77.3502,25.3828],[77.3507,25.3747],[77.3619,25.3628],[77.3423,25.3205],[77.3552,25.319],[77.359,25.3272],[77.3696,25.3279],[77.3777,25.3151],[77.3784,25.2892],[77.3555,25.2667],[77.3661,25.2558],[77.3685,25.245],[77.3814,25.2439],[77.3975,25.2261],[77.4122,25.2212],[77.4238,25.188],[77.4088,25.1815],[77.3965,25.1831],[77.3926,25.1279],[77.4042,25.1082],[77.3924,25.1169],[77.374,25.1091],[77.3742,25.1035],[77.3628,25.0965],[77.3084,25.0789],[77.2811,25.1071],[77.2678,25.1142],[77.2263,25.1052],[77.2028,25.1117],[77.1942,25.1068],[77.175,25.1087],[77.1682,25.1047],[77.17,25.0936],[77.1631,25.0833],[77.1458,25.0859],[77.1455,25.0912],[77.1336,25.0841],[77.1198,25.0641],[77.0957,25.0614],[77.0825,25.0531],[76.9989,25.075],[76.9798,25.0658],[76.9737,25.051],[76.9148,25.0308],[76.887,25.0292],[76.8794,25.0083],[76.8592,25.0055],[76.8729,24.9965],[76.8721,24.9606],[76.8846,24.9409],[76.8981,24.9306],[76.8961,24.9149],[76.9123,24.9184],[76.9257,24.912],[76.9295,24.9055],[76.9175,24.8924],[76.9187,24.8831],[76.9388,24.8795],[76.9406,24.8739],[76.9538,24.8681],[76.948,24.8553],[76.9313,24.845],[76.8998,24.8347],[76.8363,24.8355],[76.8069,24.8218],[76.8062,24.8151],[76.8514,24.7653],[76.8519,24.7457],[76.8913,24.7494],[76.9141,24.7421],[76.9264,24.7441],[76.9565,24.7607],[76.9681,24.7548],[76.9767,24.7269],[76.9969,24.7126],[77.0315,24.7062],[77.0643,24.6377],[77.0632,24.5901],[77.0694,24.5652],[77.0662,24.5501],[77.0566,24.5366],[77.055,24.5219],[77.0366,24.5241],[77.0294,24.5124],[77.0287,24.4967],[77.0106,24.4893],[77.0061,24.4733],[76.9971,24.4688],[76.9842,24.47],[76.9795,24.4603],[76.9698,24.4562],[76.9455,24.4627],[76.9191,24.483],[76.9233,24.5253],[76.9174,24.5389],[76.9043,24.5432],[76.8934,24.5221],[76.884,24.5207],[76.8773,24.5274],[76.8786,24.5384],[76.8706,24.5447],[76.8504,24.5464],[76.8189,24.5298],[76.8397,24.4898],[76.8496,24.4863],[76.8506,24.4709],[76.8557,24.4645],[76.8502,24.4487],[76.8429,24.4496],[76.8422,24.446],[76.8554,24.4308],[76.8503,24.4148],[76.8401,24.412],[76.8526,24.3917],[76.8522,24.3743],[76.8565,24.3703],[76.8412,24.3562],[76.8444,24.3342],[76.863,24.3078],[76.8678,24.2853],[76.8784,24.2666],[76.9207,24.2275],[76.9268,24.2123],[76.9487,24.2018],[76.9481,24.1944],[76.9373,24.1824],[76.9203,24.1843],[76.904,24.1267],[76.8903,24.1273],[76.8774,24.1354],[76.86,24.1345],[76.8317,24.1212],[76.8186,24.1221],[76.805,24.116],[76.7949,24.1214],[76.7728,24.1603],[76.7634,24.1615],[76.7589,24.1677],[76.7332,24.1662],[76.7245,24.1573],[76.705,24.1671],[76.678,24.189],[76.6806,24.2061],[76.6916,24.228],[76.7064,24.2444],[76.6969,24.2806],[76.6887,24.2783],[76.6826,24.2662],[76.6722,24.2629],[76.6511,24.268],[76.6439,24.2579],[76.6201,24.2584],[76.6177,24.2378],[76.5917,24.2452],[76.6011,24.2255],[76.5751,24.2091],[76.5694,24.1964],[76.5806,24.1869],[76.5833,24.1763],[76.5583,24.1639],[76.535,24.1591],[76.5267,24.1589],[76.5168,24.1685],[76.5089,24.2011],[76.4829,24.2132],[76.4734,24.2271],[76.4567,24.2125],[76.427,24.2226],[76.4215,24.22],[76.4259,24.2099],[76.4178,24.2031],[76.4035,24.2185],[76.3563,24.2446],[76.3302,24.2493],[76.2929,24.2328],[76.2903,24.214],[76.2859,24.2115],[76.2508,24.2237],[76.2264,24.219],[76.2186,24.2126],[76.2093,24.2285],[76.2053,24.2725],[76.1978,24.2806],[76.2094,24.3067],[76.1886,24.3273],[76.1752,24.3113],[76.1723,24.2919],[76.1525,24.288],[76.146,24.2811],[76.1574,24.2396],[76.15,24.2236],[76.1262,24.2012],[76.1242,24.1922],[76.1228,24.176],[76.1318,24.1707],[76.1397,24.1272],[76.132,24.1148],[76.1375,24.0912],[76.1261,24.0882],[76.1113,24.093],[76.0872,24.0781],[76.0496,24.0716],[76.0356,24.0602],[76.0293,24.0464],[76.0046,24.0312],[75.9626,24.0214],[75.9626,23.9935],[75.9826,23.9704],[75.9833,23.939],[75.9781,23.929],[75.9505,23.9183],[75.934,23.898],[75.9234,23.9002],[75.8807,23.8807],[75.8627,23.8917],[75.8434,23.8846],[75.839,23.8775],[75.8324,23.8809],[75.8046,23.8673],[75.7961,23.8705],[75.7789,23.8501],[75.7635,23.8531],[75.761,23.8775],[75.7516,23.8862],[75.7383,23.8903],[75.7331,23.8977],[75.7148,23.8962],[75.7041,23.9003],[75.6999,23.8733],[75.7065,23.871],[75.7083,23.8644],[75.7293,23.8607],[75.7309,23.8544],[75.7257,23.8442],[75.7174,23.8418],[75.7239,23.8231],[75.7195,23.8153],[75.689,23.8155],[75.7003,23.7881],[75.6861,23.7569],[75.676,23.7807],[75.6606,23.7852],[75.6534,23.7982],[75.6274,23.7966],[75.6136,23.8029],[75.5839,23.7967],[75.5847,23.8115],[75.5639,23.8133],[75.5575,23.8223],[75.5615,23.8332],[75.5737,23.8312],[75.5776,23.8378],[75.5621,23.8563],[75.5181,23.8851],[75.5055,23.8883],[75.4888,23.9072],[75.4578,23.9171],[75.4661,23.9771],[75.4906,23.9966],[75.5159,24.045],[75.5442,24.0218],[75.5686,24.019],[75.5734,24.0137],[75.5709,23.9956],[75.5776,23.9969],[75.5855,23.9882],[75.5991,23.9949],[75.6365,23.996],[75.6432,24.0146],[75.6711,24.0297],[75.6789,24.0163],[75.6877,24.0141],[75.6859,23.9893],[75.698,23.9866],[75.7022,23.9652],[75.7252,23.9693],[75.7284,23.9749],[75.7374,23.9767],[75.7398,23.9915],[75.764,23.9941],[75.7629,24.009],[75.7733,24.0083],[75.7823,24.0324],[75.7817,24.0582],[75.836,24.0715],[75.8328,24.0776],[75.8381,24.1074],[75.8144,24.0989],[75.8046,24.1144],[75.7918,24.1059],[75.7812,24.1207],[75.7785,24.135],[75.7456,24.1357],[75.7708,24.1894],[75.7701,24.2036],[75.7758,24.2169],[75.7942,24.2193],[75.8077,24.2257],[75.8101,24.2367],[75.8237,24.237],[75.8293,24.2424],[75.8151,24.2529],[75.8209,24.2642],[75.8142,24.2664],[75.8138,24.2807],[75.8193,24.2867],[75.8136,24.2994],[75.7998,24.3103],[75.7834,24.3046],[75.7674,24.3067],[75.7403,24.344],[75.7442,24.349],[75.741,24.3913],[75.7321,24.3855],[75.7293,24.4013],[75.7382,24.3994],[75.7577,24.4053],[75.7589,24.4236],[75.7512,24.4244],[75.7707,24.4363],[75.7787,24.4498],[75.7861,24.4478],[75.7867,24.4607],[75.7937,24.4711],[75.8076,24.4687],[75.8177,24.461],[75.8122,24.4372],[75.8151,24.4327],[75.8267,24.4267],[75.8316,24.4184],[75.8499,24.4149],[75.9014,24.4375],[75.9061,24.4498],[75.9118,24.452],[75.9147,24.4883],[75.9083,24.5012],[75.8939,24.5054],[75.8954,24.5174],[75.905,24.5179],[75.9122,24.5107],[75.9279,24.5292],[75.9234,24.5396],[75.9095,24.548],[75.9107,24.5612],[75.9203,24.5673],[75.914,24.5729],[75.8872,24.5776],[75.8787,24.5866],[75.877,24.6029],[75.8685,24.6032],[75.8663,24.6087],[75.8479,24.6062],[75.8412,24.5916],[75.8382,24.5934],[75.842,24.6046],[75.831,24.6092],[75.8332,24.6158],[75.8491,24.6272],[75.8468,24.6351],[75.8517,24.6489],[75.8516,24.6604],[75.8468,24.6652],[75.8311,24.6641],[75.83,24.6673],[75.845,24.7133],[75.8417,24.7257],[75.8084,24.7521],[75.7891,24.7614],[75.7755,24.7579],[75.7625,24.7607],[75.7336,24.7514],[75.6827,24.7238],[75.6618,24.6977],[75.6366,24.6871],[75.6158,24.6844],[75.5844,24.7187],[75.5546,24.7098],[75.5375,24.7161],[75.4858,24.6937],[75.4541,24.6894],[75.366,24.7058],[75.3529,24.7133],[75.3063,24.717],[75.2692,24.729],[75.2514,24.7255],[75.2259,24.7318],[75.2187,24.7188],[75.2,24.7533],[75.1886,24.7567],[75.1873,24.7644],[75.1941,24.7851],[75.2046,24.7852],[75.2083,24.8063],[75.2193,24.8168],[75.2487,24.8182],[75.2539,24.8335],[75.2431,24.8432],[75.2297,24.8441],[75.2033,24.8806],[75.2102,24.8941],[75.2102,24.9064],[75.2213,24.9028],[75.2217,24.8885],[75.2255,24.8864],[75.2433,24.8989],[75.252,24.892],[75.2501,24.8772],[75.2294,24.8555],[75.2437,24.8573],[75.281,24.8498],[75.2925,24.8372],[75.3026,24.8115],[75.3078,24.8096],[75.322,24.814],[75.3324,24.828],[75.3463,24.829],[75.4195,24.8601],[75.4267,24.8889],[75.4099,24.8881],[75.3743,24.8742],[75.3282,24.8832],[75.3135,24.8657],[75.2963,24.8676],[75.2902,24.876],[75.2636,24.886],[75.2629,24.9016],[75.2692,24.9105],[75.2739,24.9142],[75.2801,24.9094],[75.2846,24.9188],[75.2953,24.9194],[75.2871,24.9334],[75.278,24.9365],[75.2795,24.9442],[75.2739,24.9457],[75.2685,24.9582],[75.2782,24.973],[75.2876,24.9729],[75.2927,24.9483],[75.3049,24.9394],[75.3161,24.8967],[75.3398,24.9593],[75.3255,24.9785],[75.3255,24.9971],[75.3213,25.0027],[75.3319,25.0138],[75.354,25.0213],[75.3525,25.0295],[75.3567,25.0335],[75.3481,25.039],[75.3129,25.0423],[75.2293,25.0348],[75.2077,25.0387],[75.2028,25.0308],[75.176,25.0502],[75.1691,25.0406],[75.1613,25.0419],[75.1568,25.0253],[75.1674,25.0187],[75.1707,25.0096],[75.1665,24.9881],[75.1431,24.9804],[75.1489,24.976],[75.1218,24.9722],[75.1173,24.9576],[75.1207,24.8855],[75.0919,24.8762],[75.0834,24.8856],[75.0649,24.874],[75.058,24.8785],[75.0615,24.8713],[75.045,24.8558],[75.0314,24.8571],[75.0142,24.8707],[74.9463,24.8746],[74.9502,24.8915],[74.9322,24.8907],[74.931,24.8846],[74.914,24.8958],[74.9083,24.9039],[74.9144,24.9251],[74.9058,24.9268],[74.902,24.9365],[74.8914,24.9382],[74.8861,24.9465],[74.8806,24.9455],[74.8787,24.9361],[74.8686,24.9337],[74.8635,24.9626],[74.8546,24.9715],[74.8478,24.9711],[74.8341,24.9642],[74.8249,24.9253],[74.8284,24.8959],[74.8407,24.8897],[74.8436,24.8718],[74.8572,24.85],[74.8587,24.8146],[74.8387,24.8053],[74.8501,24.7895],[74.8591,24.7914],[74.8598,24.8098],[74.8793,24.8099],[74.8859,24.7992],[74.9064,24.7942],[74.9113,24.7849],[74.9182,24.7839],[74.9307,24.7922],[74.9718,24.7875],[75.0086,24.7927],[75.0144,24.7904],[75.0229,24.7694],[75.0217,24.7494],[74.9948,24.7494],[74.9921,24.7304],[75.0012,24.7051],[74.9634,24.6975],[74.9632,24.6762],[74.9585,24.6794],[74.9532,24.667],[74.9442,24.6656],[74.944,24.6571],[74.9096,24.6583],[74.9035,24.6531],[74.8981,24.6623],[74.8939,24.6521],[74.8745,24.6663],[74.868,24.6873],[74.8609,24.6907],[74.8574,24.702],[74.8553,24.6935],[74.8509,24.6954],[74.8499,24.7055],[74.8196,24.7622],[74.8109,24.7932],[74.8004,24.7925],[74.8042,24.7517],[74.781,24.7396],[74.7848,24.7272],[74.7906,24.7235],[74.7841,24.7151],[74.7761,24.6846],[74.7903,24.6758],[74.7932,24.6812],[74.8143,24.683],[74.818,24.6685],[74.8096,24.6668],[74.8058,24.6564],[74.7958,24.6516],[74.7843,24.6337],[74.7909,24.6076],[74.7486,24.5937],[74.7574,24.5516],[74.7491,24.5487],[74.7483,24.5332],[74.7291,24.5318],[74.7162,24.5198],[74.7124,24.5079],[74.7313,24.507],[74.7512,24.489],[74.7668,24.4876],[74.7796,24.4803],[74.7925,24.4902],[74.8175,24.488],[74.8254,24.4761],[74.8189,24.4588],[74.8344,24.4573],[74.8415,24.4641],[74.8589,24.4642],[74.8582,24.4483],[74.8276,24.4205],[74.8258,24.4052],[74.8129,24.406],[74.8028,24.3842],[74.7874,24.3686],[74.7821,24.3553],[74.7866,24.3457],[74.784,24.3137],[74.7577,24.2932],[74.753,24.2796],[74.7728,24.2689],[74.8155,24.2739],[74.8538,24.2668],[74.8702,24.2776],[74.8948,24.2585],[74.8975,24.246],[74.906,24.2421],[74.9064,24.2305],[74.8872,24.2218],[74.8815,24.2103],[74.9008,24.1711],[74.928,24.154],[74.924,24.1461],[74.9371,24.1358],[74.9366,24.1206],[74.96,24.1069],[74.9656,24.0795],[74.9799,24.0688],[74.9816,24.0378],[74.9934,24.0265],[74.9882,24.0111],[74.9726,24.0004],[74.969,23.9765],[74.9417,23.9574],[74.93,23.9378],[74.9215,23.9326],[74.9235,23.9218],[74.9147,23.9093],[74.9057,23.8708],[74.9069,23.8533],[74.9158,23.8426],[74.9103,23.7977],[74.9276,23.7952],[74.9299,23.7911],[74.9395,23.7676],[74.9319,23.7533],[74.9405,23.7318],[74.9241,23.7161],[74.9229,23.6935],[74.9074,23.6798],[74.924,23.6654],[74.9304,23.6452],[74.9388,23.6401],[74.9395,23.6273],[74.9217,23.6193],[74.9058,23.6199],[74.8977,23.6092],[74.8857,23.6034],[74.8742,23.5871],[74.8722,23.5752],[74.8449,23.5512],[74.8023,23.5311],[74.7957,23.5434],[74.7844,23.5451],[74.7734,23.5404],[74.7632,23.5219],[74.7416,23.5166],[74.7328,23.4977],[74.6997,23.5009],[74.6865,23.493],[74.6827,23.4838],[74.6683,23.4811],[74.6536,23.4617],[74.6122,23.4587],[74.6119,23.4489],[74.5972,23.4271],[74.5727,23.4199],[74.5693,23.3752],[74.5588,23.3619],[74.5444,23.3612],[74.5412,23.3361],[74.5167,23.3262],[74.5177,23.3194],[74.5321,23.3205],[74.5341,23.307],[74.5519,23.28],[74.5704,23.2983],[74.5853,23.2819],[74.6209,23.2787],[74.6307,23.2608],[74.6449,23.2571],[74.6718,23.2722],[74.6999,23.2694],[74.7021,23.2589],[74.721,23.2398],[74.6943,23.2259],[74.6937,23.2204],[74.7231,23.2174],[74.7447,23.23],[74.7497,23.2276],[74.7445,23.2094],[74.7143,23.192],[74.6678,23.1988],[74.6533,23.1794],[74.6242,23.1603],[74.6065,23.1422],[74.5439,23.1296],[74.5457,23.116],[74.5408,23.1044],[74.5117,23.0934],[74.5104,23.0864],[74.4652,23.0829],[74.4433,23.0905],[74.4311,23.1033],[74.389,23.1097],[74.3588,23.088],[74.3527,23.0735],[74.3203,23.0605],[74.3077,23.0773],[74.28,23.0928],[74.2795,23.1042],[74.2857,23.1165],[74.2752,23.1318],[74.2646,23.1638],[74.2473,23.1763],[74.2435,23.1861],[74.2345,23.1806],[74.205,23.1899],[74.1869,23.1698],[74.1865,23.1558],[74.1803,23.1502],[74.1524,23.1557],[74.1429,23.1732],[74.1242,23.1768],[74.1197,23.1896],[74.1219,23.2046],[74.1367,23.2248],[74.1311,23.2674],[74.1111,23.2754],[74.1038,23.2921],[74.0989,23.2938],[74.0416,23.2942],[74.0468,23.3052],[74.0448,23.309],[74.0347,23.3038],[74.0272,23.318],[74.0298,23.3305],[73.9878,23.3358],[73.9805,23.358],[73.968,23.3753],[73.9595,23.3796],[73.9442,23.3717],[73.9358,23.3397],[73.9108,23.3343],[73.891,23.3354],[73.8917,23.3509],[73.8762,23.3664],[73.8635,23.3941],[73.8332,23.4291],[73.8289,23.4451],[73.7796,23.4331],[73.7613,23.4571],[73.7225,23.4112],[73.7136,23.4174],[73.7006,23.4544],[73.6782,23.4557],[73.6494,23.4392],[73.6289,23.4511],[73.6401,23.4955],[73.6547,23.5028],[73.6537,23.5148],[73.6333,23.5298],[73.6335,23.5467],[73.6346,23.5612],[73.6476,23.5795],[73.6465,23.6064],[73.6572,23.6215],[73.6387,23.63],[73.6154,23.6501],[73.5736,23.6542],[73.5671,23.6523],[73.5284,23.6124],[73.5228,23.6095],[73.5096,23.6157],[73.4972,23.6328],[73.5077,23.644],[73.4966,23.6497],[73.5033,23.6567],[73.5071,23.6723],[73.5047,23.7023],[73.4754,23.7079],[73.4728,23.72],[73.451,23.7387],[73.4469,23.7516],[73.4283,23.7611],[73.4166,23.7784],[73.396,23.7831],[73.3858,23.7684],[73.3718,23.7658],[73.3586,23.7866],[73.3687,23.8211],[73.3656,23.8377],[73.3559,23.8538],[73.3581,23.8611],[73.3924,23.9159],[73.404,23.9152],[73.421,23.9301],[73.4167,23.9356],[73.416,23.9818],[73.4015,23.9897],[73.4071,23.9974],[73.4103,24.0502],[73.3931,24.0717],[73.3661,24.0872],[73.37,24.1273],[73.3573,24.1133],[73.3316,24.1144],[73.3288,24.0729],[73.3229,24.0618],[73.3031,24.0508],[73.2872,24.0268],[73.2714,24.0274],[73.2524,24.0126],[73.2418,24.0102],[73.2253,24.0276],[73.1966,24.0448],[73.1949,24.051],[73.2199,24.0977],[73.1936,24.1103],[73.1899,24.1047],[73.1677,24.1109],[73.1571,24.1197],[73.1431,24.1222],[73.1193,24.14],[73.11,24.1383],[73.1124,24.1526],[73.0785,24.1848],[73.0778,24.1965],[73.0831,24.2006],[73.0876,24.2207],[73.1072,24.2309],[73.0969,24.2375],[73.1121,24.2623],[73.1351,24.2798],[73.1412,24.3076],[73.1475,24.3105],[73.1769,24.3011],[73.1834,24.3346],[73.1894,24.3432],[73.1978,24.3337],[73.2075,24.3338],[73.213,24.35],[73.2281,24.3642],[73.2075,24.375],[73.1868,24.3554],[73.1663,24.3503],[73.1237,24.3686],[73.1075,24.3866],[73.0945,24.3853],[73.0812,24.3943],[73.0893,24.413],[73.1026,24.4201],[73.1047,24.4261],[73.1036,24.4566],[73.0949,24.4724],[73.0953,24.4913],[73.0908,24.4946],[73.0473,24.4652],[73.018,24.4651],[73.009,24.4824],[72.9965,24.4707],[72.977,24.4511],[72.9866,24.421],[72.9601,24.3923],[72.9591,24.3839],[72.9772,24.3801],[72.9873,24.364],[72.9294,24.3364],[72.9196,24.3265],[72.8962,24.3517],[72.8637,24.3662],[72.8247,24.3654],[72.8107,24.3587],[72.7439,24.3582],[72.7277,24.3619],[72.7018,24.3921],[72.6886,24.4201],[72.6878,24.4422],[72.6925,24.458],[72.6883,24.461],[72.6538,24.4573],[72.5834,24.4736],[72.5692,24.4893],[72.5395,24.5081],[72.5086,24.4658],[72.5064,24.4487],[72.4952,24.4516],[72.5046,24.4196],[72.5023,24.4112],[72.4819,24.4067],[72.4591,24.4085],[72.4507,24.4395],[72.4311,24.462],[72.4331,24.4805],[72.4427,24.4948],[72.4371,24.5057],[72.4156,24.5096],[72.3807,24.5021],[72.3653,24.5304],[72.3693,24.5316],[72.3684,24.539],[72.3599,24.541],[72.3524,24.5542],[72.3293,24.5605],[72.3314,24.5459],[72.2893,24.5403],[72.2843,24.5602],[72.2658,24.5521],[72.2452,24.5822],[72.2735,24.602],[72.2874,24.599],[72.2947,24.6021],[72.3084,24.5873],[72.3204,24.5887],[72.3367,24.5953],[72.3483,24.6199],[72.3347,24.6248],[72.3255,24.6137],[72.3095,24.6108],[72.2691,24.6242],[72.2432,24.6228],[72.2242,24.635],[72.2024,24.6194],[72.2047,24.6147],[72.1955,24.6184],[72.1799,24.6117],[72.1594,24.6168],[72.1447,24.6365],[72.1149,24.6344],[72.0787,24.6553],[72.0762,24.671],[72.0862,24.6773],[72.0792,24.6996],[72.0463,24.7085],[72.0346,24.6982],[71.9947,24.6858],[71.9834,24.6699],[71.9868,24.656],[71.9375,24.6298],[71.9278,24.6299],[71.9121,24.6493],[71.9105,24.654],[71.9193,24.6618],[71.9134,24.6704],[71.887,24.6689],[71.8697,24.6784],[71.8559,24.658],[71.8617,24.6267],[71.8514,24.6074],[71.8396,24.6181],[71.8143,24.62],[71.8046,24.6252],[71.8103,24.6493],[71.8081,24.6581],[71.8021,24.6694],[71.7919,24.674],[71.7385,24.6579],[71.709,24.6581],[71.654,24.6372],[71.6427,24.6439],[71.6373,24.6565],[71.609,24.6748],[71.5901,24.668],[71.5694,24.6816],[71.5436,24.6749],[71.5291,24.6833],[71.4803,24.6784],[71.4661,24.6678],[71.4433,24.6635],[71.414,24.6428],[71.3986,24.6395],[71.3912,24.6318],[71.3813,24.6331],[71.3745,24.6265],[71.3591,24.6322],[71.3482,24.659],[71.3425,24.6582],[71.3129,24.6454],[71.2889,24.6128],[71.11,24.6745],[71.0635,24.7181],[71.0144,24.8275],[70.9363,24.9413],[70.9165,25.0016],[70.8855,25.1512],[70.7576,25.2727],[70.7502,25.2828],[70.7355,25.3288],[70.6653,25.3976],[70.6795,25.5257],[70.6678,25.5322],[70.6731,25.6692],[70.658,25.7058],[70.6389,25.7152],[70.6089,25.7154],[70.5278,25.6859],[70.4511,25.683],[70.3907,25.6736],[70.2761,25.7093],[70.2631,25.7191],[70.2516,25.7528],[70.2354,25.7769],[70.1941,25.8161],[70.1688,25.8305],[70.1562,25.8553],[70.0993,25.9355],[70.0864,26.0879],[70.1475,26.1704],[70.174,26.242],[70.1657,26.3009],[70.1842,26.3754],[70.1777,26.4259],[70.1833,26.4843],[70.1733,26.5511],[70.1179,26.5884],[70.0643,26.6002],[69.8794,26.5806],[69.8044,26.5976],[69.7109,26.662],[69.5147,26.742],[69.5056,26.753],[69.4844,26.808],[69.4989,26.872],[69.5152,27.0139],[69.5897,27.1829],[69.6425,27.2232],[69.7051,27.2852],[69.7639,27.3247],[69.7904,27.3502],[69.8717,27.4092],[69.8972,27.4384],[69.9408,27.5025],[69.9778,27.5323],[70.0246,27.5613],[70.0751,27.6642],[70.1347,27.807],[70.2249,27.8984],[70.3103,27.9489],[70.3718,28.0108],[70.4424,28.0216],[70.4967,28.0366],[70.5475,28.0294],[70.5925,28.0096],[70.6192,27.9771],[70.677,27.9239],[70.6874,27.8282],[70.7446,27.7431],[70.7679,27.7249],[70.8172,27.7144],[70.8825,27.7082],[70.9053,27.7104],[71.0329,27.7665],[71.1731,27.8206],[71.2726,27.8502],[71.4098,27.8735],[71.6589,27.8756],[71.8987,27.9632],[71.9134,28.032],[71.9139,28.0539],[71.935,28.1327],[71.9991,28.2141],[72.1287,28.3088],[72.2052,28.3904],[72.3021,28.6734],[72.3889,28.7688],[72.407,28.7827],[72.4509,28.7978],[72.5244,28.833],[72.7164,28.9389],[72.9474,29.0304],[72.9988,29.1427],[73.0957,29.2521],[73.1982,29.4314],[73.2787,29.5597],[73.3997,29.9407],[73.4837,29.977],[73.62,30.0246],[73.7963,30.0681],[73.847,30.1104],[73.933,30.1694],[73.9675,30.1872],[73.9759,30.1964],[73.9703,30.1446],[73.9761,30.1225],[73.9674,30.1209],[73.9275,30.0695],[73.9076,30.0551],[73.891,30.0126],[73.8902,29.9977],[73.8985,29.979]],[[74.3144,23.945],[74.3262,23.9363],[74.3248,23.9374],[74.3144,23.945]],[[74.267,23.9327],[74.2587,23.9298],[74.2751,23.9355],[74.267,23.9327]]]}},{"type":"Feature","properties":{"ST_NM":"Sikkim"},"geometry":{"type":"Polygon","coordinates":[[[88.6538,28.0988],[88.6753,28.0738],[88.6943,28.0787],[88.7595,28.0731],[88.7907,28.0505],[88.8136,28.026],[88.8373,28.0149],[88.8491,27.9908],[88.848,27.965],[88.8522,27.9562],[88.8446,27.9471],[88.8444,27.9318],[88.8693,27.9232],[88.8783,27.9022],[88.8894,27.8923],[88.8888,27.8699],[88.8937,27.8611],[88.8889,27.8387],[88.881,27.8272],[88.8622,27.8163],[88.8654,27.8079],[88.8605,27.7681],[88.8702,27.7388],[88.8578,27.7173],[88.8464,27.7102],[88.8533,27.7001],[88.8543,27.6687],[88.8337,27.6452],[88.8176,27.6417],[88.8131,27.603],[88.7962,27.5878],[88.7924,27.5751],[88.7747,27.5647],[88.7826,27.5374],[88.7965,27.5259],[88.7907,27.4962],[88.7908,27.4553],[88.8021,27.4468],[88.8023,27.4325],[88.8105,27.4269],[88.8191,27.4023],[88.8471,27.3779],[88.8661,27.3857],[88.8745,27.368],[88.8882,27.363],[88.897,27.3362],[88.9295,27.3261],[88.9166,27.3057],[88.9143,27.2833],[88.8802,27.2589],[88.8375,27.2624],[88.8082,27.2474],[88.8078,27.2205],[88.7967,27.2017],[88.7952,27.1856],[88.7679,27.175],[88.7668,27.1548],[88.7396,27.1371],[88.7248,27.1438],[88.7189,27.1649],[88.6986,27.1785],[88.6806,27.1764],[88.6636,27.1622],[88.6459,27.1675],[88.6262,27.1876],[88.5987,27.1942],[88.5942,27.1903],[88.5662,27.1885],[88.528,27.1779],[88.537,27.1655],[88.5339,27.16],[88.5392,27.1541],[88.5371,27.1499],[88.5289,27.1501],[88.5028,27.1251],[88.4939,27.1265],[88.481,27.1204],[88.4617,27.0894],[88.4391,27.0813],[88.3948,27.0981],[88.3596,27.1008],[88.3481,27.1104],[88.3311,27.1046],[88.3261,27.119],[88.3119,27.1283],[88.3023,27.1244],[88.2847,27.1308],[88.2399,27.1194],[88.2213,27.1348],[88.1865,27.1343],[88.1598,27.1113],[88.1002,27.1359],[88.0914,27.1446],[88.0908,27.1646],[88.0807,27.174],[88.0751,27.1898],[88.0826,27.2004],[88.0659,27.2135],[88.0406,27.2206],[88.0169,27.2164],[88.0332,27.2476],[88.0352,27.2804],[88.065,27.3379],[88.0613,27.3532],[88.0455,27.3674],[88.0442,27.3827],[88.0509,27.4108],[88.0708,27.4257],[88.0708,27.443],[88.0506,27.4718],[88.0474,27.4933],[88.0701,27.5312],[88.0633,27.5378],[88.0671,27.5491],[88.0835,27.5616],[88.0798,27.5793],[88.0835,27.5867],[88.1112,27.6071],[88.1256,27.6467],[88.151,27.6686],[88.1579,27.7302],[88.1808,27.7493],[88.1988,27.7881],[88.1864,27.8129],[88.1768,27.8192],[88.2012,27.8381],[88.2024,27.8503],[88.1789,27.866],[88.134,27.8731],[88.1385,27.8854],[88.1222,27.9171],[88.1376,27.9378],[88.1326,27.9504],[88.1478,27.963],[88.1823,27.9442],[88.1973,27.9432],[88.2044,27.9466],[88.2122,27.9661],[88.2302,27.9636],[88.2383,27.9674],[88.2464,27.9501],[88.2525,27.9481],[88.2807,27.958],[88.289,27.9673],[88.3134,27.9695],[88.3248,27.9793],[88.3538,27.9891],[88.3724,27.9877],[88.3984,27.9777],[88.4106,27.9832],[88.4351,28.0077],[88.4702,28.0194],[88.4802,28.0364],[88.4917,28.0452],[88.5097,28.0486],[88.5363,28.0365],[88.5475,28.0386],[88.5603,28.0635],[88.563,28.0845],[88.5755,28.0887],[88.5834,28.0853],[88.6251,28.1034],[88.6155,28.1225],[88.6204,28.1293],[88.6355,28.1269],[88.6463,28.1041],[88.6538,28.0988]]]}},{"type":"Feature","properties":{"ST_NM":"Tamil Nadu"},"geometry":{"type":"MultiPolygon","coordinates":[[[[78.1919,8.7273],[78.1866,8.7325],[78.193,8.7361],[78.1919,8.7273]]],[[[78.2169,8.8307],[78.2094,8.8317],[78.2103,8.8383],[78.2181,8.8354],[78.2169,8.8307]]],[[[78.2333,8.8608],[78.2285,8.8595],[78.2281,8.8681],[78.2341,8.8667],[78.2333,8.8608]]],[[[78.2549,8.9445],[78.251,8.9471],[78.2567,8.9534],[78.26,8.949],[78.2549,8.9445]]],[[[78.4967,9.0847],[78.4954,9.0816],[78.4887,9.0865],[78.4881,9.0931],[78.4949,9.0933],[78.4967,9.0847]]],[[[78.5394,9.1014],[78.5337,9.1009],[78.5367,9.1106],[78.5394,9.1014]]],[[[78.5766,9.0992],[78.5672,9.0992],[78.5674,9.1024],[78.582,9.112],[78.5839,9.1052],[78.5766,9.0992]]],[[[79.487,9.1103],[79.4827,9.1145],[79.4905,9.1178],[79.487,9.1103]]],[[[79.4771,9.1143],[79.4725,9.1204],[79.4796,9.1236],[79.4771,9.1143]]],[[[79.4671,9.1251],[79.4569,9.1263],[79.4572,9.1311],[79.467,9.1333],[79.4671,9.1251]]],[[[78.6989,9.1463],[78.6948,9.146],[78.6947,9.1519],[78.6989,9.1463]]],[[[79.4369,9.1466],[79.4305,9.148],[79.4294,9.1532],[79.4391,9.1544],[79.4369,9.1466]]],[[[78.7329,9.1497],[78.727,9.1505],[78.7274,9.1541],[78.7344,9.1542],[78.7329,9.1497]]],[[[78.7622,9.1563],[78.7554,9.1555],[78.7557,9.1614],[78.7617,9.1613],[78.7622,9.1563]]],[[[78.7054,9.1558],[78.6993,9.1591],[78.7007,9.1626],[78.7063,9.1627],[78.7054,9.1558]]],[[[78.8291,9.171],[78.8243,9.1618],[78.8183,9.1624],[78.82,9.169],[78.8291,9.171]]],[[[78.7096,9.1738],[78.704,9.1764],[78.7059,9.182],[78.712,9.18],[78.7096,9.1738]]],[[[78.9393,9.1874],[78.9385,9.1817],[78.9186,9.1756],[78.9045,9.1781],[78.9129,9.1853],[78.9393,9.1874]]],[[[78.9684,9.181],[78.9621,9.1858],[78.9689,9.1909],[78.9733,9.1832],[78.9684,9.181]]],[[[79.0873,9.1928],[79.0812,9.1918],[79.0623,9.2024],[79.0711,9.2062],[79.0884,9.1979],[79.0873,9.1928]]],[[[79.1335,9.2102],[79.1222,9.2134],[79.1222,9.217],[79.1347,9.2155],[79.1335,9.2102]]],[[[79.1991,9.2294],[79.1958,9.2344],[79.2,9.2373],[79.1991,9.2294]]],[[[79.1875,9.231],[79.184,9.2342],[79.1868,9.2389],[79.1905,9.2365],[79.1875,9.231]]],[[[79.1807,9.2406],[79.177,9.2438],[79.1821,9.2478],[79.1807,9.2406]]],[[[79.212,9.2432],[79.207,9.2457],[79.2187,9.2476],[79.212,9.2432]]],[[[79.3272,9.2965],[79.316,9.2786],[79.3362,9.249],[79.4166,9.1837],[79.426,9.1725],[79.4243,9.1668],[79.4173,9.1758],[79.3883,9.1905],[79.326,9.2343],[79.2624,9.2611],[79.2198,9.2583],[79.2146,9.2736],[79.2056,9.278],[79.2087,9.2883],[79.2242,9.2933],[79.2707,9.2935],[79.2798,9.2991],[79.2899,9.3163],[79.3168,9.3249],[79.3332,9.3129],[79.3336,9.303],[79.3272,9.2965]]],[[[79.7839,11.8984],[79.7976,11.8975],[79.7978,11.8935],[79.7845,11.862],[79.7795,11.8624],[79.7799,11.8779],[79.7736,11.8762],[79.7706,11.894],[79.7744,11.9034],[79.7839,11.8984]]],[[[79.8451,13.3307],[79.8461,13.323],[79.8414,13.3264],[79.8451,13.3307]]],[[[80.3212,13.392],[80.3207,13.3909],[80.3193,13.3912],[80.319,13.391],[80.3179,13.3949],[80.3173,13.3972],[80.3168,13.4003],[80.3181,13.4028],[80.3212,13.4009],[80.3221,13.3983],[80.3223,13.3975],[80.3215,13.3936],[80.3212,13.392]]],[[[80.3052,13.4215],[80.3093,13.4099],[80.302,13.4138],[80.3014,13.4207],[80.3052,13.4215]]],[[[80.3193,13.4139],[80.3137,13.415],[80.3134,13.4241],[80.3173,13.4256],[80.3193,13.4139]]],[[[80.3202,13.4382],[80.3165,13.4402],[80.3196,13.4432],[80.3202,13.4382]]],[[[79.6955,11.8849],[79.7108,11.8877],[79.7086,11.8682],[79.719,11.8527],[79.7219,11.8615],[79.7334,11.8628],[79.7455,11.8613],[79.743,11.8468],[79.7536,11.8495],[79.7588,11.8742],[79.765,11.875],[79.7701,11.8723],[79.7709,11.865],[79.7625,11.8472],[79.7674,11.839],[79.7757,11.8376],[79.7824,11.855],[79.797,11.8548],[79.8093,11.8448],[79.8076,11.8321],[79.7995,11.8375],[79.7934,11.8329],[79.8019,11.829],[79.797,11.8231],[79.7957,11.8278],[79.7823,11.8321],[79.7735,11.822],[79.7645,11.8228],[79.7634,11.8325],[79.7387,11.8428],[79.7293,11.8367],[79.7365,11.8086],[79.7267,11.8089],[79.7229,11.7966],[79.7125,11.7893],[79.7551,11.7742],[79.7634,11.7904],[79.7699,11.7904],[79.7701,11.7813],[79.7809,11.78],[79.784,11.7872],[79.7951,11.7849],[79.7931,11.7564],[79.7864,11.7393],[79.767,11.7445],[79.7711,11.7366],[79.7856,11.7293],[79.7615,11.6287],[79.7593,11.5636],[79.7674,11.5229],[79.8104,11.4394],[79.8247,11.3645],[79.8009,11.3764],[79.7987,11.3686],[79.8141,11.3584],[79.8095,11.3475],[79.8124,11.3443],[79.8167,11.3446],[79.8223,11.3554],[79.8401,11.3525],[79.8344,11.311],[79.8539,11.1952],[79.8568,11.0127],[79.8525,10.988],[79.8516,10.9923],[79.8415,10.995],[79.8419,11.0021],[79.831,11.0026],[79.8269,10.9975],[79.8185,11.0016],[79.809,10.9963],[79.8005,10.9827],[79.791,10.9864],[79.7893,10.9949],[79.7696,10.9952],[79.7542,11.0044],[79.7472,11.0003],[79.7472,10.9863],[79.7609,10.9823],[79.7552,10.9739],[79.7616,10.9698],[79.7626,10.9586],[79.7497,10.9564],[79.7438,10.9676],[79.7325,10.9685],[79.7207,10.967],[79.7199,10.9608],[79.7214,10.9504],[79.7319,10.9494],[79.7363,10.9558],[79.7383,10.9506],[79.7213,10.9341],[79.738,10.926],[79.7368,10.9211],[79.7431,10.9222],[79.7441,10.9127],[79.7602,10.9147],[79.7603,10.8973],[79.7652,10.9106],[79.7714,10.902],[79.7691,10.8962],[79.7777,10.8985],[79.7785,10.9068],[79.7904,10.905],[79.7936,10.8971],[79.7843,10.8882],[79.7929,10.8912],[79.7976,10.8868],[79.8263,10.883],[79.8287,10.88],[79.8069,10.8772],[79.8208,10.873],[79.8255,10.8644],[79.813,10.8593],[79.8096,10.8643],[79.8105,10.855],[79.8233,10.8436],[79.8295,10.8484],[79.8308,10.8297],[79.8495,10.827],[79.8467,10.8166],[79.8358,10.8115],[79.8481,10.8126],[79.8501,10.809],[79.8502,10.7163],[79.8572,10.6692],[79.8615,10.4926],[79.8709,10.3404],[79.8787,10.2873],[79.7948,10.2713],[79.7885,10.2752],[79.7839,10.2922],[79.7593,10.3107],[79.7392,10.3162],[79.7286,10.3299],[79.7041,10.3288],[79.7238,10.3104],[79.7148,10.3112],[79.6379,10.3381],[79.6116,10.3192],[79.673,10.3108],[79.7,10.2952],[79.723,10.2893],[79.7475,10.3001],[79.7512,10.2888],[79.7656,10.2866],[79.7764,10.2751],[79.72,10.2798],[79.6745,10.2904],[79.6518,10.29],[79.5944,10.305],[79.5454,10.3073],[79.5563,10.3299],[79.5979,10.3276],[79.6112,10.3296],[79.6148,10.3345],[79.6002,10.3478],[79.5819,10.3425],[79.5328,10.3558],[79.527,10.355],[79.5379,10.3414],[79.5378,10.3268],[79.5193,10.3118],[79.4387,10.3247],[79.3955,10.3237],[79.383,10.3188],[79.3648,10.2981],[79.349,10.302],[79.3532,10.2904],[79.3291,10.2861],[79.3175,10.2718],[79.299,10.2645],[79.2728,10.2326],[79.272,10.2261],[79.2779,10.2199],[79.2761,10.2103],[79.2424,10.1783],[79.2288,10.145],[79.2331,10.1242],[79.2269,10.0926],[79.2328,10.0764],[79.245,10.0707],[79.2513,10.0499],[79.2624,10.044],[79.2635,10.0358],[79.2223,10.007],[79.1943,9.9603],[79.167,9.9429],[79.1574,9.9305],[79.1511,9.909],[79.1208,9.8806],[79.1205,9.8517],[79.0904,9.8233],[79.0623,9.7781],[79.0373,9.7606],[78.9876,9.7073],[78.9742,9.6651],[78.9547,9.6257],[78.9253,9.5864],[78.9188,9.5646],[78.9155,9.4996],[78.901,9.4921],[78.8946,9.4786],[78.9004,9.4567],[78.9297,9.4164],[78.9876,9.3542],[79.0518,9.3],[79.0633,9.2947],[79.0849,9.2963],[79.0983,9.2895],[79.121,9.2931],[79.1553,9.2857],[79.1866,9.2875],[79.1917,9.2859],[79.1883,9.2809],[79.0824,9.2592],[78.9878,9.2752],[78.9659,9.2745],[78.9262,9.2652],[78.9049,9.2482],[78.8776,9.2566],[78.8565,9.2519],[78.7767,9.222],[78.725,9.2088],[78.7208,9.1873],[78.686,9.1954],[78.6577,9.1875],[78.6457,9.175],[78.6507,9.1554],[78.6303,9.1565],[78.6002,9.1475],[78.5753,9.1282],[78.5282,9.1361],[78.4914,9.1291],[78.4773,9.1306],[78.4223,9.1134],[78.3476,9.0647],[78.3406,9.0553],[78.3092,9.0387],[78.3053,9.0276],[78.2922,9.0216],[78.285,9.0241],[78.2748,9.0108],[78.2594,9.0261],[78.2422,9.0346],[78.2235,9.0327],[78.2134,9.048],[78.2106,9.0403],[78.2163,9.0286],[78.2449,9.0283],[78.2612,9.0159],[78.2678,9.0008],[78.2125,8.9616],[78.1916,8.9285],[78.183,8.8965],[78.1721,8.8804],[78.1654,8.7584],[78.1753,8.7664],[78.1901,8.7618],[78.1982,8.7652],[78.196,8.7831],[78.1993,8.7879],[78.2059,8.7669],[78.1939,8.7449],[78.1851,8.7517],[78.1699,8.7435],[78.1589,8.7138],[78.141,8.6929],[78.1263,8.6352],[78.1418,8.5908],[78.1348,8.5528],[78.1241,8.5295],[78.133,8.4924],[78.0672,8.4163],[78.0599,8.381],[78.0673,8.3713],[77.9768,8.3359],[77.9478,8.306],[77.9095,8.2906],[77.8848,8.2674],[77.8144,8.2462],[77.7869,8.2257],[77.7838,8.2189],[77.7869,8.2031],[77.7809,8.1966],[77.7658,8.1926],[77.7531,8.1785],[77.7343,8.1677],[77.673,8.1563],[77.6554,8.1591],[77.5892,8.1413],[77.5631,8.1217],[77.5587,8.1068],[77.5658,8.0902],[77.5529,8.0778],[77.5046,8.08],[77.4548,8.0891],[77.3924,8.1065],[77.3586,8.1239],[77.3175,8.1214],[77.3104,8.126],[77.297,8.1498],[77.2768,8.164],[77.2505,8.1702],[77.2385,8.1779],[77.2274,8.1953],[77.1871,8.2198],[77.1684,8.2407],[77.1284,8.2659],[77.1001,8.2914],[77.1086,8.305],[77.1239,8.3093],[77.1201,8.3193],[77.1412,8.3307],[77.1691,8.3298],[77.179,8.3204],[77.1704,8.3388],[77.1761,8.3531],[77.1738,8.3593],[77.1667,8.3624],[77.155,8.3535],[77.1624,8.3701],[77.1539,8.3864],[77.1598,8.3907],[77.1685,8.3833],[77.1728,8.3853],[77.1989,8.4171],[77.2017,8.4355],[77.2077,8.4428],[77.2286,8.4458],[77.2281,8.4588],[77.2178,8.4684],[77.2053,8.5015],[77.2175,8.5121],[77.2253,8.5126],[77.2415,8.4965],[77.2666,8.5097],[77.2841,8.5458],[77.2704,8.5794],[77.2471,8.6061],[77.2469,8.6212],[77.2373,8.6267],[77.2087,8.6632],[77.206,8.6921],[77.1975,8.7079],[77.1798,8.7234],[77.1733,8.7458],[77.1752,8.749],[77.1808,8.7434],[77.1946,8.7433],[77.2017,8.7565],[77.201,8.7695],[77.2159,8.7661],[77.2203,8.7693],[77.2164,8.7779],[77.2327,8.7842],[77.2354,8.8055],[77.2454,8.8091],[77.265,8.8405],[77.2583,8.86],[77.2594,8.8734],[77.2449,8.8804],[77.2392,8.8967],[77.2239,8.9017],[77.2197,8.9152],[77.225,8.9224],[77.2223,8.9259],[77.2114,8.9304],[77.2023,8.9186],[77.198,8.9242],[77.1976,8.9555],[77.1921,8.9653],[77.1806,8.9708],[77.1757,8.9866],[77.1641,8.9954],[77.1604,9.0063],[77.1514,9.0084],[77.1493,9.0202],[77.164,9.03],[77.1624,9.0357],[77.1708,9.045],[77.1992,9.0451],[77.1973,9.0533],[77.21,9.0736],[77.2068,9.0838],[77.2129,9.097],[77.2264,9.1062],[77.2288,9.115],[77.2472,9.1235],[77.2547,9.1387],[77.2688,9.1518],[77.2653,9.1846],[77.2535,9.188],[77.2566,9.1987],[77.2672,9.1991],[77.2837,9.2177],[77.2763,9.2333],[77.2844,9.2713],[77.2909,9.2721],[77.2835,9.2998],[77.3002,9.3099],[77.3035,9.319],[77.2989,9.3286],[77.3008,9.3365],[77.328,9.337],[77.3263,9.3437],[77.3397,9.3677],[77.3364,9.3852],[77.3424,9.3878],[77.3442,9.3989],[77.3382,9.4148],[77.3511,9.4331],[77.3507,9.4402],[77.3681,9.4589],[77.3801,9.4525],[77.3951,9.46],[77.3939,9.4679],[77.4033,9.4767],[77.4019,9.4955],[77.4127,9.5059],[77.4113,9.5137],[77.4028,9.5161],[77.4031,9.5261],[77.3871,9.518],[77.3668,9.5355],[77.365,9.5554],[77.3542,9.5595],[77.352,9.566],[77.3613,9.5765],[77.357,9.5869],[77.3592,9.5941],[77.3674,9.5973],[77.3569,9.6043],[77.3408,9.5724],[77.3267,9.5795],[77.3267,9.5937],[77.3308,9.5978],[77.3202,9.6022],[77.2908,9.59],[77.2912,9.5856],[77.2708,9.574],[77.2456,9.5849],[77.2385,9.5817],[77.221,9.6012],[77.2122,9.6046],[77.2115,9.613],[77.2015,9.6148],[77.1901,9.606],[77.1673,9.6148],[77.1777,9.6286],[77.181,9.657],[77.1949,9.6692],[77.207,9.695],[77.2052,9.7244],[77.2235,9.7306],[77.2213,9.7464],[77.2276,9.7643],[77.2338,9.769],[77.2258,9.7753],[77.2249,9.7889],[77.2491,9.7975],[77.2422,9.8153],[77.2239,9.8235],[77.2288,9.8475],[77.2387,9.852],[77.2386,9.858],[77.2241,9.8627],[77.214,9.8749],[77.2214,9.8867],[77.2192,9.9033],[77.2317,9.9147],[77.2495,9.9519],[77.2647,9.9516],[77.2762,9.9728],[77.2645,9.9819],[77.2654,9.9905],[77.2598,9.9953],[77.2623,10.0039],[77.2555,10.0092],[77.2627,10.0293],[77.2325,10.0659],[77.2095,10.0825],[77.2023,10.1046],[77.2088,10.1152],[77.2175,10.1126],[77.2394,10.1275],[77.2676,10.1205],[77.2741,10.1282],[77.2717,10.145],[77.2786,10.1889],[77.2839,10.2059],[77.2946,10.2164],[77.2841,10.2335],[77.2696,10.2347],[77.2606,10.2297],[77.2588,10.2543],[77.2645,10.2629],[77.2282,10.3148],[77.2358,10.3493],[77.1764,10.3552],[77.1217,10.3159],[77.1056,10.313],[77.0651,10.2941],[77.0666,10.2885],[77.0594,10.2829],[77.0471,10.2807],[77.0558,10.2706],[77.0519,10.2567],[77.0199,10.2449],[76.984,10.2171],[76.9719,10.2271],[76.9523,10.2295],[76.9408,10.2379],[76.9184,10.233],[76.9116,10.2408],[76.9052,10.2409],[76.8974,10.2633],[76.875,10.2752],[76.8769,10.2982],[76.8634,10.291],[76.8532,10.2917],[76.8512,10.2857],[76.8425,10.2992],[76.8322,10.3033],[76.8381,10.3423],[76.8482,10.3545],[76.8517,10.3678],[76.8279,10.3946],[76.8349,10.4021],[76.8337,10.4115],[76.8272,10.4098],[76.8195,10.423],[76.8295,10.4465],[76.8323,10.4987],[76.8434,10.5327],[76.8364,10.5457],[76.8421,10.5611],[76.8373,10.5696],[76.8415,10.5931],[76.8203,10.6025],[76.8213,10.6123],[76.8149,10.6221],[76.8166,10.6344],[76.8642,10.6321],[76.8845,10.6376],[76.8819,10.6723],[76.8672,10.6834],[76.8867,10.7149],[76.8954,10.7156],[76.892,10.7344],[76.9047,10.7586],[76.9091,10.779],[76.8998,10.8081],[76.8714,10.8079],[76.8639,10.8166],[76.8517,10.8158],[76.8484,10.8236],[76.8564,10.8346],[76.8286,10.8698],[76.7962,10.8794],[76.7839,10.8896],[76.7728,10.8877],[76.7547,10.8928],[76.7434,10.8888],[76.711,10.9086],[76.6853,10.9141],[76.6595,10.9318],[76.6577,10.9366],[76.6676,10.9463],[76.6708,10.9681],[76.6881,10.9874],[76.6901,11.0071],[76.7007,11.0252],[76.7168,11.0391],[76.7675,11.0325],[76.7924,11.0369],[76.803,11.0503],[76.8005,11.0576],[76.786,11.0422],[76.7777,11.0401],[76.7652,11.0471],[76.7615,11.0546],[76.7475,11.0553],[76.7448,11.0717],[76.7584,11.083],[76.756,11.0918],[76.7489,11.0918],[76.7444,11.1012],[76.7508,11.1177],[76.7489,11.1291],[76.7451,11.1329],[76.7324,11.1303],[76.7199,11.148],[76.713,11.1495],[76.7137,11.1397],[76.7067,11.1404],[76.7012,11.1522],[76.696,11.1654],[76.699,11.1728],[76.7164,11.1874],[76.7237,11.1858],[76.7312,11.1923],[76.7279,11.2061],[76.7355,11.2167],[76.7068,11.239],[76.6891,11.2347],[76.6879,11.2265],[76.678,11.2183],[76.6327,11.1932],[76.6029,11.205],[76.5305,11.1976],[76.5152,11.2093],[76.4968,11.21],[76.4749,11.206],[76.4756,11.1933],[76.4618,11.1874],[76.447,11.2017],[76.4518,11.2073],[76.4553,11.2376],[76.5226,11.2693],[76.531,11.2885],[76.5493,11.2997],[76.5395,11.3031],[76.5376,11.3108],[76.5488,11.3283],[76.5472,11.3589],[76.5184,11.3539],[76.5189,11.3684],[76.457,11.3886],[76.4166,11.4219],[76.4187,11.4406],[76.3989,11.435],[76.3696,11.4549],[76.3417,11.4656],[76.3289,11.4516],[76.3058,11.4657],[76.2969,11.4631],[76.2919,11.4692],[76.2955,11.4728],[76.2858,11.4813],[76.2738,11.4754],[76.2656,11.4799],[76.2477,11.4663],[76.2523,11.501],[76.2407,11.5254],[76.2505,11.5309],[76.25,11.5355],[76.2331,11.5711],[76.2784,11.5996],[76.2855,11.5903],[76.2982,11.5873],[76.3014,11.5718],[76.3055,11.5711],[76.3363,11.5954],[76.3433,11.5852],[76.3579,11.5896],[76.3786,11.6004],[76.3879,11.6294],[76.4328,11.6303],[76.4436,11.6447],[76.4314,11.6663],[76.4594,11.6622],[76.4817,11.6852],[76.4818,11.6913],[76.4934,11.6895],[76.5123,11.7052],[76.5487,11.6778],[76.5621,11.6202],[76.5686,11.6174],[76.5834,11.6131],[76.5895,11.6168],[76.6166,11.6078],[76.7446,11.6129],[76.7554,11.6182],[76.8259,11.6051],[76.843,11.5949],[76.8468,11.5824],[76.8604,11.6098],[76.8477,11.6237],[76.8483,11.6313],[76.8391,11.6372],[76.8378,11.652],[76.8651,11.7022],[76.8629,11.7067],[76.8902,11.7325],[76.8978,11.7584],[76.8973,11.7738],[76.909,11.7912],[76.9452,11.7848],[76.9539,11.7894],[76.9691,11.7733],[76.9844,11.7991],[76.9823,11.8092],[77.014,11.8112],[77.0185,11.8051],[77.0324,11.8032],[77.0414,11.7922],[77.0321,11.7729],[77.0373,11.7699],[77.051,11.7858],[77.0664,11.7854],[77.0717,11.7803],[77.0599,11.766],[77.0838,11.7379],[77.0816,11.7333],[77.1063,11.7315],[77.1194,11.7212],[77.1128,11.7715],[77.1375,11.7694],[77.1473,11.7804],[77.1761,11.7827],[77.1999,11.7914],[77.2374,11.7924],[77.2474,11.7968],[77.2521,11.8111],[77.2888,11.7985],[77.2953,11.8071],[77.3368,11.7678],[77.3564,11.773],[77.3702,11.7877],[77.3927,11.7851],[77.4234,11.7713],[77.4244,11.7602],[77.4302,11.7598],[77.4316,11.7694],[77.4518,11.8004],[77.4534,11.8156],[77.4672,11.8482],[77.4618,11.8534],[77.466,11.8763],[77.4636,11.8976],[77.4813,11.8927],[77.4878,11.8852],[77.4951,11.9415],[77.5345,11.9307],[77.5589,11.94],[77.5843,11.9333],[77.5968,11.9388],[77.6024,11.9357],[77.6546,11.9536],[77.658,11.9482],[77.6759,11.9492],[77.6749,11.9625],[77.7006,12.0195],[77.7268,12.058],[77.7573,12.0789],[77.7675,12.1016],[77.7776,12.1106],[77.7782,12.1188],[77.7513,12.1388],[77.7501,12.1574],[77.7304,12.181],[77.7121,12.182],[77.6662,12.1971],[77.6396,12.1956],[77.6147,12.2044],[77.5663,12.1962],[77.5489,12.2035],[77.5216,12.193],[77.4927,12.1991],[77.4758,12.2112],[77.4838,12.2338],[77.473,12.2446],[77.4736,12.2529],[77.4803,12.2707],[77.4885,12.2785],[77.5007,12.282],[77.5122,12.2752],[77.5285,12.2785],[77.5337,12.29],[77.5529,12.2927],[77.5554,12.3017],[77.5663,12.3062],[77.5788,12.3332],[77.5964,12.3454],[77.6014,12.3583],[77.6141,12.3628],[77.6166,12.3693],[77.6235,12.4069],[77.6303,12.4175],[77.6283,12.4522],[77.6353,12.4863],[77.6273,12.4945],[77.6067,12.4736],[77.5853,12.4773],[77.6163,12.5088],[77.6152,12.5123],[77.5884,12.5159],[77.5798,12.5668],[77.5912,12.5931],[77.5918,12.6139],[77.6076,12.6299],[77.5976,12.6515],[77.6,12.6663],[77.6641,12.6831],[77.6801,12.6802],[77.6757,12.6733],[77.6791,12.6709],[77.6777,12.6596],[77.6883,12.658],[77.7054,12.6603],[77.7117,12.6673],[77.7137,12.6828],[77.7241,12.6793],[77.7253,12.6721],[77.7414,12.6731],[77.7432,12.681],[77.7372,12.6919],[77.7435,12.7006],[77.7603,12.6963],[77.773,12.7236],[77.7616,12.7275],[77.763,12.7342],[77.7929,12.7479],[77.7949,12.7542],[77.7838,12.7602],[77.7816,12.7689],[77.7979,12.7904],[77.8094,12.796],[77.8013,12.8054],[77.8043,12.8149],[77.8106,12.8147],[77.8109,12.8299],[77.7979,12.8327],[77.7947,12.8429],[77.8018,12.8489],[77.8097,12.8469],[77.8235,12.8531],[77.8355,12.8681],[77.8923,12.8676],[77.8975,12.8761],[77.9344,12.8871],[77.9388,12.8807],[77.9285,12.8782],[77.9298,12.8728],[77.9437,12.871],[77.9446,12.8654],[77.9255,12.8536],[77.9206,12.829],[77.9432,12.8223],[77.9501,12.8387],[77.9436,12.8541],[77.9557,12.8587],[77.9571,12.8475],[77.9682,12.8457],[77.9677,12.8309],[77.9816,12.8321],[77.9917,12.8199],[77.9918,12.8051],[78.0119,12.805],[78.016,12.8128],[78.0037,12.8232],[78.0175,12.8296],[78.0194,12.8432],[78.0272,12.8431],[78.0253,12.8554],[78.0504,12.8478],[78.0572,12.852],[78.0619,12.8419],[78.0751,12.8398],[78.0765,12.8286],[78.0867,12.8302],[78.0971,12.813],[78.1252,12.7969],[78.1314,12.7798],[78.1473,12.779],[78.169,12.7701],[78.177,12.7749],[78.1896,12.7699],[78.1948,12.7726],[78.2099,12.7651],[78.2316,12.7626],[78.2383,12.7253],[78.2314,12.7134],[78.2071,12.7067],[78.2104,12.7],[78.2009,12.6914],[78.2112,12.6857],[78.2392,12.684],[78.2386,12.6994],[78.2438,12.7039],[78.2756,12.702],[78.3018,12.6632],[78.3201,12.6603],[78.3338,12.6476],[78.3408,12.6488],[78.3799,12.6223],[78.4114,12.6239],[78.43,12.6312],[78.4366,12.6255],[78.4592,12.6272],[78.4665,12.6227],[78.4747,12.6461],[78.4693,12.6729],[78.4858,12.6699],[78.5003,12.6741],[78.5088,12.6872],[78.498,12.7012],[78.5047,12.7044],[78.5051,12.7142],[78.5156,12.704],[78.5215,12.7095],[78.5207,12.7156],[78.5053,12.7219],[78.496,12.7337],[78.4912,12.7407],[78.4959,12.7454],[78.5059,12.741],[78.5152,12.7241],[78.5191,12.7238],[78.5226,12.7324],[78.524,12.7187],[78.5381,12.712],[78.5373,12.7055],[78.5326,12.7079],[78.5303,12.7031],[78.5361,12.6905],[78.5595,12.6964],[78.5569,12.7034],[78.564,12.7079],[78.5572,12.7182],[78.5657,12.7369],[78.5574,12.7394],[78.562,12.7495],[78.5572,12.7547],[78.5786,12.7629],[78.5774,12.7698],[78.5936,12.7816],[78.5942,12.7961],[78.6014,12.8033],[78.5999,12.8156],[78.6093,12.8219],[78.6032,12.8493],[78.616,12.8682],[78.6175,12.8845],[78.6372,12.9299],[78.649,12.9267],[78.6583,12.9298],[78.6405,12.9638],[78.6494,12.9651],[78.625,12.9895],[78.6487,13.0075],[78.6625,13.0286],[78.7053,13.0152],[78.7139,13.0669],[78.7575,13.0563],[78.7891,13.0641],[78.8197,13.0889],[78.8439,13.0806],[78.87,13.0821],[78.8764,13.0958],[78.8877,13.0973],[78.8952,13.0931],[78.8937,13.031],[78.9278,13.0343],[78.9365,13.0299],[78.9405,13.0327],[78.9292,13.0438],[78.9053,13.0463],[78.9127,13.0633],[78.9205,13.0617],[78.9262,13.079],[78.9419,13.0772],[78.9484,13.0812],[78.9577,13.0748],[78.9914,13.0878],[79.0123,13.0693],[79.0348,13.0678],[79.0379,13.061],[79.0653,13.0495],[79.0661,13.0397],[79.0812,13.0257],[79.0949,13.0241],[79.1165,13.0359],[79.1314,13.0343],[79.165,13.0191],[79.1854,13.0311],[79.1888,13.0501],[79.1845,13.0555],[79.1869,13.0615],[79.1816,13.0648],[79.1913,13.0719],[79.2011,13.0964],[79.2055,13.1015],[79.2196,13.1032],[79.2305,13.1157],[79.2346,13.1278],[79.2268,13.1394],[79.2304,13.1473],[79.2489,13.1386],[79.2555,13.1452],[79.2594,13.1599],[79.2687,13.1484],[79.2796,13.1531],[79.2861,13.1328],[79.2972,13.1348],[79.3111,13.1268],[79.3098,13.1094],[79.3203,13.1089],[79.329,13.1314],[79.343,13.1333],[79.3476,13.1395],[79.3567,13.1356],[79.3669,13.1418],[79.3591,13.1469],[79.36,13.175],[79.3735,13.1681],[79.3831,13.1806],[79.3813,13.1883],[79.3907,13.1945],[79.4361,13.1996],[79.4339,13.2207],[79.4578,13.2289],[79.4548,13.2413],[79.4484,13.2419],[79.4305,13.2306],[79.4293,13.2243],[79.4231,13.2242],[79.4209,13.2588],[79.4312,13.2784],[79.4305,13.2866],[79.4372,13.2934],[79.4339,13.2987],[79.4176,13.2974],[79.3867,13.3149],[79.441,13.3355],[79.4915,13.3336],[79.4994,13.3287],[79.535,13.3281],[79.5481,13.3233],[79.5538,13.2912],[79.5611,13.2794],[79.5778,13.2618],[79.5927,13.2578],[79.5979,13.2595],[79.6011,13.2728],[79.6136,13.2802],[79.6332,13.2714],[79.642,13.2734],[79.645,13.286],[79.6509,13.2887],[79.6659,13.2871],[79.6751,13.2807],[79.681,13.2945],[79.6969,13.2693],[79.6863,13.2596],[79.6859,13.2421],[79.6933,13.241],[79.7045,13.2512],[79.7086,13.2466],[79.7014,13.2201],[79.7123,13.2154],[79.7284,13.2271],[79.7312,13.2353],[79.7355,13.2346],[79.7452,13.2277],[79.751,13.2111],[79.7571,13.2077],[79.7645,13.2176],[79.7863,13.2304],[79.796,13.2308],[79.7976,13.2364],[79.7881,13.247],[79.7654,13.2565],[79.7344,13.2784],[79.7339,13.2849],[79.7587,13.2927],[79.7666,13.3155],[79.7924,13.2949],[79.7999,13.2974],[79.8129,13.3171],[79.8638,13.3163],[79.8715,13.3266],[79.8832,13.3247],[79.9045,13.3376],[79.9233,13.3567],[79.9382,13.349],[79.9527,13.3711],[79.9524,13.3821],[79.9607,13.3802],[79.9662,13.3871],[79.9629,13.395],[79.9482,13.3978],[79.9451,13.4173],[79.9485,13.4225],[79.9634,13.4211],[79.9758,13.4309],[79.9744,13.4642],[79.982,13.4697],[79.986,13.4805],[80.0184,13.5007],[80.0486,13.4975],[80.0495,13.5124],[80.0453,13.5149],[80.0261,13.5169],[80.0187,13.528],[80.0026,13.523],[80.0021,13.5396],[80.0202,13.5453],[80.03,13.5381],[80.0579,13.535],[80.0635,13.5435],[80.0819,13.5506],[80.0896,13.537],[80.08,13.5257],[80.0805,13.4911],[80.1108,13.4919],[80.1133,13.5081],[80.1262,13.5073],[80.1469,13.5036],[80.1477,13.4944],[80.2109,13.4844],[80.2156,13.4875],[80.2418,13.468],[80.2649,13.5604],[80.2697,13.5632],[80.284,13.5341],[80.3018,13.4756],[80.3188,13.4565],[80.3174,13.4501],[80.3102,13.4504],[80.3137,13.4387],[80.3109,13.4323],[80.289,13.4403],[80.2809,13.428],[80.2929,13.4157],[80.287,13.412],[80.2889,13.4028],[80.3061,13.3972],[80.3251,13.3832],[80.3295,13.3902],[80.3244,13.4355],[80.3257,13.4399],[80.3293,13.4385],[80.3463,13.2934],[80.2977,13.1255],[80.3057,13.0947],[80.2874,13.0632],[80.2602,12.9373],[80.2468,12.8006],[80.2555,12.7814],[80.2539,12.7669],[80.2075,12.6423],[80.1821,12.556],[80.1638,12.5172],[80.1624,12.4707],[80.1493,12.4696],[80.1499,12.4594],[80.1404,12.4577],[80.1489,12.4482],[80.1311,12.4471],[80.1382,12.4325],[80.0607,12.3398],[80.0191,12.2821],[79.9904,12.2275],[79.8946,12.081],[79.875,12.0433],[79.85,12.0502],[79.8409,12.0132],[79.8579,12.0046],[79.8405,11.9546],[79.8261,11.9571],[79.8196,11.9776],[79.8148,11.9788],[79.8075,11.9715],[79.8026,11.9529],[79.7938,11.9609],[79.7868,11.9608],[79.7793,11.949],[79.7629,11.9433],[79.7626,11.9296],[79.752,11.9216],[79.7486,11.9616],[79.7294,11.9695],[79.7306,11.9817],[79.7419,11.9768],[79.7574,11.9814],[79.7674,11.9905],[79.7646,12.0005],[79.7496,12.0086],[79.7399,11.9922],[79.7207,11.9916],[79.7056,12.0105],[79.7064,12.0316],[79.6938,12.0334],[79.6913,12.027],[79.678,12.0205],[79.6741,12.011],[79.6621,12.0113],[79.659,11.9873],[79.6745,11.9912],[79.6802,11.9817],[79.686,11.9889],[79.714,11.9863],[79.7102,11.9753],[79.7165,11.9664],[79.6981,11.9607],[79.6931,11.9508],[79.7128,11.931],[79.7096,11.9456],[79.721,11.943],[79.7191,11.9273],[79.74,11.9059],[79.7311,11.9011],[79.7305,11.8894],[79.7066,11.8927],[79.7067,11.9121],[79.7176,11.9128],[79.7176,11.9168],[79.6979,11.919],[79.6949,11.8936],[79.6838,11.8889],[79.6754,11.8916],[79.6741,11.8799],[79.6955,11.8849]],[[79.6426,11.8861],[79.6367,11.8867],[79.6362,11.8805],[79.6293,11.8821],[79.6314,11.8881],[79.6228,11.8901],[79.6085,11.8773],[79.602,11.8826],[79.6024,11.8565],[79.6124,11.8624],[79.6197,11.8604],[79.6196,11.8676],[79.629,11.8672],[79.6268,11.8524],[79.6558,11.8516],[79.6643,11.8603],[79.6629,11.8668],[79.6492,11.8703],[79.6499,11.8803],[79.6421,11.8809],[79.6426,11.8861]],[[79.642,11.9047],[79.656,11.9073],[79.6568,11.9129],[79.6627,11.9113],[79.6614,11.9161],[79.6725,11.9147],[79.6713,11.9328],[79.6613,11.9375],[79.6582,11.9479],[79.6454,11.942],[79.6432,11.9464],[79.6437,11.9533],[79.6488,11.9532],[79.6485,11.9665],[79.6379,11.9771],[79.6405,11.9902],[79.6366,11.9964],[79.6487,12.006],[79.6543,12.0238],[79.6508,12.0279],[79.6277,12.0304],[79.6294,12.0208],[79.6223,12.0143],[79.6197,12.0004],[79.6275,11.9981],[79.625,11.988],[79.619,11.9873],[79.6272,11.9753],[79.6184,11.9701],[79.6285,11.968],[79.6294,11.9441],[79.6205,11.9441],[79.6201,11.9244],[79.6292,11.9195],[79.6265,11.9024],[79.6418,11.9012],[79.642,11.9047]],[[79.68,11.9723],[79.6785,11.9672],[79.6625,11.9682],[79.6611,11.9574],[79.6544,11.9585],[79.6553,11.9536],[79.6718,11.9475],[79.6849,11.9531],[79.6889,11.9719],[79.68,11.9723]],[[79.7931,12.0173],[79.8034,12.0169],[79.8071,12.0242],[79.7915,12.027],[79.7931,12.0173]],[[79.6463,11.8162],[79.67,11.8149],[79.6708,11.8228],[79.6601,11.8263],[79.6613,11.8387],[79.6488,11.8436],[79.6409,11.8227],[79.6463,11.8162]],[[79.6939,11.8211],[79.6933,11.8127],[79.704,11.8121],[79.7017,11.8202],[79.6939,11.8211]],[[79.6817,11.8125],[79.676,11.8137],[79.6757,11.8015],[79.6905,11.8027],[79.6883,11.8118],[79.6817,11.8125]],[[79.2593,11.3884],[79.258,11.3877],[79.2593,11.3884],[79.2593,11.3884]],[[79.4348,11.3403],[79.4369,11.34],[79.4348,11.3403],[79.4348,11.3403]],[[79.4978,11.2571],[79.4962,11.248],[79.4978,11.2571],[79.4978,11.2571]]]]}},{"type":"Feature","properties":{"ST_NM":"Telangana"},"geometry":{"type":"Polygon","coordinates":[[[78.3409,19.8836],[78.3888,19.8797],[78.3906,19.8532],[78.4024,19.8369],[78.4334,19.8237],[78.481,19.817],[78.4988,19.7939],[78.5086,19.7931],[78.5173,19.815],[78.5312,19.8224],[78.59,19.8124],[78.6087,19.8183],[78.6403,19.8046],[78.7011,19.7906],[78.7217,19.7678],[78.7436,19.7804],[78.7685,19.7766],[78.7785,19.7804],[78.7902,19.7798],[78.813,19.7591],[78.8437,19.7632],[78.851,19.7594],[78.8623,19.7325],[78.8694,19.6879],[78.8642,19.6576],[78.8965,19.6566],[78.9214,19.669],[78.9405,19.6635],[78.9598,19.6648],[78.9745,19.6506],[78.9684,19.6188],[78.9712,19.606],[78.9861,19.5866],[78.9551,19.559],[78.9601,19.5534],[78.9841,19.5525],[78.9985,19.5636],[79.024,19.5416],[79.0572,19.5469],[79.0691,19.5329],[79.1086,19.5297],[79.1105,19.5145],[79.1461,19.5029],[79.1837,19.4626],[79.1949,19.4606],[79.2289,19.4697],[79.2128,19.4936],[79.2216,19.5125],[79.2426,19.5287],[79.2457,19.5613],[79.256,19.5795],[79.2546,19.5887],[79.2436,19.6013],[79.243,19.6112],[79.2498,19.6143],[79.3108,19.592],[79.3203,19.5674],[79.3357,19.5756],[79.3751,19.5732],[79.3773,19.5635],[79.4198,19.5355],[79.4474,19.5356],[79.4644,19.5211],[79.4767,19.4996],[79.5197,19.5203],[79.5213,19.5441],[79.549,19.5507],[79.5588,19.5223],[79.589,19.5053],[79.6044,19.5061],[79.6222,19.5609],[79.6461,19.5773],[79.7194,19.5857],[79.7468,19.6055],[79.792,19.596],[79.7998,19.5825],[79.8232,19.5715],[79.8348,19.5395],[79.8768,19.5076],[79.9177,19.495],[79.9469,19.4673],[79.9517,19.4616],[79.9525,19.4436],[79.9798,19.404],[79.9713,19.3537],[79.9639,19.3376],[79.9686,19.3006],[79.952,19.2872],[79.9269,19.2296],[79.9293,19.2066],[79.95,19.1739],[79.9475,19.1677],[79.9329,19.1642],[79.9128,19.1451],[79.878,19.126],[79.8648,19.1074],[79.8664,19.038],[79.8977,19.0489],[79.923,19.0508],[79.9328,19.046],[79.9414,19.0252],[79.9382,18.9784],[79.9479,18.9413],[79.9459,18.8627],[79.9325,18.8414],[79.9009,18.8346],[79.9161,18.8105],[79.939,18.7883],[80.0194,18.7708],[80.0258,18.7551],[80.04,18.7506],[80.0535,18.7251],[80.069,18.7207],[80.118,18.6805],[80.1653,18.7003],[80.1782,18.6818],[80.1962,18.68],[80.2092,18.7019],[80.2216,18.7056],[80.2326,18.7006],[80.254,18.7058],[80.2748,18.7224],[80.2852,18.7155],[80.3037,18.6902],[80.3267,18.6264],[80.3389,18.6014],[80.3493,18.5912],[80.3603,18.5957],[80.37,18.6085],[80.378,18.6079],[80.389,18.5984],[80.4007,18.6078],[80.4235,18.6136],[80.4577,18.6312],[80.4753,18.6277],[80.491,18.633],[80.5057,18.6226],[80.5182,18.6206],[80.5396,18.5911],[80.5654,18.5779],[80.5756,18.5666],[80.6032,18.5543],[80.6215,18.5313],[80.6404,18.5242],[80.6423,18.504],[80.6585,18.4777],[80.7067,18.4416],[80.6988,18.4249],[80.7208,18.4113],[80.7344,18.4146],[80.7366,18.4094],[80.7241,18.3886],[80.7321,18.3777],[80.7342,18.356],[80.7508,18.328],[80.7525,18.308],[80.7854,18.2657],[80.7961,18.2601],[80.7922,18.2493],[80.7412,18.2248],[80.7425,18.1778],[80.753,18.1709],[80.7704,18.1691],[80.8059,18.1725],[80.8259,18.1933],[80.8252,18.2313],[80.8269,18.2371],[80.8376,18.2402],[80.8476,18.2342],[80.8671,18.2321],[80.8755,18.2135],[80.8693,18.2049],[80.8562,18.2039],[80.8638,18.1492],[80.8701,18.139],[80.9088,18.1411],[80.9401,18.1558],[80.9623,18.1734],[80.9818,18.1746],[80.9807,18.15],[80.9575,18.1297],[80.958,18.1048],[80.9521,18.0876],[80.9742,18.0501],[80.9705,18.0382],[80.9929,17.9298],[81.0026,17.9212],[81.0127,17.8454],[81.0209,17.8238],[81.0408,17.7969],[81.0644,17.7901],[81.082,17.7936],[81.0975,17.8181],[81.168,17.8599],[81.2004,17.8544],[81.2718,17.818],[81.3345,17.82],[81.3926,17.8112],[81.4028,17.8158],[81.4178,17.8126],[81.428,17.8283],[81.4461,17.823],[81.4754,17.8327],[81.4873,17.8125],[81.4944,17.8105],[81.5625,17.8243],[81.5773,17.8358],[81.6083,17.8234],[81.6197,17.8234],[81.6514,17.8473],[81.6576,17.8704],[81.6716,17.8849],[81.6863,17.8855],[81.6968,17.8928],[81.7065,17.8835],[81.7118,17.8692],[81.7669,17.9014],[81.7961,17.8707],[81.803,17.8523],[81.791,17.8402],[81.7726,17.8381],[81.7616,17.8265],[81.7475,17.8298],[81.732,17.8234],[81.7126,17.8077],[81.7069,17.7927],[81.6934,17.7787],[81.6317,17.7709],[81.6178,17.7518],[81.5853,17.7342],[81.5798,17.6961],[81.5689,17.6848],[81.5429,17.6387],[81.5206,17.6181],[81.5117,17.5982],[81.5325,17.5781],[81.5082,17.5399],[81.5023,17.4574],[81.4425,17.3835],[81.429,17.3808],[81.4245,17.3702],[81.3941,17.3637],[81.3587,17.377],[81.3521,17.3842],[81.3518,17.3939],[81.3335,17.3991],[81.298,17.346],[81.276,17.3285],[81.1991,17.3357],[81.1904,17.3305],[81.1794,17.3048],[81.18,17.2751],[81.1894,17.2631],[81.1717,17.2411],[81.127,17.233],[81.071,17.2125],[81.0554,17.2222],[81.0527,17.2129],[81.035,17.195],[80.994,17.1877],[80.9648,17.1965],[80.9394,17.2132],[80.9141,17.2094],[80.9173,17.1862],[80.9237,17.1781],[80.9221,17.1542],[80.905,17.149],[80.8791,17.1545],[80.8756,17.1328],[80.8639,17.1196],[80.873,17.1041],[80.8653,17.0768],[80.8677,17.0592],[80.8537,17.0412],[80.8414,17.0341],[80.8321,17.0461],[80.7554,17.0631],[80.7345,17.0727],[80.6927,17.0768],[80.6844,17.0693],[80.6483,17.0631],[80.6427,17.0669],[80.6465,17.0799],[80.6654,17.0957],[80.6339,17.1096],[80.6384,17.1179],[80.6125,17.1233],[80.5821,17.143],[80.5688,17.1458],[80.5577,17.1314],[80.528,17.1159],[80.5047,17.1155],[80.4954,17.0906],[80.4908,17.058],[80.4804,17.0459],[80.4615,17.0448],[80.4549,17.0248],[80.4291,17.0326],[80.4229,17.0495],[80.4094,17.0618],[80.4036,17.0851],[80.3827,17.0707],[80.3763,17.0603],[80.3869,17.0418],[80.3864,17.031],[80.3973,17.0218],[80.3965,17.015],[80.3798,17.0035],[80.3783,16.9907],[80.3668,16.9783],[80.4512,16.9528],[80.4965,16.9255],[80.4943,16.935],[80.5,16.9561],[80.5294,16.9444],[80.5405,16.9582],[80.5783,16.935],[80.593,16.9347],[80.5991,16.9198],[80.59,16.905],[80.5956,16.8822],[80.5738,16.8773],[80.5728,16.8508],[80.5635,16.8331],[80.5649,16.8267],[80.5948,16.815],[80.613,16.7962],[80.5782,16.7792],[80.5717,16.7712],[80.5199,16.7783],[80.4984,16.7841],[80.4799,16.7965],[80.4652,16.7982],[80.4614,16.8234],[80.4316,16.8374],[80.4274,16.8504],[80.4084,16.8577],[80.4079,16.8396],[80.3817,16.8191],[80.3673,16.8628],[80.3436,16.8636],[80.346,16.875],[80.3279,16.8788],[80.324,16.9201],[80.3164,16.9315],[80.3099,16.9635],[80.2706,17.0181],[80.2442,17.0098],[80.2263,17.027],[80.2097,17.0205],[80.204,17.0254],[80.2026,17.0498],[80.1905,17.0522],[80.1756,17.0309],[80.1508,17.0088],[80.1422,16.9927],[80.1285,16.9941],[80.1141,16.9886],[80.096,16.9947],[80.0926,16.9705],[80.0542,16.9725],[80.0454,16.9437],[80.0179,16.9145],[80.0,16.8706],[80.0222,16.8603],[80.0415,16.8599],[80.0503,16.8335],[80.0781,16.8212],[80.0601,16.7789],[80.0564,16.7528],[80.0252,16.7195],[80.0,16.7002],[79.9667,16.6497],[79.9511,16.6403],[79.9321,16.6384],[79.9105,16.6454],[79.8993,16.6571],[79.8817,16.6962],[79.8702,16.7056],[79.8186,16.6978],[79.7916,16.7321],[79.7831,16.7367],[79.7587,16.7273],[79.742,16.7052],[79.7309,16.6998],[79.6912,16.6975],[79.6768,16.6911],[79.6562,16.6691],[79.608,16.6703],[79.562,16.6416],[79.5052,16.6375],[79.4585,16.6161],[79.4511,16.6006],[79.4345,16.5894],[79.3411,16.5853],[79.2738,16.5682],[79.2685,16.5531],[79.2382,16.526],[79.233,16.5149],[79.2319,16.4989],[79.2429,16.4775],[79.244,16.4654],[79.2341,16.4594],[79.2268,16.445],[79.2204,16.4006],[79.2193,16.3697],[79.2311,16.3573],[79.2357,16.3438],[79.2378,16.3073],[79.233,16.2572],[79.2267,16.2468],[79.1845,16.2242],[79.1591,16.2317],[79.141,16.2434],[79.0764,16.245],[79.0386,16.2526],[79.0178,16.2473],[79.0001,16.2351],[78.9331,16.2091],[78.9156,16.1978],[78.913,16.1886],[78.9132,16.1717],[78.9285,16.1405],[78.9295,16.1287],[78.9181,16.1121],[78.9088,16.1045],[78.8967,16.1054],[78.8802,16.117],[78.8705,16.1598],[78.8639,16.1653],[78.8453,16.1634],[78.838,16.1488],[78.8478,16.1096],[78.844,16.0941],[78.8213,16.059],[78.7826,16.0304],[78.7464,16.0278],[78.721,16.0333],[78.6823,16.0556],[78.6437,16.0979],[78.6242,16.1053],[78.6106,16.1028],[78.5662,16.0627],[78.4579,16.0872],[78.4124,16.087],[78.391,16.0779],[78.3768,16.0659],[78.3471,16.0588],[78.3229,16.0352],[78.2988,16.0345],[78.2747,16.0407],[78.2632,16.0372],[78.2579,16.0316],[78.2663,16.0007],[78.2445,15.9351],[78.2119,15.9231],[78.1865,15.9064],[78.188,15.8937],[78.1712,15.855],[78.1323,15.8549],[78.1333,15.8409],[78.116,15.8332],[78.07,15.8505],[78.0551,15.8766],[78.0469,15.878],[78.0425,15.9079],[78.035,15.9085],[78.0231,15.9009],[78.008,15.865],[77.979,15.8798],[77.9343,15.8822],[77.8936,15.9015],[77.8728,15.8979],[77.8559,15.8794],[77.8396,15.881],[77.8049,15.8708],[77.7216,15.8919],[77.6979,15.8806],[77.6643,15.8818],[77.6449,15.8883],[77.631,15.9043],[77.6116,15.9169],[77.5936,15.9121],[77.5144,15.9258],[77.5208,15.9624],[77.5104,15.9776],[77.515,16.0071],[77.5066,16.0104],[77.4955,16.0354],[77.5078,16.078],[77.4977,16.0885],[77.5027,16.1019],[77.5142,16.1083],[77.5002,16.1193],[77.4914,16.1204],[77.4928,16.152],[77.4883,16.1632],[77.4996,16.1917],[77.5,16.2176],[77.5159,16.2218],[77.5154,16.2279],[77.4934,16.2289],[77.4922,16.2543],[77.5036,16.2624],[77.5059,16.2723],[77.524,16.2754],[77.5385,16.2672],[77.5479,16.2916],[77.5698,16.3023],[77.5855,16.2907],[77.5951,16.2914],[77.5956,16.3165],[77.5892,16.3326],[77.5964,16.342],[77.5766,16.3405],[77.5592,16.346],[77.5398,16.3574],[77.5235,16.3745],[77.499,16.3801],[77.4425,16.3787],[77.4321,16.3694],[77.4161,16.3669],[77.3774,16.3841],[77.3567,16.3808],[77.3471,16.3839],[77.3368,16.3924],[77.2886,16.407],[77.2683,16.434],[77.2621,16.4513],[77.239,16.472],[77.2427,16.4768],[77.2554,16.4718],[77.296,16.4776],[77.3006,16.4954],[77.3284,16.4849],[77.3704,16.4881],[77.3732,16.5061],[77.3832,16.5148],[77.4048,16.52],[77.4162,16.5179],[77.4195,16.5219],[77.4199,16.548],[77.4057,16.5508],[77.3944,16.5637],[77.3956,16.5692],[77.4215,16.5679],[77.441,16.5852],[77.4685,16.5882],[77.4631,16.5961],[77.4685,16.5992],[77.4679,16.6088],[77.4581,16.6114],[77.4581,16.6178],[77.4756,16.6475],[77.4736,16.6509],[77.4657,16.6528],[77.4483,16.6397],[77.4371,16.6416],[77.4404,16.6465],[77.421,16.6586],[77.4207,16.6667],[77.4413,16.6705],[77.4506,16.6781],[77.4659,16.6763],[77.4693,16.6822],[77.471,16.7158],[77.4496,16.7176],[77.4415,16.7114],[77.4275,16.7183],[77.4394,16.7533],[77.4416,16.7869],[77.4753,16.7829],[77.4759,16.8],[77.4669,16.8083],[77.4607,16.8275],[77.4644,16.8582],[77.4617,16.8829],[77.4563,16.8852],[77.4574,16.9126],[77.4718,16.9207],[77.4681,16.9562],[77.4832,16.9716],[77.4824,16.9938],[77.4873,17.0022],[77.5035,17.0108],[77.4961,17.0251],[77.4959,17.0423],[77.4821,17.0644],[77.4809,17.0796],[77.4642,17.0962],[77.4666,17.1074],[77.4425,17.1179],[77.4376,17.1144],[77.4273,17.1173],[77.4075,17.1265],[77.4026,17.1351],[77.38,17.1411],[77.3791,17.1519],[77.3705,17.1545],[77.3636,17.1648],[77.3686,17.1681],[77.3744,17.1932],[77.3952,17.1955],[77.3972,17.2101],[77.4025,17.2119],[77.3883,17.2161],[77.384,17.2229],[77.4092,17.2405],[77.4187,17.233],[77.4263,17.2563],[77.4583,17.279],[77.4566,17.2897],[77.4378,17.2913],[77.4534,17.3179],[77.4589,17.3409],[77.4601,17.348],[77.4535,17.353],[77.4553,17.3735],[77.4831,17.3726],[77.4762,17.3662],[77.4783,17.3622],[77.503,17.3571],[77.5247,17.3651],[77.5319,17.3752],[77.5341,17.3809],[77.5252,17.3894],[77.5394,17.4071],[77.5145,17.4155],[77.514,17.4302],[77.5374,17.4439],[77.5765,17.4325],[77.5772,17.4572],[77.5999,17.4457],[77.6147,17.4473],[77.615,17.473],[77.6445,17.4791],[77.6483,17.4979],[77.6569,17.5063],[77.6522,17.4842],[77.6882,17.476],[77.6912,17.4946],[77.6898,17.5087],[77.6702,17.513],[77.6607,17.5243],[77.6253,17.5252],[77.6206,17.5323],[77.5957,17.5356],[77.5938,17.5656],[77.5523,17.5523],[77.5405,17.5741],[77.5312,17.576],[77.5054,17.5437],[77.5006,17.5462],[77.4937,17.569],[77.4778,17.5678],[77.4649,17.5797],[77.4435,17.5841],[77.4441,17.6067],[77.4501,17.6099],[77.4568,17.6334],[77.4486,17.651],[77.4539,17.6938],[77.4752,17.7066],[77.4778,17.7039],[77.4847,17.7094],[77.4881,17.7062],[77.4979,17.7186],[77.5091,17.7171],[77.5313,17.7297],[77.5431,17.728],[77.5658,17.7497],[77.5698,17.7667],[77.5582,17.7638],[77.5267,17.7821],[77.5081,17.7851],[77.5145,17.8039],[77.5298,17.8141],[77.5297,17.8293],[77.5474,17.8287],[77.5485,17.8195],[77.5535,17.8205],[77.5672,17.8445],[77.5659,17.8516],[77.5698,17.852],[77.5712,17.8686],[77.5765,17.8752],[77.5815,17.8737],[77.5851,17.8782],[77.6005,17.8729],[77.6016,17.8795],[77.5868,17.9008],[77.5889,17.9106],[77.6204,17.9053],[77.6206,17.9405],[77.6327,17.9509],[77.6276,17.9601],[77.6336,17.9653],[77.6357,17.9559],[77.6479,17.9488],[77.6513,17.9556],[77.6467,17.9597],[77.6481,17.9651],[77.6559,17.9667],[77.6573,17.9717],[77.6475,17.9758],[77.6528,17.9808],[77.65,17.9955],[77.6421,17.9989],[77.6326,17.9948],[77.6253,18.0007],[77.6261,18.007],[77.6138,18.0128],[77.6104,18.0203],[77.596,18.0124],[77.591,18.0156],[77.5887,18.027],[77.5568,18.0369],[77.5557,18.0491],[77.5494,18.0559],[77.5511,18.0658],[77.5603,18.0643],[77.571,18.0784],[77.6012,18.0865],[77.6043,18.1016],[77.5972,18.13],[77.6015,18.1539],[77.583,18.1642],[77.5736,18.1911],[77.5679,18.192],[77.5679,18.2025],[77.578,18.2019],[77.5886,18.2187],[77.5761,18.2425],[77.5851,18.2582],[77.5956,18.2637],[77.6067,18.2799],[77.5742,18.2923],[77.5645,18.285],[77.5535,18.2932],[77.5738,18.31],[77.5705,18.3198],[77.5569,18.333],[77.5308,18.3412],[77.523,18.351],[77.5248,18.3664],[77.5451,18.3869],[77.5528,18.3894],[77.5587,18.4195],[77.5386,18.4228],[77.5294,18.429],[77.5319,18.4421],[77.538,18.444],[77.5637,18.4367],[77.5888,18.4471],[77.5872,18.4552],[77.5533,18.4596],[77.5497,18.465],[77.5742,18.4685],[77.58,18.4854],[77.5943,18.4827],[77.5967,18.4751],[77.6046,18.4759],[77.6064,18.493],[77.5975,18.4955],[77.5898,18.5045],[77.5906,18.5114],[77.605,18.5235],[77.5968,18.5247],[77.6008,18.5491],[77.6144,18.5493],[77.6169,18.544],[77.6199,18.5502],[77.6327,18.5522],[77.638,18.5468],[77.6441,18.5555],[77.6525,18.5542],[77.6559,18.5512],[77.649,18.5379],[77.6613,18.5288],[77.6796,18.543],[77.7161,18.5561],[77.7318,18.5532],[77.7403,18.5565],[77.7519,18.6069],[77.7335,18.6443],[77.737,18.6637],[77.7319,18.6657],[77.7367,18.6775],[77.7533,18.6913],[77.7538,18.6993],[77.7615,18.7086],[77.7682,18.7094],[77.7733,18.6921],[77.7903,18.6857],[77.7904,18.6959],[77.8061,18.7176],[77.8066,18.7308],[77.8414,18.8089],[77.9117,18.831],[77.9329,18.8232],[77.9467,18.8238],[77.9483,18.8438],[77.9338,18.848],[77.9365,18.8524],[77.9287,18.8556],[77.9294,18.8607],[77.9033,18.8693],[77.9027,18.8851],[77.8917,18.8865],[77.8856,18.9099],[77.8606,18.9074],[77.8444,18.9126],[77.8577,18.9535],[77.8344,18.9514],[77.8313,18.9469],[77.8166,18.9507],[77.821,18.9835],[77.791,18.9854],[77.7853,18.9775],[77.7711,18.9825],[77.7691,19.0165],[77.7611,19.0296],[77.7654,19.0631],[77.801,19.0524],[77.7973,19.0722],[77.8051,19.0854],[77.8065,19.103],[77.819,19.1047],[77.8325,19.086],[77.8521,19.0911],[77.8481,19.0971],[77.8491,19.1152],[77.8349,19.1366],[77.8416,19.1393],[77.8531,19.1563],[77.8569,19.1778],[77.8623,19.1817],[77.8484,19.1891],[77.8504,19.1979],[77.8654,19.2272],[77.8713,19.2561],[77.8886,19.2611],[77.9044,19.257],[77.9097,19.2681],[77.9046,19.278],[77.8658,19.2849],[77.8648,19.3029],[77.892,19.3132],[77.8972,19.3219],[77.9098,19.3166],[77.9163,19.3188],[77.9447,19.3433],[77.953,19.3421],[77.981,19.3219],[77.9896,19.3099],[78.0224,19.2973],[78.0371,19.2751],[78.05,19.2719],[78.0554,19.2428],[78.0618,19.2408],[78.0794,19.2476],[78.0866,19.2558],[78.1037,19.2466],[78.1311,19.2475],[78.1542,19.2312],[78.1745,19.2375],[78.1878,19.2427],[78.1909,19.2505],[78.1876,19.2801],[78.1977,19.304],[78.2016,19.3328],[78.1916,19.3396],[78.1841,19.354],[78.192,19.3966],[78.1866,19.4127],[78.2026,19.4084],[78.2288,19.435],[78.2566,19.431],[78.2778,19.4548],[78.3019,19.4498],[78.3136,19.4574],[78.3147,19.4874],[78.304,19.505],[78.2996,19.5382],[78.2837,19.559],[78.3011,19.5592],[78.3045,19.5676],[78.3158,19.5726],[78.3156,19.605],[78.2921,19.6552],[78.2743,19.6638],[78.2904,19.6903],[78.3207,19.6912],[78.3273,19.7043],[78.3499,19.7142],[78.3501,19.7351],[78.3579,19.7384],[78.3655,19.7546],[78.3717,19.7951],[78.3652,19.8063],[78.3438,19.814],[78.3406,19.8192],[78.346,19.8334],[78.3436,19.8397],[78.2987,19.85],[78.3148,19.9131],[78.333,19.9165],[78.3397,19.9105],[78.3392,19.9047],[78.3276,19.8954],[78.3409,19.8836]]]}},{"type":"Feature","properties":{"ST_NM":"Tripura"},"geometry":{"type":"Polygon","coordinates":[[[92.2211,24.5013],[92.2334,24.5017],[92.2396,24.4882],[92.2304,24.4783],[92.2312,24.4586],[92.2362,24.4485],[92.2566,24.4345],[92.256,24.4172],[92.2642,24.3958],[92.2731,24.3867],[92.2681,24.3655],[92.2128,24.2476],[92.2965,24.2499],[92.2975,24.2254],[92.3007,24.2202],[92.3136,24.2211],[92.3096,24.213],[92.3244,24.2039],[92.32,24.2007],[92.3292,24.1893],[92.3283,24.1643],[92.3366,24.1449],[92.328,24.1368],[92.3321,24.105],[92.328,24.0968],[92.3312,24.0969],[92.3287,24.0803],[92.3225,24.0757],[92.327,24.0727],[92.3165,24.065],[92.3214,24.0569],[92.3149,24.0469],[92.3172,24.0377],[92.3138,24.0329],[92.319,24.0295],[92.3163,24.0262],[92.3213,24.017],[92.3168,24.0158],[92.3271,24.0024],[92.3286,23.9879],[92.3217,23.9735],[92.3122,23.9685],[92.311,23.9588],[92.313,23.9328],[92.3292,23.9213],[92.33,23.9058],[92.3225,23.9024],[92.3158,23.8815],[92.3216,23.872],[92.3197,23.8641],[92.3094,23.8609],[92.2946,23.8638],[92.2915,23.8698],[92.2848,23.8557],[92.2761,23.8513],[92.2735,23.84],[92.2863,23.8151],[92.2589,23.8134],[92.2673,23.7684],[92.2685,23.7244],[92.2541,23.7221],[92.244,23.71],[92.2467,23.696],[92.2376,23.6837],[92.2385,23.6704],[92.2244,23.6529],[92.2154,23.6543],[92.2119,23.6612],[92.2177,23.6857],[92.2084,23.7049],[92.1814,23.7081],[92.1772,23.7378],[92.1546,23.734],[92.1462,23.7284],[92.1367,23.7073],[92.1068,23.6765],[92.0898,23.6764],[92.0772,23.6455],[92.0421,23.6477],[92.0124,23.6631],[91.9839,23.7307],[91.9709,23.7347],[91.9564,23.728],[91.9535,23.7134],[91.9616,23.698],[91.9407,23.6879],[91.9404,23.6643],[91.9495,23.6463],[91.9482,23.6267],[91.9597,23.605],[91.9567,23.5709],[91.967,23.5382],[91.9618,23.5188],[91.971,23.5119],[91.9787,23.4822],[91.9468,23.4707],[91.9432,23.4614],[91.9461,23.439],[91.9425,23.4357],[91.912,23.4393],[91.8926,23.4335],[91.8667,23.4076],[91.8526,23.4053],[91.8429,23.3973],[91.8414,23.3735],[91.8247,23.3484],[91.8094,23.3374],[91.8023,23.3181],[91.7885,23.3065],[91.7778,23.2764],[91.7785,23.2512],[91.7916,23.2313],[91.7931,23.2009],[91.8054,23.1799],[91.819,23.1032],[91.8213,23.0993],[91.834,23.1004],[91.8353,23.0958],[91.8165,23.0821],[91.8203,23.0783],[91.8109,23.0695],[91.7961,23.0686],[91.7876,23.0739],[91.779,23.0699],[91.7773,23.0639],[91.7857,23.0428],[91.7807,23.0334],[91.774,23.041],[91.7269,22.9943],[91.7158,22.9876],[91.6966,22.99],[91.6746,22.9789],[91.6596,22.9805],[91.6386,22.9687],[91.6215,22.9442],[91.6169,22.9444],[91.6051,22.9701],[91.5954,22.977],[91.5792,22.97],[91.5582,22.9818],[91.5588,23.0022],[91.5487,22.9948],[91.5459,22.9977],[91.5497,23.017],[91.5435,23.0242],[91.5517,23.0392],[91.5372,23.0397],[91.5386,23.0572],[91.5302,23.0616],[91.5357,23.0693],[91.5293,23.0824],[91.5337,23.0897],[91.527,23.0924],[91.5177,23.1073],[91.5172,23.1228],[91.5079,23.1273],[91.507,23.1325],[91.5178,23.1442],[91.494,23.1559],[91.497,23.1801],[91.5075,23.1864],[91.4773,23.1938],[91.4755,23.1983],[91.4877,23.2049],[91.4854,23.2139],[91.4828,23.2189],[91.4639,23.2161],[91.4584,23.2201],[91.4707,23.2325],[91.4628,23.2464],[91.4547,23.247],[91.4571,23.2583],[91.4487,23.2629],[91.4249,23.2605],[91.4162,23.2822],[91.4116,23.2818],[91.4167,23.2612],[91.4137,23.2577],[91.4062,23.2653],[91.4021,23.2631],[91.409,23.2534],[91.4011,23.2453],[91.4032,23.2304],[91.3916,23.2255],[91.3885,23.2131],[91.3915,23.2034],[91.3845,23.1952],[91.3885,23.1608],[91.3957,23.1513],[91.402,23.1177],[91.4078,23.1114],[91.4069,23.099],[91.4216,23.0715],[91.4142,23.0642],[91.3931,23.0622],[91.3707,23.0749],[91.3564,23.0955],[91.3349,23.1557],[91.3279,23.1644],[91.3277,23.2246],[91.3233,23.2458],[91.3291,23.2529],[91.32,23.2566],[91.3158,23.2669],[91.3181,23.283],[91.3047,23.2867],[91.3029,23.2928],[91.3179,23.3086],[91.3118,23.316],[91.2945,23.3203],[91.3002,23.3399],[91.314,23.349],[91.317,23.36],[91.2997,23.3505],[91.2918,23.3701],[91.2973,23.373],[91.2966,23.3796],[91.2861,23.3766],[91.2805,23.3965],[91.2818,23.4114],[91.2708,23.4235],[91.2725,23.4329],[91.2594,23.4484],[91.2497,23.4897],[91.2427,23.49],[91.238,23.4995],[91.225,23.4991],[91.2204,23.5115],[91.2081,23.5135],[91.2056,23.5204],[91.2133,23.5501],[91.1998,23.5516],[91.1985,23.5617],[91.1784,23.5873],[91.1789,23.5957],[91.1632,23.6014],[91.1615,23.6635],[91.1959,23.6529],[91.1974,23.6468],[91.2031,23.6455],[91.2084,23.6581],[91.2076,23.6822],[91.2047,23.6897],[91.1578,23.6894],[91.1525,23.7115],[91.1548,23.7293],[91.1674,23.7487],[91.2058,23.754],[91.2228,23.7415],[91.2276,23.7453],[91.2284,23.7869],[91.2347,23.8076],[91.254,23.8377],[91.2332,23.8857],[91.2369,23.9035],[91.2471,23.9126],[91.2461,23.9195],[91.2383,23.9248],[91.242,23.9283],[91.2689,23.9252],[91.2766,23.9284],[91.2654,23.947],[91.2845,23.9801],[91.2897,23.9798],[91.2907,23.9704],[91.2974,23.9699],[91.3073,23.9895],[91.3282,23.9929],[91.3408,23.9818],[91.3633,23.9852],[91.3854,23.9759],[91.3795,23.9984],[91.3956,24.0226],[91.4042,24.0539],[91.384,24.0726],[91.3821,24.1049],[91.3877,24.109],[91.4282,24.1088],[91.4697,24.0968],[91.4966,24.0963],[91.5015,24.0861],[91.5535,24.0758],[91.5785,24.0802],[91.5909,24.0745],[91.6016,24.0784],[91.6055,24.0806],[91.603,24.0954],[91.6298,24.0966],[91.6425,24.1095],[91.6405,24.1453],[91.6468,24.1539],[91.6515,24.1786],[91.6639,24.1891],[91.6544,24.2194],[91.6714,24.2331],[91.6756,24.2321],[91.6713,24.2137],[91.6834,24.1982],[91.6946,24.1668],[91.7022,24.1603],[91.71,24.1625],[91.7156,24.1546],[91.7609,24.1387],[91.7678,24.1489],[91.7498,24.2448],[91.7981,24.2216],[91.8146,24.2227],[91.8224,24.2145],[91.8313,24.2135],[91.848,24.2252],[91.8547,24.2205],[91.8504,24.199],[91.8826,24.1587],[91.8899,24.1406],[91.8957,24.1355],[91.9074,24.1369],[91.9131,24.1404],[91.9319,24.228],[91.944,24.2577],[91.9432,24.2833],[91.9275,24.3217],[91.9279,24.3391],[91.9623,24.358],[91.9815,24.3336],[91.9986,24.328],[92.0049,24.338],[91.9923,24.3509],[91.9746,24.3828],[91.9797,24.3864],[91.9873,24.3818],[91.9953,24.3905],[92.0059,24.393],[92.0103,24.3847],[92.0209,24.386],[92.0366,24.3773],[92.058,24.3753],[92.0945,24.3744],[92.1242,24.3822],[92.1256,24.3957],[92.1393,24.4217],[92.1475,24.4255],[92.1718,24.4216],[92.1543,24.5032],[92.1588,24.5247],[92.1807,24.5246],[92.2211,24.5013]]]}},{"type":"Feature","properties":{"ST_NM":"Uttar Pradesh"},"geometry":{"type":"MultiPolygon","coordinates":[[[[80.448,24.9963],[80.4408,24.9951],[80.4385,25.0017],[80.4573,25.0041],[80.448,24.9963]]],[[[79.3673,25.127],[79.381,25.1214],[79.3916,25.0832],[79.4068,25.0766],[79.4098,25.0634],[79.4241,25.0568],[79.4243,25.0449],[79.4131,25.0336],[79.3975,25.0306],[79.3768,25.0435],[79.3756,25.0503],[79.3654,25.0477],[79.3671,25.0394],[79.3595,25.0398],[79.3618,25.0521],[79.3582,25.0552],[79.3618,25.0547],[79.3514,25.0611],[79.3539,25.0673],[79.3685,25.0579],[79.3822,25.0654],[79.3783,25.0687],[79.3812,25.0832],[79.3752,25.0905],[79.3812,25.099],[79.3572,25.1091],[79.3527,25.116],[79.3617,25.1407],[79.3761,25.141],[79.3673,25.127]]],[[[79.3691,25.1704],[79.3566,25.1743],[79.3627,25.1866],[79.3732,25.1797],[79.3691,25.1704]]],[[[77.5979,30.4039],[77.6223,30.4055],[77.6352,30.3998],[77.6474,30.406],[77.6608,30.3931],[77.6745,30.3883],[77.6773,30.379],[77.6865,30.3807],[77.7044,30.3532],[77.7239,30.3337],[77.7644,30.3196],[77.8255,30.2856],[77.8741,30.2662],[77.8871,30.269],[77.9095,30.2608],[77.9446,30.2417],[77.9311,30.2195],[77.9162,30.2078],[77.909,30.181],[77.8784,30.1498],[77.8514,30.107],[77.8381,30.0995],[77.8258,30.0844],[77.8067,30.0958],[77.7992,30.0947],[77.7702,30.043],[77.7859,30.0278],[77.7849,30.021],[77.7617,30.0089],[77.7534,29.9889],[77.7426,29.9822],[77.7575,29.9623],[77.7301,29.9297],[77.7412,29.9233],[77.7455,29.9082],[77.7234,29.8828],[77.7154,29.8845],[77.7143,29.8665],[77.7257,29.8512],[77.7424,29.8478],[77.7415,29.8322],[77.7546,29.8193],[77.7544,29.8042],[77.7769,29.7801],[77.7728,29.7759],[77.7776,29.7704],[77.7779,29.7583],[77.773,29.7473],[77.7814,29.7292],[77.7698,29.7105],[77.807,29.695],[77.8096,29.6924],[77.8013,29.6804],[77.8046,29.6765],[77.8411,29.6639],[77.8662,29.6834],[77.882,29.6885],[77.886,29.6965],[77.9224,29.6934],[77.917,29.6971],[77.9394,29.7091],[77.9531,29.7091],[77.9642,29.6998],[77.9545,29.6965],[77.9585,29.6899],[77.9553,29.6861],[77.9744,29.6647],[77.9844,29.6701],[77.9775,29.6499],[77.9892,29.6365],[77.9853,29.6264],[77.9889,29.6085],[77.9745,29.6044],[77.9639,29.6105],[77.9653,29.5968],[77.9593,29.5849],[77.9652,29.5791],[77.9847,29.5776],[77.9958,29.5825],[77.9891,29.5525],[78.0,29.5402],[78.0062,29.5495],[78.0489,29.547],[78.0493,29.5596],[78.0547,29.5663],[78.0486,29.5752],[78.056,29.5874],[78.0714,29.596],[78.0942,29.5962],[78.1028,29.6191],[78.1192,29.6275],[78.127,29.6395],[78.1462,29.6529],[78.1514,29.6705],[78.1782,29.6739],[78.1946,29.6859],[78.2059,29.7044],[78.2337,29.712],[78.2438,29.6984],[78.3154,29.7519],[78.3443,29.7905],[78.3986,29.7681],[78.4252,29.7667],[78.4447,29.7524],[78.5002,29.7356],[78.5028,29.7191],[78.5128,29.7095],[78.52,29.685],[78.524,29.6449],[78.5398,29.6185],[78.5889,29.5747],[78.6176,29.5559],[78.6519,29.5419],[78.7057,29.503],[78.7514,29.499],[78.7781,29.4778],[78.7978,29.4701],[78.8781,29.4536],[78.9127,29.4502],[78.9322,29.4542],[78.9353,29.4502],[78.9128,29.4407],[78.9088,29.4176],[78.8824,29.3864],[78.8748,29.3886],[78.869,29.3796],[78.8447,29.3754],[78.8484,29.3654],[78.841,29.3622],[78.8264,29.364],[78.8232,29.3743],[78.8272,29.3794],[78.8212,29.3769],[78.8093,29.3497],[78.8023,29.3461],[78.81,29.3323],[78.8009,29.3233],[78.7935,29.326],[78.7946,29.3405],[78.778,29.3351],[78.7695,29.3438],[78.7591,29.3374],[78.7536,29.3266],[78.7404,29.3282],[78.7394,29.3115],[78.7259,29.3114],[78.7731,29.2873],[78.7789,29.2799],[78.7707,29.2807],[78.7936,29.2652],[78.798,29.267],[78.7994,29.2593],[78.8119,29.2519],[78.8258,29.2463],[78.8433,29.2547],[78.8544,29.2483],[78.8646,29.2553],[78.883,29.2347],[78.8821,29.2225],[78.8948,29.2193],[78.9041,29.2088],[78.8997,29.2043],[78.9111,29.1966],[78.9063,29.1899],[78.9176,29.1743],[78.9143,29.1685],[78.9176,29.1592],[78.9069,29.1508],[78.9123,29.1446],[78.9263,29.1429],[78.9355,29.1511],[78.9563,29.1435],[78.9743,29.1607],[78.991,29.1487],[78.9955,29.1313],[79.0045,29.1276],[79.0125,29.1105],[79.0185,29.1144],[79.0289,29.1118],[79.038,29.1155],[79.0429,29.1242],[79.0207,29.1301],[79.0229,29.1512],[79.0384,29.1438],[79.0395,29.1547],[79.0337,29.1612],[79.0389,29.1662],[79.0458,29.165],[79.0581,29.1487],[79.0848,29.1459],[79.1127,29.1256],[79.1298,29.1278],[79.1428,29.1233],[79.1542,29.1136],[79.1559,29.1005],[79.1466,29.0758],[79.1489,29.0633],[79.1556,29.054],[79.1773,29.0452],[79.1705,29.0281],[79.166,29.0268],[79.1701,29.0168],[79.1804,29.0098],[79.1968,29.0119],[79.1948,29.0181],[79.2094,29.016],[79.2159,29.023],[79.2496,29.0007],[79.2512,28.9938],[79.2761,28.976],[79.2907,28.9587],[79.3107,28.947],[79.319,28.9524],[79.3637,28.9463],[79.3715,28.9644],[79.3888,28.9309],[79.4012,28.9322],[79.4132,28.9262],[79.4129,28.8937],[79.4074,28.8793],[79.4229,28.8498],[79.4356,28.8491],[79.4452,28.8555],[79.4715,28.8531],[79.4884,28.8611],[79.519,28.8572],[79.5483,28.8864],[79.5658,28.8724],[79.5594,28.8482],[79.5627,28.8398],[79.5883,28.8442],[79.6041,28.8604],[79.6254,28.8626],[79.6658,28.8426],[79.678,28.8422],[79.6847,28.8515],[79.6962,28.8512],[79.7,28.8621],[79.717,28.8641],[79.724,28.8746],[79.7523,28.8771],[79.7619,28.8873],[79.7717,28.8834],[79.7863,28.8857],[79.8025,28.8713],[79.8035,28.8643],[79.8147,28.8657],[79.8205,28.8567],[79.82,28.8502],[79.8065,28.8468],[79.81,28.84],[79.8055,28.8332],[79.813,28.8236],[79.8066,28.8086],[79.798,28.8149],[79.7951,28.7993],[79.813,28.7985],[79.8277,28.8062],[79.8247,28.8241],[79.8363,28.8387],[79.8659,28.8382],[79.8725,28.8281],[79.8872,28.8242],[79.8875,28.8123],[79.858,28.8152],[79.8523,28.8026],[79.8791,28.7904],[79.9131,28.7961],[79.9007,28.7797],[79.9238,28.7589],[79.9341,28.7266],[79.9526,28.7154],[79.9795,28.7096],[80.0,28.711],[80.0146,28.7209],[80.0453,28.7553],[80.0523,28.7771],[80.0375,28.7938],[80.0703,28.8292],[80.0822,28.8236],[80.1236,28.825],[80.1334,28.8221],[80.2107,28.7599],[80.2243,28.7556],[80.2476,28.7582],[80.2663,28.7504],[80.2707,28.7435],[80.2622,28.7247],[80.2797,28.7096],[80.3004,28.7069],[80.3229,28.6965],[80.3325,28.6667],[80.3619,28.6516],[80.3617,28.6414],[80.3722,28.6333],[80.3936,28.6308],[80.433,28.6389],[80.4622,28.6243],[80.474,28.6014],[80.4719,28.5881],[80.4896,28.5838],[80.5228,28.5576],[80.5331,28.5686],[80.5207,28.5797],[80.5087,28.6658],[80.5373,28.6861],[80.566,28.6895],[80.591,28.6793],[80.5844,28.6612],[80.5959,28.6555],[80.5941,28.6461],[80.6076,28.649],[80.6317,28.6367],[80.6467,28.6416],[80.6689,28.6398],[80.6706,28.6269],[80.6811,28.619],[80.6817,28.6041],[80.6986,28.6018],[80.6949,28.5862],[80.7027,28.5754],[80.7139,28.5708],[80.7269,28.5726],[80.7355,28.5668],[80.7474,28.573],[80.7714,28.5653],[80.7724,28.5514],[80.7882,28.5406],[80.7871,28.5245],[80.8241,28.5158],[80.845,28.4968],[80.8659,28.4922],[80.8647,28.5049],[80.879,28.5073],[80.9086,28.495],[80.9103,28.4871],[80.8992,28.4781],[80.9057,28.459],[80.9123,28.4566],[80.9198,28.4624],[80.9212,28.4553],[80.9289,28.4544],[80.9423,28.4662],[80.9393,28.451],[80.9585,28.4457],[80.9784,28.4509],[80.9661,28.4412],[80.9663,28.4362],[80.9722,28.4346],[80.9921,28.4409],[81.0021,28.4499],[81.0139,28.448],[81.0166,28.4333],[81.0217,28.4315],[81.0301,28.4368],[81.0398,28.4298],[81.0369,28.4224],[81.0223,28.4132],[81.0371,28.4002],[81.0438,28.4122],[81.1033,28.3778],[81.2157,28.3575],[81.2356,28.33],[81.2404,28.2809],[81.293,28.223],[81.3034,28.2194],[81.3204,28.2018],[81.3207,28.1846],[81.3274,28.1709],[81.3073,28.1641],[81.3194,28.1551],[81.3287,28.1569],[81.3258,28.1474],[81.3182,28.1421],[81.3196,28.1354],[81.3795,28.1453],[81.3799,28.1561],[81.3733,28.1653],[81.3813,28.1731],[81.4292,28.171],[81.4502,28.1565],[81.4612,28.1303],[81.4842,28.114],[81.478,28.0885],[81.4819,28.0812],[81.6329,28.0027],[81.6686,27.9904],[81.7003,27.9888],[81.8068,27.9021],[81.8352,27.8973],[81.8906,27.8576],[81.9103,27.8544],[81.9282,27.8587],[81.9274,27.8768],[81.9399,27.8844],[81.9713,27.9295],[82.0527,27.922],[82.0738,27.924],[82.1017,27.8854],[82.1208,27.8744],[82.126,27.8657],[82.1518,27.8579],[82.1539,27.8644],[82.16,27.8655],[82.1833,27.8524],[82.2072,27.8457],[82.2301,27.8236],[82.2661,27.8044],[82.295,27.7776],[82.3714,27.739],[82.3877,27.714],[82.4299,27.6878],[82.4586,27.6762],[82.4748,27.6754],[82.4861,27.6827],[82.4926,27.6805],[82.496,27.6852],[82.5168,27.689],[82.5556,27.6866],[82.5856,27.6972],[82.6011,27.6965],[82.6066,27.7032],[82.6238,27.7027],[82.6341,27.7118],[82.6488,27.7102],[82.6595,27.7145],[82.6612,27.7206],[82.6753,27.7161],[82.704,27.7181],[82.7138,27.7283],[82.7089,27.7099],[82.7197,27.6884],[82.7161,27.6621],[82.7203,27.6548],[82.7331,27.6523],[82.7331,27.641],[82.7389,27.6409],[82.7442,27.6316],[82.7378,27.6122],[82.755,27.5833],[82.7412,27.5487],[82.7495,27.5234],[82.7379,27.5139],[82.7417,27.5008],[82.8183,27.4954],[82.8408,27.5013],[82.8833,27.4961],[82.9257,27.5005],[82.9392,27.4937],[82.9501,27.4723],[83.023,27.4526],[83.053,27.448],[83.1842,27.4529],[83.2055,27.4357],[83.2159,27.4172],[83.2466,27.4017],[83.2724,27.3806],[83.2699,27.3615],[83.2787,27.3466],[83.3118,27.3292],[83.3384,27.3327],[83.3638,27.3441],[83.3736,27.355],[83.3744,27.3653],[83.3911,27.3727],[83.395,27.3888],[83.4059,27.3986],[83.4053,27.415],[83.391,27.4285],[83.393,27.4381],[83.4068,27.4541],[83.4062,27.4598],[83.3958,27.4649],[83.394,27.4754],[83.4223,27.4782],[83.6098,27.4699],[83.8395,27.3662],[83.8666,27.3449],[83.8595,27.3323],[83.8395,27.3242],[83.8407,27.318],[83.8527,27.318],[83.8648,27.3079],[83.9077,27.3269],[83.9268,27.3221],[83.9357,27.301],[83.9289,27.2894],[83.9062,27.2738],[83.908,27.2562],[83.9177,27.2448],[83.9645,27.2319],[83.9738,27.2221],[83.9717,27.2106],[83.9866,27.2003],[83.995,27.1787],[83.9608,27.1378],[83.9624,27.1259],[83.9494,27.1136],[83.9493,27.0899],[83.9539,27.0842],[83.9648,27.083],[84.0215,27.1018],[84.0305,27.0925],[84.0259,27.0887],[84.0267,27.0807],[84.0154,27.0689],[84.0006,27.0656],[84.0047,27.0582],[84.034,27.0417],[84.0506,27.0417],[84.0402,27.0089],[84.0524,27.0002],[84.0592,26.9879],[84.0461,26.9811],[84.0532,26.9775],[84.0509,26.9651],[84.0557,26.9652],[84.0563,26.959],[84.0483,26.9548],[84.0448,26.9458],[84.036,26.946],[84.0346,26.9398],[84.046,26.9382],[84.0481,26.928],[84.0573,26.9289],[84.0589,26.9117],[84.052,26.9062],[84.0604,26.8988],[84.0616,26.8888],[84.0858,26.8759],[84.0951,26.8824],[84.0996,26.8743],[84.1094,26.8851],[84.1102,26.898],[84.1398,26.8825],[84.1504,26.8848],[84.1488,26.8712],[84.1414,26.8678],[84.1412,26.8529],[84.16,26.8367],[84.1784,26.8318],[84.1842,26.833],[84.186,26.8506],[84.1903,26.8546],[84.2061,26.8584],[84.2187,26.8682],[84.2306,26.8695],[84.2506,26.8597],[84.2616,26.8422],[84.2605,26.828],[84.2523,26.8191],[84.258,26.8182],[84.2562,26.8119],[84.2617,26.806],[84.2505,26.7728],[84.234,26.7544],[84.2434,26.7369],[84.2567,26.7267],[84.2647,26.7363],[84.288,26.7486],[84.3074,26.7507],[84.3278,26.7137],[84.3349,26.6817],[84.4115,26.6688],[84.414,26.6403],[84.4236,26.6248],[84.388,26.6194],[84.3798,26.6129],[84.3601,26.618],[84.3347,26.6128],[84.3119,26.615],[84.3062,26.6132],[84.3024,26.603],[84.2886,26.6041],[84.2814,26.5968],[84.2681,26.6048],[84.2402,26.6072],[84.2112,26.6218],[84.1578,26.6251],[84.1613,26.6359],[84.1308,26.632],[84.1154,26.6346],[84.1136,26.63],[84.0911,26.6402],[84.0918,26.5969],[84.0586,26.5589],[84.057,26.5408],[84.0099,26.5223],[83.9834,26.5292],[83.9718,26.5059],[83.9549,26.5075],[83.952,26.5108],[83.9551,26.5157],[83.9442,26.5217],[83.9115,26.5153],[83.9167,26.4977],[83.9115,26.4475],[83.9555,26.4355],[83.9911,26.432],[83.9996,26.445],[84.0108,26.441],[84.0202,26.4458],[84.0255,26.4293],[84.0397,26.4104],[84.0641,26.3995],[84.0706,26.3876],[84.0811,26.382],[84.1014,26.3879],[84.1804,26.3716],[84.1762,26.3357],[84.1907,26.3147],[84.1777,26.2905],[84.1803,26.2654],[84.1641,26.2554],[84.1683,26.2436],[84.1624,26.2429],[84.1543,26.2593],[84.1503,26.2554],[84.1219,26.2595],[84.1194,26.2395],[84.1012,26.2378],[84.1003,26.2316],[84.0963,26.2342],[84.0885,26.2295],[84.0883,26.2188],[84.0584,26.2232],[84.0557,26.2278],[84.0426,26.2297],[84.0403,26.2366],[84.0205,26.2382],[84.0145,26.2316],[84.0184,26.2215],[84.0332,26.2173],[84.028,26.2069],[84.0325,26.1985],[84.0294,26.1952],[84.0179,26.1971],[84.011,26.1877],[84.0119,26.1758],[84.0227,26.1646],[84.0367,26.1606],[84.0362,26.1507],[84.0325,26.1518],[84.027,26.1428],[84.0513,26.1292],[84.0511,26.1093],[84.0579,26.0974],[84.0998,26.0943],[84.1248,26.0727],[84.1454,26.0448],[84.176,26.0233],[84.1749,25.9894],[84.1811,25.9967],[84.201,25.9874],[84.2105,25.9985],[84.2439,25.9839],[84.3049,25.945],[84.36,25.9574],[84.3949,25.9363],[84.4168,25.9295],[84.4318,25.8906],[84.4695,25.8869],[84.475,25.8819],[84.4938,25.8875],[84.515,25.8706],[84.5371,25.876],[84.549,25.8604],[84.5367,25.863],[84.5284,25.8594],[84.5347,25.8537],[84.5354,25.8326],[84.5527,25.8283],[84.5553,25.8396],[84.5649,25.8358],[84.6286,25.7925],[84.6291,25.7708],[84.6185,25.7757],[84.6112,25.7708],[84.6089,25.7591],[84.6306,25.7458],[84.6389,25.7268],[84.6038,25.7375],[84.5639,25.7348],[84.5669,25.6994],[84.5606,25.6825],[84.5397,25.6913],[84.5442,25.7249],[84.5388,25.723],[84.5363,25.7138],[84.5329,25.6828],[84.5247,25.6761],[84.5141,25.6807],[84.5073,25.6758],[84.4967,25.6763],[84.4976,25.6895],[84.4748,25.6839],[84.4686,25.6891],[84.4715,25.697],[84.4671,25.6968],[84.4635,25.7087],[84.4571,25.7128],[84.4325,25.71],[84.432,25.6934],[84.4102,25.6978],[84.4055,25.7074],[84.4088,25.7152],[84.402,25.7272],[84.3896,25.7325],[84.3969,25.7426],[84.3884,25.7469],[84.376,25.74],[84.3779,25.7343],[84.3628,25.7419],[84.3397,25.7428],[84.3328,25.7315],[84.327,25.6702],[84.3217,25.6672],[84.3205,25.6707],[84.292,25.6754],[84.3012,25.6668],[84.2939,25.6598],[84.2255,25.6623],[84.2113,25.6678],[84.2028,25.7016],[84.1567,25.7291],[84.153,25.7187],[84.1442,25.715],[84.135,25.7166],[84.1452,25.7218],[84.1436,25.7297],[84.1316,25.722],[84.1029,25.7184],[84.0781,25.6937],[84.0881,25.6508],[84.0849,25.6357],[84.0227,25.6142],[83.9527,25.5654],[83.9255,25.5566],[83.9047,25.5264],[83.8814,25.5185],[83.8751,25.4916],[83.8633,25.4829],[83.8595,25.4718],[83.8377,25.4596],[83.8231,25.4664],[83.8186,25.464],[83.814,25.4518],[83.8418,25.4483],[83.8467,25.435],[83.8027,25.4297],[83.8136,25.4226],[83.8077,25.4091],[83.7906,25.3968],[83.7718,25.3967],[83.7703,25.386],[83.7581,25.3902],[83.7581,25.3949],[83.7664,25.3993],[83.7591,25.4031],[83.7462,25.399],[83.7409,25.4087],[83.7355,25.3966],[83.7238,25.3973],[83.7124,25.3842],[83.703,25.3941],[83.6978,25.3839],[83.6836,25.3764],[83.6973,25.3694],[83.6774,25.3625],[83.6686,25.3691],[83.6672,25.3611],[83.6586,25.366],[83.6509,25.3392],[83.6383,25.3413],[83.6284,25.3266],[83.6156,25.3304],[83.5922,25.3229],[83.5725,25.3062],[83.5726,25.3139],[83.543,25.3132],[83.555,25.3096],[83.534,25.2976],[83.5264,25.3005],[83.5263,25.2912],[83.5164,25.2842],[83.511,25.2876],[83.5066,25.281],[83.5031,25.2853],[83.4945,25.2775],[83.4886,25.2804],[83.4686,25.25],[83.4482,25.2572],[83.4397,25.2425],[83.4277,25.2513],[83.4277,25.2443],[83.4176,25.2472],[83.3966,25.205],[83.3879,25.2097],[83.3804,25.1991],[83.3686,25.1943],[83.358,25.1969],[83.3523,25.1854],[83.3442,25.1815],[83.3565,25.1766],[83.3515,25.1567],[83.3608,25.1498],[83.3604,25.1293],[83.3656,25.1222],[83.362,25.1084],[83.3484,25.1105],[83.3463,25.0861],[83.3405,25.0805],[83.336,25.0591],[83.3418,25.0561],[83.342,25.0491],[83.3302,25.0539],[83.3317,25.0462],[83.3247,25.0365],[83.3243,25.0255],[83.3279,25.0137],[83.3521,25.0086],[83.3541,24.9903],[83.3466,24.9618],[83.3652,24.9536],[83.3662,24.9123],[83.3595,24.9013],[83.3682,24.8902],[83.363,24.8838],[83.3724,24.8769],[83.3621,24.8689],[83.3764,24.8615],[83.3985,24.8315],[83.4037,24.8094],[83.3981,24.8029],[83.4006,24.7955],[83.3949,24.7827],[83.4275,24.7684],[83.4611,24.7319],[83.4879,24.7364],[83.4913,24.7296],[83.4887,24.7043],[83.5,24.7038],[83.5037,24.6948],[83.5217,24.6798],[83.5074,24.6671],[83.5055,24.6503],[83.5239,24.6415],[83.5319,24.6431],[83.5286,24.6287],[83.5496,24.6233],[83.5254,24.602],[83.5329,24.5838],[83.5325,24.5661],[83.5251,24.548],[83.5013,24.5409],[83.5061,24.5259],[83.4343,24.5116],[83.4009,24.5],[83.4005,24.4791],[83.3893,24.4545],[83.3977,24.4364],[83.4085,24.436],[83.408,24.4076],[83.4198,24.4091],[83.4377,24.4027],[83.451,24.3718],[83.4592,24.3637],[83.4489,24.3599],[83.4344,24.3389],[83.4111,24.3364],[83.3837,24.3135],[83.3884,24.2995],[83.404,24.2924],[83.4107,24.2752],[83.4097,24.2651],[83.4012,24.2462],[83.3851,24.2347],[83.3861,24.1999],[83.3651,24.156],[83.3567,24.1256],[83.3468,24.1096],[83.3313,24.1005],[83.3241,24.106],[83.3206,24.0931],[83.2986,24.0733],[83.2871,24.0504],[83.2895,24.0352],[83.2856,24.0237],[83.2667,24.0109],[83.2495,24.013],[83.2431,24.0064],[83.2446,24.0006],[83.2237,23.9886],[83.2233,23.98],[83.2161,23.9721],[83.2189,23.9596],[83.2095,23.9398],[83.199,23.9319],[83.1973,23.9204],[83.1529,23.9092],[83.1351,23.8893],[83.0943,23.8774],[83.0687,23.8745],[83.0441,23.8823],[82.9613,23.8719],[82.9465,23.875],[82.9302,23.8918],[82.8889,23.9093],[82.8707,23.9246],[82.8566,23.9458],[82.8285,23.9639],[82.8155,23.962],[82.8082,23.9664],[82.8093,23.9999],[82.8051,24.004],[82.7741,24.0049],[82.7537,24.0119],[82.7477,24.0298],[82.7636,24.0424],[82.7741,24.0766],[82.7684,24.0784],[82.7627,24.072],[82.7559,24.0793],[82.7493,24.0738],[82.7341,24.0813],[82.7162,24.0795],[82.7092,24.0957],[82.6714,24.1225],[82.6653,24.1334],[82.6737,24.1414],[82.6731,24.1497],[82.6787,24.157],[82.6873,24.1553],[82.6962,24.1428],[82.7282,24.1376],[82.7309,24.1554],[82.744,24.167],[82.7349,24.2218],[82.7578,24.2347],[82.7585,24.2666],[82.772,24.2909],[82.774,24.3107],[82.7678,24.3175],[82.7725,24.346],[82.7669,24.3615],[82.7685,24.3714],[82.7624,24.3779],[82.7547,24.3709],[82.7265,24.3696],[82.7151,24.3835],[82.7282,24.428],[82.7337,24.4246],[82.7407,24.431],[82.7353,24.4324],[82.7331,24.443],[82.7386,24.4686],[82.7318,24.4746],[82.7418,24.4855],[82.7446,24.498],[82.7237,24.5115],[82.7206,24.5544],[82.7416,24.5498],[82.7493,24.5527],[82.7534,24.5507],[82.7541,24.5397],[82.8088,24.5509],[82.8045,24.5979],[82.7682,24.5979],[82.776,24.6087],[82.7709,24.6437],[82.7033,24.6423],[82.6998,24.6466],[82.7041,24.6737],[82.6737,24.6978],[82.6661,24.6983],[82.6446,24.6858],[82.5958,24.6716],[82.5821,24.6609],[82.5374,24.6498],[82.5266,24.6762],[82.4949,24.6733],[82.4848,24.6814],[82.457,24.6757],[82.453,24.6779],[82.4566,24.6884],[82.4405,24.704],[82.4283,24.703],[82.4155,24.6929],[82.4098,24.6815],[82.4199,24.6556],[82.4117,24.6339],[82.4138,24.6153],[82.4227,24.6042],[82.4173,24.5957],[82.369,24.5998],[82.3586,24.606],[82.3541,24.6166],[82.3379,24.6215],[82.3175,24.6107],[82.302,24.6115],[82.3066,24.6257],[82.3028,24.6515],[82.3062,24.6542],[82.3,24.6624],[82.3046,24.6677],[82.2899,24.6694],[82.2867,24.6785],[82.2715,24.684],[82.2665,24.6797],[82.2749,24.676],[82.2612,24.6637],[82.2561,24.6732],[82.2437,24.674],[82.2433,24.6635],[82.2381,24.6672],[82.2368,24.6883],[82.2512,24.6993],[82.2496,24.736],[82.2541,24.7382],[82.2578,24.7539],[82.2519,24.7732],[82.2485,24.773],[82.2466,24.7519],[82.2291,24.7645],[82.231,24.7493],[82.2174,24.757],[82.2077,24.7496],[82.2216,24.7417],[82.2219,24.7262],[82.2166,24.7365],[82.2108,24.7383],[82.1969,24.7413],[82.1811,24.737],[82.1997,24.7506],[82.2039,24.7612],[82.1976,24.7797],[82.2177,24.779],[82.2132,24.783],[82.217,24.7952],[82.1968,24.7956],[82.1873,24.8021],[82.2042,24.8219],[82.1711,24.8024],[82.1816,24.7984],[82.1676,24.7897],[82.1405,24.8019],[82.1346,24.7913],[82.1204,24.7896],[82.116,24.7911],[82.113,24.8029],[82.0901,24.8194],[82.0455,24.8302],[82.0326,24.8419],[82.0131,24.8479],[81.9763,24.8411],[81.9674,24.8278],[81.9631,24.8364],[81.9509,24.8392],[81.935,24.8579],[81.9367,24.8702],[81.911,24.8812],[81.9047,24.8896],[81.9203,24.928],[81.9124,24.9393],[81.9067,24.9723],[81.91,24.9798],[81.9028,24.9844],[81.9068,25.0066],[81.8977,25.0101],[81.9024,25.0004],[81.8945,24.9898],[81.8897,24.9965],[81.8547,25.004],[81.8377,25.0162],[81.7976,25.007],[81.7466,25.0359],[81.7408,25.0455],[81.7248,25.0498],[81.7218,25.0369],[81.7137,25.0347],[81.6903,25.0405],[81.6914,25.0535],[81.6842,25.0627],[81.6706,25.0619],[81.6671,25.0764],[81.6552,25.0718],[81.644,25.0585],[81.6336,25.0592],[81.6303,25.0536],[81.6127,25.0574],[81.6116,25.0611],[81.6181,25.0614],[81.6022,25.0765],[81.6179,25.0818],[81.6232,25.0907],[81.6403,25.0999],[81.631,25.1079],[81.6335,25.1171],[81.6252,25.1193],[81.6096,25.0969],[81.6107,25.1142],[81.5994,25.1196],[81.6005,25.133],[81.6184,25.1438],[81.6235,25.1406],[81.6274,25.1563],[81.6184,25.1702],[81.6139,25.1622],[81.5902,25.1648],[81.5965,25.1804],[81.5749,25.1923],[81.5575,25.1831],[81.518,25.1835],[81.5163,25.1728],[81.5384,25.1599],[81.5271,25.1484],[81.5331,25.1402],[81.5038,25.1489],[81.498,25.1308],[81.4813,25.1336],[81.4901,25.1139],[81.516,25.1034],[81.5112,25.0983],[81.5026,25.0983],[81.5058,25.0926],[81.503,25.0787],[81.4948,25.0807],[81.4921,25.0715],[81.4667,25.0833],[81.4672,25.0895],[81.4092,25.1043],[81.4153,25.1085],[81.4467,25.107],[81.4386,25.1301],[81.4086,25.1303],[81.4146,25.1199],[81.3996,25.1196],[81.3949,25.1304],[81.3729,25.1343],[81.374,25.1407],[81.3578,25.1638],[81.3444,25.1627],[81.3383,25.1689],[81.3214,25.1599],[81.3193,25.1454],[81.3314,25.1148],[81.323,25.1127],[81.3127,25.1417],[81.3148,25.1624],[81.2775,25.1641],[81.2832,25.1498],[81.2698,25.1407],[81.2663,25.1132],[81.254,25.1019],[81.2675,25.0837],[81.2614,25.0755],[81.2683,25.072],[81.2699,25.0649],[81.239,25.0146],[81.2248,25.0009],[81.2134,24.9996],[81.21,24.9922],[81.221,24.9781],[81.2082,24.9633],[81.2142,24.9546],[81.2142,24.9358],[81.2208,24.931],[81.2077,24.9235],[81.1926,24.9257],[81.2072,24.9313],[81.1848,24.9514],[81.1696,24.955],[81.1593,24.9237],[81.1605,24.9128],[81.1483,24.9129],[81.1415,24.9021],[81.1406,24.8886],[81.0977,24.9209],[81.0887,24.9348],[81.0907,24.9441],[81.0846,24.9487],[81.0349,24.9513],[81.0281,24.9483],[81.0274,24.9414],[81.0177,24.9507],[81.0207,24.9401],[81.0293,24.9346],[81.025,24.9288],[81.0169,24.9288],[81.0082,24.9366],[80.9892,24.926],[80.9875,24.9344],[80.9804,24.9359],[80.9738,24.935],[80.9634,24.9221],[80.9592,24.9234],[80.9604,24.9392],[80.952,24.947],[80.953,24.9643],[80.945,24.9688],[80.9054,24.953],[80.9014,24.9467],[80.9082,24.9359],[80.893,24.9452],[80.8831,24.937],[80.843,24.9308],[80.8103,24.9407],[80.811,24.9531],[80.7998,24.9601],[80.7981,24.968],[80.8268,24.9698],[80.8329,24.9823],[80.8445,24.9823],[80.8563,24.9943],[80.8584,24.9993],[80.8349,25.0353],[80.8434,25.0358],[80.8493,25.0474],[80.8789,25.0672],[80.8833,25.0757],[80.8725,25.0843],[80.8812,25.0987],[80.8732,25.1197],[80.8837,25.1405],[80.8967,25.1373],[80.9132,25.1564],[80.9138,25.1606],[80.8944,25.1732],[80.8864,25.1916],[80.8725,25.1839],[80.8446,25.1887],[80.8506,25.1672],[80.8404,25.1375],[80.846,25.1236],[80.8417,25.1094],[80.8359,25.1064],[80.8269,25.1266],[80.8178,25.1268],[80.8165,25.1369],[80.8078,25.1425],[80.7904,25.1331],[80.7823,25.1426],[80.7463,25.1306],[80.7313,25.1448],[80.7235,25.1426],[80.7188,25.1344],[80.7079,25.1331],[80.7091,25.124],[80.7255,25.1249],[80.7336,25.1189],[80.7281,25.1133],[80.7272,25.1],[80.7334,25.094],[80.754,25.0954],[80.7603,25.0915],[80.7593,25.0872],[80.7842,25.0804],[80.7896,25.0656],[80.7841,25.0578],[80.7418,25.0585],[80.7354,25.0679],[80.7135,25.0575],[80.6817,25.0502],[80.68,25.0633],[80.6874,25.0778],[80.6765,25.0827],[80.6645,25.0704],[80.6587,25.0835],[80.6434,25.0935],[80.6421,25.0898],[80.6317,25.0912],[80.6282,25.0855],[80.6095,25.1003],[80.6215,25.1025],[80.6274,25.1161],[80.6394,25.1157],[80.6406,25.1192],[80.6331,25.1336],[80.6165,25.1289],[80.614,25.1452],[80.6028,25.1511],[80.5989,25.1275],[80.6096,25.1187],[80.5995,25.1139],[80.5959,25.105],[80.6149,25.0681],[80.5957,25.0818],[80.5762,25.0812],[80.5706,25.0874],[80.5681,25.0709],[80.5515,25.0636],[80.5271,25.0778],[80.5176,25.0969],[80.5028,25.1008],[80.4826,25.0977],[80.4857,25.0923],[80.5081,25.0854],[80.5065,25.0785],[80.4987,25.0741],[80.5102,25.0633],[80.5083,25.0547],[80.5013,25.0502],[80.5023,25.0412],[80.5485,25.0318],[80.5439,25.0177],[80.5503,25.0027],[80.5337,25.002],[80.5215,25.0087],[80.52,25.0041],[80.5013,25.0026],[80.4951,24.993],[80.4848,24.9895],[80.4813,24.9763],[80.4603,24.9826],[80.4662,25.0001],[80.4495,25.0101],[80.444,25.0222],[80.4335,25.0199],[80.4336,25.0266],[80.4544,25.0412],[80.4728,25.0317],[80.4929,25.0298],[80.5017,25.0375],[80.4939,25.0432],[80.4782,25.0406],[80.4695,25.0539],[80.4681,25.0656],[80.464,25.0697],[80.454,25.0617],[80.4497,25.0719],[80.4532,25.076],[80.4488,25.0779],[80.4326,25.0674],[80.418,25.0726],[80.4133,25.0567],[80.4022,25.0679],[80.3873,25.0518],[80.3738,25.0536],[80.3721,25.0436],[80.3882,25.0375],[80.3798,25.0286],[80.3972,25.0108],[80.3902,25.0056],[80.3808,25.0042],[80.3758,25.0213],[80.3668,25.0219],[80.3559,25.0123],[80.346,25.0168],[80.3369,25.0013],[80.3241,24.999],[80.2972,25.017],[80.2865,25.0175],[80.2749,25.026],[80.2858,25.0398],[80.2896,25.0558],[80.3114,25.0431],[80.3318,25.051],[80.3351,25.0574],[80.3401,25.0529],[80.3531,25.0544],[80.354,25.0614],[80.3452,25.0671],[80.35,25.0893],[80.3687,25.0997],[80.3769,25.1111],[80.3556,25.1258],[80.3594,25.1406],[80.3949,25.1586],[80.4236,25.1611],[80.4318,25.1699],[80.4098,25.2167],[80.4072,25.2387],[80.3989,25.2414],[80.3862,25.2332],[80.3659,25.2468],[80.3492,25.2742],[80.3202,25.2778],[80.3122,25.2845],[80.32,25.3298],[80.3109,25.3538],[80.3215,25.3678],[80.319,25.3828],[80.3036,25.4033],[80.282,25.4205],[80.2641,25.4242],[80.2534,25.4004],[80.2348,25.4061],[80.2196,25.3994],[80.2022,25.4117],[80.1971,25.4019],[80.1961,25.3791],[80.1674,25.3731],[80.1673,25.3617],[80.1453,25.3512],[80.1314,25.3339],[80.0914,25.3512],[80.0781,25.3385],[80.0288,25.3386],[80.018,25.3202],[80.0207,25.2971],[80.0067,25.2892],[79.9993,25.2786],[80.0047,25.2641],[79.9572,25.2607],[79.9506,25.2673],[79.9413,25.2584],[79.9405,25.2457],[79.929,25.2461],[79.9214,25.2289],[79.9104,25.2523],[79.9016,25.2416],[79.8804,25.2492],[79.8689,25.2384],[79.8551,25.2356],[79.8551,25.2278],[79.871,25.2146],[79.8597,25.1989],[79.8705,25.1724],[79.8685,25.1515],[79.88,25.1458],[79.8555,25.1289],[79.8505,25.1118],[79.8637,25.094],[79.8391,25.0936],[79.8265,25.1056],[79.813,25.1065],[79.777,25.1207],[79.7534,25.1393],[79.7255,25.1292],[79.6844,25.1324],[79.6739,25.1225],[79.6456,25.1264],[79.6278,25.138],[79.6056,25.1268],[79.6031,25.131],[79.6105,25.1501],[79.5974,25.1426],[79.5817,25.1548],[79.5732,25.1728],[79.558,25.1647],[79.535,25.1384],[79.5363,25.1327],[79.5214,25.121],[79.5248,25.0971],[79.5078,25.0945],[79.4975,25.0781],[79.4791,25.0825],[79.4681,25.0917],[79.476,25.1297],[79.4524,25.1084],[79.4386,25.1028],[79.4428,25.1218],[79.4387,25.1307],[79.4227,25.1344],[79.426,25.1288],[79.4225,25.1183],[79.4167,25.1109],[79.4067,25.1087],[79.3968,25.1158],[79.3878,25.1444],[79.3915,25.1655],[79.4115,25.1848],[79.4172,25.204],[79.4398,25.198],[79.4504,25.2078],[79.4501,25.2162],[79.4347,25.2202],[79.4462,25.2435],[79.456,25.246],[79.4669,25.2646],[79.4917,25.2602],[79.4975,25.2608],[79.4981,25.2655],[79.484,25.2683],[79.4809,25.2773],[79.4652,25.279],[79.4608,25.2777],[79.4593,25.2688],[79.4389,25.2547],[79.423,25.2544],[79.4089,25.2575],[79.4096,25.2744],[79.3963,25.2814],[79.3912,25.2788],[79.3751,25.2895],[79.3734,25.2632],[79.3606,25.2605],[79.3574,25.2836],[79.3384,25.2892],[79.3495,25.2997],[79.3422,25.3125],[79.3536,25.3281],[79.3024,25.3353],[79.299,25.3244],[79.2853,25.3231],[79.2678,25.3053],[79.2636,25.2868],[79.267,25.2665],[79.2787,25.2616],[79.2941,25.2762],[79.2954,25.2853],[79.3177,25.2571],[79.3264,25.2582],[79.3395,25.2714],[79.3477,25.2679],[79.3522,25.2594],[79.3487,25.2257],[79.3367,25.2251],[79.3546,25.2094],[79.3402,25.196],[79.3334,25.206],[79.3329,25.2176],[79.3184,25.2146],[79.3009,25.2353],[79.2812,25.2433],[79.2891,25.2223],[79.2863,25.1926],[79.3094,25.1705],[79.3221,25.1471],[79.3107,25.1286],[79.2897,25.1287],[79.284,25.1155],[79.2775,25.1214],[79.2675,25.1173],[79.262,25.1257],[79.2696,25.1364],[79.2667,25.1485],[79.2581,25.1564],[79.2433,25.1561],[79.2214,25.1436],[79.2323,25.1354],[79.251,25.136],[79.2451,25.1265],[79.2458,25.1116],[79.2302,25.1185],[79.2138,25.109],[79.2145,25.1196],[79.2036,25.1268],[79.2042,25.1381],[79.1923,25.1463],[79.1742,25.1375],[79.1762,25.1267],[79.1873,25.124],[79.1867,25.1129],[79.1798,25.1137],[79.1763,25.107],[79.164,25.1071],[79.1456,25.1136],[79.1365,25.1059],[79.1222,25.113],[79.1325,25.1244],[79.1152,25.1388],[79.1278,25.1593],[79.098,25.1713],[79.0917,25.1876],[79.0714,25.1676],[79.0654,25.146],[79.0562,25.1426],[79.0504,25.1333],[79.0291,25.1383],[79.0431,25.169],[79.0319,25.1816],[79.0502,25.2052],[79.0559,25.2049],[79.0625,25.2123],[79.0638,25.2208],[79.0339,25.2297],[79.0368,25.2444],[79.0195,25.2433],[79.0234,25.2602],[79.0198,25.2691],[79.0124,25.272],[78.9942,25.27],[78.9785,25.2399],[79.002,25.2288],[79.0007,25.2173],[79.0077,25.2111],[79.0031,25.191],[78.9897,25.1942],[78.9712,25.2145],[78.9557,25.2152],[78.9315,25.2056],[78.9006,25.1683],[78.8844,25.1572],[78.879,25.1611],[78.8746,25.185],[78.8897,25.2061],[78.8743,25.2275],[78.8832,25.2508],[78.899,25.2405],[78.9159,25.2693],[78.9256,25.2702],[78.948,25.2577],[78.9558,25.2609],[78.9512,25.2751],[78.9549,25.2787],[78.9774,25.2802],[78.9777,25.2861],[78.9602,25.3068],[78.9603,25.3448],[78.935,25.3267],[78.9263,25.3409],[78.9153,25.3343],[78.8926,25.3416],[78.8839,25.3394],[78.883,25.3289],[78.8638,25.3119],[78.8742,25.3059],[78.8797,25.2832],[78.8696,25.2781],[78.849,25.2242],[78.8129,25.2659],[78.819,25.2948],[78.811,25.2969],[78.8005,25.288],[78.7905,25.2925],[78.7992,25.3097],[78.8219,25.3059],[78.8406,25.3263],[78.8508,25.3273],[78.8528,25.3336],[78.8432,25.3419],[78.8451,25.3471],[78.8822,25.3826],[78.9085,25.3842],[78.9229,25.3945],[78.9385,25.3981],[78.9568,25.3951],[78.9587,25.3914],[78.9463,25.384],[78.9386,25.372],[78.9028,25.3757],[78.8999,25.3702],[78.9043,25.3601],[78.9246,25.3549],[78.9361,25.3467],[78.9461,25.3478],[78.9559,25.3649],[78.986,25.371],[78.9833,25.3836],[78.9757,25.3915],[78.973,25.4064],[78.9764,25.42],[78.9676,25.4338],[78.9501,25.4366],[78.9366,25.4232],[78.9107,25.4418],[78.935,25.4606],[78.9432,25.4749],[78.9427,25.4891],[78.9239,25.5156],[78.9272,25.5223],[78.9398,25.5192],[78.9495,25.526],[78.9493,25.5463],[78.9383,25.5545],[78.9302,25.5516],[78.9244,25.5361],[78.9179,25.5541],[78.8931,25.5556],[78.8819,25.5518],[78.8759,25.539],[78.8851,25.528],[78.8835,25.5191],[78.8414,25.5108],[78.8358,25.5048],[78.8345,25.4985],[78.8535,25.4862],[78.8646,25.462],[78.8611,25.4472],[78.8417,25.4273],[78.8271,25.4326],[78.8213,25.4412],[78.8446,25.4428],[78.8532,25.4492],[78.8373,25.4605],[78.7969,25.4783],[78.7639,25.471],[78.751,25.4797],[78.7435,25.4991],[78.7391,25.4954],[78.7337,25.4849],[78.732,25.4581],[78.7555,25.4433],[78.7624,25.4287],[78.7727,25.4249],[78.7968,25.4369],[78.8203,25.4253],[78.815,25.4201],[78.7635,25.4142],[78.7505,25.4076],[78.7489,25.3934],[78.762,25.4011],[78.767,25.3969],[78.7662,25.3884],[78.7602,25.3852],[78.7685,25.377],[78.7717,25.3533],[78.7429,25.3441],[78.7209,25.3479],[78.7111,25.3535],[78.7163,25.3736],[78.7,25.3826],[78.6944,25.3755],[78.6788,25.3794],[78.681,25.386],[78.6767,25.3878],[78.6651,25.3828],[78.6593,25.408],[78.6638,25.415],[78.6763,25.3987],[78.7087,25.4237],[78.6931,25.4426],[78.6822,25.433],[78.66,25.4388],[78.6527,25.4327],[78.6409,25.4329],[78.644,25.4089],[78.6358,25.4013],[78.6265,25.4019],[78.6216,25.4112],[78.6107,25.4119],[78.6018,25.4039],[78.5955,25.3869],[78.5861,25.3849],[78.5683,25.3905],[78.564,25.379],[78.5775,25.3796],[78.5849,25.372],[78.5833,25.3468],[78.5631,25.3435],[78.5422,25.3589],[78.5323,25.3579],[78.5386,25.3297],[78.5485,25.3215],[78.5321,25.3014],[78.5073,25.299],[78.4992,25.3187],[78.4762,25.2982],[78.474,25.2879],[78.4476,25.299],[78.4368,25.2919],[78.4343,25.2835],[78.4427,25.2681],[78.461,25.2655],[78.5037,25.2887],[78.5123,25.2764],[78.5279,25.2829],[78.5355,25.2694],[78.5641,25.2642],[78.5756,25.2535],[78.5685,25.2224],[78.5768,25.1969],[78.6007,25.1524],[78.6041,25.0929],[78.6273,25.0866],[78.6489,25.0565],[78.6511,25.0303],[78.6431,25.0165],[78.6389,24.9788],[78.6289,24.96],[78.6493,24.9478],[78.6473,24.9355],[78.6606,24.9394],[78.6663,24.9127],[78.6752,24.8976],[78.7032,24.8899],[78.7098,24.8792],[78.7257,24.8779],[78.7413,24.8662],[78.7535,24.8661],[78.7714,24.8566],[78.7874,24.8102],[78.787,24.8023],[78.7714,24.7903],[78.77,24.7621],[78.7754,24.7501],[78.7792,24.6995],[78.7667,24.6889],[78.7617,24.6689],[78.7516,24.6647],[78.7468,24.6553],[78.7547,24.6324],[78.7561,24.6004],[78.7836,24.5885],[78.8005,24.5937],[78.8085,24.6033],[78.8376,24.6043],[78.8458,24.6237],[78.8511,24.6244],[78.8592,24.6164],[78.8733,24.6409],[78.8799,24.6424],[78.8885,24.6351],[78.8998,24.6093],[78.9124,24.5977],[78.92,24.5768],[78.9515,24.5517],[78.9468,24.5296],[78.9509,24.5051],[78.9732,24.4925],[78.9553,24.4818],[78.9375,24.4801],[78.9301,24.484],[78.9311,24.4946],[78.9205,24.4964],[78.9077,24.4839],[78.9153,24.4624],[78.9378,24.4556],[78.9511,24.4389],[78.9887,24.4429],[78.9911,24.437],[78.9936,24.4189],[78.9809,24.3943],[78.9736,24.3494],[78.9391,24.3146],[78.9144,24.297],[78.9194,24.2852],[78.9183,24.2723],[78.8856,24.2498],[78.8854,24.2188],[78.8693,24.2098],[78.8452,24.2105],[78.8307,24.1971],[78.82,24.2061],[78.8121,24.1801],[78.7981,24.176],[78.791,24.1809],[78.7827,24.2058],[78.767,24.2296],[78.7729,24.2463],[78.7667,24.2542],[78.7631,24.2554],[78.759,24.2394],[78.7523,24.235],[78.7439,24.2378],[78.7386,24.2495],[78.7329,24.2484],[78.725,24.2349],[78.7052,24.2302],[78.6875,24.2398],[78.6755,24.2407],[78.6608,24.2694],[78.6405,24.285],[78.628,24.2819],[78.6237,24.2917],[78.6291,24.3055],[78.6084,24.3139],[78.6,24.3349],[78.591,24.339],[78.5848,24.3526],[78.5589,24.3562],[78.5339,24.37],[78.5255,24.3829],[78.5117,24.3895],[78.496,24.3816],[78.4816,24.363],[78.474,24.3349],[78.4465,24.3211],[78.4397,24.309],[78.4409,24.2932],[78.4326,24.2858],[78.4174,24.2832],[78.4131,24.2726],[78.3884,24.2695],[78.3678,24.2917],[78.3485,24.3009],[78.3455,24.3129],[78.3346,24.321],[78.3315,24.3299],[78.3687,24.3736],[78.3671,24.3813],[78.351,24.3875],[78.3428,24.3993],[78.3244,24.4058],[78.273,24.4428],[78.2664,24.4554],[78.2757,24.4716],[78.2693,24.4785],[78.2457,24.4848],[78.2463,24.5049],[78.2258,24.5181],[78.2226,24.527],[78.2303,24.5367],[78.2615,24.5476],[78.265,24.5535],[78.2761,24.6107],[78.2629,24.6439],[78.2747,24.6624],[78.2571,24.7008],[78.2267,24.7426],[78.2321,24.7717],[78.2153,24.8082],[78.1979,24.8348],[78.1716,24.8433],[78.1701,24.8522],[78.1717,24.8768],[78.2061,24.8913],[78.2203,24.9106],[78.2961,24.9632],[78.3162,24.9863],[78.3341,24.9946],[78.3447,25.0224],[78.3316,25.0675],[78.3344,25.0838],[78.3811,25.1035],[78.4021,25.1255],[78.4315,25.1197],[78.4497,25.1237],[78.4251,25.1485],[78.4277,25.1526],[78.4488,25.1523],[78.4533,25.164],[78.4508,25.1675],[78.4351,25.1646],[78.4241,25.1677],[78.4104,25.1839],[78.3922,25.1901],[78.3908,25.2009],[78.4046,25.2127],[78.382,25.2207],[78.3758,25.2366],[78.3614,25.241],[78.3691,25.2603],[78.352,25.2778],[78.352,25.2928],[78.3233,25.2994],[78.3149,25.3058],[78.3347,25.3224],[78.3382,25.3316],[78.3301,25.3501],[78.3031,25.3598],[78.3024,25.3696],[78.3066,25.3786],[78.3176,25.3799],[78.3372,25.3958],[78.3422,25.4258],[78.3546,25.4496],[78.3597,25.4501],[78.368,25.4414],[78.3844,25.4432],[78.3927,25.4489],[78.4008,25.466],[78.4138,25.474],[78.4278,25.4724],[78.4266,25.4853],[78.4165,25.499],[78.4167,25.5134],[78.4239,25.5125],[78.4158,25.5276],[78.4365,25.5586],[78.4443,25.5591],[78.4522,25.5497],[78.4624,25.5467],[78.4694,25.5622],[78.4935,25.5769],[78.5187,25.5677],[78.5348,25.5677],[78.5491,25.5599],[78.5728,25.5626],[78.5885,25.559],[78.616,25.5838],[78.6255,25.5817],[78.6308,25.5657],[78.656,25.5604],[78.6844,25.5888],[78.7186,25.6013],[78.7318,25.6032],[78.7484,25.5986],[78.8021,25.6123],[78.8128,25.6193],[78.8188,25.6402],[78.8189,25.6692],[78.797,25.6945],[78.7989,25.7052],[78.76,25.7221],[78.7534,25.7327],[78.7544,25.7437],[78.7701,25.7469],[78.7735,25.7536],[78.7835,25.7562],[78.7876,25.7698],[78.8073,25.794],[78.8282,25.794],[78.83,25.8099],[78.824,25.8122],[78.8118,25.8049],[78.8082,25.8075],[78.8066,25.8128],[78.819,25.8247],[78.8488,25.8153],[78.8491,25.7998],[78.8575,25.7905],[78.8637,25.7891],[78.8697,25.7938],[78.8735,25.829],[78.8607,25.8382],[78.854,25.8334],[78.8544,25.8551],[78.8714,25.8693],[78.8905,25.8649],[78.8892,25.883],[78.8951,25.8936],[78.8843,25.9102],[78.9022,25.9204],[78.9177,25.9407],[78.9318,25.9473],[78.9291,25.9454],[78.9375,25.9439],[78.9335,25.96],[78.9391,25.9709],[78.9316,25.9754],[78.9352,25.9811],[78.9442,25.9799],[78.9512,25.9853],[78.9534,26.0085],[78.9585,26.0144],[78.9524,26.0315],[78.9763,26.0537],[78.9839,26.0544],[78.9906,26.0683],[79.0052,26.0685],[79.0113,26.0763],[79.0117,26.0888],[78.9983,26.0904],[78.98,26.1032],[78.9774,26.1179],[78.9508,26.1336],[78.9735,26.1503],[78.9944,26.145],[79.0089,26.1495],[79.0116,26.1674],[79.0,26.1718],[78.984,26.1873],[79.0,26.1984],[79.0106,26.1912],[79.0232,26.1919],[79.0182,26.1994],[79.029,26.2041],[79.0225,26.2216],[78.9985,26.2262],[78.9926,26.2375],[79.0187,26.2462],[79.0265,26.2428],[79.0379,26.2265],[79.0489,26.2237],[79.0544,26.228],[79.0654,26.2273],[79.0639,26.2341],[79.071,26.2414],[79.0668,26.2484],[79.0573,26.2481],[79.0454,26.2614],[79.0569,26.2604],[79.0552,26.265],[79.0617,26.274],[79.0757,26.2821],[79.0861,26.2817],[79.0845,26.2696],[79.092,26.2669],[79.0947,26.2781],[79.0915,26.2883],[79.1023,26.3064],[79.1064,26.3091],[79.1172,26.3031],[79.135,26.3105],[79.1357,26.3158],[79.1242,26.3229],[79.1241,26.3295],[79.1355,26.3261],[79.1335,26.3324],[79.1422,26.3394],[79.1317,26.3391],[79.1251,26.348],[79.1119,26.3539],[79.1049,26.35],[79.1052,26.354],[79.0927,26.3541],[79.0852,26.3604],[79.0877,26.3673],[79.099,26.3738],[79.0892,26.3999],[79.0954,26.4122],[79.1092,26.4061],[79.1258,26.4115],[79.1277,26.4273],[79.1353,26.4392],[79.1035,26.4515],[79.098,26.4453],[79.0919,26.4474],[79.0895,26.4383],[79.0699,26.4438],[79.066,26.4505],[79.057,26.4504],[79.0556,26.4558],[79.0729,26.4812],[79.0695,26.4976],[79.0595,26.4951],[79.0479,26.5101],[79.0496,26.5171],[79.0399,26.5191],[79.0417,26.5303],[79.0282,26.5358],[79.0292,26.546],[79.0167,26.5421],[79.0066,26.5452],[79.0063,26.5502],[79.0154,26.5521],[79.0066,26.5583],[79.0068,26.5685],[79.0,26.5766],[78.9882,26.5684],[78.9867,26.5867],[79.0143,26.6047],[79.0118,26.6209],[78.9959,26.6384],[79.0099,26.6681],[79.0019,26.6788],[78.9826,26.6768],[78.9566,26.6569],[78.9466,26.6569],[78.9457,26.6665],[78.9586,26.6862],[78.9569,26.691],[78.9127,26.7076],[78.8916,26.6986],[78.8736,26.6989],[78.8494,26.7203],[78.8201,26.7597],[78.8074,26.7633],[78.7751,26.7587],[78.7498,26.7867],[78.7316,26.7735],[78.7265,26.7813],[78.7301,26.7919],[78.7241,26.7944],[78.686,26.7866],[78.6761,26.7684],[78.6676,26.7634],[78.6291,26.7694],[78.6105,26.7503],[78.5744,26.7519],[78.5241,26.7793],[78.4593,26.7922],[78.4344,26.8265],[78.3982,26.8191],[78.3732,26.863],[78.3599,26.8685],[78.2905,26.8583],[78.2762,26.8438],[78.2737,26.8189],[78.2693,26.8151],[78.2314,26.8314],[78.2182,26.8303],[78.2223,26.8427],[78.2129,26.8497],[78.1995,26.8828],[78.2133,26.8716],[78.235,26.8768],[78.2383,26.8881],[78.2612,26.8988],[78.2708,26.9177],[78.2668,26.9282],[78.2558,26.9249],[78.2412,26.9279],[78.2244,26.9481],[78.2137,26.9331],[78.199,26.9409],[78.1479,26.9513],[78.1198,26.9474],[78.1164,26.9425],[78.1237,26.9324],[78.1211,26.9217],[78.1037,26.9232],[78.1098,26.8992],[78.0994,26.9058],[78.0952,26.8962],[78.0689,26.9101],[78.0506,26.9096],[78.0561,26.869],[78.0458,26.8712],[78.0394,26.8597],[78.0303,26.8551],[78.0246,26.858],[78.0362,26.8703],[78.0258,26.8762],[78.03,26.889],[78.0224,26.9026],[78.015,26.9049],[78.0002,26.9051],[77.9933,26.8956],[77.9834,26.8917],[77.975,26.8972],[77.9712,26.9068],[77.9502,26.894],[77.9371,26.9071],[77.9178,26.9085],[77.9148,26.9182],[77.9082,26.9188],[77.9051,26.9142],[77.911,26.8954],[77.9043,26.884],[77.8983,26.8837],[77.8796,26.8997],[77.8295,26.9204],[77.8228,26.917],[77.8074,26.9225],[77.797,26.9165],[77.7816,26.9305],[77.7615,26.932],[77.7524,26.9175],[77.7487,26.9212],[77.737,26.9201],[77.7269,26.9107],[77.7189,26.8973],[77.7279,26.891],[77.7238,26.8756],[77.7057,26.8743],[77.7017,26.8672],[77.6863,26.8726],[77.6726,26.8541],[77.6328,26.8411],[77.6241,26.8428],[77.6123,26.8271],[77.608,26.8368],[77.596,26.8277],[77.5799,26.8263],[77.5642,26.8163],[77.5435,26.8198],[77.5284,26.8164],[77.5198,26.8224],[77.5214,26.8395],[77.5057,26.8423],[77.4887,26.7822],[77.5043,26.7685],[77.488,26.7483],[77.4559,26.7411],[77.4719,26.7639],[77.4636,26.7748],[77.4362,26.7645],[77.4362,26.7802],[77.4469,26.8135],[77.4252,26.8372],[77.4339,26.8474],[77.4302,26.8614],[77.4442,26.8623],[77.4496,26.872],[77.4619,26.8711],[77.4629,26.8839],[77.4903,26.8981],[77.5877,26.9252],[77.5954,26.9389],[77.6017,26.932],[77.657,26.9681],[77.6647,26.9684],[77.6734,26.9612],[77.6783,26.9714],[77.7,26.9733],[77.7227,26.9859],[77.7445,26.9825],[77.7478,26.9922],[77.7559,26.9927],[77.7507,27.0006],[77.7632,27.017],[77.7521,27.018],[77.7437,27.028],[77.7347,27.0258],[77.7284,27.0083],[77.7305,26.9946],[77.7221,26.9922],[77.7048,27.0012],[77.7019,27.0138],[77.6902,27.0272],[77.6925,27.0392],[77.6864,27.0448],[77.6789,27.0432],[77.6651,27.017],[77.6424,27.0213],[77.6355,27.0098],[77.6237,27.0217],[77.5987,27.0259],[77.592,27.0336],[77.5832,27.0359],[77.5655,27.0312],[77.567,27.0431],[77.5749,27.0546],[77.5738,27.0723],[77.5544,27.075],[77.5346,27.0608],[77.5224,27.0647],[77.5263,27.0824],[77.5191,27.0882],[77.5075,27.0883],[77.5104,27.0935],[77.5219,27.1024],[77.5375,27.0985],[77.5526,27.1099],[77.599,27.1174],[77.6055,27.1233],[77.6019,27.1422],[77.6148,27.1484],[77.6134,27.1628],[77.6231,27.1691],[77.6442,27.1644],[77.6629,27.1698],[77.6814,27.1946],[77.665,27.2073],[77.6479,27.2115],[77.6526,27.2331],[77.6468,27.2349],[77.6475,27.2414],[77.6342,27.2566],[77.6212,27.2546],[77.615,27.267],[77.6226,27.2734],[77.6115,27.2892],[77.6001,27.2948],[77.6219,27.309],[77.6226,27.3377],[77.6014,27.3322],[77.583,27.321],[77.5512,27.3367],[77.5475,27.3474],[77.5304,27.3519],[77.5057,27.3757],[77.4843,27.382],[77.475,27.3786],[77.4403,27.3935],[77.4352,27.411],[77.4236,27.4197],[77.4267,27.4365],[77.4358,27.4453],[77.4381,27.4564],[77.4239,27.4605],[77.4159,27.4707],[77.4049,27.4722],[77.4005,27.4964],[77.3909,27.5109],[77.3607,27.5144],[77.3436,27.5244],[77.341,27.5329],[77.3487,27.5411],[77.3421,27.549],[77.3389,27.5655],[77.3587,27.5878],[77.3438,27.5959],[77.3344,27.5913],[77.3198,27.6061],[77.351,27.6474],[77.3437,27.6758],[77.3453,27.6906],[77.3393,27.7055],[77.3111,27.7076],[77.3063,27.7131],[77.3051,27.7242],[77.3211,27.7331],[77.3101,27.7509],[77.313,27.7824],[77.3042,27.7943],[77.2846,27.801],[77.2986,27.8123],[77.2978,27.8236],[77.3218,27.8245],[77.3363,27.8321],[77.333,27.8353],[77.3382,27.8464],[77.3483,27.854],[77.3616,27.8508],[77.3829,27.8581],[77.4214,27.8534],[77.4106,27.8763],[77.4214,27.8905],[77.4313,27.8888],[77.4513,27.8728],[77.4676,27.8796],[77.4816,27.8955],[77.4838,27.9064],[77.4776,27.9262],[77.4869,27.9345],[77.494,27.9382],[77.5046,27.9251],[77.5204,27.9317],[77.5284,27.9262],[77.5454,27.9436],[77.5452,27.9598],[77.5243,27.9598],[77.5189,27.9676],[77.5445,27.9876],[77.5212,28.0046],[77.5158,28.0167],[77.4991,28.0336],[77.4885,28.0385],[77.4923,28.055],[77.4783,28.0803],[77.4825,28.0981],[77.4877,28.1023],[77.4922,28.1022],[77.4955,28.0917],[77.5017,28.0923],[77.5008,28.107],[77.5091,28.1217],[77.508,28.13],[77.4967,28.1358],[77.5048,28.1401],[77.5059,28.1542],[77.5413,28.1646],[77.552,28.176],[77.5476,28.1852],[77.5152,28.1898],[77.5111,28.1815],[77.5017,28.1794],[77.4987,28.2063],[77.5072,28.2074],[77.5224,28.196],[77.5287,28.1961],[77.5329,28.2015],[77.5252,28.2241],[77.5509,28.2421],[77.5485,28.2487],[77.5219,28.2487],[77.4769,28.2641],[77.4745,28.2718],[77.4819,28.2756],[77.5024,28.275],[77.5055,28.3014],[77.4735,28.3324],[77.504,28.3526],[77.4957,28.3741],[77.4767,28.3941],[77.4837,28.3982],[77.4844,28.4079],[77.4459,28.426],[77.4357,28.449],[77.4077,28.4531],[77.4078,28.4656],[77.3793,28.4751],[77.3704,28.4923],[77.3531,28.4981],[77.3314,28.5304],[77.3051,28.5557],[77.3036,28.5743],[77.3172,28.5914],[77.3463,28.6034],[77.3443,28.6215],[77.3213,28.6392],[77.3281,28.6739],[77.3373,28.6797],[77.33,28.6982],[77.3337,28.7104],[77.3117,28.7113],[77.3031,28.7043],[77.2951,28.707],[77.2946,28.7185],[77.2871,28.729],[77.2664,28.7345],[77.2634,28.7474],[77.2482,28.7538],[77.2273,28.7763],[77.2349,28.7823],[77.2129,28.7841],[77.2047,28.797],[77.2049,28.81],[77.2239,28.8082],[77.2276,28.83],[77.2182,28.8549],[77.1972,28.8615],[77.1884,28.8803],[77.2316,28.8988],[77.2319,28.9028],[77.2072,28.9156],[77.2158,28.9312],[77.2013,28.9416],[77.2006,28.9504],[77.2248,29.0007],[77.1732,29.0434],[77.1678,29.0723],[77.1327,29.1006],[77.1493,29.1296],[77.1374,29.1489],[77.1381,29.1578],[77.1508,29.1769],[77.147,29.2023],[77.1361,29.2197],[77.1537,29.2327],[77.1549,29.2382],[77.1404,29.2677],[77.1652,29.3118],[77.1611,29.3266],[77.165,29.3304],[77.1575,29.34],[77.1348,29.3399],[77.1286,29.3521],[77.128,29.3716],[77.1579,29.3847],[77.1402,29.3974],[77.137,29.4056],[77.136,29.4171],[77.1506,29.4371],[77.1255,29.4569],[77.1267,29.4704],[77.1346,29.4811],[77.1312,29.4923],[77.1089,29.5071],[77.0962,29.5286],[77.1008,29.5397],[77.1211,29.548],[77.1134,29.5721],[77.0971,29.5959],[77.112,29.6174],[77.1126,29.6282],[77.1212,29.6423],[77.1429,29.6581],[77.1308,29.681],[77.1372,29.692],[77.1515,29.6953],[77.155,29.7011],[77.1519,29.7124],[77.1343,29.7312],[77.1343,29.738],[77.1247,29.7437],[77.1306,29.7594],[77.1288,29.7661],[77.1301,29.7707],[77.1438,29.7741],[77.1642,29.7884],[77.1658,29.8089],[77.1809,29.8247],[77.1795,29.8415],[77.1944,29.8684],[77.1969,29.89],[77.1916,29.8974],[77.2012,29.9172],[77.2417,29.9571],[77.2477,29.9763],[77.2627,29.9836],[77.2754,29.9973],[77.2854,30.0292],[77.2827,30.0435],[77.2985,30.0526],[77.3441,30.0596],[77.381,30.0867],[77.4093,30.0908],[77.427,30.1022],[77.4267,30.1062],[77.4132,30.1083],[77.4105,30.1138],[77.4252,30.1228],[77.4304,30.1363],[77.424,30.1448],[77.4362,30.1636],[77.4595,30.1637],[77.4687,30.176],[77.486,30.1837],[77.5088,30.2287],[77.5327,30.2552],[77.5397,30.2774],[77.5833,30.3063],[77.588,30.3211],[77.5829,30.3322],[77.6051,30.3659],[77.6033,30.3723],[77.588,30.3796],[77.5893,30.385],[77.5762,30.3996],[77.5907,30.4076],[77.5979,30.4039]],[[77.6739,28.1085],[77.6756,28.1033],[77.6752,28.1046],[77.6739,28.1085]],[[80.4801,25.0701],[80.4829,25.0556],[80.4876,25.0562],[80.4901,25.0674],[80.4854,25.0739],[80.4801,25.0701]]]]}},{"type":"Feature","properties":{"ST_NM":"Uttarakhand"},"geometry":{"type":"Polygon","coordinates":[[[79.2105,31.3485],[79.2373,31.3321],[79.2371,31.3142],[79.2637,31.2914],[79.2633,31.2801],[79.2493,31.2639],[79.2494,31.2488],[79.2589,31.2417],[79.2783,31.24],[79.2883,31.2255],[79.3039,31.1903],[79.2975,31.1756],[79.3003,31.1648],[79.324,31.1347],[79.3343,31.1337],[79.3404,31.1245],[79.3972,31.113],[79.4076,31.0744],[79.4215,31.0716],[79.4237,31.0659],[79.4283,31.0321],[79.5165,31.0337],[79.5206,31.0181],[79.5356,31.0051],[79.5347,30.9898],[79.5529,30.9858],[79.5481,30.9677],[79.5687,30.9534],[79.5909,30.9489],[79.6047,30.9374],[79.6309,30.9563],[79.6646,30.9651],[79.6668,30.9789],[79.6778,30.9814],[79.7085,30.9762],[79.7293,30.9802],[79.7534,31.0006],[79.7609,31.0007],[79.7756,30.9876],[79.8202,30.9723],[79.8456,30.9785],[79.8673,30.9747],[79.8791,30.9606],[79.8899,30.9249],[79.9127,30.9162],[79.9302,30.8867],[79.9495,30.8874],[79.975,30.88],[80.0098,30.8618],[80.04,30.8383],[80.0592,30.8384],[80.0654,30.8273],[80.0845,30.8138],[80.0891,30.7941],[80.1182,30.7741],[80.1281,30.7753],[80.1403,30.7879],[80.1534,30.7911],[80.1546,30.8056],[80.1723,30.8072],[80.1999,30.7811],[80.2055,30.7582],[80.2222,30.7519],[80.2278,30.7601],[80.2389,30.7585],[80.2523,30.7321],[80.2385,30.709],[80.2347,30.6916],[80.2004,30.6767],[80.1954,30.6642],[80.2238,30.6394],[80.2133,30.6175],[80.2143,30.6132],[80.2269,30.6089],[80.2207,30.5917],[80.2304,30.5734],[80.2549,30.5597],[80.2679,30.5695],[80.2752,30.5609],[80.2823,30.5681],[80.2927,30.5688],[80.3203,30.5618],[80.3303,30.5483],[80.3829,30.5212],[80.396,30.5178],[80.4152,30.5255],[80.4382,30.5],[80.4715,30.4882],[80.5043,30.4835],[80.5202,30.4631],[80.5411,30.4487],[80.5496,30.4584],[80.5702,30.4615],[80.581,30.483],[80.5988,30.4816],[80.6528,30.4448],[80.6805,30.4378],[80.7144,30.4127],[80.752,30.3925],[80.7712,30.3737],[80.7905,30.3375],[80.8257,30.3144],[80.9311,30.2824],[81.0084,30.2649],[81.0254,30.2572],[81.034,30.2474],[81.033,30.2284],[81.043,30.1985],[80.9933,30.1868],[80.9803,30.1909],[80.9707,30.183],[80.9583,30.1844],[80.9367,30.1766],[80.9204,30.186],[80.9217,30.2074],[80.9179,30.2153],[80.9028,30.216],[80.883,30.1842],[80.8679,30.1719],[80.8777,30.1438],[80.8748,30.1305],[80.8514,30.117],[80.8415,30.1012],[80.8111,30.0945],[80.7893,30.0664],[80.7693,30.0553],[80.7443,30.0021],[80.7352,29.9971],[80.7211,29.9994],[80.6816,29.9606],[80.6466,29.959],[80.6303,29.9639],[80.6003,29.9536],[80.5725,29.9231],[80.5743,29.8948],[80.5624,29.8763],[80.5609,29.8623],[80.5547,29.8533],[80.5422,29.8483],[80.5254,29.8302],[80.508,29.8204],[80.4965,29.7961],[80.4898,29.7937],[80.4704,29.8011],[80.4541,29.7978],[80.4381,29.8053],[80.4326,29.7984],[80.4101,29.7897],[80.4022,29.7598],[80.3872,29.7485],[80.374,29.7489],[80.3704,29.725],[80.3795,29.7182],[80.3796,29.7064],[80.3948,29.6687],[80.4207,29.6495],[80.4238,29.6407],[80.423,29.6292],[80.4132,29.6154],[80.4138,29.5978],[80.3976,29.5707],[80.3858,29.5705],[80.3514,29.5505],[80.3485,29.5374],[80.3578,29.5313],[80.3535,29.5166],[80.3345,29.5078],[80.318,29.4929],[80.316,29.4807],[80.3027,29.4859],[80.292,29.4694],[80.3017,29.4601],[80.3029,29.4504],[80.288,29.4477],[80.2805,29.4574],[80.2704,29.4504],[80.247,29.4458],[80.2463,29.4407],[80.2489,29.4081],[80.2776,29.3941],[80.2811,29.3738],[80.2753,29.3649],[80.2836,29.3586],[80.2854,29.3437],[80.2947,29.3403],[80.2968,29.3268],[80.3166,29.3225],[80.3194,29.2995],[80.3079,29.2829],[80.3042,29.2411],[80.2976,29.235],[80.3023,29.1984],[80.2917,29.1957],[80.2835,29.2074],[80.2647,29.2106],[80.2616,29.2185],[80.2541,29.2192],[80.2504,29.2025],[80.264,29.1873],[80.2634,29.1647],[80.2736,29.1444],[80.2527,29.1337],[80.2403,29.1188],[80.2195,29.1192],[80.2064,29.1283],[80.1853,29.1319],[80.1489,29.0997],[80.1356,29.0688],[80.1436,29.0561],[80.1302,29.0346],[80.1338,29.0301],[80.1305,29.0142],[80.1408,29.0104],[80.1408,29.0063],[80.1255,29.0025],[80.1212,28.9853],[80.1026,28.9814],[80.0666,28.9187],[80.0636,28.8453],[80.0703,28.8292],[80.0375,28.7938],[80.0523,28.7771],[80.0466,28.7572],[80.0254,28.7313],[80.0,28.711],[79.9646,28.7115],[79.9341,28.7266],[79.9238,28.7589],[79.9007,28.7797],[79.9131,28.7961],[79.8791,28.7904],[79.8523,28.8026],[79.858,28.8152],[79.8875,28.8123],[79.8872,28.8242],[79.8725,28.8281],[79.8659,28.8382],[79.8363,28.8387],[79.8247,28.8241],[79.8277,28.8062],[79.813,28.7985],[79.7951,28.7993],[79.798,28.8149],[79.8066,28.8086],[79.813,28.8236],[79.8055,28.8332],[79.81,28.84],[79.8065,28.8468],[79.82,28.8502],[79.8205,28.8567],[79.8147,28.8657],[79.8035,28.8643],[79.8025,28.8713],[79.7863,28.8857],[79.7717,28.8834],[79.7619,28.8873],[79.7523,28.8771],[79.724,28.8746],[79.717,28.8641],[79.7,28.8621],[79.6962,28.8512],[79.6847,28.8515],[79.678,28.8422],[79.6658,28.8426],[79.6254,28.8626],[79.6041,28.8604],[79.5883,28.8442],[79.5627,28.8398],[79.5594,28.8482],[79.5658,28.8724],[79.5483,28.8864],[79.519,28.8572],[79.4884,28.8611],[79.4715,28.8531],[79.4452,28.8555],[79.4356,28.8491],[79.4229,28.8498],[79.4074,28.8793],[79.4129,28.8937],[79.4132,28.9262],[79.4012,28.9322],[79.3888,28.9309],[79.3715,28.9644],[79.3637,28.9463],[79.319,28.9524],[79.3107,28.947],[79.2907,28.9587],[79.2761,28.976],[79.2512,28.9938],[79.2496,29.0007],[79.2159,29.023],[79.2094,29.016],[79.1948,29.0181],[79.1968,29.0119],[79.1804,29.0098],[79.1701,29.0168],[79.166,29.0268],[79.1705,29.0281],[79.1773,29.0452],[79.1556,29.054],[79.1489,29.0633],[79.1466,29.0758],[79.1559,29.1005],[79.1542,29.1136],[79.1428,29.1233],[79.1298,29.1278],[79.1127,29.1256],[79.0848,29.1459],[79.0581,29.1487],[79.0458,29.165],[79.0389,29.1662],[79.0337,29.1612],[79.0395,29.1547],[79.0384,29.1438],[79.0229,29.1512],[79.0207,29.1301],[79.0429,29.1242],[79.038,29.1155],[79.0289,29.1118],[79.0185,29.1144],[79.0125,29.1105],[79.0045,29.1276],[78.9955,29.1313],[78.991,29.1487],[78.9743,29.1607],[78.9563,29.1435],[78.9355,29.1511],[78.9263,29.1429],[78.9123,29.1446],[78.9069,29.1508],[78.9176,29.1592],[78.9143,29.1685],[78.9176,29.1743],[78.9063,29.1899],[78.9111,29.1966],[78.8997,29.2043],[78.9041,29.2088],[78.8948,29.2193],[78.8821,29.2225],[78.883,29.2347],[78.8646,29.2553],[78.8544,29.2483],[78.8433,29.2547],[78.8258,29.2463],[78.8119,29.2519],[78.7994,29.2593],[78.798,29.267],[78.7936,29.2652],[78.7707,29.2807],[78.7789,29.2799],[78.7731,29.2873],[78.7259,29.3114],[78.7394,29.3115],[78.7404,29.3282],[78.7536,29.3266],[78.7591,29.3374],[78.7695,29.3438],[78.778,29.3351],[78.7946,29.3405],[78.7935,29.326],[78.8009,29.3233],[78.81,29.3323],[78.8023,29.3461],[78.8093,29.3497],[78.8212,29.3769],[78.8272,29.3794],[78.8232,29.3743],[78.8264,29.364],[78.841,29.3622],[78.8484,29.3654],[78.8447,29.3754],[78.869,29.3796],[78.8748,29.3886],[78.8824,29.3864],[78.9088,29.4176],[78.9128,29.4407],[78.9353,29.4502],[78.9322,29.4542],[78.9127,29.4502],[78.8781,29.4536],[78.7978,29.4701],[78.7781,29.4778],[78.7514,29.499],[78.7057,29.503],[78.6519,29.5419],[78.6176,29.5559],[78.5889,29.5747],[78.5398,29.6185],[78.524,29.6449],[78.5144,29.7059],[78.5028,29.7191],[78.5002,29.7356],[78.4862,29.7427],[78.4447,29.7524],[78.4252,29.7667],[78.3986,29.7681],[78.3443,29.7905],[78.3154,29.7519],[78.2438,29.6984],[78.2337,29.712],[78.2059,29.7044],[78.1946,29.6859],[78.1782,29.6739],[78.1514,29.6705],[78.1462,29.6529],[78.127,29.6395],[78.1192,29.6275],[78.1028,29.6191],[78.0942,29.5962],[78.0714,29.596],[78.056,29.5874],[78.0486,29.5752],[78.0547,29.5663],[78.0493,29.5596],[78.0489,29.547],[78.0062,29.5495],[78.0,29.5402],[77.9891,29.5525],[77.9958,29.5825],[77.9847,29.5776],[77.9652,29.5791],[77.9593,29.5849],[77.9653,29.5968],[77.9639,29.6105],[77.9745,29.6044],[77.9889,29.6085],[77.9853,29.6264],[77.9892,29.6365],[77.9775,29.6499],[77.9844,29.6701],[77.9744,29.6647],[77.9553,29.6861],[77.9585,29.6899],[77.9545,29.6965],[77.9642,29.6998],[77.9531,29.7091],[77.9394,29.7091],[77.917,29.6971],[77.9224,29.6934],[77.886,29.6965],[77.882,29.6885],[77.8662,29.6834],[77.8411,29.6639],[77.8046,29.6765],[77.8013,29.6804],[77.8096,29.6924],[77.807,29.695],[77.7698,29.7105],[77.7814,29.7292],[77.773,29.7473],[77.7779,29.7583],[77.7776,29.7704],[77.7728,29.7759],[77.7769,29.7801],[77.7544,29.8042],[77.7546,29.8193],[77.7415,29.8322],[77.7424,29.8478],[77.7257,29.8512],[77.7143,29.8665],[77.7154,29.8845],[77.7234,29.8828],[77.7455,29.9082],[77.7412,29.9233],[77.7301,29.9297],[77.7575,29.9623],[77.7426,29.9822],[77.7534,29.9889],[77.7617,30.0089],[77.7849,30.021],[77.7859,30.0278],[77.7702,30.043],[77.7992,30.0947],[77.8067,30.0958],[77.8258,30.0844],[77.8381,30.0995],[77.8514,30.107],[77.8784,30.1498],[77.909,30.181],[77.9162,30.2078],[77.9311,30.2195],[77.9446,30.2417],[77.9095,30.2608],[77.8871,30.269],[77.8741,30.2662],[77.8255,30.2856],[77.7644,30.3196],[77.7239,30.3337],[77.7044,30.3532],[77.6865,30.3807],[77.6773,30.379],[77.6745,30.3883],[77.6608,30.3931],[77.6474,30.406],[77.6352,30.3998],[77.6223,30.4055],[77.5996,30.4031],[77.5907,30.4076],[77.5762,30.3996],[77.576,30.4122],[77.6036,30.4289],[77.6252,30.4335],[77.6438,30.4312],[77.6535,30.4474],[77.6749,30.4438],[77.6924,30.4468],[77.7246,30.4723],[77.7348,30.4728],[77.7811,30.4994],[77.8127,30.5064],[77.8242,30.5282],[77.8168,30.5588],[77.7918,30.5524],[77.7754,30.5581],[77.7572,30.5849],[77.7431,30.5935],[77.7484,30.6033],[77.768,30.5958],[77.7703,30.6154],[77.7957,30.6144],[77.7849,30.6236],[77.7887,30.6362],[77.782,30.6466],[77.7928,30.6589],[77.7796,30.6604],[77.7472,30.681],[77.7474,30.6926],[77.7549,30.7058],[77.736,30.7258],[77.7342,30.7335],[77.7054,30.7435],[77.7022,30.7639],[77.7184,30.7743],[77.7334,30.8036],[77.7584,30.8251],[77.7581,30.8315],[77.7455,30.8461],[77.7558,30.8595],[77.7586,30.8765],[77.7686,30.8777],[77.7793,30.8605],[77.8035,30.8538],[77.7976,30.8673],[77.7986,30.8837],[77.815,30.908],[77.8098,30.9191],[77.7598,30.9176],[77.7607,30.9293],[77.7509,30.935],[77.7488,30.955],[77.7682,30.9722],[77.7782,30.9723],[77.7927,30.9677],[77.8165,30.9504],[77.8314,30.9489],[77.8332,30.9554],[77.8189,30.9563],[77.8107,30.9651],[77.828,30.9943],[77.8244,31.0006],[77.8397,31.0035],[77.8332,31.0111],[77.836,31.0253],[77.8295,31.0293],[77.8151,31.0575],[77.8292,31.0563],[77.8392,31.0698],[77.8574,31.0767],[77.8649,31.0906],[77.8661,31.1064],[77.8933,31.12],[77.8951,31.1328],[77.9044,31.1444],[77.9022,31.1501],[77.9169,31.1542],[77.9294,31.152],[77.9695,31.1741],[77.9841,31.1605],[78.0073,31.1624],[78.029,31.1502],[78.031,31.1668],[78.0447,31.1806],[78.0687,31.1882],[78.1026,31.1861],[78.1287,31.2015],[78.1341,31.2093],[78.1498,31.2114],[78.1628,31.2268],[78.1864,31.2271],[78.2025,31.2174],[78.2152,31.2209],[78.2218,31.2324],[78.2476,31.2302],[78.2841,31.2666],[78.3085,31.2612],[78.3135,31.2834],[78.3321,31.2803],[78.3715,31.286],[78.3844,31.2831],[78.3886,31.2744],[78.3965,31.2766],[78.4082,31.2574],[78.4065,31.2481],[78.4127,31.2429],[78.4295,31.246],[78.4346,31.255],[78.4593,31.2393],[78.4817,31.216],[78.4852,31.1988],[78.5522,31.2017],[78.5818,31.2287],[78.6106,31.2314],[78.6496,31.2169],[78.6628,31.1896],[78.675,31.1982],[78.7227,31.1899],[78.7646,31.1892],[78.8103,31.1999],[78.8184,31.1941],[78.8128,31.1774],[78.8269,31.1643],[78.8254,31.1587],[78.8339,31.142],[78.8529,31.1255],[78.8671,31.121],[78.8774,31.1072],[78.8951,31.0986],[78.9119,31.1004],[78.9189,31.1102],[78.9278,31.1109],[78.9356,31.1023],[78.9573,31.0998],[78.9808,31.1101],[79.0119,31.1123],[79.0044,31.1321],[78.991,31.1455],[78.9927,31.1649],[78.9872,31.1772],[78.9615,31.1884],[78.9512,31.2005],[78.9505,31.2172],[78.935,31.2179],[78.9253,31.2287],[78.9223,31.2541],[78.9321,31.2615],[78.9314,31.2821],[78.9403,31.3016],[78.9386,31.3203],[78.9525,31.3374],[79.0072,31.3589],[79.0102,31.3742],[79.0225,31.3956],[79.0499,31.423],[79.0513,31.4481],[79.061,31.4631],[79.0726,31.4672],[79.092,31.4532],[79.1447,31.4337],[79.2105,31.3485]]]}},{"type":"Feature","properties":{"ST_NM":"West Bengal"},"geometry":{"type":"MultiPolygon","coordinates":[[[[88.0186,21.5728],[88.0205,21.5667],[88.0158,21.5817],[88.0186,21.5728]]],[[[88.4977,21.5998],[88.5339,21.5781],[88.5303,21.5681],[88.5317,21.5636],[88.5344,21.5661],[88.5289,21.555],[88.5314,21.5425],[88.5061,21.5411],[88.5117,21.5581],[88.5031,21.5653],[88.5097,21.5579],[88.5042,21.5445],[88.4817,21.5547],[88.4861,21.5883],[88.4977,21.5998]]],[[[88.1778,21.6011],[88.1794,21.5889],[88.1889,21.5819],[88.1867,21.56],[88.1744,21.5667],[88.1678,21.5917],[88.17,21.6],[88.1778,21.6011]]],[[[88.8347,21.6072],[88.8464,21.5994],[88.8761,21.5922],[88.8936,21.5783],[88.9036,21.5558],[88.8953,21.5503],[88.8753,21.5489],[88.8428,21.5539],[88.8283,21.5769],[88.8308,21.6042],[88.8347,21.6072]]],[[[88.7289,21.6371],[88.7356,21.6111],[88.7572,21.599],[88.7481,21.591],[88.7469,21.5775],[88.7358,21.5717],[88.7144,21.5783],[88.7072,21.5942],[88.7131,21.6253],[88.7208,21.6383],[88.7289,21.6371]]],[[[88.5372,21.6386],[88.5717,21.6231],[88.5875,21.6019],[88.5864,21.5879],[88.5755,21.5742],[88.55,21.5636],[88.5436,21.5667],[88.537,21.587],[88.5564,21.5991],[88.5567,21.6044],[88.5369,21.5884],[88.51,21.6022],[88.5242,21.6261],[88.5203,21.6435],[88.5244,21.6532],[88.5372,21.6386]]],[[[88.8924,21.6521],[88.8939,21.6492],[88.889,21.6546],[88.8924,21.6521]]],[[[88.7742,21.6483],[88.7705,21.6347],[88.7739,21.6197],[88.7908,21.6019],[88.7822,21.5961],[88.7943,21.5998],[88.7981,21.5917],[88.7878,21.5806],[88.7519,21.5767],[88.7489,21.5892],[88.7582,21.6],[88.7361,21.6124],[88.7296,21.64],[88.7687,21.6555],[88.7742,21.6483]]],[[[88.9658,21.6415],[88.9914,21.6436],[88.9951,21.6264],[88.9925,21.6167],[88.9757,21.6132],[88.9559,21.6176],[88.9586,21.6225],[88.9397,21.6467],[88.9552,21.6771],[88.9658,21.6415]]],[[[88.6344,21.6567],[88.6303,21.6492],[88.6297,21.6653],[88.6404,21.6786],[88.6344,21.6567]]],[[[88.5769,21.6917],[88.5858,21.6581],[88.5938,21.6536],[88.6057,21.6244],[88.6022,21.6206],[88.5911,21.6183],[88.554,21.6395],[88.5548,21.6474],[88.5708,21.666],[88.5675,21.6905],[88.5769,21.6917]]],[[[88.5919,21.6942],[88.6063,21.68],[88.6044,21.6711],[88.5885,21.6573],[88.5804,21.683],[88.5919,21.6906],[88.5878,21.7014],[88.5919,21.6942]]],[[[88.9845,21.7057],[88.9897,21.7008],[88.9939,21.6736],[88.9873,21.6648],[88.9879,21.653],[88.9964,21.649],[89.0228,21.654],[89.0223,21.6361],[89.0375,21.6181],[89.0288,21.6048],[89.0,21.6017],[88.9924,21.6441],[88.9684,21.6417],[88.964,21.6457],[88.9633,21.663],[88.9544,21.6794],[88.9508,21.7007],[88.9732,21.6974],[88.9845,21.7057]]],[[[88.8067,21.7067],[88.8103,21.6936],[88.8072,21.6658],[88.7969,21.6553],[88.7872,21.6592],[88.7942,21.6644],[88.7847,21.66],[88.7705,21.6656],[88.7594,21.6631],[88.7306,21.6847],[88.7411,21.6894],[88.745,21.6822],[88.7583,21.6825],[88.7647,21.6931],[88.8067,21.7067]]],[[[88.3111,21.7064],[88.3286,21.7053],[88.3461,21.6886],[88.3511,21.6781],[88.3464,21.6533],[88.3581,21.6475],[88.35,21.6433],[88.3384,21.6218],[88.3253,21.6175],[88.3153,21.6081],[88.3081,21.6111],[88.3058,21.6291],[88.3161,21.6613],[88.3158,21.6776],[88.3004,21.704],[88.3111,21.7064]]],[[[88.454,21.7093],[88.4707,21.673],[88.4661,21.6675],[88.4656,21.6758],[88.4539,21.6242],[88.4422,21.615],[88.4375,21.6335],[88.4206,21.6514],[88.4186,21.6826],[88.4196,21.6898],[88.4369,21.7063],[88.454,21.7093]]],[[[88.6971,21.7129],[88.7003,21.6925],[88.7074,21.6812],[88.7514,21.6487],[88.7229,21.6386],[88.7097,21.6631],[88.7013,21.6657],[88.687,21.6833],[88.6971,21.7129]]],[[[88.2045,21.7212],[88.2166,21.7005],[88.1983,21.6944],[88.1956,21.6819],[88.2041,21.6725],[88.2263,21.6702],[88.2317,21.6436],[88.2117,21.6208],[88.2119,21.6017],[88.1947,21.6327],[88.1814,21.6861],[88.1883,21.7081],[88.2045,21.7212]]],[[[89.0591,21.722],[89.0706,21.7018],[89.0649,21.6893],[89.0727,21.6897],[89.0849,21.6778],[89.0923,21.6657],[89.095,21.644],[89.0906,21.6339],[89.0846,21.63],[89.0828,21.6335],[89.0817,21.6274],[89.0516,21.6175],[89.0348,21.6331],[89.0376,21.6406],[89.0325,21.6338],[89.0285,21.6353],[89.0264,21.6581],[89.033,21.6547],[89.0209,21.6624],[89.0247,21.6949],[89.022,21.7004],[89.0098,21.7049],[89.022,21.7101],[89.0241,21.7167],[89.0591,21.722]]],[[[88.978,21.7269],[88.9922,21.7228],[88.9997,21.7153],[89.0151,21.7177],[89.0205,21.7136],[89.0078,21.7071],[89.0092,21.7017],[89.0197,21.6994],[89.0242,21.6877],[89.0178,21.6612],[89.0078,21.6522],[88.9901,21.6541],[88.9898,21.6646],[88.9958,21.6725],[88.9928,21.7],[88.9706,21.7208],[88.978,21.7269]]],[[[88.5457,21.7361],[88.56,21.7294],[88.5708,21.7325],[88.5753,21.7209],[88.5874,21.7093],[88.5861,21.6994],[88.5907,21.6906],[88.5802,21.6847],[88.5706,21.7007],[88.5699,21.7106],[88.5598,21.7133],[88.5528,21.724],[88.543,21.7239],[88.5453,21.7203],[88.5526,21.723],[88.559,21.7126],[88.5683,21.7098],[88.5742,21.694],[88.5673,21.6932],[88.5627,21.7064],[88.5528,21.7028],[88.5651,21.7029],[88.5692,21.6694],[88.5528,21.6486],[88.5509,21.6365],[88.541,21.6397],[88.5296,21.6527],[88.5333,21.6686],[88.5172,21.7108],[88.5292,21.7198],[88.5355,21.7327],[88.5457,21.7361]]],[[[88.1956,21.7245],[88.195,21.7242],[88.1947,21.7245],[88.1947,21.7256],[88.195,21.7258],[88.195,21.7261],[88.1953,21.7264],[88.1953,21.7267],[88.1956,21.7269],[88.1956,21.7272],[88.1958,21.7275],[88.1958,21.7283],[88.1956,21.7286],[88.1956,21.7294],[88.1958,21.7297],[88.1959,21.7301],[88.196,21.7303],[88.1961,21.7306],[88.1963,21.7308],[88.1966,21.731],[88.1967,21.7314],[88.197,21.7316],[88.1972,21.7319],[88.1975,21.7322],[88.1978,21.7325],[88.198,21.7328],[88.1983,21.7331],[88.1985,21.7334],[88.1987,21.7337],[88.1989,21.7341],[88.1992,21.7345],[88.1994,21.7349],[88.1997,21.7352],[88.1999,21.7355],[88.2001,21.7358],[88.2003,21.7361],[88.2006,21.7363],[88.2008,21.7364],[88.201,21.7364],[88.2011,21.7365],[88.2011,21.7367],[88.2014,21.7367],[88.2014,21.7364],[88.2019,21.7358],[88.2019,21.735],[88.2017,21.7347],[88.2017,21.7336],[88.2014,21.7333],[88.2014,21.7331],[88.2011,21.7328],[88.2011,21.7314],[88.2005,21.7308],[88.2006,21.7306],[88.2003,21.7303],[88.2003,21.7297],[88.2,21.7294],[88.2,21.7289],[88.1997,21.7286],[88.1997,21.7283],[88.1994,21.7281],[88.1994,21.7278],[88.1989,21.7272],[88.199,21.727],[88.1986,21.7268],[88.1983,21.7266],[88.198,21.7264],[88.1977,21.7261],[88.1975,21.7258],[88.1972,21.7255],[88.197,21.7253],[88.1967,21.7252],[88.1965,21.725],[88.1963,21.7249],[88.196,21.7247],[88.1956,21.7245]]],[[[88.8831,21.7453],[88.9122,21.7275],[88.9194,21.7108],[88.9403,21.6953],[88.9361,21.6672],[88.9208,21.6322],[88.9046,21.6496],[88.8878,21.6581],[88.8828,21.6819],[88.8731,21.6944],[88.8725,21.7206],[88.8831,21.7453]]],[[[88.4123,21.7313],[88.4286,21.702],[88.4133,21.6911],[88.4112,21.6587],[88.4319,21.6274],[88.4247,21.6194],[88.4133,21.6228],[88.4072,21.6156],[88.4075,21.5995],[88.3986,21.5956],[88.3874,21.6115],[88.3906,21.6219],[88.3834,21.6303],[88.3878,21.6469],[88.3797,21.6808],[88.399,21.6988],[88.4039,21.7152],[88.3951,21.7249],[88.3713,21.7236],[88.3686,21.7273],[88.3867,21.7339],[88.395,21.755],[88.4009,21.7508],[88.4018,21.7378],[88.4123,21.7313]]],[[[88.2209,21.7622],[88.272,21.7544],[88.2621,21.7302],[88.2767,21.7256],[88.2842,21.7072],[88.3103,21.6764],[88.2997,21.6494],[88.2939,21.6486],[88.2986,21.6472],[88.2883,21.6231],[88.2886,21.5978],[88.3061,21.5833],[88.2917,21.5631],[88.2886,21.5672],[88.2858,21.5617],[88.2689,21.5578],[88.2483,21.5639],[88.2405,21.5736],[88.2453,21.5825],[88.2428,21.5967],[88.2331,21.6081],[88.2164,21.6164],[88.2347,21.6354],[88.2333,21.6681],[88.2263,21.6751],[88.2051,21.6756],[88.1978,21.6892],[88.2204,21.7],[88.2109,21.7264],[88.2145,21.7548],[88.2209,21.7622]]],[[[88.9271,21.762],[88.9632,21.7528],[88.9689,21.7392],[88.9875,21.7447],[88.9694,21.7228],[88.9833,21.7058],[88.9731,21.6986],[88.9502,21.7023],[88.9228,21.7197],[88.9311,21.7358],[88.9222,21.7613],[88.9271,21.762]]],[[[88.3654,21.7642],[88.3708,21.7608],[88.3602,21.7474],[88.3597,21.7349],[88.3653,21.7222],[88.3728,21.7178],[88.3925,21.7181],[88.3981,21.7133],[88.3883,21.7025],[88.3606,21.6864],[88.3503,21.6922],[88.3375,21.7108],[88.3489,21.7256],[88.3428,21.7544],[88.3521,21.764],[88.3654,21.7642]]],[[[89.0051,21.765],[89.0254,21.757],[89.0368,21.74],[89.0593,21.7259],[89.0338,21.7213],[89.0295,21.7244],[89.0306,21.7208],[89.0174,21.7178],[89.0164,21.7324],[89.0016,21.75],[88.9996,21.7634],[89.0051,21.765]]],[[[88.8317,21.7661],[88.8653,21.7586],[88.8458,21.7314],[88.8392,21.7069],[88.8422,21.6811],[88.86,21.6372],[88.8516,21.6267],[88.8483,21.63],[88.8442,21.627],[88.8428,21.6453],[88.8286,21.6506],[88.8422,21.6433],[88.8458,21.62],[88.816,21.629],[88.8089,21.6388],[88.8228,21.665],[88.8194,21.7019],[88.815,21.71],[88.8036,21.7166],[88.7872,21.7119],[88.77,21.6999],[88.7625,21.7014],[88.7816,21.716],[88.7805,21.7311],[88.7933,21.7367],[88.7867,21.7406],[88.7908,21.7492],[88.8089,21.7483],[88.8317,21.7661]]],[[[88.3849,21.7644],[88.3903,21.7586],[88.3867,21.7407],[88.3624,21.7323],[88.3615,21.7477],[88.3728,21.7636],[88.3849,21.7644]]],[[[88.2005,21.7686],[88.2022,21.7614],[88.1964,21.7575],[88.1939,21.7633],[88.2005,21.7686]]],[[[88.2828,21.765],[88.2825,21.765],[88.2825,21.7653],[88.2806,21.7672],[88.2808,21.7675],[88.2808,21.7681],[88.2792,21.7697],[88.2806,21.7697],[88.2811,21.7694],[88.2819,21.7686],[88.2817,21.7683],[88.2825,21.7675],[88.2825,21.7672],[88.2822,21.7669],[88.2828,21.7664],[88.2828,21.7661],[88.2831,21.7658],[88.2831,21.7656],[88.2828,21.7653],[88.2828,21.765]]],[[[87.9452,21.7451],[87.9344,21.7436],[87.9476,21.7639],[87.9596,21.7707],[87.9598,21.7557],[87.9452,21.7451]]],[[[87.884,21.7445],[87.879,21.7445],[87.883,21.7567],[87.9042,21.7715],[87.884,21.7445]]],[[[88.5822,21.7778],[88.5856,21.7539],[88.6198,21.7383],[88.6164,21.7276],[88.5928,21.7187],[88.5797,21.7258],[88.5836,21.7484],[88.569,21.7692],[88.5822,21.7778]]],[[[88.3025,21.7246],[88.3022,21.7098],[88.2973,21.7056],[88.278,21.7282],[88.2889,21.7785],[88.3029,21.7556],[88.3058,21.7332],[88.3025,21.7246]]],[[[88.5053,21.783],[88.501,21.7818],[88.5064,21.7883],[88.5053,21.783]]],[[[88.9997,21.7855],[89.0116,21.7802],[88.9977,21.7714],[88.9967,21.7658],[89.0014,21.746],[89.0154,21.7257],[89.0149,21.7188],[89.0043,21.7161],[88.9767,21.7286],[88.9887,21.7398],[88.9879,21.7466],[88.9687,21.7407],[88.9653,21.7527],[88.9511,21.7578],[88.9892,21.7886],[88.9997,21.7855]]],[[[88.6097,21.7903],[88.6204,21.7802],[88.6308,21.7425],[88.6193,21.7173],[88.6089,21.7081],[88.5988,21.7155],[88.6194,21.7256],[88.6231,21.7367],[88.6165,21.7444],[88.5863,21.7566],[88.5912,21.7833],[88.6097,21.7903]]],[[[88.274,21.7908],[88.2874,21.7844],[88.2833,21.7694],[88.2636,21.7924],[88.274,21.7908]]],[[[88.1833,21.7875],[88.1792,21.79],[88.1808,21.7958],[88.1833,21.7875]]],[[[88.4586,21.7887],[88.4694,21.794],[88.475,21.7914],[88.4672,21.7372],[88.4619,21.7272],[88.4569,21.7264],[88.4559,21.7114],[88.4331,21.7045],[88.4265,21.7171],[88.4297,21.7264],[88.4234,21.7418],[88.4269,21.7523],[88.4234,21.7677],[88.4388,21.7803],[88.446,21.798],[88.4586,21.7887]]],[[[88.7162,21.8074],[88.7272,21.7918],[88.7281,21.7778],[88.7458,21.7717],[88.7503,21.7633],[88.7593,21.7592],[88.7522,21.7486],[88.7528,21.7316],[88.7767,21.7211],[88.7483,21.7071],[88.7416,21.7183],[88.7359,21.7193],[88.7463,21.7062],[88.7586,21.7097],[88.7569,21.7003],[88.7628,21.6929],[88.7578,21.6837],[88.7455,21.6837],[88.7412,21.6908],[88.7293,21.6868],[88.755,21.6656],[88.748,21.6583],[88.7111,21.6902],[88.695,21.7439],[88.7119,21.7875],[88.7111,21.806],[88.7162,21.8074]]],[[[88.1711,21.8086],[88.1741,21.7997],[88.1692,21.7906],[88.1653,21.8003],[88.1711,21.8086]]],[[[88.5446,21.8103],[88.5607,21.8027],[88.5722,21.7878],[88.5619,21.77],[88.5725,21.7356],[88.5605,21.73],[88.554,21.7364],[88.5417,21.7377],[88.5265,21.7192],[88.5194,21.7192],[88.5044,21.7574],[88.5255,21.7737],[88.5353,21.792],[88.5211,21.7714],[88.5044,21.7625],[88.5042,21.7708],[88.5195,21.7936],[88.5446,21.8103]]],[[[88.4218,21.8111],[88.4296,21.7996],[88.4427,21.7997],[88.4375,21.784],[88.4209,21.7672],[88.4253,21.7527],[88.4208,21.7441],[88.4228,21.7198],[88.403,21.7388],[88.4019,21.7519],[88.3827,21.7791],[88.4218,21.8111]]],[[[88.9996,21.8117],[89.0165,21.812],[89.0139,21.7897],[89.0237,21.7591],[89.014,21.766],[88.9988,21.7669],[89.0128,21.7798],[88.9902,21.79],[88.9946,21.8118],[88.9996,21.8117]]],[[[88.7506,21.7954],[88.7555,21.7803],[88.7461,21.7722],[88.7283,21.7797],[88.7275,21.7936],[88.7377,21.7981],[88.7506,21.8142],[88.7506,21.7954]]],[[[88.8281,21.804],[88.8207,21.787],[88.8303,21.7667],[88.8104,21.7503],[88.7908,21.75],[88.7842,21.7663],[88.8217,21.8229],[88.8307,21.8099],[88.8281,21.804]]],[[[88.7875,21.745],[88.7836,21.7406],[88.7869,21.7369],[88.7767,21.7308],[88.7567,21.7334],[88.7547,21.745],[88.7644,21.7605],[88.7498,21.7696],[88.7664,21.7868],[88.7821,21.8252],[88.7936,21.8097],[88.7938,21.8006],[88.7873,21.7958],[88.7958,21.7872],[88.7822,21.7669],[88.7875,21.745]]],[[[88.9158,21.8258],[88.935,21.8225],[88.9372,21.8167],[88.9178,21.7917],[88.9233,21.7881],[88.9194,21.77],[88.9114,21.7617],[88.9128,21.7553],[88.8978,21.7519],[88.8947,21.7556],[88.9008,21.777],[88.8981,21.7867],[88.9069,21.7942],[88.8958,21.7881],[88.8831,21.8081],[88.9158,21.8258]]],[[[88.1819,21.8258],[88.1856,21.8192],[88.1778,21.8247],[88.1819,21.8258]]],[[[88.56,21.8269],[88.5599,21.8268],[88.5592,21.8261],[88.5586,21.8256],[88.5586,21.8253],[88.5581,21.8247],[88.558,21.8246],[88.5578,21.8243],[88.5576,21.824],[88.5572,21.8238],[88.5568,21.8239],[88.5566,21.824],[88.5565,21.8242],[88.5563,21.8246],[88.5562,21.8249],[88.556,21.8252],[88.5558,21.8255],[88.5558,21.8258],[88.5561,21.8261],[88.5561,21.8264],[88.5567,21.8269],[88.5569,21.8269],[88.5575,21.8275],[88.5578,21.8275],[88.5579,21.8276],[88.5586,21.8283],[88.5586,21.8286],[88.5589,21.8289],[88.5589,21.8292],[88.5592,21.8294],[88.5592,21.8297],[88.5594,21.8297],[88.5597,21.8294],[88.56,21.8294],[88.5603,21.8292],[88.5603,21.8286],[88.5606,21.8283],[88.5603,21.8281],[88.5603,21.8275],[88.56,21.8272],[88.56,21.8269]]],[[[88.4849,21.8347],[88.4893,21.8352],[88.498,21.822],[88.5003,21.8125],[88.4961,21.8078],[88.4858,21.7986],[88.4601,21.8006],[88.4531,21.8057],[88.4503,21.8151],[88.4706,21.8247],[88.4771,21.8344],[88.4849,21.8347]]],[[[88.9414,21.8472],[88.9539,21.8253],[88.9767,21.8206],[88.97,21.8028],[88.9542,21.8081],[88.9403,21.7931],[88.9404,21.7824],[88.9597,21.7756],[88.9589,21.7708],[88.9475,21.7639],[88.9214,21.7661],[88.9142,21.7556],[88.9128,21.7611],[88.9214,21.7711],[88.9244,21.7875],[88.9197,21.7919],[88.9389,21.8167],[88.935,21.8244],[88.9264,21.8239],[88.9244,21.8358],[88.9328,21.8369],[88.9353,21.8456],[88.9414,21.8472]]],[[[88.5922,21.85],[88.6028,21.845],[88.6058,21.8347],[88.6181,21.8292],[88.6072,21.8158],[88.6142,21.7981],[88.5895,21.7983],[88.576,21.817],[88.5829,21.8428],[88.5922,21.85]]],[[[88.52,21.8546],[88.5275,21.8433],[88.5242,21.835],[88.5158,21.8394],[88.5222,21.8458],[88.5172,21.8497],[88.52,21.8546]]],[[[88.538,21.8536],[88.5371,21.8532],[88.5366,21.8533],[88.5365,21.8537],[88.5381,21.8546],[88.5389,21.8549],[88.5393,21.8556],[88.5402,21.856],[88.5406,21.8564],[88.5413,21.8568],[88.5416,21.8574],[88.5418,21.8571],[88.5419,21.857],[88.5417,21.8565],[88.5414,21.8561],[88.5408,21.8551],[88.5398,21.8543],[88.5386,21.8538],[88.538,21.8536]]],[[[88.3311,21.8607],[88.3527,21.8542],[88.3504,21.8264],[88.3606,21.8067],[88.3608,21.7968],[88.38,21.7873],[88.377,21.7675],[88.3571,21.7669],[88.3429,21.7596],[88.3403,21.7405],[88.345,21.7217],[88.3322,21.7104],[88.3171,21.7089],[88.3062,21.7154],[88.3097,21.7338],[88.2983,21.7772],[88.3003,21.7824],[88.3111,21.7831],[88.3109,21.7956],[88.2939,21.8028],[88.3103,21.7935],[88.3097,21.7839],[88.2992,21.7836],[88.296,21.7741],[88.286,21.7891],[88.2642,21.7939],[88.2598,21.8042],[88.2742,21.8187],[88.307,21.8297],[88.3154,21.8447],[88.3117,21.8539],[88.3311,21.8607]]],[[[88.8561,21.8653],[88.8575,21.8556],[88.8772,21.8517],[88.8822,21.7972],[88.8981,21.7786],[88.8914,21.7536],[88.8983,21.7469],[88.9161,21.7478],[88.9214,21.7436],[88.9133,21.7278],[88.8803,21.7481],[88.8763,21.7672],[88.8644,21.7792],[88.835,21.7817],[88.8414,21.8075],[88.8372,21.8431],[88.8561,21.8653]]],[[[88.5827,21.8656],[88.5825,21.8655],[88.5822,21.8655],[88.5819,21.8656],[88.5817,21.8661],[88.5814,21.8666],[88.5814,21.8672],[88.5814,21.8677],[88.5814,21.8682],[88.5814,21.8686],[88.5814,21.8691],[88.5814,21.8696],[88.5814,21.8701],[88.5813,21.8706],[88.5811,21.871],[88.5811,21.8715],[88.5811,21.872],[88.5811,21.8725],[88.5813,21.873],[88.5814,21.8735],[88.5817,21.8739],[88.5819,21.8744],[88.5822,21.8748],[88.5825,21.8752],[88.5829,21.8756],[88.5833,21.8759],[88.5837,21.8762],[88.5842,21.8766],[88.5847,21.8766],[88.5848,21.8765],[88.585,21.8764],[88.5854,21.876],[88.5856,21.8755],[88.5858,21.8751],[88.5858,21.8746],[88.5858,21.874],[88.5854,21.8735],[88.5854,21.8731],[88.5853,21.8723],[88.5853,21.8719],[88.5853,21.8713],[88.5853,21.8709],[88.5851,21.8705],[88.5849,21.8702],[88.5849,21.8699],[88.5848,21.8695],[88.5847,21.8691],[88.5844,21.8687],[88.5842,21.8683],[88.5839,21.8678],[88.5836,21.8672],[88.5836,21.8667],[88.5833,21.866],[88.5827,21.8656]]],[[[88.1369,21.875],[88.1534,21.8363],[88.1725,21.812],[88.1636,21.7995],[88.1705,21.7723],[88.1707,21.7424],[88.1561,21.705],[88.1548,21.6851],[88.1434,21.6796],[88.1553,21.6814],[88.1547,21.65],[88.1422,21.6325],[88.1092,21.6258],[88.09,21.6292],[88.0825,21.635],[88.0706,21.6339],[88.0417,21.6492],[88.0367,21.675],[88.0442,21.7177],[88.0614,21.7344],[88.0729,21.7802],[88.122,21.8657],[88.1343,21.8772],[88.1369,21.875]]],[[[88.7892,21.8786],[88.7925,21.8739],[88.7861,21.8683],[88.7878,21.8636],[88.8006,21.8778],[88.8014,21.8681],[88.8217,21.8711],[88.8297,21.8622],[88.8211,21.8397],[88.8236,21.8503],[88.8189,21.8517],[88.8225,21.8492],[88.8186,21.8408],[88.8211,21.825],[88.795,21.7914],[88.7889,21.7958],[88.7956,21.8017],[88.7897,21.8214],[88.7658,21.8289],[88.7714,21.8533],[88.7822,21.8597],[88.7769,21.867],[88.7892,21.8786]]],[[[88.9791,21.8935],[89.0289,21.8658],[89.0306,21.8552],[89.0248,21.8492],[89.0093,21.8532],[88.9981,21.8711],[88.9892,21.8681],[88.9967,21.8703],[89.0068,21.8535],[89.0275,21.8463],[89.03,21.8345],[89.0174,21.8159],[89.0091,21.823],[89.0143,21.8149],[88.9942,21.8142],[88.9853,21.7878],[88.9705,21.7751],[88.9428,21.7865],[88.9539,21.8033],[88.9683,21.7995],[88.9766,21.8051],[88.9779,21.8235],[88.9565,21.8269],[88.9503,21.8381],[88.9654,21.8593],[88.9791,21.8674],[88.9693,21.8902],[88.9791,21.8935]]],[[[88.6217,21.8978],[88.6346,21.878],[88.6333,21.8697],[88.6535,21.8677],[88.6423,21.8069],[88.6431,21.7889],[88.6389,21.7847],[88.6232,21.792],[88.6119,21.8167],[88.6203,21.8242],[88.6211,21.8314],[88.6097,21.8364],[88.6064,21.8464],[88.5947,21.8544],[88.6053,21.8794],[88.6217,21.8978]]],[[[88.1373,21.8951],[88.1366,21.8944],[88.136,21.8945],[88.1359,21.8953],[88.1364,21.8959],[88.1368,21.8968],[88.1376,21.8977],[88.1377,21.8978],[88.138,21.898],[88.1384,21.8982],[88.1385,21.8981],[88.1386,21.8981],[88.1385,21.8979],[88.1378,21.8962],[88.1373,21.8951]]],[[[88.8169,21.9011],[88.8314,21.8972],[88.8408,21.8869],[88.8394,21.8775],[88.8294,21.8647],[88.8214,21.8725],[88.8064,21.8678],[88.8003,21.8706],[88.8169,21.9011]]],[[[88.5623,21.8975],[88.571,21.901],[88.5764,21.8886],[88.5727,21.8584],[88.5631,21.8309],[88.555,21.8274],[88.55,21.8317],[88.5544,21.8239],[88.551,21.8173],[88.5339,21.8338],[88.5306,21.8492],[88.5425,21.8556],[88.5405,21.8704],[88.5503,21.881],[88.5489,21.8922],[88.5412,21.9026],[88.5456,21.9046],[88.5623,21.8975]]],[[[88.4244,21.9058],[88.4247,21.9058],[88.4249,21.9054],[88.425,21.9053],[88.4253,21.9049],[88.4255,21.9047],[88.4255,21.9041],[88.4255,21.9038],[88.4251,21.9036],[88.425,21.9036],[88.4231,21.9036],[88.4228,21.9039],[88.4226,21.9039],[88.4223,21.9037],[88.4217,21.9036],[88.4214,21.9037],[88.4207,21.9039],[88.4207,21.904],[88.4209,21.9046],[88.4211,21.9048],[88.4212,21.905],[88.4214,21.9053],[88.4219,21.9058],[88.4225,21.9058],[88.4228,21.9061],[88.424,21.906],[88.4244,21.9058]]],[[[88.4465,21.9049],[88.452,21.9048],[88.4591,21.8942],[88.4821,21.8878],[88.4902,21.8564],[88.4885,21.8378],[88.4768,21.8372],[88.4481,21.8153],[88.4497,21.8044],[88.4644,21.795],[88.4615,21.7898],[88.4449,21.8019],[88.4306,21.8005],[88.424,21.8124],[88.4015,21.798],[88.3925,21.8326],[88.4007,21.8568],[88.4,21.8725],[88.4188,21.8893],[88.419,21.9024],[88.4465,21.9049]]],[[[88.7181,21.9072],[88.7267,21.8992],[88.7483,21.8961],[88.7561,21.8803],[88.7714,21.8764],[88.7806,21.8594],[88.7686,21.8525],[88.7639,21.8286],[88.7772,21.8217],[88.775,21.81],[88.7578,21.7811],[88.7525,21.7894],[88.7517,21.8153],[88.7358,21.7981],[88.7258,21.7944],[88.7183,21.8081],[88.7075,21.8114],[88.705,21.8278],[88.7167,21.8261],[88.7281,21.8375],[88.7153,21.8269],[88.7044,21.8294],[88.7025,21.8242],[88.6967,21.8381],[88.7033,21.8561],[88.7175,21.8556],[88.7031,21.8575],[88.6969,21.8486],[88.7181,21.9072]]],[[[88.1081,21.8933],[88.1119,21.8889],[88.1093,21.8839],[88.1044,21.8978],[88.1128,21.9106],[88.1053,21.8975],[88.1081,21.8933]]],[[[88.505,21.9125],[88.5086,21.9097],[88.4903,21.8894],[88.4769,21.8983],[88.4886,21.9103],[88.505,21.9125]]],[[[88.4525,21.9063],[88.4423,21.9088],[88.4565,21.9138],[88.4525,21.9063]]],[[[88.64,21.9217],[88.6675,21.9117],[88.6528,21.8733],[88.6345,21.8706],[88.6363,21.8781],[88.6301,21.8832],[88.6234,21.9014],[88.64,21.9217]]],[[[88.1348,21.9267],[88.1446,21.9153],[88.1294,21.8989],[88.1161,21.9183],[88.1242,21.9256],[88.1348,21.9267]]],[[[88.8366,21.9179],[88.8569,21.9107],[88.8755,21.9175],[88.8901,21.9147],[88.9152,21.9282],[88.9739,21.8978],[88.9661,21.8903],[88.9767,21.8675],[88.9556,21.8539],[88.9519,21.8642],[88.9589,21.8697],[88.9494,21.8867],[88.9433,21.8847],[88.9494,21.8842],[88.9569,21.8697],[88.9503,21.8642],[88.9528,21.8514],[88.9472,21.8406],[88.9392,21.8536],[88.9269,21.8522],[88.9178,21.8606],[88.915,21.8808],[88.9069,21.8789],[88.9139,21.8792],[88.9144,21.8614],[88.9217,21.8539],[88.9392,21.85],[88.9322,21.8383],[88.9228,21.8356],[88.9231,21.8244],[88.9136,21.8272],[88.888,21.8122],[88.8803,21.8211],[88.8781,21.8539],[88.8572,21.8586],[88.8611,21.865],[88.8542,21.8697],[88.8542,21.8894],[88.8394,21.9064],[88.8236,21.9156],[88.8196,21.9282],[88.8366,21.9179]]],[[[88.7236,21.9319],[88.7361,21.9181],[88.7558,21.9269],[88.775,21.9245],[88.7869,21.9175],[88.7994,21.9197],[88.8142,21.9028],[88.8081,21.8844],[88.7967,21.8767],[88.7897,21.8647],[88.7872,21.8669],[88.7936,21.8742],[88.7908,21.8792],[88.7761,21.8697],[88.7719,21.8781],[88.7583,21.88],[88.7489,21.8972],[88.7292,21.8997],[88.7189,21.9092],[88.7175,21.9219],[88.7236,21.9319]]],[[[88.1633,21.9372],[88.1714,21.9322],[88.1653,21.9161],[88.1597,21.9286],[88.1633,21.9372]]],[[[88.7454,21.9797],[88.7547,21.9747],[88.7507,21.9549],[88.7758,21.9414],[88.7865,21.9527],[88.7889,21.9407],[88.8058,21.9365],[88.7994,21.9259],[88.7891,21.9203],[88.7593,21.9308],[88.7409,21.922],[88.7333,21.9247],[88.7222,21.943],[88.7237,21.9738],[88.726,21.9792],[88.7454,21.9797]]],[[[88.7592,21.9986],[88.7528,21.9883],[88.7428,21.9834],[88.742,21.9896],[88.7583,22.0071],[88.7592,21.9986]]],[[[88.66,22.0192],[88.6743,22.0192],[88.7005,22.004],[88.7158,22.0006],[88.6931,21.9698],[88.6864,21.9735],[88.6929,21.9841],[88.6867,21.9911],[88.6914,21.9839],[88.6848,21.9741],[88.6947,21.9614],[88.6908,21.9556],[88.6678,21.9533],[88.6881,21.9528],[88.6782,21.9429],[88.6572,21.9541],[88.6344,21.9511],[88.6286,21.958],[88.6346,21.9954],[88.6529,22.0191],[88.66,22.0192]]],[[[88.1414,22.0264],[88.1433,22.0206],[88.0918,21.9455],[88.0875,21.9328],[88.0567,21.9131],[88.0472,21.9117],[88.052,21.9476],[88.0733,21.9953],[88.0939,22.0114],[88.1414,22.0264]]],[[[88.8128,22.0194],[88.8483,22.0175],[88.8664,22.0244],[88.8753,22.0122],[88.9025,22.0117],[88.9073,21.9295],[88.8946,21.9219],[88.8566,21.9191],[88.8411,21.9247],[88.8248,21.9398],[88.7906,21.9417],[88.7872,21.955],[88.7756,21.9433],[88.7525,21.9561],[88.7569,21.9725],[88.7497,21.9819],[88.7533,21.9853],[88.7644,21.9844],[88.7744,21.9897],[88.7833,21.9824],[88.782,21.9727],[88.8003,21.9705],[88.7822,21.9743],[88.7898,21.9853],[88.7767,21.9908],[88.763,21.9861],[88.7536,21.9881],[88.7615,22.0063],[88.7725,22.0122],[88.7616,22.0078],[88.7617,22.0149],[88.7803,22.0161],[88.8014,22.0297],[88.8128,22.0194]]],[[[88.7314,22.0452],[88.7328,22.0436],[88.7334,22.0436],[88.7334,22.0431],[88.734,22.0428],[88.734,22.0423],[88.7334,22.0422],[88.7329,22.0425],[88.7323,22.0428],[88.7323,22.043],[88.7315,22.0431],[88.7309,22.0436],[88.7309,22.0453],[88.7314,22.0452]]],[[[88.7638,22.0517],[88.7757,22.0497],[88.78,22.0456],[88.7789,22.0372],[88.791,22.0294],[88.7781,22.0197],[88.7617,22.0214],[88.7514,22.0503],[88.7638,22.0517]]],[[[88.9028,22.0453],[88.9017,22.0189],[88.8917,22.0147],[88.877,22.0148],[88.8709,22.0275],[88.864,22.0287],[88.852,22.0412],[88.8902,22.0458],[88.8864,22.0578],[88.903,22.0501],[88.9028,22.0453]]],[[[88.0314,22.0606],[88.0314,22.0594],[88.0311,22.0592],[88.0308,22.0592],[88.0306,22.0589],[88.0292,22.0589],[88.0289,22.0592],[88.0286,22.0592],[88.0283,22.0594],[88.0281,22.0594],[88.0275,22.06],[88.0275,22.0606],[88.0278,22.0608],[88.0278,22.0611],[88.0275,22.0614],[88.0275,22.0619],[88.0278,22.0622],[88.0281,22.0622],[88.0283,22.0625],[88.0294,22.0625],[88.0314,22.0606]]],[[[89.0162,22.0509],[89.0408,22.0489],[89.0736,22.0042],[89.0777,21.9815],[89.0724,21.9693],[89.0694,21.9847],[89.0703,21.9544],[89.0598,21.932],[89.0422,21.934],[89.041,21.951],[89.0415,21.9326],[89.0494,21.9297],[89.0308,21.9263],[88.9996,21.9495],[89.0181,21.9755],[89.0153,21.9838],[89.0054,21.9865],[89.0298,21.9965],[89.0325,22.0021],[89.0062,21.989],[88.9924,21.9736],[88.9897,21.9857],[88.9756,21.9914],[88.9994,22.0071],[88.9826,21.9937],[88.9745,21.9936],[88.9792,22.0047],[88.9681,22.0155],[88.9855,22.0459],[88.9849,22.0549],[89.0017,22.0594],[89.0083,22.0508],[89.0157,22.0629],[89.0162,22.0509]]],[[[88.6358,22.0508],[88.6294,22.0525],[88.6286,22.062],[88.6358,22.0508]]],[[[88.8119,22.0608],[88.8184,22.0613],[88.8314,22.0502],[88.8322,22.0272],[88.8131,22.0251],[88.8058,22.0333],[88.7944,22.0309],[88.7802,22.0378],[88.7876,22.0596],[88.7945,22.0542],[88.8045,22.0641],[88.8119,22.0608]]],[[[88.8706,22.0789],[88.8702,22.0631],[88.8834,22.0569],[88.8903,22.0478],[88.854,22.0446],[88.85,22.041],[88.8592,22.0256],[88.8455,22.0219],[88.836,22.0255],[88.8323,22.0468],[88.845,22.0536],[88.8413,22.0553],[88.8456,22.0617],[88.8325,22.0517],[88.82,22.0642],[88.8286,22.0702],[88.8344,22.0639],[88.836,22.0728],[88.8529,22.0788],[88.8706,22.0789]]],[[[88.6901,22.08],[88.6899,22.08],[88.6895,22.0803],[88.6895,22.0808],[88.689,22.0811],[88.689,22.0819],[88.6895,22.0819],[88.6904,22.0811],[88.6904,22.0805],[88.6901,22.08]]],[[[88.9041,22.0842],[88.8939,22.075],[88.8909,22.0604],[88.871,22.0644],[88.8702,22.0869],[88.8814,22.0839],[88.8972,22.0892],[88.9041,22.0842]]],[[[88.7223,22.0991],[88.6929,22.0781],[88.692,22.0855],[88.7223,22.0991]]],[[[88.8035,22.0853],[88.815,22.0806],[88.8278,22.086],[88.8362,22.0663],[88.8288,22.0715],[88.8134,22.062],[88.8052,22.0657],[88.7942,22.0557],[88.7874,22.0626],[88.7872,22.0722],[88.7812,22.0484],[88.7719,22.0547],[88.7484,22.0574],[88.757,22.0783],[88.7715,22.0851],[88.7838,22.1069],[88.7989,22.1084],[88.8035,22.0853]]],[[[88.8179,22.123],[88.8306,22.1247],[88.8457,22.1194],[88.8492,22.104],[88.8679,22.085],[88.8414,22.0902],[88.8437,22.0981],[88.8384,22.0902],[88.8675,22.0825],[88.8381,22.0731],[88.8221,22.0927],[88.8192,22.1044],[88.8253,22.0873],[88.8147,22.082],[88.8059,22.0848],[88.7987,22.1109],[88.8064,22.1252],[88.8179,22.123]]],[[[88.7293,22.1136],[88.7299,22.1235],[88.7363,22.1288],[88.7293,22.1136]]],[[[88.8651,22.167],[88.8861,22.1648],[88.8999,22.1481],[88.9061,22.1298],[88.923,22.1081],[88.9157,22.0903],[88.9081,22.087],[88.8964,22.0908],[88.8905,22.101],[88.8922,22.1144],[88.8895,22.1015],[88.895,22.0912],[88.8823,22.0856],[88.8723,22.0878],[88.8529,22.1024],[88.8459,22.122],[88.8307,22.1271],[88.8602,22.1424],[88.8488,22.1689],[88.8651,22.167]]],[[[88.95,22.1892],[88.9609,22.1891],[88.9694,22.1651],[88.9849,22.1485],[88.9805,22.1329],[88.9698,22.1429],[88.97,22.1563],[88.9528,22.1585],[88.9691,22.1555],[88.9689,22.1419],[88.9794,22.131],[88.9852,22.1381],[88.9849,22.1271],[88.9689,22.0826],[88.9505,22.1042],[88.963,22.0913],[88.9669,22.0786],[88.9367,22.0725],[88.9246,22.0646],[88.9239,22.0242],[88.9311,22.0],[88.9461,22.0],[88.9353,22.0258],[88.9349,22.0551],[88.9407,22.0622],[88.9636,22.057],[88.9615,22.049],[88.9771,22.0384],[88.9622,22.0172],[88.9757,22.0043],[88.9725,21.9878],[88.9875,21.9838],[88.9872,21.9753],[88.9922,21.97],[89.0084,21.9817],[89.0135,21.9791],[88.9909,21.9519],[88.9946,21.942],[89.0116,21.9339],[89.0213,21.9217],[89.0126,21.902],[88.9947,21.9058],[88.9688,21.9211],[88.972,21.9287],[88.9647,21.9348],[88.9762,21.939],[88.9764,21.9461],[88.975,21.9397],[88.9625,21.935],[88.9705,21.9287],[88.9661,21.9229],[88.9359,21.9365],[88.9127,21.9944],[88.9161,22.0106],[88.9078,22.0348],[88.911,22.0448],[88.9014,22.0653],[88.9084,22.0783],[88.9307,22.0981],[88.9232,22.1229],[88.9403,22.128],[88.9306,22.137],[88.9365,22.1428],[88.9294,22.1364],[88.9383,22.1269],[88.9272,22.1236],[88.9132,22.13],[88.8939,22.1697],[88.9197,22.1611],[88.9259,22.1671],[88.9256,22.1756],[88.9327,22.1745],[88.9453,22.1824],[88.9426,22.1903],[88.95,22.1892]]],[[[89.0019,22.1992],[89.0141,22.1943],[89.0144,22.1644],[89.0222,22.1486],[89.0505,22.1306],[89.0353,22.1105],[89.0163,22.1142],[89.0301,22.1229],[89.0146,22.114],[89.0355,22.1093],[89.0311,22.0933],[89.0382,22.0534],[89.0277,22.0535],[89.0288,22.0771],[89.0234,22.0788],[89.0277,22.0774],[89.026,22.0529],[89.0174,22.052],[89.0147,22.0644],[89.008,22.0525],[89.0017,22.0603],[88.9853,22.057],[88.9844,22.0461],[88.9779,22.0399],[88.9631,22.0497],[88.966,22.056],[88.9624,22.0605],[88.9804,22.0793],[88.9969,22.138],[88.9908,22.1541],[88.9764,22.1696],[88.9727,22.1934],[89.0019,22.1992]]],[[[88.6952,22.2086],[88.7319,22.194],[88.7405,22.1972],[88.765,22.1922],[88.7689,22.18],[88.7892,22.1694],[88.7664,22.1461],[88.7544,22.1452],[88.7381,22.1345],[88.7229,22.1128],[88.6916,22.0924],[88.6831,22.0808],[88.6843,22.0669],[88.6911,22.0571],[88.7357,22.0316],[88.7397,22.0177],[88.721,22.0053],[88.7144,22.0108],[88.7037,22.0067],[88.6781,22.0219],[88.6638,22.0238],[88.6616,22.0522],[88.6535,22.0781],[88.6342,22.1062],[88.6529,22.1634],[88.6808,22.1875],[88.6856,22.1987],[88.6839,22.2072],[88.6952,22.2086]]],[[[88.8447,22.1892],[88.8503,22.1922],[88.8532,22.2043],[88.8605,22.2033],[88.8683,22.1712],[88.8508,22.1736],[88.8433,22.1672],[88.8514,22.1557],[88.8458,22.1478],[88.8559,22.1445],[88.8293,22.1344],[88.8211,22.1267],[88.8046,22.1305],[88.7946,22.1142],[88.7776,22.1112],[88.7719,22.1064],[88.7696,22.0923],[88.7496,22.0811],[88.7392,22.057],[88.7158,22.0583],[88.7047,22.065],[88.7029,22.0788],[88.7346,22.104],[88.7492,22.135],[88.7755,22.1457],[88.8092,22.1794],[88.8301,22.1651],[88.8383,22.167],[88.8405,22.1749],[88.8268,22.1984],[88.8281,22.208],[88.8355,22.2067],[88.8389,22.1936],[88.8447,22.1892]]],[[[87.9897,22.2175],[87.9903,22.2169],[87.9906,22.2169],[87.9908,22.2167],[87.9914,22.2167],[87.9917,22.2164],[87.9919,22.2164],[87.9922,22.2161],[87.9928,22.2161],[87.9931,22.2158],[87.9933,22.2158],[87.9936,22.2156],[87.9939,22.2156],[87.995,22.2145],[87.9953,22.2145],[87.9967,22.2131],[87.9967,22.2128],[87.9956,22.2117],[87.9953,22.2119],[87.9936,22.2119],[87.9933,22.2122],[87.9928,22.2122],[87.9922,22.2128],[87.9919,22.2128],[87.9911,22.2136],[87.9908,22.2136],[87.9894,22.215],[87.9881,22.2164],[87.9881,22.2167],[87.9878,22.2169],[87.9878,22.2175],[87.9881,22.2178],[87.9881,22.2181],[87.9883,22.2183],[87.9883,22.2186],[87.9889,22.2186],[87.9892,22.2183],[87.9897,22.2178],[87.9897,22.2175]]],[[[88.9324,22.225],[88.9542,22.2216],[88.9616,22.1972],[88.9578,22.1917],[88.9414,22.1922],[88.9446,22.1843],[88.9315,22.177],[88.9233,22.1796],[88.9081,22.1963],[88.9167,22.2083],[88.9188,22.2308],[88.9324,22.225]]],[[[88.9848,22.3824],[88.9829,22.3713],[88.9886,22.3639],[88.9836,22.3253],[89.0014,22.3219],[89.0235,22.297],[89.0,22.2981],[88.994,22.2931],[88.9939,22.2861],[89.0172,22.2688],[89.0114,22.2583],[89.0145,22.2516],[89.0324,22.2573],[89.037,22.2267],[89.0669,22.1983],[89.0691,22.1899],[89.0608,22.1673],[89.0686,22.1474],[89.0769,22.1448],[89.092,22.1575],[89.0963,22.155],[89.0908,22.146],[89.0622,22.1284],[89.055,22.143],[89.0352,22.1529],[89.023,22.1663],[89.0272,22.1877],[89.0197,22.2056],[89.0,22.2119],[88.9863,22.2056],[88.9725,22.2097],[88.9617,22.2422],[88.9472,22.2556],[88.9533,22.2794],[88.9539,22.3597],[88.9646,22.3674],[88.9678,22.3886],[88.9742,22.395],[88.9674,22.4077],[88.9889,22.3916],[88.9848,22.3824]]],[[[87.9386,22.3972],[87.9381,22.3967],[87.9378,22.3967],[87.9375,22.3969],[87.9375,22.3975],[87.9372,22.3978],[87.9372,22.3983],[87.9369,22.3986],[87.9369,22.3989],[87.9367,22.3992],[87.9367,22.3994],[87.9364,22.3997],[87.9364,22.4],[87.9361,22.4003],[87.9361,22.4008],[87.9358,22.4011],[87.9358,22.4025],[87.9355,22.4028],[87.9355,22.4036],[87.9353,22.4039],[87.9353,22.405],[87.935,22.4053],[87.935,22.4058],[87.9347,22.4061],[87.9347,22.4064],[87.9344,22.4067],[87.9344,22.4069],[87.9339,22.4075],[87.9339,22.4078],[87.9328,22.4089],[87.9328,22.4092],[87.9333,22.4097],[87.935,22.4081],[87.935,22.4078],[87.9358,22.4069],[87.9358,22.4067],[87.9361,22.4064],[87.9361,22.4058],[87.9364,22.4056],[87.9364,22.405],[87.9367,22.4047],[87.9367,22.4044],[87.9369,22.4042],[87.9369,22.4039],[87.9372,22.4036],[87.9372,22.4031],[87.9375,22.4028],[87.9375,22.402],[87.9378,22.4017],[87.9378,22.4006],[87.9381,22.4003],[87.9381,22.3997],[87.9383,22.3994],[87.9383,22.3981],[87.9386,22.3978],[87.9386,22.3972]]],[[[88.8619,22.3989],[88.8667,22.3969],[88.8655,22.3856],[88.8683,22.39],[88.8742,22.3886],[88.8722,22.4003],[88.8753,22.3981],[88.8806,22.4032],[88.8748,22.3868],[88.8838,22.372],[88.8978,22.3642],[88.8947,22.3561],[88.8994,22.3575],[88.9032,22.3454],[88.8986,22.3367],[88.8774,22.3611],[88.8608,22.3708],[88.8553,22.3876],[88.8617,22.4106],[88.8619,22.3989]]],[[[88.8678,22.4108],[88.8681,22.4106],[88.8689,22.4106],[88.8694,22.41],[88.8697,22.41],[88.8714,22.4083],[88.8717,22.4083],[88.8728,22.4072],[88.8731,22.4072],[88.8736,22.4067],[88.8739,22.4067],[88.8742,22.4064],[88.8742,22.4061],[88.8744,22.4058],[88.8744,22.4056],[88.8742,22.4053],[88.873,22.4053],[88.8728,22.405],[88.8725,22.4053],[88.8719,22.4053],[88.8714,22.4058],[88.8714,22.4064],[88.8711,22.4067],[88.8711,22.4069],[88.8708,22.4072],[88.8708,22.4075],[88.87,22.4083],[88.8689,22.4083],[88.8681,22.4092],[88.8678,22.4092],[88.8675,22.4094],[88.8672,22.4094],[88.8667,22.41],[88.8664,22.41],[88.8661,22.4103],[88.8661,22.4108],[88.8678,22.4108]]],[[[88.9189,22.4265],[88.9189,22.4253],[88.9186,22.425],[88.9186,22.4247],[88.9178,22.4239],[88.9175,22.4239],[88.9172,22.4236],[88.9164,22.4236],[88.9162,22.4234],[88.9158,22.4233],[88.9154,22.4233],[88.915,22.4231],[88.9145,22.4231],[88.9139,22.423],[88.9134,22.4228],[88.9132,22.4228],[88.913,22.4228],[88.9126,22.4229],[88.9123,22.4231],[88.912,22.4232],[88.9116,22.4234],[88.9114,22.4237],[88.9114,22.4242],[88.9115,22.4247],[88.9117,22.4252],[88.912,22.4256],[88.9124,22.4258],[88.9128,22.4259],[88.9131,22.4262],[88.9133,22.4265],[88.9135,22.4267],[88.9142,22.4265],[88.9149,22.4263],[88.9156,22.4265],[88.916,22.4267],[88.9161,22.4271],[88.9161,22.4275],[88.9165,22.428],[88.9168,22.4287],[88.9172,22.429],[88.9173,22.4289],[88.9174,22.4289],[88.9177,22.4286],[88.918,22.4283],[88.9183,22.4279],[88.9187,22.4274],[88.9189,22.4265]]],[[[87.9257,22.4248],[87.9254,22.4247],[87.924,22.4256],[87.9227,22.4266],[87.9219,22.4276],[87.9206,22.4283],[87.9198,22.4287],[87.9192,22.4291],[87.9194,22.4295],[87.9198,22.4298],[87.9208,22.4292],[87.9212,22.429],[87.9222,22.4283],[87.9234,22.4279],[87.924,22.4274],[87.9248,22.4268],[87.9254,22.4262],[87.9257,22.4248]]],[[[87.9119,22.4322],[87.9183,22.43],[87.9081,22.4308],[87.9119,22.4322]]],[[[88.8592,22.4694],[88.8561,22.4589],[88.8569,22.4725],[88.8592,22.4694]]],[[[88.7814,22.5006],[88.7929,22.4981],[88.7984,22.4875],[88.8098,22.4812],[88.8123,22.4542],[88.8273,22.4468],[88.8217,22.4348],[88.8348,22.4338],[88.8192,22.4323],[88.804,22.4445],[88.8008,22.4611],[88.7915,22.4827],[88.7806,22.4942],[88.7814,22.5006]]],[[[88.8977,22.5489],[88.9058,22.5211],[88.9033,22.5044],[88.8983,22.5086],[88.895,22.5008],[88.9053,22.4984],[88.8928,22.4861],[88.8966,22.4749],[88.8923,22.4654],[88.908,22.4342],[88.9028,22.4147],[88.9217,22.4014],[88.8978,22.3863],[88.8944,22.3778],[88.888,22.3783],[88.8964,22.3736],[88.8981,22.3667],[88.8896,22.3717],[88.8898,22.3762],[88.8858,22.3765],[88.8864,22.3725],[88.8766,22.3869],[88.8822,22.4036],[88.8619,22.4128],[88.8561,22.4228],[88.8548,22.4379],[88.861,22.4455],[88.8568,22.4555],[88.8584,22.4818],[88.8677,22.4879],[88.8602,22.5003],[88.8457,22.5017],[88.8436,22.5068],[88.8567,22.51],[88.86,22.5189],[88.8679,22.5223],[88.869,22.5405],[88.8718,22.5414],[88.87,22.5306],[88.8883,22.5539],[88.8906,22.5478],[88.8949,22.5542],[88.8977,22.5489]]],[[[88.9342,22.564],[88.9336,22.5578],[88.93,22.5631],[88.9342,22.564]]],[[[88.9202,22.5653],[88.9335,22.5561],[88.96,22.5486],[88.9783,22.4825],[88.995,22.4678],[88.9881,22.4456],[88.9986,22.4303],[88.9642,22.4092],[88.9703,22.3939],[88.9647,22.3897],[88.9644,22.3739],[88.9578,22.3647],[88.9456,22.3714],[88.9467,22.3814],[88.9353,22.3958],[88.942,22.4003],[88.9402,22.4185],[88.9466,22.4206],[88.9394,22.419],[88.9402,22.4014],[88.9342,22.3959],[88.9449,22.3804],[88.9447,22.3704],[88.9535,22.3655],[88.9419,22.3099],[88.9287,22.3133],[88.9073,22.3358],[88.8964,22.3798],[88.9153,22.3919],[88.9231,22.3892],[88.9222,22.3839],[88.93,22.3903],[88.9217,22.3919],[88.9277,22.3972],[88.9258,22.4062],[88.9078,22.4158],[88.9205,22.4267],[88.9042,22.4453],[88.9019,22.459],[88.8947,22.4661],[88.8967,22.4858],[88.9056,22.4934],[88.9097,22.5056],[88.9058,22.5081],[88.9144,22.5111],[88.9106,22.52],[88.9064,22.5192],[88.9103,22.5236],[88.9042,22.5263],[88.9019,22.5464],[88.895,22.5596],[88.9202,22.5653]]],[[[89.602,25.9607],[89.6156,25.9518],[89.6126,25.9434],[89.6032,25.943],[89.5989,25.9358],[89.593,25.9388],[89.584,25.9347],[89.5844,25.948],[89.5761,25.9513],[89.5889,25.9554],[89.5967,25.9636],[89.602,25.9607]]],[[[88.7989,26.2067],[88.8035,26.2035],[88.8022,26.1925],[88.7882,26.1741],[88.794,26.1445],[88.7889,26.1307],[88.7711,26.1313],[88.7628,26.1519],[88.7693,26.1523],[88.7779,26.1627],[88.7642,26.1632],[88.7627,26.172],[88.7772,26.1765],[88.7762,26.1856],[88.7817,26.1946],[88.7658,26.2197],[88.7683,26.2342],[88.7803,26.2385],[88.7961,26.2288],[88.8026,26.2178],[88.7989,26.2067]]],[[[88.6898,26.247],[88.6999,26.2247],[88.7107,26.2227],[88.7123,26.2329],[88.7219,26.2327],[88.7194,26.2116],[88.7228,26.1979],[88.7316,26.1945],[88.7321,26.1884],[88.7194,26.1836],[88.7196,26.1764],[88.7083,26.1817],[88.7117,26.2044],[88.6882,26.2131],[88.6803,26.2316],[88.682,26.2434],[88.6718,26.2458],[88.6712,26.2506],[88.679,26.2542],[88.6898,26.247]]],[[[88.6615,26.2677],[88.6459,26.2534],[88.6386,26.2633],[88.6442,26.27],[88.6413,26.2846],[88.6464,26.285],[88.6615,26.2677]]],[[[89.827,26.3251],[89.8226,26.32],[89.7932,26.3422],[89.8049,26.3494],[89.8171,26.3458],[89.827,26.3251]]],[[[88.0908,27.1646],[88.0905,27.1485],[88.0962,27.1384],[88.1598,27.1113],[88.1865,27.1343],[88.2213,27.1348],[88.2399,27.1194],[88.2847,27.1308],[88.3023,27.1244],[88.3119,27.1283],[88.3261,27.119],[88.3311,27.1046],[88.3481,27.1104],[88.3596,27.1008],[88.3948,27.0981],[88.4391,27.0813],[88.4617,27.0894],[88.481,27.1204],[88.4939,27.1265],[88.5028,27.1251],[88.5289,27.1501],[88.5371,27.1499],[88.5392,27.1541],[88.5339,27.16],[88.537,27.1655],[88.528,27.1779],[88.5987,27.1942],[88.6262,27.1876],[88.6459,27.1675],[88.6636,27.1622],[88.6806,27.1764],[88.6986,27.1785],[88.7189,27.1649],[88.7248,27.1438],[88.7316,27.1383],[88.7396,27.1371],[88.7587,27.148],[88.758,27.1427],[88.7733,27.1385],[88.807,27.1366],[88.8176,27.1256],[88.833,27.1175],[88.8515,27.1161],[88.8636,27.1069],[88.8757,27.1092],[88.8855,27.0409],[88.8772,27.0106],[88.8816,26.9514],[88.8952,26.9598],[88.9005,26.977],[88.918,26.9942],[88.9257,26.996],[88.9603,26.9681],[88.962,26.9541],[88.9464,26.9423],[88.9689,26.924],[88.9911,26.9206],[89.0314,26.9401],[89.0377,26.9297],[89.0528,26.9196],[89.0529,26.9035],[89.074,26.9031],[89.0967,26.8939],[89.1016,26.885],[89.0939,26.8719],[89.1104,26.8597],[89.1083,26.8362],[89.1151,26.8326],[89.1189,26.8224],[89.1295,26.8208],[89.1373,26.808],[89.1791,26.8216],[89.1959,26.8084],[89.2398,26.8204],[89.2617,26.8168],[89.3222,26.8527],[89.3303,26.8493],[89.3344,26.84],[89.3658,26.8633],[89.3832,26.8662],[89.393,26.858],[89.397,26.8409],[89.4552,26.8338],[89.4609,26.8261],[89.4571,26.8143],[89.4652,26.8062],[89.4962,26.8022],[89.506,26.8047],[89.5173,26.8169],[89.5342,26.8189],[89.5518,26.8119],[89.5647,26.8155],[89.5726,26.8016],[89.617,26.7893],[89.6275,26.7768],[89.6429,26.7828],[89.6504,26.7809],[89.6592,26.7718],[89.6602,26.7634],[89.6482,26.7474],[89.6336,26.7422],[89.6191,26.728],[89.6378,26.7192],[89.6476,26.7228],[89.6642,26.7184],[89.6794,26.7403],[89.7089,26.737],[89.7237,26.7311],[89.7319,26.7222],[89.7622,26.7364],[89.7652,26.7331],[89.7621,26.7162],[89.7799,26.6995],[89.8127,26.7149],[89.8623,26.7037],[89.8768,26.6834],[89.8734,26.6565],[89.8817,26.6494],[89.8626,26.632],[89.8643,26.6171],[89.8825,26.6129],[89.8773,26.5946],[89.8828,26.5841],[89.8672,26.5778],[89.8698,26.5482],[89.867,26.5304],[89.8586,26.5171],[89.8578,26.4877],[89.8674,26.466],[89.8752,26.4639],[89.8745,26.4483],[89.8528,26.4217],[89.8548,26.4141],[89.8499,26.4102],[89.8383,26.4122],[89.8323,26.3964],[89.8356,26.3901],[89.8454,26.3908],[89.8518,26.4027],[89.8622,26.3844],[89.8505,26.384],[89.8459,26.3777],[89.836,26.382],[89.8306,26.3793],[89.832,26.3666],[89.8251,26.3503],[89.8165,26.358],[89.8255,26.3706],[89.787,26.3532],[89.7858,26.3308],[89.7669,26.3171],[89.7555,26.3214],[89.7558,26.3062],[89.7636,26.2893],[89.7538,26.2894],[89.7473,26.2952],[89.7284,26.2947],[89.7248,26.2986],[89.7278,26.3075],[89.7207,26.302],[89.722,26.293],[89.7424,26.2711],[89.7372,26.2603],[89.7302,26.2584],[89.7223,26.2591],[89.7164,26.2633],[89.7165,26.2696],[89.7098,26.2699],[89.7059,26.2592],[89.7203,26.2565],[89.7206,26.2464],[89.7337,26.2382],[89.7177,26.229],[89.7151,26.2191],[89.7021,26.2172],[89.708,26.2133],[89.7292,26.2173],[89.7369,26.2123],[89.7305,26.2061],[89.7165,26.2032],[89.723,26.1968],[89.7189,26.1894],[89.6997,26.1891],[89.7114,26.1731],[89.7246,26.178],[89.7386,26.1734],[89.7182,26.1665],[89.7162,26.157],[89.7097,26.1536],[89.6887,26.168],[89.6899,26.172],[89.6999,26.1726],[89.6988,26.1775],[89.6774,26.2023],[89.679,26.2084],[89.6942,26.2118],[89.6875,26.2165],[89.6961,26.2218],[89.6834,26.2301],[89.6644,26.2222],[89.6465,26.2286],[89.641,26.2155],[89.6519,26.1956],[89.648,26.1922],[89.6373,26.1966],[89.6348,26.1922],[89.6414,26.1857],[89.6598,26.1834],[89.6564,26.1694],[89.6444,26.1728],[89.6412,26.18],[89.6249,26.1817],[89.6177,26.1772],[89.6153,26.1611],[89.6055,26.1643],[89.5974,26.1608],[89.6083,26.1209],[89.6226,26.1195],[89.6293,26.1284],[89.6307,26.124],[89.6278,26.1138],[89.6035,26.1114],[89.5983,26.1008],[89.6132,26.0891],[89.62,26.1016],[89.6322,26.1075],[89.639,26.0955],[89.6392,26.0795],[89.6534,26.0683],[89.6256,26.0563],[89.6197,26.0631],[89.6068,26.066],[89.6148,26.0493],[89.6008,26.0471],[89.6001,26.0404],[89.593,26.044],[89.5828,26.026],[89.5913,25.9795],[89.5823,25.9765],[89.5815,25.9681],[89.5722,25.97],[89.5725,25.9753],[89.5619,25.9663],[89.554,25.9666],[89.5483,25.9707],[89.5447,25.985],[89.5502,25.9988],[89.5416,26.0079],[89.5329,26.0038],[89.5037,26.0054],[89.4773,25.996],[89.4319,26.0152],[89.4363,26.0225],[89.4258,26.0428],[89.4049,26.0362],[89.393,26.0089],[89.3577,26.0112],[89.3448,26.0168],[89.3256,26.0388],[89.3016,26.05],[89.2866,26.0501],[89.2824,26.053],[89.2815,26.0647],[89.2704,26.0615],[89.2628,26.0662],[89.2596,26.0746],[89.2695,26.0881],[89.2684,26.093],[89.2498,26.102],[89.2243,26.1262],[89.1767,26.1314],[89.1615,26.1396],[89.1544,26.1545],[89.1538,26.1695],[89.1408,26.1854],[89.1407,26.1934],[89.151,26.2072],[89.1484,26.2222],[89.1404,26.2421],[89.1297,26.2498],[89.1249,26.2658],[89.1065,26.2898],[89.1096,26.299],[89.1066,26.3064],[89.1141,26.3067],[89.1244,26.292],[89.1368,26.3169],[89.1058,26.3271],[89.0889,26.322],[89.0998,26.3316],[89.1018,26.3407],[89.0981,26.3596],[89.0854,26.3637],[89.0927,26.3685],[89.0923,26.3804],[89.0982,26.3908],[89.0913,26.3996],[89.0732,26.394],[89.0471,26.398],[89.0393,26.3948],[89.0357,26.4061],[89.0228,26.4119],[89.0129,26.4106],[89.0092,26.42],[89.0,26.4185],[88.9958,26.408],[88.9811,26.4071],[88.9881,26.4438],[88.9677,26.4589],[88.964,26.4512],[88.9539,26.4481],[88.9517,26.4327],[88.9326,26.4316],[88.9311,26.41],[88.9153,26.4046],[88.9211,26.363],[88.9598,26.3626],[88.9541,26.3475],[88.9608,26.3461],[88.9592,26.3332],[88.9656,26.3341],[88.9696,26.3504],[88.9782,26.347],[88.9834,26.3522],[88.9907,26.3462],[88.9917,26.3358],[89.0041,26.3263],[89.0007,26.3152],[88.9897,26.3184],[88.9905,26.3061],[88.9983,26.2989],[89.005,26.2949],[89.0133,26.3002],[89.0183,26.2915],[89.0261,26.309],[89.0298,26.2866],[89.0508,26.2809],[89.0512,26.293],[89.0575,26.2958],[89.0629,26.2887],[89.0588,26.2766],[89.0645,26.2707],[89.0641,26.2547],[89.0558,26.2556],[89.0502,26.2411],[89.0347,26.2476],[88.972,26.2412],[88.9564,26.2514],[88.9269,26.2845],[88.907,26.2881],[88.8789,26.2858],[88.8705,26.2756],[88.868,26.2533],[88.8852,26.2369],[88.848,26.233],[88.8364,26.2418],[88.8404,26.2503],[88.8261,26.2515],[88.8214,26.2597],[88.8232,26.2963],[88.8009,26.3089],[88.7798,26.2991],[88.7565,26.3101],[88.7438,26.2902],[88.7332,26.2919],[88.7208,26.2808],[88.6993,26.2787],[88.6953,26.2755],[88.6972,26.2681],[88.6877,26.2624],[88.6757,26.2653],[88.6698,26.2854],[88.6736,26.2917],[88.6825,26.2959],[88.7058,26.2902],[88.6888,26.3033],[88.68,26.3198],[88.695,26.3284],[88.6976,26.3151],[88.7322,26.3152],[88.7525,26.3288],[88.7417,26.3304],[88.7485,26.3406],[88.7474,26.3526],[88.7409,26.3542],[88.7331,26.3442],[88.7122,26.3344],[88.7063,26.3367],[88.6997,26.3527],[88.7022,26.3601],[88.6927,26.3743],[88.7031,26.3809],[88.7048,26.3886],[88.6842,26.3935],[88.6921,26.4011],[88.6872,26.4094],[88.6668,26.4169],[88.6565,26.416],[88.6525,26.4264],[88.6329,26.4354],[88.6331,26.4562],[88.6262,26.4699],[88.6174,26.4742],[88.6031,26.4696],[88.5998,26.4637],[88.6029,26.4553],[88.5989,26.4533],[88.5727,26.458],[88.5543,26.4821],[88.5327,26.4862],[88.5157,26.5135],[88.4991,26.5148],[88.4837,26.5418],[88.4688,26.549],[88.4621,26.5387],[88.4556,26.5373],[88.4371,26.5473],[88.4295,26.5673],[88.4216,26.6274],[88.4173,26.6299],[88.4027,26.6246],[88.3936,26.6085],[88.4049,26.6016],[88.384,26.5944],[88.3592,26.5095],[88.3463,26.4995],[88.34,26.487],[88.3424,26.4732],[88.355,26.4625],[88.3569,26.4491],[88.3645,26.451],[88.368,26.4675],[88.3644,26.4797],[88.3682,26.4849],[88.3984,26.4763],[88.4094,26.482],[88.4215,26.4649],[88.4361,26.4729],[88.4484,26.4616],[88.4637,26.466],[88.4872,26.4599],[88.484,26.4475],[88.494,26.4443],[88.4952,26.4252],[88.503,26.4158],[88.5004,26.4072],[88.5125,26.4025],[88.5112,26.3939],[88.5171,26.3892],[88.5256,26.392],[88.5161,26.3728],[88.5331,26.3735],[88.5231,26.3631],[88.5279,26.3573],[88.5124,26.347],[88.511,26.3618],[88.4955,26.3579],[88.4947,26.3499],[88.4882,26.351],[88.4688,26.3604],[88.4635,26.3733],[88.4419,26.3379],[88.4168,26.3323],[88.4215,26.3173],[88.3984,26.3177],[88.3934,26.3089],[88.3789,26.3061],[88.3626,26.2916],[88.3508,26.2637],[88.3592,26.2415],[88.3541,26.2216],[88.3404,26.2159],[88.3292,26.2045],[88.3126,26.2082],[88.2769,26.1924],[88.2528,26.1925],[88.2376,26.1795],[88.2181,26.173],[88.213,26.1624],[88.2029,26.1634],[88.1828,26.1475],[88.176,26.1178],[88.1616,26.1021],[88.1628,26.0795],[88.1769,26.0757],[88.1862,26.067],[88.1743,26.0515],[88.1741,26.0343],[88.1819,26.0253],[88.144,26.0129],[88.1492,25.9971],[88.1383,25.9877],[88.1364,25.977],[88.1252,25.9684],[88.1262,25.9431],[88.1165,25.9333],[88.0996,25.9264],[88.0954,25.917],[88.0977,25.9039],[88.0938,25.8953],[88.1034,25.8843],[88.0995,25.8716],[88.1131,25.8647],[88.1192,25.8551],[88.1046,25.8431],[88.1074,25.8134],[88.1165,25.8087],[88.1137,25.7964],[88.1437,25.7915],[88.1449,25.7738],[88.1501,25.7725],[88.1581,25.7828],[88.173,25.7845],[88.1851,25.7945],[88.1941,25.7955],[88.2107,25.7856],[88.2145,25.7958],[88.2308,25.7957],[88.2437,25.8055],[88.2607,25.8093],[88.2749,25.806],[88.2782,25.7888],[88.2716,25.7786],[88.2889,25.7728],[88.2975,25.7612],[88.3172,25.7511],[88.3214,25.736],[88.3367,25.7381],[88.3436,25.7302],[88.3761,25.7139],[88.375,25.6997],[88.3867,25.6988],[88.3905,25.6875],[88.403,25.684],[88.4176,25.6639],[88.4353,25.6679],[88.4563,25.6626],[88.4595,25.6287],[88.4504,25.6012],[88.4724,25.5851],[88.4979,25.5809],[88.4985,25.5592],[88.5243,25.5374],[88.5372,25.5364],[88.5428,25.5103],[88.5557,25.5175],[88.5936,25.5067],[88.6074,25.5145],[88.6239,25.499],[88.6413,25.4979],[88.6513,25.4812],[88.6693,25.4747],[88.7007,25.4733],[88.7119,25.4876],[88.7106,25.4959],[88.7411,25.5014],[88.7429,25.4897],[88.7487,25.4886],[88.7686,25.4966],[88.7628,25.521],[88.7855,25.5143],[88.8019,25.5225],[88.8154,25.4899],[88.8362,25.48],[88.8366,25.4477],[88.8294,25.4398],[88.8371,25.4285],[88.8315,25.4133],[88.8182,25.4081],[88.8455,25.3937],[88.8458,25.3885],[88.8409,25.3865],[88.8481,25.3636],[88.869,25.3517],[88.8728,25.339],[88.8842,25.3275],[88.8895,25.3266],[88.9021,25.3375],[88.9168,25.3154],[88.9287,25.3146],[88.9375,25.3069],[88.9838,25.3065],[88.9887,25.3015],[89.0051,25.3],[89.0125,25.2672],[88.9908,25.2712],[88.9582,25.2502],[88.956,25.2418],[88.964,25.2106],[88.9404,25.2035],[88.9394,25.1976],[88.9484,25.1911],[88.9492,25.1802],[88.9313,25.1773],[88.9196,25.1657],[88.9029,25.1813],[88.8935,25.1831],[88.8896,25.1763],[88.8821,25.1763],[88.8764,25.1896],[88.8654,25.1896],[88.8639,25.1999],[88.853,25.2019],[88.8485,25.2101],[88.8351,25.2078],[88.8335,25.1944],[88.809,25.174],[88.7806,25.1782],[88.7775,25.1882],[88.7571,25.1783],[88.7269,25.2009],[88.6892,25.2098],[88.6696,25.2034],[88.6189,25.2052],[88.5931,25.1933],[88.5887,25.1813],[88.5684,25.1747],[88.5639,25.176],[88.5624,25.1905],[88.5541,25.1934],[88.5378,25.1879],[88.5374,25.1992],[88.5121,25.1993],[88.4872,25.2136],[88.4671,25.1961],[88.4579,25.1976],[88.4517,25.2082],[88.4442,25.2093],[88.45,25.1709],[88.4617,25.145],[88.4601,25.1316],[88.4462,25.1193],[88.4539,25.0768],[88.4381,25.0494],[88.4499,25.0404],[88.4515,25.0293],[88.4427,25.0105],[88.4377,25.0078],[88.4292,25.0125],[88.4263,25.0025],[88.4126,24.9947],[88.416,24.9839],[88.4121,24.9748],[88.403,24.9707],[88.3979,24.944],[88.3838,24.9437],[88.3713,24.9524],[88.3469,24.9401],[88.3408,24.9237],[88.3317,24.9151],[88.3347,24.9059],[88.3466,24.9012],[88.3466,24.8858],[88.333,24.8708],[88.3245,24.8813],[88.3064,24.8792],[88.2809,24.893],[88.2763,24.8915],[88.2722,24.8769],[88.2662,24.8782],[88.2645,24.9145],[88.2465,24.9446],[88.2307,24.9558],[88.2047,24.9561],[88.1696,24.9429],[88.1558,24.9315],[88.1424,24.9303],[88.1482,24.9186],[88.1694,24.8979],[88.171,24.8907],[88.158,24.8909],[88.1666,24.8812],[88.1611,24.8707],[88.177,24.8598],[88.1683,24.8577],[88.1644,24.8509],[88.1464,24.8508],[88.1447,24.8322],[88.1355,24.833],[88.1411,24.8175],[88.14,24.8023],[88.1328,24.804],[88.1278,24.8266],[88.1231,24.8186],[88.1177,24.8187],[88.1077,24.7914],[88.1082,24.7808],[88.0814,24.7697],[88.0718,24.7705],[88.074,24.7364],[88.0684,24.7221],[88.02,24.6794],[88.0137,24.6645],[88.0516,24.6306],[88.1031,24.5467],[88.1332,24.5168],[88.1709,24.4968],[88.2037,24.4581],[88.2434,24.452],[88.2736,24.44],[88.3062,24.4052],[88.3432,24.3778],[88.3758,24.3703],[88.4273,24.3797],[88.4459,24.3764],[88.508,24.3446],[88.528,24.342],[88.5429,24.3249],[88.5556,24.2983],[88.5674,24.3035],[88.573,24.3225],[88.5791,24.3248],[88.5865,24.3228],[88.5923,24.3124],[88.6059,24.3093],[88.6117,24.3164],[88.6271,24.3158],[88.63,24.3094],[88.6407,24.3063],[88.655,24.3073],[88.6647,24.3144],[88.7038,24.3113],[88.7268,24.2983],[88.7395,24.2746],[88.7418,24.2617],[88.734,24.1725],[88.747,24.1532],[88.7489,24.1403],[88.7323,24.1278],[88.7016,24.1197],[88.6986,24.115],[88.7039,24.0965],[88.7255,24.1011],[88.7295,24.0975],[88.7263,24.0674],[88.7415,24.0611],[88.7272,24.0541],[88.7393,24.0482],[88.743,24.0362],[88.7416,24.0154],[88.7333,24.0068],[88.731,23.9962],[88.7625,24.0098],[88.7748,23.9865],[88.7449,23.9863],[88.7388,23.9799],[88.7376,23.9618],[88.7443,23.9546],[88.7461,23.9376],[88.7367,23.9315],[88.7353,23.9147],[88.7059,23.9147],[88.7076,23.9006],[88.6959,23.9015],[88.6892,23.8908],[88.6707,23.8858],[88.6686,23.874],[88.6625,23.8699],[88.6332,23.8637],[88.6219,23.8774],[88.6076,23.8663],[88.5951,23.8725],[88.5799,23.8616],[88.5794,23.8562],[88.5908,23.8526],[88.5915,23.8363],[88.6056,23.8187],[88.5906,23.8142],[88.596,23.8027],[88.5858,23.7981],[88.5842,23.7899],[88.5632,23.7861],[88.5827,23.7673],[88.5752,23.7266],[88.5681,23.7168],[88.5776,23.6698],[88.5717,23.6664],[88.5655,23.6442],[88.5723,23.6397],[88.5962,23.6387],[88.5941,23.6169],[88.5846,23.6029],[88.6027,23.6057],[88.6059,23.6003],[88.6486,23.6102],[88.6424,23.5955],[88.6521,23.5865],[88.6628,23.5548],[88.6879,23.5412],[88.699,23.5197],[88.72,23.5101],[88.7309,23.5105],[88.7464,23.483],[88.7584,23.4803],[88.7631,23.4883],[88.7739,23.482],[88.7737,23.494],[88.7829,23.4999],[88.802,23.4971],[88.7982,23.4853],[88.8031,23.4794],[88.7918,23.4671],[88.7944,23.4436],[88.7814,23.4381],[88.7687,23.4451],[88.7609,23.4213],[88.7635,23.4082],[88.7565,23.4],[88.7564,23.3919],[88.7657,23.3641],[88.7531,23.3604],[88.7503,23.3525],[88.737,23.35],[88.7401,23.3287],[88.7497,23.322],[88.7495,23.3122],[88.7434,23.3091],[88.7304,23.3192],[88.7262,23.3015],[88.7179,23.3031],[88.7131,23.3111],[88.7008,23.2989],[88.7011,23.2935],[88.7117,23.2904],[88.7193,23.2762],[88.7271,23.2721],[88.7238,23.2552],[88.7505,23.2399],[88.7608,23.2374],[88.7715,23.242],[88.787,23.221],[88.8,23.2181],[88.8174,23.2191],[88.8113,23.2459],[88.8124,23.2523],[88.8212,23.2535],[88.8342,23.2472],[88.8259,23.2351],[88.841,23.2404],[88.856,23.2271],[88.8699,23.2321],[88.8841,23.2288],[88.9166,23.2325],[88.9224,23.2273],[88.9174,23.2137],[88.9223,23.2108],[88.9318,23.2151],[88.9549,23.205],[88.9827,23.2245],[88.9978,23.2148],[88.9907,23.2094],[88.9928,23.2006],[88.9855,23.1929],[88.985,23.1838],[88.9718,23.1946],[88.9647,23.1924],[88.9571,23.1783],[88.9404,23.1708],[88.9345,23.1411],[88.9258,23.142],[88.924,23.1287],[88.9112,23.1241],[88.9006,23.1087],[88.8889,23.1082],[88.8842,23.101],[88.8727,23.098],[88.8696,23.0715],[88.8824,23.0422],[88.8751,23.0211],[88.8765,23.0071],[88.85,23.0077],[88.8711,22.9924],[88.8718,22.9716],[88.8646,22.958],[88.8985,22.9533],[88.9,22.9296],[88.9169,22.9215],[88.9064,22.9067],[88.9123,22.8803],[88.9355,22.8708],[88.949,22.8803],[88.9705,22.8454],[88.9614,22.7972],[88.9395,22.7876],[88.9221,22.7647],[88.9237,22.7369],[88.9418,22.7118],[88.9622,22.6938],[88.9502,22.663],[88.9317,22.6408],[88.9393,22.6223],[88.9565,22.6156],[88.9575,22.6102],[88.937,22.5942],[88.9376,22.5699],[88.8964,22.5633],[88.8787,22.5447],[88.8689,22.5458],[88.8671,22.5234],[88.8593,22.5198],[88.8553,22.5106],[88.8428,22.5079],[88.8446,22.5009],[88.8588,22.4992],[88.8653,22.4875],[88.8575,22.4836],[88.8567,22.475],[88.8511,22.475],[88.855,22.4689],[88.8519,22.4558],[88.8596,22.4456],[88.8527,22.4329],[88.8245,22.4361],[88.8297,22.4468],[88.8142,22.4564],[88.8116,22.4814],[88.7717,22.5134],[88.7842,22.525],[88.7657,22.5342],[88.7621,22.5505],[88.7664,22.5608],[88.761,22.5502],[88.7643,22.5343],[88.7703,22.53],[88.7644,22.5278],[88.7828,22.5247],[88.7684,22.5134],[88.7504,22.517],[88.7338,22.5109],[88.71,22.5289],[88.7011,22.5256],[88.7019,22.5306],[88.6907,22.5244],[88.6913,22.5341],[88.6823,22.5374],[88.6823,22.5438],[88.6736,22.55],[88.6743,22.5667],[88.6809,22.5774],[88.6783,22.5936],[88.6722,22.5494],[88.6811,22.5437],[88.6809,22.5364],[88.6899,22.5334],[88.6915,22.5224],[88.7078,22.5277],[88.7336,22.51],[88.7529,22.5155],[88.7775,22.5069],[88.7797,22.4926],[88.7992,22.4614],[88.8025,22.4434],[88.8185,22.4306],[88.8483,22.4306],[88.856,22.4059],[88.8525,22.3922],[88.8461,22.3883],[88.8494,22.3842],[88.8528,22.3867],[88.8611,22.365],[88.8763,22.3553],[88.8492,22.3645],[88.82,22.3597],[88.8361,22.3583],[88.8497,22.3631],[88.8706,22.3578],[88.8916,22.3431],[88.9117,22.312],[88.9111,22.3058],[88.9161,22.3094],[88.9353,22.3017],[88.9375,22.2937],[88.9303,22.2594],[88.9389,22.2486],[88.951,22.2433],[88.9541,22.2252],[88.9316,22.227],[88.919,22.233],[88.9145,22.2201],[88.9018,22.2241],[88.8865,22.2377],[88.8955,22.2524],[88.8876,22.2659],[88.8768,22.2745],[88.8651,22.2708],[88.85,22.2893],[88.8442,22.2903],[88.8649,22.2702],[88.8762,22.2737],[88.8872,22.2649],[88.8934,22.2515],[88.8857,22.2362],[88.9139,22.2161],[88.9045,22.1972],[88.9211,22.1752],[88.9191,22.1656],[88.8982,22.1779],[88.8858,22.1675],[88.8723,22.1714],[88.8662,22.1941],[88.8834,22.2001],[88.8835,22.2123],[88.841,22.2143],[88.8589,22.2436],[88.8758,22.2528],[88.8584,22.2444],[88.8394,22.2155],[88.8495,22.2098],[88.8823,22.2116],[88.8827,22.201],[88.8655,22.1981],[88.8545,22.2062],[88.8443,22.1903],[88.8344,22.2091],[88.8272,22.2088],[88.8255,22.1984],[88.8201,22.1962],[88.8164,22.2058],[88.8067,22.209],[88.8055,22.2214],[88.8005,22.2263],[88.8186,22.2309],[88.8284,22.2419],[88.8296,22.2537],[88.8273,22.2655],[88.8203,22.2656],[88.8118,22.2847],[88.8071,22.283],[88.8144,22.2824],[88.8155,22.264],[88.8262,22.2646],[88.8258,22.242],[88.8143,22.2299],[88.7985,22.226],[88.8044,22.2206],[88.8055,22.2084],[88.815,22.2054],[88.8182,22.1956],[88.8275,22.195],[88.8381,22.1753],[88.835,22.1672],[88.8096,22.1833],[88.7942,22.1706],[88.7885,22.1786],[88.7711,22.1847],[88.7683,22.1936],[88.7476,22.1979],[88.7522,22.2304],[88.762,22.2414],[88.7697,22.2414],[88.7732,22.2505],[88.79,22.2594],[88.7436,22.2292],[88.7496,22.2202],[88.7464,22.2031],[88.74,22.2147],[88.7428,22.2],[88.7336,22.1956],[88.702,22.2094],[88.6812,22.2092],[88.6656,22.2175],[88.6525,22.2112],[88.6395,22.2131],[88.6347,22.2175],[88.6367,22.224],[88.6581,22.2394],[88.6676,22.267],[88.6849,22.2943],[88.6789,22.3231],[88.6906,22.3267],[88.6711,22.3258],[88.6661,22.339],[88.676,22.3171],[88.6792,22.2939],[88.6606,22.2662],[88.6571,22.2506],[88.6309,22.2221],[88.6321,22.214],[88.6393,22.2081],[88.6664,22.208],[88.6725,22.2012],[88.6668,22.1882],[88.6395,22.1575],[88.64,22.143],[88.6327,22.1366],[88.6297,22.1453],[88.6314,22.1358],[88.6193,22.1088],[88.6098,22.1079],[88.6103,22.1169],[88.5989,22.1297],[88.6046,22.1598],[88.5831,22.1697],[88.5821,22.1812],[88.5738,22.1889],[88.5775,22.1985],[88.5727,22.1891],[88.5811,22.1807],[88.5839,22.1668],[88.6034,22.1591],[88.5976,22.1306],[88.6091,22.1163],[88.6067,22.1078],[88.62,22.1045],[88.6273,22.0548],[88.6367,22.0453],[88.6178,22.0211],[88.6034,22.0236],[88.602,22.0376],[88.6064,22.0477],[88.5967,22.0633],[88.6017,22.0736],[88.5966,22.0673],[88.6049,22.0483],[88.5999,22.0236],[88.6144,22.0197],[88.5987,21.9747],[88.5992,21.9628],[88.6149,21.937],[88.6111,21.9317],[88.6014,21.9353],[88.6108,21.9258],[88.6067,21.9131],[88.5781,21.8897],[88.5728,21.9056],[88.5814,21.9164],[88.5803,21.9239],[88.5864,21.9281],[88.5792,21.9247],[88.58,21.9167],[88.5725,21.9072],[88.5503,21.9214],[88.5436,21.97],[88.5564,21.9728],[88.5678,21.9589],[88.5577,21.9732],[88.5462,21.9735],[88.5409,21.9602],[88.5488,21.9387],[88.5487,21.9223],[88.5705,21.9036],[88.5624,21.8989],[88.545,21.906],[88.5406,21.9039],[88.5479,21.8817],[88.5389,21.8711],[88.5378,21.858],[88.5281,21.8531],[88.4943,21.8791],[88.5073,21.9032],[88.5218,21.9137],[88.5255,21.9294],[88.5217,21.9427],[88.4942,21.9584],[88.4937,21.9671],[88.5191,21.9882],[88.537,21.9788],[88.5433,21.982],[88.5566,22.0232],[88.5546,22.0357],[88.5553,22.0228],[88.5414,21.9817],[88.5176,21.9887],[88.5002,21.9786],[88.4916,21.9669],[88.4953,21.9551],[88.5218,21.939],[88.5207,21.9154],[88.4832,21.91],[88.4736,21.8953],[88.4556,21.8999],[88.4622,21.9225],[88.4529,21.9395],[88.4702,21.9589],[88.4459,21.966],[88.4494,21.984],[88.4434,21.9901],[88.4505,22.0072],[88.4609,22.0116],[88.4504,22.0092],[88.4485,21.9982],[88.4416,21.9911],[88.448,21.9845],[88.4453,21.9642],[88.4689,21.958],[88.4515,21.942],[88.4585,21.9188],[88.433,21.9028],[88.4197,21.9066],[88.4147,21.8902],[88.4087,21.8853],[88.4025,21.8847],[88.3847,21.8992],[88.4078,21.9195],[88.3942,21.9368],[88.3988,21.9531],[88.3739,21.9653],[88.3943,21.9707],[88.3758,21.9697],[88.3744,21.9628],[88.3981,21.9522],[88.3928,21.9369],[88.4064,21.9198],[88.3828,21.9007],[88.3975,21.8853],[88.3938,21.8523],[88.3858,21.8394],[88.3923,21.8132],[88.3907,21.799],[88.3816,21.7916],[88.364,21.7978],[88.3636,21.8086],[88.3549,21.8228],[88.3549,21.8557],[88.3658,21.873],[88.3705,21.8978],[88.3593,21.9216],[88.35,21.9274],[88.361,21.9171],[88.3692,21.8973],[88.3635,21.8714],[88.3536,21.8572],[88.3257,21.8622],[88.3089,21.8564],[88.3013,21.8614],[88.3098,21.8777],[88.3006,21.8613],[88.262,21.8587],[88.2562,21.8709],[88.2697,21.8852],[88.2549,21.8713],[88.2606,21.8579],[88.2993,21.8594],[88.3138,21.8466],[88.3056,21.8303],[88.2771,21.8219],[88.259,21.8076],[88.2636,21.788],[88.2819,21.7611],[88.2706,21.7667],[88.2561,21.7832],[88.2517,21.8019],[88.2546,21.7829],[88.2827,21.7576],[88.2725,21.7309],[88.2657,21.73],[88.2634,21.733],[88.2739,21.7546],[88.2172,21.7644],[88.2181,21.7772],[88.2094,21.8014],[88.1633,21.8794],[88.1772,21.9261],[88.1537,21.9592],[88.1785,21.9818],[88.2078,22.0225],[88.2239,22.0753],[88.2231,22.0981],[88.2031,22.1669],[88.1881,22.1867],[88.1656,22.1989],[88.1325,22.2022],[88.1167,22.2092],[88.0697,22.2119],[88.085,22.2356],[88.0886,22.2628],[88.1031,22.2883],[88.105,22.3047],[88.0887,22.3031],[88.0786,22.2842],[88.0753,22.2528],[88.0492,22.22],[88.0261,22.2225],[87.9849,22.2457],[87.9587,22.2847],[87.9571,22.3609],[87.9464,22.4061],[87.9275,22.4203],[87.9233,22.435],[87.8951,22.4345],[87.8834,22.441],[87.8808,22.4381],[87.8939,22.4242],[87.9125,22.4217],[87.9297,22.4036],[87.9422,22.3664],[87.943,22.3619],[87.9389,22.3611],[87.9436,22.355],[87.9367,22.3561],[87.947,22.3497],[87.9436,22.3483],[87.9481,22.3464],[87.9472,22.3331],[87.9364,22.3167],[87.94,22.33],[87.9308,22.3333],[87.9364,22.3261],[87.9328,22.31],[87.94,22.2603],[87.9703,22.238],[87.9814,22.2159],[88.0086,22.2014],[88.0231,22.1994],[88.0347,22.2094],[88.05,22.205],[88.0656,22.1897],[88.0753,22.1867],[88.09,22.1858],[88.1028,22.1919],[88.1356,22.1847],[88.1933,22.1128],[88.1889,22.0992],[88.1562,22.0648],[88.0622,22.0131],[88.0269,22.0478],[88.0336,22.0575],[88.0319,22.0639],[87.9984,22.0896],[87.9919,22.1025],[87.9634,22.1035],[87.9604,22.0956],[87.9817,22.0988],[88.0086,22.0731],[88.0178,22.0403],[88.0531,22.0103],[88.0358,21.9814],[87.9756,21.845],[87.9609,21.8261],[87.9263,21.7948],[87.8966,21.782],[87.8966,21.7742],[87.8697,21.746],[87.8222,21.7057],[87.7849,21.687],[87.7547,21.6822],[87.7442,21.668],[87.7067,21.6446],[87.6674,21.6324],[87.574,21.6171],[87.5641,21.6207],[87.5506,21.6112],[87.4902,21.6026],[87.4863,21.631],[87.472,21.6507],[87.4629,21.65],[87.4647,21.6622],[87.4691,21.6636],[87.4751,21.7121],[87.4651,21.7254],[87.4694,21.7313],[87.4472,21.734],[87.4556,21.7373],[87.4476,21.747],[87.448,21.7658],[87.4291,21.7705],[87.3996,21.7673],[87.3953,21.7753],[87.3877,21.7757],[87.3745,21.7649],[87.3722,21.7795],[87.3617,21.7821],[87.3565,21.7906],[87.3489,21.7908],[87.3411,21.784],[87.3371,21.792],[87.3217,21.7905],[87.3224,21.7954],[87.3136,21.7937],[87.301,21.8001],[87.2973,21.8103],[87.2851,21.804],[87.276,21.8082],[87.2783,21.8165],[87.2669,21.8186],[87.272,21.8263],[87.2616,21.8461],[87.2521,21.8529],[87.2493,21.8611],[87.2535,21.8712],[87.2393,21.9002],[87.2439,21.9114],[87.2569,21.9224],[87.2368,21.9449],[87.2394,21.9589],[87.2141,21.9619],[87.1997,21.9581],[87.172,21.9779],[87.1652,21.967],[87.1629,21.9351],[87.1414,21.9226],[87.1189,21.9268],[87.0982,21.9125],[87.0932,21.8997],[87.1008,21.8909],[87.0993,21.865],[87.035,21.87],[87.0247,21.8904],[87.0096,21.9001],[87.0027,21.9121],[87.0103,21.9452],[87.0391,21.9937],[87.027,22.0165],[87.0308,22.0332],[87.0224,22.0457],[87.0,22.0502],[86.9621,22.0877],[86.9137,22.0907],[86.8528,22.1026],[86.8467,22.0961],[86.837,22.0994],[86.8283,22.1172],[86.8112,22.1184],[86.813,22.128],[86.8021,22.1303],[86.8054,22.1501],[86.7953,22.1581],[86.7573,22.1481],[86.7205,22.1476],[86.7179,22.1824],[86.7279,22.2193],[86.7529,22.212],[86.7721,22.2154],[86.7803,22.2187],[86.7778,22.2344],[86.785,22.2358],[86.7972,22.2279],[86.7962,22.2244],[86.7875,22.2294],[86.7811,22.2178],[86.7886,22.2157],[86.7964,22.2216],[86.8051,22.2177],[86.8149,22.242],[86.8064,22.2427],[86.8026,22.238],[86.7979,22.2428],[86.7953,22.2668],[86.8057,22.2659],[86.8014,22.2539],[86.8046,22.245],[86.814,22.2505],[86.8169,22.2679],[86.8214,22.2533],[86.8278,22.2653],[86.8463,22.2611],[86.8557,22.2645],[86.8633,22.2584],[86.8906,22.2561],[86.8912,22.2981],[86.8457,22.3177],[86.8342,22.3285],[86.834,22.3454],[86.846,22.3729],[86.8433,22.3824],[86.8489,22.3999],[86.8234,22.4161],[86.7674,22.429],[86.7505,22.4793],[86.7585,22.4838],[86.7943,22.4782],[86.8031,22.4876],[86.7961,22.4973],[86.8037,22.5024],[86.7947,22.5112],[86.7948,22.524],[86.7879,22.528],[86.7892,22.5478],[86.7697,22.5542],[86.7726,22.5644],[86.7651,22.5759],[86.7112,22.5838],[86.678,22.5759],[86.6569,22.5793],[86.6535,22.595],[86.6396,22.6007],[86.642,22.6585],[86.6232,22.6767],[86.5966,22.6919],[86.5861,22.6923],[86.5446,22.7239],[86.5391,22.7198],[86.5154,22.7193],[86.512,22.7048],[86.4932,22.7265],[86.4844,22.7256],[86.4595,22.7628],[86.4494,22.7617],[86.4217,22.7796],[86.4181,22.7895],[86.4235,22.7929],[86.4271,22.8119],[86.4394,22.8316],[86.4383,22.8635],[86.4524,22.8618],[86.4525,22.8864],[86.4685,22.8996],[86.454,22.9048],[86.438,22.9187],[86.4384,22.9263],[86.4637,22.9358],[86.4635,22.9417],[86.4759,22.9523],[86.49,22.9372],[86.4949,22.9469],[86.5013,22.9442],[86.5021,22.9504],[86.5238,22.9472],[86.5321,22.9637],[86.544,22.9647],[86.5457,22.9901],[86.5177,22.9691],[86.5054,22.9714],[86.5131,22.9756],[86.5028,22.986],[86.5029,22.9927],[86.4508,22.9879],[86.4461,22.9929],[86.4219,22.9976],[86.3986,22.977],[86.3892,22.9829],[86.386,22.9935],[86.3751,22.9971],[86.3689,22.9955],[86.3656,22.9994],[86.3572,22.9977],[86.3561,22.9919],[86.347,22.996],[86.3378,22.9916],[86.3178,22.9979],[86.3039,23.016],[86.2997,23.0108],[86.2851,23.0134],[86.267,22.9983],[86.2122,22.9968],[86.206,23.0124],[86.2101,23.0159],[86.1814,23.0156],[86.166,23.0417],[86.1558,23.0435],[86.1542,23.0553],[86.1404,23.0655],[86.1424,23.0856],[86.1216,23.0961],[86.1106,23.0914],[86.0977,23.0933],[86.0868,23.1068],[86.0759,23.1039],[86.0539,23.1111],[86.0502,23.1143],[86.0543,23.1316],[86.0429,23.146],[86.0343,23.1481],[86.0239,23.1429],[86.0085,23.1486],[85.9879,23.1483],[85.9576,23.1405],[85.9498,23.1318],[85.9318,23.133],[85.9275,23.1283],[85.921,23.1319],[85.9064,23.1504],[85.8834,23.161],[85.8833,23.1752],[85.8636,23.1966],[85.8385,23.1949],[85.8325,23.2652],[85.8398,23.2828],[85.8676,23.3054],[85.8669,23.317],[85.8841,23.3258],[85.8777,23.3322],[85.8792,23.3589],[85.8724,23.3668],[85.8914,23.3758],[85.9018,23.3726],[85.9005,23.3817],[85.8886,23.3831],[85.8909,23.3893],[85.8835,23.4024],[85.8879,23.4057],[85.8846,23.41],[85.869,23.4119],[85.8657,23.4528],[85.8722,23.4721],[85.8803,23.4781],[85.8974,23.4778],[85.95,23.4565],[86.0117,23.4846],[86.0533,23.4956],[86.0569,23.5035],[86.0388,23.5067],[86.0388,23.5199],[86.0247,23.5443],[86.0272,23.5473],[86.0169,23.5535],[86.0171,23.563],[86.0414,23.5769],[86.0435,23.5853],[86.0775,23.5803],[86.0788,23.57],[86.1255,23.5758],[86.1327,23.5686],[86.1508,23.5696],[86.1593,23.5535],[86.1489,23.5293],[86.1605,23.5211],[86.1611,23.5062],[86.1512,23.496],[86.1515,23.4751],[86.1783,23.4805],[86.1851,23.4771],[86.1847,23.4697],[86.2269,23.458],[86.2312,23.4719],[86.2446,23.4717],[86.2306,23.4378],[86.237,23.4316],[86.2454,23.4338],[86.2491,23.4217],[86.2589,23.427],[86.2525,23.4362],[86.2843,23.4432],[86.2882,23.4296],[86.3058,23.4222],[86.3201,23.4304],[86.3181,23.4394],[86.3116,23.4383],[86.306,23.4458],[86.332,23.4597],[86.3372,23.4493],[86.3462,23.4545],[86.3437,23.4632],[86.3577,23.4657],[86.3548,23.4746],[86.3613,23.4836],[86.3778,23.4847],[86.3764,23.4923],[86.3644,23.4916],[86.3595,23.4985],[86.3627,23.5149],[86.3709,23.5175],[86.3734,23.5246],[86.3655,23.5327],[86.3638,23.545],[86.3706,23.559],[86.3887,23.574],[86.3868,23.5863],[86.3953,23.5907],[86.412,23.5899],[86.4162,23.6],[86.4331,23.6123],[86.4454,23.611],[86.4457,23.6315],[86.4722,23.6315],[86.4871,23.637],[86.5344,23.6309],[86.5963,23.6642],[86.5937,23.671],[86.5973,23.6731],[86.6301,23.6747],[86.6995,23.6964],[86.7166,23.6991],[86.7373,23.6957],[86.7437,23.6796],[86.7976,23.6893],[86.8012,23.6954],[86.7965,23.7004],[86.8101,23.7417],[86.8216,23.7467],[86.8253,23.7629],[86.8223,23.778],[86.8033,23.7995],[86.8066,23.8151],[86.7985,23.8331],[86.8093,23.8325],[86.8149,23.8159],[86.8263,23.8131],[86.85,23.8236],[86.8626,23.8413],[86.8768,23.846],[86.8825,23.8153],[86.8878,23.8163],[86.8932,23.824],[86.8857,23.844],[86.8878,23.8584],[86.8809,23.8592],[86.8808,23.8641],[86.9006,23.8817],[86.9124,23.8813],[86.9297,23.8676],[86.9309,23.8556],[86.9419,23.8467],[86.9567,23.8477],[86.965,23.8641],[86.9724,23.8671],[86.9856,23.8582],[87.0075,23.8543],[87.0398,23.8387],[87.0623,23.8181],[87.0898,23.8071],[87.101,23.8114],[87.1112,23.8014],[87.1214,23.8067],[87.1156,23.801],[87.1295,23.7969],[87.1445,23.802],[87.154,23.7963],[87.1717,23.8215],[87.1675,23.8295],[87.1593,23.8276],[87.1356,23.8527],[87.1363,23.8688],[87.162,23.8667],[87.1859,23.8534],[87.1926,23.859],[87.2009,23.8561],[87.1938,23.8427],[87.2083,23.848],[87.2126,23.8549],[87.222,23.8528],[87.2277,23.8595],[87.2415,23.8549],[87.2369,23.8464],[87.2293,23.8446],[87.2238,23.8327],[87.2343,23.8249],[87.2479,23.8281],[87.2604,23.8412],[87.2527,23.8532],[87.2543,23.8677],[87.2501,23.8702],[87.2483,23.8867],[87.2535,23.9088],[87.2577,23.9119],[87.2644,23.906],[87.2615,23.9],[87.267,23.88],[87.2756,23.8748],[87.2978,23.892],[87.2959,23.9005],[87.2997,23.9004],[87.2903,23.9357],[87.2971,23.9405],[87.2971,23.9574],[87.2668,23.9679],[87.266,23.9798],[87.2733,23.9863],[87.2661,24.0046],[87.2554,23.9975],[87.2459,24.0074],[87.238,24.0263],[87.2433,24.0429],[87.2879,24.0286],[87.3376,24.0327],[87.3407,24.0255],[87.3376,24.0192],[87.3294,24.0192],[87.3206,24.0061],[87.3331,23.9977],[87.3533,23.9975],[87.3618,24.0109],[87.3949,24.0037],[87.4055,23.9956],[87.4315,23.9921],[87.4344,23.9836],[87.4442,23.9799],[87.4541,23.986],[87.4631,23.9832],[87.4634,23.9952],[87.4465,24.005],[87.4519,24.0101],[87.439,24.01],[87.4537,24.018],[87.4765,24.0126],[87.4878,24.0154],[87.4963,24.0251],[87.5064,24.024],[87.5156,24.0415],[87.5129,24.0473],[87.4963,24.0537],[87.4993,24.0643],[87.4948,24.0749],[87.5064,24.075],[87.5109,24.0837],[87.4941,24.0898],[87.5021,24.1009],[87.4987,24.1168],[87.522,24.1126],[87.5264,24.1058],[87.535,24.104],[87.5361,24.0965],[87.5443,24.0894],[87.5613,24.084],[87.5753,24.0893],[87.5812,24.0869],[87.5743,24.1084],[87.5829,24.112],[87.5868,24.125],[87.6126,24.1305],[87.5745,24.1572],[87.5848,24.1631],[87.6006,24.1614],[87.6155,24.1664],[87.6851,24.1496],[87.6975,24.1561],[87.7017,24.1769],[87.6976,24.1877],[87.6833,24.1927],[87.676,24.2073],[87.6428,24.2131],[87.6481,24.2316],[87.6408,24.244],[87.6468,24.2513],[87.6522,24.25],[87.6621,24.2369],[87.667,24.2464],[87.6864,24.2479],[87.6937,24.2571],[87.7077,24.2614],[87.7154,24.2935],[87.7322,24.2877],[87.7414,24.2904],[87.7571,24.3061],[87.7613,24.305],[87.7695,24.3242],[87.7662,24.3347],[87.8025,24.3835],[87.8031,24.3921],[87.7976,24.3978],[87.815,24.4079],[87.8103,24.4195],[87.8037,24.4125],[87.7898,24.4159],[87.7973,24.4251],[87.7932,24.4334],[87.7961,24.4391],[87.8076,24.4514],[87.82,24.4526],[87.8229,24.4697],[87.8142,24.4778],[87.8181,24.4864],[87.8253,24.4871],[87.828,24.4956],[87.8153,24.4933],[87.8118,24.5118],[87.8061,24.4961],[87.8002,24.4923],[87.7977,24.4985],[87.8051,24.5055],[87.8063,24.5158],[87.8026,24.5399],[87.8115,24.5464],[87.7967,24.5669],[87.7728,24.5727],[87.7746,24.5829],[87.8141,24.5774],[87.8284,24.5677],[87.8296,24.5607],[87.8533,24.5522],[87.8556,24.559],[87.8614,24.5558],[87.8709,24.562],[87.8924,24.5639],[87.8966,24.5808],[87.9105,24.585],[87.915,24.595],[87.9132,24.6093],[87.8912,24.6063],[87.8779,24.6118],[87.8821,24.6174],[87.8934,24.6125],[87.9067,24.6137],[87.9074,24.627],[87.8897,24.6278],[87.894,24.6325],[87.9114,24.6338],[87.9185,24.6596],[87.8918,24.6752],[87.9017,24.6917],[87.904,24.7109],[87.9081,24.711],[87.906,24.7226],[87.896,24.7236],[87.883,24.7401],[87.8726,24.7304],[87.845,24.7392],[87.8306,24.7532],[87.8192,24.7543],[87.8233,24.767],[87.8309,24.7703],[87.8353,24.7839],[87.8428,24.7888],[87.8405,24.7642],[87.8598,24.7653],[87.8717,24.7771],[87.8753,24.7918],[87.8819,24.7947],[87.8829,24.802],[87.8729,24.8239],[87.8918,24.8206],[87.9037,24.8255],[87.8992,24.8301],[87.903,24.8437],[87.8943,24.8539],[87.9165,24.8568],[87.9717,24.8822],[87.9786,24.8974],[87.9718,24.9304],[87.9119,24.9866],[87.9088,24.9992],[87.8824,25.0288],[87.8605,25.047],[87.7984,25.0764],[87.7783,25.0998],[87.7767,25.1529],[87.7933,25.2211],[87.807,25.2188],[87.8423,25.1999],[87.8284,25.2349],[87.8412,25.2504],[87.8549,25.254],[87.8556,25.2678],[87.86,25.2685],[87.8622,25.2783],[87.8561,25.298],[87.8369,25.3027],[87.8074,25.3239],[87.7972,25.3228],[87.7898,25.3329],[87.7874,25.3389],[87.7946,25.3727],[87.7825,25.3713],[87.7715,25.3784],[87.7684,25.3894],[87.7723,25.404],[87.765,25.4055],[87.7656,25.4105],[87.7771,25.412],[87.7717,25.4247],[87.7824,25.4294],[87.7924,25.4491],[87.8145,25.4346],[87.8316,25.4457],[87.8315,25.4579],[87.8397,25.4592],[87.8397,25.465],[87.8554,25.4654],[87.8565,25.4687],[87.8693,25.4658],[87.8667,25.4864],[87.8757,25.5034],[87.8872,25.5059],[87.8851,25.5163],[87.8912,25.5175],[87.9048,25.5047],[87.9106,25.5077],[87.9089,25.5194],[87.93,25.536],[87.9614,25.5384],[87.978,25.5236],[87.9918,25.5252],[87.9936,25.5211],[87.9863,25.5162],[87.9924,25.503],[88.01,25.4944],[88.0132,25.5108],[88.0174,25.508],[88.0137,25.5032],[88.0215,25.5009],[88.0333,25.4866],[88.0402,25.4931],[88.0443,25.492],[88.0423,25.487],[88.052,25.483],[88.0586,25.487],[88.0761,25.4809],[88.0738,25.4972],[88.0785,25.5043],[88.0695,25.5066],[88.0745,25.5134],[88.0638,25.5291],[88.0414,25.5371],[88.0436,25.5465],[88.0328,25.5536],[88.044,25.5642],[88.031,25.5694],[88.0358,25.5747],[88.0268,25.5873],[88.0372,25.5878],[88.0444,25.5954],[88.0355,25.6004],[88.0472,25.6058],[88.0409,25.6174],[88.0428,25.6223],[88.0452,25.6276],[88.0601,25.6332],[88.0493,25.6324],[88.0414,25.6371],[88.0417,25.6413],[88.0488,25.6393],[88.0544,25.6442],[88.049,25.6742],[88.0567,25.6861],[88.0545,25.6908],[88.0458,25.6984],[88.0406,25.6943],[88.0361,25.6991],[88.0221,25.692],[88.0226,25.705],[88.0031,25.7122],[87.9938,25.7239],[87.9856,25.7187],[87.967,25.7249],[87.9665,25.7323],[87.9447,25.7488],[87.9477,25.7562],[87.9385,25.7715],[87.9347,25.768],[87.9247,25.7742],[87.9046,25.77],[87.9041,25.7994],[87.9092,25.802],[87.9012,25.8049],[87.9029,25.8112],[87.9093,25.8143],[87.9137,25.8096],[87.9166,25.815],[87.9,25.8252],[87.9026,25.8292],[87.8896,25.8288],[87.9036,25.8347],[87.9035,25.8397],[87.9171,25.8519],[87.891,25.8648],[87.885,25.8586],[87.8715,25.8677],[87.8621,25.8648],[87.8291,25.8716],[87.8218,25.8856],[87.8266,25.8938],[87.8199,25.9],[87.8228,25.9128],[87.817,25.9141],[87.8141,25.9091],[87.8099,25.9208],[87.8133,25.93],[87.8362,25.9355],[87.8302,25.9465],[87.8317,25.9588],[87.8376,25.9641],[87.8324,25.9883],[87.847,26.0198],[87.8485,26.0445],[87.8697,26.0561],[87.8816,26.0556],[87.8825,26.0662],[87.9193,26.091],[87.9289,26.0718],[87.9375,26.069],[87.9446,26.0768],[87.9443,26.0845],[87.9745,26.0814],[87.9785,26.0849],[87.9758,26.0917],[87.9608,26.1028],[87.9646,26.1088],[87.9757,26.1093],[87.982,26.1216],[87.9635,26.1288],[87.9774,26.1371],[87.9705,26.1519],[87.9812,26.1528],[87.9885,26.1592],[88.0024,26.1418],[88.0194,26.1409],[88.0181,26.1548],[88.033,26.1628],[88.0438,26.1777],[88.0526,26.1779],[88.0587,26.1716],[88.0762,26.1757],[88.0812,26.1813],[88.0794,26.1854],[88.0936,26.1944],[88.0961,26.2032],[88.1224,26.2229],[88.1183,26.2262],[88.1452,26.2308],[88.1438,26.2437],[88.1508,26.2528],[88.1833,26.2617],[88.1897,26.2746],[88.2206,26.2816],[88.231,26.2894],[88.2333,26.3039],[88.2381,26.3103],[88.2428,26.3053],[88.2546,26.3265],[88.2675,26.3378],[88.275,26.337],[88.2788,26.3305],[88.2826,26.3324],[88.2881,26.3398],[88.2857,26.3463],[88.2983,26.3539],[88.2883,26.3601],[88.2804,26.3772],[88.274,26.3811],[88.2613,26.3744],[88.2441,26.3753],[88.2369,26.3939],[88.2619,26.4158],[88.2748,26.4178],[88.2744,26.4217],[88.2587,26.4337],[88.2499,26.4492],[88.2355,26.447],[88.2219,26.4656],[88.2277,26.4667],[88.2328,26.4761],[88.2198,26.4776],[88.2214,26.4696],[88.2004,26.4719],[88.1983,26.4829],[88.1857,26.4904],[88.2005,26.5079],[88.213,26.5099],[88.2133,26.5148],[88.24,26.5322],[88.2379,26.5518],[88.2221,26.5571],[88.2206,26.5506],[88.2275,26.5461],[88.2163,26.5406],[88.2212,26.5354],[88.1972,26.5441],[88.1891,26.5428],[88.1853,26.5307],[88.175,26.5372],[88.1721,26.5215],[88.1544,26.5165],[88.1521,26.5108],[88.1389,26.5124],[88.1171,26.5301],[88.1066,26.5507],[88.1066,26.5553],[88.1144,26.5591],[88.1145,26.5689],[88.1326,26.574],[88.1321,26.6025],[88.1403,26.6114],[88.1405,26.6224],[88.1597,26.6357],[88.1666,26.681],[88.1867,26.7182],[88.1893,26.7408],[88.1848,26.7971],[88.176,26.8289],[88.1689,26.8383],[88.1765,26.861],[88.1443,26.8893],[88.1442,26.9277],[88.1235,26.9474],[88.1349,26.9857],[88.1159,26.9878],[88.093,27.0069],[88.0845,27.0356],[88.0691,27.0311],[88.0458,27.0382],[88.0282,27.0554],[88.0252,27.0848],[88.0129,27.0985],[87.9914,27.1116],[87.9942,27.1266],[88.0174,27.163],[88.0169,27.2164],[88.0406,27.2206],[88.0659,27.2135],[88.0826,27.2004],[88.0751,27.1898],[88.0807,27.174],[88.0908,27.1646]],[[88.1831,25.2896],[88.1922,25.2749],[88.1854,25.2859],[88.1831,25.2896]],[[89.7353,26.309],[89.7346,26.3054],[89.7429,26.3022],[89.7388,26.311],[89.7353,26.309]]]]}},{"type":"Feature","properties":{"ST_NM":"Odisha"},"geometry":{"type":"MultiPolygon","coordinates":[[[[86.3894,19.9635],[86.3805,19.968],[86.3843,19.9786],[86.4263,20.0104],[86.4267,20.002],[86.3936,19.9769],[86.3894,19.9635]]],[[[86.4322,20.0232],[86.424,20.0218],[86.4334,20.0384],[86.4322,20.0232]]],[[[86.7907,20.3587],[86.7889,20.3669],[86.7961,20.3736],[86.7972,20.3656],[86.7907,20.3587]]],[[[86.8074,20.3695],[86.8008,20.3904],[86.8081,20.398],[86.8116,20.3806],[86.8074,20.3695]]],[[[86.7951,20.3963],[86.7901,20.3965],[86.7881,20.4151],[86.8001,20.4435],[86.8007,20.4686],[86.7941,20.48],[86.7955,20.4893],[86.8002,20.4911],[86.8099,20.4707],[86.8116,20.4454],[86.7951,20.3963]]],[[[87.0581,20.7334],[87.0526,20.7334],[87.0531,20.7397],[87.0608,20.7387],[87.0581,20.7334]]],[[[87.0758,20.747],[87.0809,20.7398],[87.0753,20.7305],[87.072,20.7346],[87.0758,20.747]]],[[[87.095,20.7575],[87.0873,20.7571],[87.0878,20.7628],[87.0942,20.765],[87.095,20.7575]]],[[[86.9928,20.7787],[86.9905,20.7765],[86.9859,20.7831],[86.9916,20.7835],[86.9928,20.7787]]],[[[86.8897,20.7867],[86.9111,20.7826],[86.9396,20.7842],[86.955,20.7772],[86.9297,20.7743],[86.8807,20.7803],[86.8809,20.785],[86.8897,20.7867]]],[[[87.076,20.7749],[87.0712,20.7758],[87.0693,20.7846],[87.0763,20.7943],[87.0792,20.7858],[87.076,20.7749]]],[[[86.9993,20.7951],[86.9959,20.7922],[86.9905,20.7965],[86.9957,20.8072],[87.0016,20.805],[86.9993,20.7951]]],[[[86.9954,20.8476],[86.9906,20.8482],[86.9875,20.8579],[86.9941,20.8648],[86.9954,20.8476]]],[[[86.0841,22.5337],[86.1071,22.4936],[86.1176,22.4863],[86.1256,22.489],[86.1519,22.4826],[86.1508,22.4786],[86.1612,22.4825],[86.1794,22.4799],[86.2023,22.4712],[86.208,22.4738],[86.2147,22.4663],[86.2238,22.4717],[86.2171,22.4632],[86.226,22.4526],[86.2707,22.4431],[86.2853,22.4491],[86.2935,22.4289],[86.3062,22.4189],[86.3078,22.4088],[86.3232,22.3942],[86.3253,22.384],[86.3528,22.3627],[86.3582,22.3491],[86.381,22.3409],[86.4067,22.3232],[86.4271,22.3177],[86.4298,22.3101],[86.4387,22.3054],[86.4447,22.3096],[86.4438,22.3272],[86.4636,22.3259],[86.4738,22.3361],[86.4839,22.3383],[86.4891,22.3482],[86.5053,22.3447],[86.5133,22.3278],[86.529,22.3224],[86.5304,22.3162],[86.5261,22.3153],[86.5377,22.3021],[86.5452,22.3076],[86.5573,22.2992],[86.573,22.3009],[86.5759,22.2968],[86.5837,22.3017],[86.5962,22.2788],[86.6137,22.2827],[86.6507,22.2653],[86.6563,22.2372],[86.6703,22.2426],[86.6873,22.2235],[86.7261,22.2209],[86.7179,22.1824],[86.7205,22.1476],[86.7573,22.1481],[86.7953,22.1581],[86.8054,22.1501],[86.8021,22.1303],[86.813,22.128],[86.8112,22.1184],[86.8283,22.1172],[86.837,22.0994],[86.8467,22.0961],[86.8528,22.1026],[86.9137,22.0907],[86.9621,22.0877],[86.9719,22.0821],[86.9767,22.0706],[86.9953,22.0537],[87.0224,22.0457],[87.0308,22.0332],[87.027,22.0165],[87.0391,21.9937],[87.0103,21.9452],[87.0027,21.9121],[87.0096,21.9001],[87.0247,21.8904],[87.035,21.87],[87.0993,21.865],[87.1008,21.8909],[87.0932,21.8997],[87.0982,21.9125],[87.1189,21.9268],[87.1414,21.9226],[87.1629,21.9351],[87.1652,21.967],[87.172,21.9779],[87.1997,21.9581],[87.2141,21.9619],[87.2394,21.9589],[87.2368,21.9449],[87.2569,21.9224],[87.2439,21.9114],[87.2393,21.9002],[87.2535,21.8712],[87.2493,21.8611],[87.2521,21.8529],[87.2616,21.8461],[87.272,21.8263],[87.2669,21.8186],[87.2783,21.8165],[87.276,21.8082],[87.2851,21.804],[87.2973,21.8103],[87.301,21.8001],[87.3136,21.7937],[87.3224,21.7954],[87.3217,21.7905],[87.3371,21.792],[87.3411,21.784],[87.3489,21.7908],[87.3565,21.7906],[87.3617,21.7821],[87.3722,21.7795],[87.3745,21.7649],[87.3877,21.7757],[87.3953,21.7753],[87.3996,21.7673],[87.4436,21.7692],[87.448,21.7658],[87.4476,21.747],[87.4554,21.7403],[87.4472,21.734],[87.4703,21.7301],[87.4651,21.7254],[87.4751,21.7121],[87.474,21.6966],[87.4629,21.65],[87.472,21.6507],[87.4863,21.631],[87.4902,21.6026],[87.4687,21.5979],[87.4376,21.5806],[87.4101,21.5449],[87.4028,21.5479],[87.3948,21.5646],[87.3845,21.5729],[87.3473,21.5805],[87.3385,21.5763],[87.3437,21.5695],[87.3736,21.5625],[87.3981,21.5389],[87.3966,21.5322],[87.3614,21.5411],[87.2231,21.5352],[87.1502,21.5079],[87.1127,21.4836],[87.0884,21.4589],[87.0702,21.4621],[87.0654,21.4408],[87.0526,21.4287],[86.9866,21.3888],[86.9515,21.3578],[86.8931,21.2545],[86.8656,21.2218],[86.8493,21.1872],[86.8436,21.1615],[86.8542,21.0958],[86.8752,21.0437],[86.8984,21.0087],[86.9537,20.8974],[86.9792,20.86],[86.9801,20.8224],[86.9705,20.7909],[86.9588,20.7872],[86.9419,20.792],[86.8922,20.7925],[86.8834,20.7951],[86.88,20.8082],[86.8718,20.7936],[86.8231,20.7693],[86.8176,20.7521],[86.7985,20.7545],[86.7944,20.7452],[86.802,20.7345],[86.8132,20.7297],[86.8219,20.7314],[86.8308,20.755],[86.8632,20.7739],[86.8813,20.773],[86.9047,20.7618],[86.9315,20.7667],[86.9512,20.7629],[86.9851,20.7722],[86.9993,20.763],[87.0005,20.7459],[87.0097,20.7274],[87.0066,20.7131],[86.985,20.7107],[86.944,20.7173],[86.9119,20.7147],[86.9032,20.7096],[86.9291,20.703],[86.9689,20.706],[86.9734,20.7015],[86.9623,20.6918],[86.9658,20.6885],[86.9778,20.697],[86.9979,20.6988],[87.0147,20.6944],[87.0571,20.7153],[87.0561,20.7107],[87.0151,20.6833],[86.9321,20.6318],[86.8556,20.5739],[86.8228,20.5564],[86.7872,20.5288],[86.7697,20.5053],[86.7545,20.5171],[86.7602,20.4935],[86.7502,20.4722],[86.7354,20.4817],[86.7257,20.4794],[86.7386,20.4603],[86.7328,20.4406],[86.7332,20.4105],[86.7248,20.3971],[86.7132,20.4003],[86.712,20.3954],[86.7271,20.3773],[86.7387,20.3963],[86.747,20.3902],[86.7462,20.378],[86.7659,20.3889],[86.7765,20.3894],[86.781,20.3808],[86.7727,20.3706],[86.7828,20.369],[86.7816,20.3471],[86.7778,20.3438],[86.7858,20.3306],[86.7839,20.3259],[86.7048,20.2798],[86.673,20.2681],[86.6737,20.2583],[86.6082,20.2272],[86.5383,20.18],[86.4798,20.0917],[86.4602,20.0753],[86.443,20.0525],[86.4384,20.052],[86.4371,20.0575],[86.429,20.0528],[86.4072,20.006],[86.3997,19.9986],[86.3889,20.0036],[86.3821,20.0012],[86.3785,19.9823],[86.3682,19.9749],[86.3707,19.9586],[86.3777,19.9552],[86.3752,19.9517],[86.2987,19.9345],[86.2458,19.9083],[86.2415,19.9099],[86.2463,19.9226],[86.2281,19.9328],[86.2227,19.9251],[86.2211,19.9087],[86.2325,19.8983],[86.2116,19.888],[86.1049,19.8608],[86.0924,19.8539],[86.0685,19.8524],[86.0455,19.8415],[85.9739,19.8332],[85.9087,19.8199],[85.6964,19.7513],[85.5635,19.6824],[85.4448,19.6324],[85.3509,19.5839],[85.2141,19.4941],[85.0997,19.4034],[85.0901,19.3775],[84.9671,19.304],[84.915,19.2657],[84.8248,19.1743],[84.7996,19.1382],[84.7825,19.0987],[84.7686,19.08],[84.7046,19.1177],[84.701,19.1304],[84.7135,19.1524],[84.7123,19.1578],[84.6885,19.1585],[84.6804,19.1656],[84.6721,19.1655],[84.673,19.144],[84.6683,19.1307],[84.6544,19.1292],[84.6488,19.1336],[84.6165,19.1262],[84.599,19.1326],[84.6101,19.1054],[84.6239,19.0988],[84.627,19.0854],[84.6386,19.0815],[84.6419,19.0876],[84.6559,19.0931],[84.6717,19.0752],[84.6617,19.0613],[84.644,19.0661],[84.6372,19.0585],[84.6304,19.0646],[84.6199,19.0637],[84.6213,19.0557],[84.6147,19.0543],[84.5973,19.0224],[84.5853,19.0279],[84.5825,19.0361],[84.5853,19.071],[84.5757,19.0695],[84.5733,19.0739],[84.5608,19.0563],[84.5172,19.0463],[84.4967,19.0298],[84.4851,19.0168],[84.4789,18.9902],[84.4371,19.01],[84.4224,19.0227],[84.4337,18.9929],[84.448,18.9759],[84.4276,18.9583],[84.4229,18.947],[84.4367,18.9227],[84.4253,18.9097],[84.4169,18.9172],[84.4135,18.9152],[84.4195,18.903],[84.4052,18.8952],[84.3727,18.9053],[84.3751,18.8984],[84.3935,18.8921],[84.395,18.8868],[84.3906,18.8784],[84.3589,18.8922],[84.3613,18.8841],[84.379,18.8763],[84.3698,18.8602],[84.3589,18.86],[84.3518,18.8718],[84.3434,18.8758],[84.3416,18.8607],[84.3455,18.8454],[84.3518,18.8419],[84.3482,18.8274],[84.3515,18.8211],[84.3368,18.8182],[84.3397,18.8012],[84.3232,18.7954],[84.32,18.7884],[84.2914,18.8],[84.2597,18.7817],[84.2387,18.7893],[84.2382,18.7948],[84.2242,18.7964],[84.1979,18.7859],[84.1891,18.7866],[84.1874,18.7781],[84.1657,18.7783],[84.1669,18.7841],[84.1589,18.7848],[84.1389,18.7739],[84.1371,18.762],[84.1305,18.7574],[84.1152,18.7639],[84.0993,18.7543],[84.0894,18.7537],[84.0734,18.7608],[84.0662,18.7771],[84.0568,18.7797],[84.0556,18.7925],[84.0419,18.7991],[84.0347,18.8111],[84.0273,18.8065],[84.015,18.8131],[83.9992,18.8135],[83.99,18.8089],[83.9717,18.813],[83.9475,18.8054],[83.9413,18.8157],[83.9097,18.8257],[83.8946,18.8142],[83.8909,18.8284],[83.8779,18.8272],[83.872,18.8477],[83.8514,18.86],[83.8448,18.8733],[83.85,18.8968],[83.8479,18.9126],[83.8426,18.9178],[83.8307,18.914],[83.8246,18.9179],[83.8288,18.9304],[83.8211,18.942],[83.8224,18.9616],[83.8102,18.9901],[83.7988,19.0006],[83.796,19.0161],[83.7833,19.0172],[83.7752,19.0067],[83.7589,19.0015],[83.7472,18.9867],[83.7581,18.9527],[83.7692,18.953],[83.7878,18.9162],[83.7752,18.9108],[83.7639,18.9251],[83.7535,18.9266],[83.734,18.9838],[83.7134,18.9935],[83.7127,19.0076],[83.7275,19.0125],[83.7309,19.0201],[83.7047,19.0246],[83.6921,19.052],[83.6645,19.0829],[83.6652,19.0957],[83.6524,19.1212],[83.6574,19.1227],[83.6571,19.1298],[83.6375,19.1348],[83.6378,19.1526],[83.6309,19.1614],[83.6304,19.1525],[83.6218,19.1416],[83.602,19.1282],[83.6121,19.0961],[83.5921,19.0876],[83.5865,19.0577],[83.5654,19.0593],[83.5684,19.0741],[83.5627,19.086],[83.5542,19.0817],[83.5526,19.07],[83.56,19.0551],[83.5426,19.0366],[83.5391,19.0134],[83.5231,19.0129],[83.5032,19.019],[83.5013,19.0347],[83.5159,19.0299],[83.5214,19.0327],[83.5131,19.0726],[83.5014,19.0609],[83.481,19.0855],[83.478,19.0781],[83.4672,19.0775],[83.4645,19.0639],[83.471,19.0604],[83.4732,19.0441],[83.4857,19.0291],[83.4824,19.0083],[83.4563,19.0076],[83.458,18.9904],[83.4681,18.9888],[83.4701,18.9672],[83.4633,18.9536],[83.4505,18.9558],[83.4407,18.9694],[83.4166,18.9878],[83.4167,19.0041],[83.4124,19.0011],[83.3966,19.0079],[83.3702,19.0026],[83.3628,19.0172],[83.3542,19.0177],[83.3428,19.0145],[83.337,18.996],[83.3131,18.9975],[83.3212,18.9745],[83.3348,18.9652],[83.3339,18.958],[83.3403,18.9513],[83.339,18.9456],[83.3264,18.9415],[83.3278,18.9338],[83.3369,18.9249],[83.3469,18.9242],[83.3529,18.9642],[83.3689,18.9613],[83.3718,18.9459],[83.3881,18.9313],[83.3789,18.9251],[83.3706,18.938],[83.3569,18.9418],[83.358,18.9239],[83.3684,18.9092],[83.3918,18.9077],[83.3803,18.8979],[83.3818,18.894],[83.3957,18.8791],[83.4137,18.8735],[83.4186,18.8649],[83.4057,18.8608],[83.4042,18.8389],[83.3807,18.8294],[83.3668,18.8402],[83.358,18.8298],[83.333,18.816],[83.331,18.8065],[83.3122,18.807],[83.2874,18.7978],[83.2779,18.7835],[83.2797,18.7714],[83.2741,18.7652],[83.2475,18.767],[83.2274,18.774],[83.2253,18.7671],[83.2303,18.7532],[83.2205,18.7427],[83.2131,18.7241],[83.2057,18.7328],[83.192,18.7337],[83.1719,18.7218],[83.1757,18.71],[83.1732,18.7009],[83.1646,18.7046],[83.1549,18.7009],[83.147,18.669],[83.1251,18.6598],[83.0921,18.664],[83.0867,18.6478],[83.0941,18.6302],[83.0839,18.6118],[83.079,18.6102],[83.0722,18.6226],[83.0578,18.6221],[83.0492,18.605],[83.0602,18.6014],[83.0621,18.5948],[83.035,18.5763],[83.0336,18.5726],[83.0418,18.5666],[83.0406,18.5563],[83.0593,18.5433],[83.0796,18.5509],[83.0975,18.5464],[83.06,18.486],[83.0236,18.453],[83.033,18.4453],[83.0455,18.4434],[83.0464,18.4353],[83.0415,18.432],[83.0457,18.4276],[83.068,18.4373],[83.0703,18.4295],[83.064,18.4131],[83.0747,18.401],[83.0616,18.3841],[83.0452,18.3786],[83.0254,18.3932],[83.0199,18.3869],[83.0002,18.3837],[82.9847,18.3636],[82.9681,18.3659],[82.9538,18.3591],[82.941,18.36],[82.9359,18.3696],[82.911,18.3645],[82.8932,18.3872],[82.8992,18.4007],[82.8929,18.4212],[82.8876,18.4231],[82.8783,18.4147],[82.8569,18.4234],[82.8532,18.4182],[82.8452,18.4227],[82.844,18.4326],[82.827,18.4417],[82.8266,18.4469],[82.8074,18.4477],[82.7845,18.428],[82.7895,18.4078],[82.8016,18.4034],[82.7958,18.3986],[82.7959,18.3866],[82.7862,18.3794],[82.7925,18.3626],[82.7754,18.3396],[82.7594,18.3368],[82.7547,18.3283],[82.7411,18.3264],[82.7427,18.3217],[82.7192,18.3213],[82.7109,18.3169],[82.7064,18.3048],[82.6672,18.2951],[82.6532,18.2656],[82.6537,18.249],[82.6353,18.2373],[82.6218,18.2479],[82.6179,18.2577],[82.5976,18.2652],[82.5956,18.2742],[82.5891,18.2785],[82.5968,18.2834],[82.594,18.2893],[82.5993,18.3003],[82.5962,18.3104],[82.5881,18.3094],[82.5848,18.3151],[82.598,18.3278],[82.6105,18.3256],[82.6048,18.3491],[82.6162,18.35],[82.6196,18.3547],[82.6069,18.3623],[82.6088,18.3769],[82.5975,18.3853],[82.5856,18.3855],[82.5789,18.3923],[82.5643,18.3966],[82.5578,18.3916],[82.5435,18.3977],[82.5409,18.4049],[82.5489,18.4115],[82.5442,18.4164],[82.548,18.4249],[82.5534,18.4253],[82.562,18.4457],[82.5466,18.4512],[82.5473,18.4461],[82.5384,18.4423],[82.535,18.4553],[82.5295,18.4551],[82.5315,18.4607],[82.5244,18.4638],[82.5358,18.4761],[82.5293,18.4803],[82.5358,18.4856],[82.5278,18.4904],[82.5327,18.4977],[82.5314,18.5118],[82.5157,18.5159],[82.5074,18.5096],[82.4897,18.5228],[82.484,18.5371],[82.4935,18.5414],[82.4898,18.5462],[82.4822,18.5446],[82.4454,18.5051],[82.4351,18.4848],[82.4056,18.4594],[82.3859,18.4298],[82.3696,18.4177],[82.3808,18.406],[82.3836,18.391],[82.3928,18.3771],[82.3847,18.3612],[82.3685,18.3517],[82.3538,18.3298],[82.3428,18.3251],[82.3571,18.3142],[82.3663,18.3163],[82.3736,18.3245],[82.3927,18.3267],[82.4014,18.3145],[82.3938,18.2972],[82.3803,18.2822],[82.352,18.2797],[82.3453,18.2743],[82.3394,18.2415],[82.3297,18.2306],[82.3412,18.224],[82.3282,18.2092],[82.3145,18.2038],[82.3187,18.1828],[82.3415,18.1717],[82.3572,18.1701],[82.3736,18.148],[82.3728,18.1433],[82.3661,18.1335],[82.3418,18.1507],[82.3407,18.1026],[82.349,18.0955],[82.3521,18.0835],[82.3449,18.0558],[82.3383,18.0489],[82.3304,18.0587],[82.3215,18.0537],[82.3255,18.0445],[82.3141,18.0463],[82.3149,18.0535],[82.305,18.0546],[82.3013,18.0628],[82.3064,18.0704],[82.2755,18.0567],[82.2731,18.0475],[82.2667,18.0433],[82.2794,18.0192],[82.2758,17.995],[82.2503,17.9883],[82.2455,18.0005],[82.2267,18.0027],[82.2055,18.0171],[82.186,18.019],[82.1855,18.0293],[82.1723,18.0499],[82.1508,18.0518],[82.1409,18.0439],[82.1378,18.0569],[82.1218,18.066],[82.1009,18.061],[82.0807,18.0738],[82.0784,18.0686],[82.0675,18.0666],[82.0742,18.0571],[82.0594,18.0526],[82.0332,18.066],[82.0101,18.0529],[82.0133,18.0424],[82.0102,18.0318],[81.9974,18.0285],[81.9944,18.0224],[81.9603,18.0002],[81.9222,17.988],[81.9078,17.9767],[81.8554,17.9589],[81.8419,17.9591],[81.8096,17.9441],[81.791,17.9178],[81.7118,17.8692],[81.7065,17.8835],[81.6968,17.8928],[81.6863,17.8855],[81.6716,17.8849],[81.6576,17.8704],[81.6514,17.8473],[81.6197,17.8234],[81.6083,17.8234],[81.5773,17.8358],[81.5625,17.8243],[81.4897,17.8107],[81.4787,17.831],[81.468,17.8325],[81.4461,17.823],[81.428,17.8283],[81.4178,17.8126],[81.3935,17.8143],[81.393,17.8335],[81.4066,17.8544],[81.398,17.8697],[81.4023,17.8927],[81.4122,17.8962],[81.4387,17.8823],[81.4458,17.8836],[81.4568,17.9106],[81.4537,17.9337],[81.4633,17.9541],[81.4858,17.9775],[81.4815,17.9908],[81.4874,18.0111],[81.4823,18.0359],[81.4899,18.0573],[81.5031,18.0654],[81.5036,18.076],[81.517,18.0997],[81.5202,18.1365],[81.5309,18.1645],[81.5131,18.1909],[81.5341,18.2436],[81.532,18.2557],[81.5362,18.2661],[81.5564,18.2692],[81.5759,18.2803],[81.5988,18.3004],[81.6017,18.3083],[81.6241,18.3079],[81.6404,18.3151],[81.6669,18.3182],[81.6687,18.3229],[81.6574,18.338],[81.6664,18.3463],[81.7532,18.3525],[81.7703,18.4184],[81.8525,18.4886],[81.8578,18.4961],[81.8572,18.5076],[81.8661,18.52],[81.879,18.5246],[81.8908,18.5362],[81.905,18.5354],[81.909,18.5641],[81.9168,18.5712],[81.9284,18.5643],[81.9517,18.5624],[81.9551,18.5661],[81.954,18.5819],[81.9627,18.5937],[81.9379,18.6033],[81.9212,18.6198],[81.8965,18.6278],[81.8981,18.6502],[81.8935,18.6571],[81.9013,18.6606],[81.9237,18.6426],[81.9556,18.6357],[81.9555,18.6625],[81.9688,18.6745],[81.9632,18.687],[81.9758,18.6974],[82.0418,18.7256],[82.0575,18.7244],[82.0599,18.7187],[82.0694,18.7248],[82.0867,18.719],[82.0949,18.7537],[82.0895,18.7627],[82.122,18.7675],[82.1372,18.7645],[82.1388,18.7769],[82.1536,18.7801],[82.1692,18.7978],[82.1624,18.8031],[82.1699,18.8118],[82.1664,18.8182],[82.173,18.837],[82.1661,18.8587],[82.1709,18.8722],[82.1662,18.8761],[82.1785,18.8842],[82.1808,18.9019],[82.1934,18.9036],[82.2218,18.9188],[82.2393,18.9119],[82.2476,18.9171],[82.233,19.0211],[82.202,19.0666],[82.2165,19.0848],[82.22,19.0969],[82.2065,19.1005],[82.2077,19.1237],[82.199,19.1225],[82.1842,19.1313],[82.1777,19.1191],[82.1677,19.1327],[82.1761,19.14],[82.1738,19.1493],[82.1827,19.1514],[82.172,19.1608],[82.1826,19.1589],[82.1867,19.165],[82.179,19.1744],[82.1831,19.1757],[82.1773,19.1828],[82.1813,19.1904],[82.1636,19.2026],[82.1691,19.2144],[82.1595,19.2296],[82.1596,19.2714],[82.1662,19.2874],[82.1764,19.2965],[82.1815,19.3221],[82.191,19.3255],[82.1881,19.338],[82.1502,19.3539],[82.1486,19.3676],[82.1524,19.3758],[82.1742,19.3717],[82.1818,19.3827],[82.1908,19.4233],[82.175,19.4355],[82.1271,19.4295],[82.1146,19.4486],[82.1149,19.4581],[82.1047,19.4665],[82.1096,19.4791],[82.1068,19.495],[82.0988,19.4995],[82.0998,19.5152],[82.0786,19.5212],[82.0675,19.509],[82.0301,19.5071],[82.0539,19.5439],[82.0481,19.5574],[82.0519,19.57],[82.0417,19.5958],[82.0528,19.6068],[82.0591,19.6295],[82.0545,19.6744],[82.0452,19.7088],[82.0514,19.7188],[82.0517,19.7426],[82.0648,19.7583],[82.0675,19.7879],[82.0598,19.7961],[82.0559,19.7932],[82.0107,19.8032],[81.9951,19.7965],[81.9878,19.8005],[81.965,19.8406],[81.968,19.8593],[81.9056,19.883],[81.8572,19.9124],[81.8534,19.9192],[81.8564,19.9429],[81.8449,19.9543],[81.8741,20.0402],[81.8813,20.0503],[81.897,20.0474],[81.9294,20.091],[81.9489,20.1063],[81.9811,20.0798],[81.9941,20.0563],[82.0175,20.0491],[82.0223,20.0238],[82.032,20.0144],[82.0391,20.021],[82.0386,20.0272],[82.0565,20.0396],[82.0655,20.0542],[82.0839,20.0484],[82.0906,20.0371],[82.1007,20.0371],[82.1053,20.0278],[82.1237,20.0149],[82.1393,20.0172],[82.1734,20.0027],[82.1861,19.9827],[82.2119,19.985],[82.2219,19.9979],[82.2382,20.0027],[82.2693,19.9763],[82.2771,19.95],[82.3029,19.9038],[82.3059,19.8884],[82.3256,19.8641],[82.3344,19.8434],[82.3471,19.835],[82.3639,19.8517],[82.3637,19.8602],[82.3757,19.8595],[82.3964,19.8868],[82.4215,19.9015],[82.45,19.908],[82.466,19.8997],[82.4833,19.9056],[82.5019,19.9025],[82.5061,19.8903],[82.52,19.8893],[82.5307,19.878],[82.5375,19.8873],[82.5519,19.8742],[82.5585,19.8798],[82.5625,19.8747],[82.5744,19.877],[82.5852,19.8687],[82.6011,19.8698],[82.605,19.8658],[82.5911,19.8436],[82.5818,19.8373],[82.5789,19.8277],[82.5792,19.8074],[82.5869,19.8026],[82.5861,19.7813],[82.5927,19.7765],[82.6059,19.7806],[82.6109,19.789],[82.6306,19.7948],[82.6534,19.8308],[82.691,19.8292],[82.7103,19.8365],[82.7251,19.8762],[82.717,19.8755],[82.7081,19.8986],[82.7192,19.9497],[82.7151,19.9954],[82.6393,20.0051],[82.622,19.992],[82.606,19.9907],[82.59,19.995],[82.5835,20.004],[82.5512,20.0171],[82.5097,20.0184],[82.4783,20.0368],[82.449,20.0401],[82.4324,20.0483],[82.4033,20.0537],[82.3984,20.0643],[82.4002,20.1128],[82.3941,20.1379],[82.3865,20.1491],[82.3947,20.1534],[82.3908,20.165],[82.4133,20.1835],[82.4152,20.1986],[82.4211,20.2067],[82.4118,20.244],[82.4216,20.2459],[82.4126,20.2678],[82.4367,20.2873],[82.4299,20.3139],[82.408,20.3289],[82.4013,20.3397],[82.4054,20.36],[82.4179,20.3813],[82.4174,20.4068],[82.4318,20.4142],[82.4304,20.4224],[82.4366,20.4298],[82.4331,20.4404],[82.4252,20.4423],[82.4268,20.4613],[82.4175,20.4772],[82.4048,20.4559],[82.3956,20.4565],[82.3971,20.4693],[82.3926,20.4744],[82.3879,20.5137],[82.3562,20.5267],[82.3497,20.5414],[82.3315,20.5576],[82.3353,20.5657],[82.3481,20.5734],[82.3461,20.598],[82.3633,20.6071],[82.3656,20.6188],[82.3757,20.6277],[82.3697,20.6541],[82.3726,20.6673],[82.3587,20.6816],[82.3507,20.7023],[82.3544,20.7177],[82.3468,20.7292],[82.3533,20.7322],[82.3425,20.7619],[82.3462,20.7935],[82.3414,20.8438],[82.354,20.887],[82.3666,20.8859],[82.3633,20.8731],[82.3664,20.8697],[82.3754,20.8673],[82.3902,20.8732],[82.4088,20.8657],[82.4147,20.8513],[82.413,20.8405],[82.4229,20.8298],[82.4439,20.8329],[82.4485,20.8271],[82.4664,20.8272],[82.4699,20.8309],[82.4672,20.839],[82.485,20.8501],[82.4893,20.8587],[82.493,20.9068],[82.5603,20.9448],[82.5739,20.9702],[82.6118,21.0091],[82.6297,21.0397],[82.6167,21.0743],[82.6332,21.0799],[82.6524,21.105],[82.6445,21.1147],[82.6551,21.128],[82.6414,21.1394],[82.6433,21.1524],[82.6694,21.1538],[82.6919,21.1611],[82.7014,21.1558],[82.7596,21.1628],[82.7962,21.1424],[82.8029,21.1538],[82.8198,21.1617],[82.8473,21.1665],[82.871,21.1586],[82.8761,21.163],[82.8802,21.1543],[82.8866,21.1523],[82.9096,21.1662],[82.9292,21.1615],[82.9447,21.1644],[82.9634,21.1788],[82.9724,21.1591],[82.9872,21.1608],[82.9907,21.1516],[83.0003,21.1576],[83.0368,21.1347],[83.0364,21.1295],[83.0479,21.1224],[83.067,21.1194],[83.0787,21.1116],[83.1025,21.1079],[83.1156,21.1112],[83.1271,21.1046],[83.1413,21.1088],[83.1686,21.135],[83.1902,21.1356],[83.2,21.143],[83.201,21.1612],[83.2066,21.1655],[83.2068,21.1776],[83.2185,21.1947],[83.2148,21.2049],[83.2225,21.2271],[83.2263,21.2272],[83.2214,21.2543],[83.2256,21.2635],[83.2321,21.2704],[83.2391,21.2687],[83.2497,21.2798],[83.2645,21.2789],[83.2749,21.272],[83.282,21.294],[83.2799,21.2995],[83.266,21.3055],[83.2614,21.3229],[83.2681,21.3301],[83.2622,21.3352],[83.278,21.3625],[83.2772,21.3783],[83.2886,21.3784],[83.382,21.3434],[83.3838,21.3467],[83.3952,21.3424],[83.4098,21.3518],[83.4116,21.3585],[83.4004,21.3686],[83.4037,21.3756],[83.401,21.4028],[83.3886,21.4129],[83.3773,21.4393],[83.3575,21.4472],[83.3493,21.4885],[83.3418,21.4986],[83.3531,21.5113],[83.3614,21.5384],[83.373,21.5527],[83.3695,21.5755],[83.3754,21.6],[83.3879,21.6157],[83.4158,21.6371],[83.4484,21.6522],[83.4547,21.6475],[83.4485,21.6354],[83.4485,21.6211],[83.4571,21.62],[83.4559,21.6112],[83.4599,21.6082],[83.4701,21.6085],[83.477,21.6298],[83.4917,21.6286],[83.4902,21.6426],[83.4479,21.6581],[83.4269,21.6779],[83.4283,21.6894],[83.4351,21.6952],[83.4635,21.6972],[83.4913,21.7444],[83.481,21.7524],[83.485,21.7674],[83.4743,21.7855],[83.4912,21.7971],[83.4981,21.8172],[83.5133,21.8031],[83.5437,21.7967],[83.5435,21.8211],[83.5348,21.8257],[83.5384,21.8346],[83.5557,21.8379],[83.5806,21.8324],[83.5916,21.8463],[83.5912,21.8555],[83.5786,21.8746],[83.5852,21.8825],[83.5838,21.8888],[83.5904,21.8936],[83.5886,21.9001],[83.5998,21.9034],[83.6076,21.9135],[83.5949,21.9287],[83.5605,21.9347],[83.5649,21.9465],[83.5423,21.966],[83.5426,21.9821],[83.5557,22.0091],[83.5411,22.0247],[83.5396,22.0364],[83.5501,22.0617],[83.5906,22.0573],[83.6074,22.0679],[83.5644,22.1023],[83.6095,22.1541],[83.6334,22.208],[83.6529,22.2268],[83.6645,22.227],[83.6799,22.2396],[83.7001,22.2477],[83.7599,22.2451],[83.7639,22.2526],[83.7784,22.2596],[83.7856,22.2767],[83.8007,22.2899],[83.8265,22.2947],[83.8323,22.3218],[83.8501,22.3285],[83.8681,22.3459],[83.879,22.3411],[83.904,22.3419],[83.9226,22.3618],[83.974,22.3601],[84.0,22.3715],[84.0112,22.3699],[84.0087,22.3826],[84.0292,22.4123],[84.031,22.4244],[84.047,22.4351],[84.0486,22.4662],[84.0457,22.471],[84.0287,22.4742],[84.02,22.4873],[83.9831,22.5042],[83.9836,22.5204],[84.0013,22.5308],[84.0095,22.5229],[84.0262,22.5231],[84.0401,22.5141],[84.0646,22.5122],[84.0786,22.4963],[84.1099,22.4834],[84.1131,22.476],[84.1419,22.4731],[84.1428,22.4229],[84.1594,22.4032],[84.1904,22.386],[84.201,22.3742],[84.2534,22.3761],[84.2731,22.3503],[84.2961,22.3398],[84.3308,22.3415],[84.3742,22.3521],[84.4013,22.3464],[84.4259,22.3534],[84.4329,22.3514],[84.4383,22.3626],[84.4337,22.3672],[84.4547,22.3817],[84.4624,22.3778],[84.4844,22.3863],[84.4835,22.4085],[84.5126,22.4188],[84.5278,22.4175],[84.5334,22.4226],[84.55,22.4198],[84.6007,22.4314],[84.602,22.4276],[84.6388,22.4313],[84.6683,22.4166],[84.7505,22.4175],[84.7593,22.4447],[84.8144,22.4496],[84.8193,22.4344],[84.8382,22.4327],[84.8391,22.4292],[84.848,22.4376],[84.8619,22.4348],[84.8831,22.446],[84.8868,22.4204],[84.9003,22.4209],[84.9229,22.4262],[84.9264,22.4288],[84.9239,22.4372],[84.9538,22.4539],[84.959,22.4556],[84.9611,22.4418],[85.0006,22.4611],[85.038,22.4726],[85.0398,22.4798],[85.0689,22.4813],[85.0797,22.4757],[85.0801,22.4696],[85.0775,22.4588],[85.0635,22.4476],[85.0694,22.439],[85.0701,22.4262],[85.0837,22.4113],[85.0895,22.3815],[85.0805,22.3517],[85.0886,22.3444],[85.0994,22.3442],[85.0944,22.3172],[85.1204,22.3174],[85.1209,22.2937],[85.1117,22.2943],[85.0769,22.2754],[85.0807,22.2542],[85.0745,22.2467],[85.0759,22.2339],[85.0534,22.1891],[85.0542,22.1777],[85.0318,22.1574],[85.0376,22.1407],[85.0302,22.1154],[84.987,22.0947],[84.9863,22.0881],[84.9939,22.0802],[85.0136,22.0866],[85.0264,22.1068],[85.0335,22.1046],[85.0503,22.1141],[85.1018,22.1029],[85.1061,22.0881],[85.1153,22.0836],[85.1252,22.07],[85.1472,22.0771],[85.1619,22.074],[85.1701,22.0566],[85.1771,22.0518],[85.1707,22.0688],[85.1788,22.0718],[85.1898,22.0586],[85.217,22.0468],[85.2209,22.0409],[85.2212,22.0144],[85.2372,22.004],[85.2473,22.0162],[85.2804,22.0837],[85.3063,22.1107],[85.3292,22.1286],[85.3516,22.1306],[85.3598,22.1242],[85.3676,22.1251],[85.3643,22.1415],[85.3694,22.1581],[85.3855,22.1553],[85.4006,22.1622],[85.4165,22.1597],[85.4631,22.1394],[85.4919,22.1202],[85.5209,22.1119],[85.5396,22.1006],[85.5456,22.0904],[85.5604,22.0946],[85.5663,22.0887],[85.5772,22.0899],[85.5971,22.0783],[85.6133,22.0856],[85.6171,22.0806],[85.6322,22.0835],[85.6506,22.0941],[85.6783,22.0636],[85.6779,22.0554],[85.6875,22.0527],[85.6938,22.06],[85.7283,22.0621],[85.752,22.0738],[85.7637,22.0889],[85.7849,22.0973],[85.8079,22.1147],[85.8206,22.106],[85.8146,22.0958],[85.8308,22.0911],[85.8366,22.0809],[85.8202,22.074],[85.7938,22.0811],[85.7762,22.0552],[85.7848,22.0403],[85.7815,22.0323],[85.762,22.0124],[85.7666,21.9938],[85.7901,21.9827],[85.8212,21.9842],[85.8242,21.9741],[85.8462,21.9806],[85.8875,21.979],[85.8969,21.9827],[85.9112,21.9708],[85.918,22.0089],[85.9345,22.0235],[85.9483,22.0232],[85.9847,22.0874],[86.0062,22.1129],[86.0083,22.117],[86.0018,22.1246],[86.0004,22.1357],[86.005,22.1488],[86.0171,22.1616],[86.0205,22.1765],[86.0324,22.1891],[86.0231,22.2026],[85.9986,22.2193],[85.9755,22.2471],[85.9876,22.2558],[85.9909,22.2709],[86.0033,22.279],[86.0142,22.2964],[86.049,22.3099],[86.0235,22.3082],[86.0142,22.3136],[86.0117,22.3196],[86.0262,22.333],[86.0105,22.3393],[86.0042,22.3347],[85.9986,22.3418],[86.0226,22.3658],[86.0217,22.3765],[86.027,22.3786],[86.0273,22.3853],[86.018,22.4025],[86.0145,22.4278],[85.9987,22.4256],[85.9593,22.4594],[85.9639,22.4795],[85.9726,22.4855],[85.9751,22.5031],[85.9865,22.5131],[86.0017,22.5123],[86.0212,22.5278],[86.0278,22.5239],[86.034,22.5376],[86.0241,22.5469],[86.0443,22.5669],[86.0639,22.5567],[86.0841,22.5337]]]]}}]}